Replicate,Mission,Mode,Percolation,Heterogeneity,Rupture_Tension_mNm,Toughness,Strain_Curve,Tension_Curve
2,STATE_A_RIPENING,SEEDED,0.011142061281337047,0.5720481398828454,265.63001437092373,58.44536640150943,"[np.float64(-0.0014563935108524786), np.float64(-0.002165839970552589), np.float64(-0.001076456795734119), np.float64(0.00075698100664198), np.float64(0.004511715406165398), np.float64(0.008578114746033642), np.float64(0.013786325932941252), np.float64(0.020000405296726035), np.float64(0.027378396434469758), np.float64(0.035575306483035724), np.float64(0.04447252630619531), np.float64(0.05403993294542311), np.float64(0.06534689223615311), np.float64(0.07772432608052995), np.float64(0.09042066496394105), np.float64(0.10434698086658636), np.float64(0.11918121221122228), np.float64(0.13453059413908508), np.float64(0.15102000377365923), np.float64(0.16876345760341827), np.float64(0.18670431990520947), np.float64(0.20645886073017714), np.float64(0.22676266487012023), np.float64(0.2472893555331302), np.float64(0.2687820943938934), np.float64(0.2915970580280988), np.float64(0.3157147993753058), np.float64(0.340733768255031)]","[np.float64(8.18712381171558), np.float64(16.36842979233309), np.float64(24.566043679416836), np.float64(32.784770358641495), np.float64(41.057769093991055), np.float64(49.368946634821825), np.float64(57.745626178077835), np.float64(66.19695300634578), np.float64(74.7404252548532), np.float64(83.3755445677951), np.float64(92.10623626134), np.float64(100.9386795000074), np.float64(109.9351857320241), np.float64(119.07750298367482), np.float64(128.33234680583203), np.float64(137.7591953070426), np.float64(147.34892351966045), np.float64(157.082733992409), np.float64(167.01015425390352), np.float64(177.14999664649653), np.float64(187.42969432324938), np.float64(197.98248909748008), np.float64(208.71610027332582), np.float64(219.60523577705825), np.float64(230.71794229572978), np.float64(242.09438235910457), np.float64(253.7420735429753), np.float64(265.63001437092373)]"
3,STATE_A_RIPENING,SEEDED,0.01631516116195782,0.6072979302375978,266.5953124679753,58.403383390583684,"[np.float64(-0.0005529264537515588), np.float64(0.0007273770809398575), np.float64(0.0023895946504677904), np.float64(0.005292292858351365), np.float64(0.008411171763284495), np.float64(0.011114740117864052), np.float64(0.016278223668556496), np.float64(0.023058647290674403), np.float64(0.030811068330137407), np.float64(0.03889628258992139), np.float64(0.04789228682999304), np.float64(0.05730790900949005), np.float64(0.06717185669462507), np.float64(0.07847138316688321), np.float64(0.09048893443789419), np.float64(0.10394271969709036), np.float64(0.11868651997533171), np.float64(0.13380133172101447), np.float64(0.1505196393255248), np.float64(0.16786720707095457), np.float64(0.186306122671657), np.float64(0.2058126551463082), np.float64(0.22631748535590954), np.float64(0.24671758854208456), np.float64(0.2683327123383199), np.float64(0.29134829477003954), np.float64(0.3157514959789632), np.float64(0.34085674691605927)]","[np.float64(8.220215198350797), np.float64(16.450957219531027), np.float64(24.69692122202287), np.float64(32.9768717049601), np.float64(41.28498349885696), np.float64(49.60834721230683), np.float64(58.02399629722881), np.float64(66.5339854802325), np.float64(75.13379625632987), np.float64(83.80875380308295), np.float64(92.587912770486), np.float64(101.45776084976919), np.float64(110.42408795659523), np.float64(119.54616134205362), np.float64(128.79683096365048), np.float64(138.2281639186114), np.float64(147.84492137406906), np.float64(157.5956672366169), np.float64(167.57294646187654), np.float64(177.7174259985525), np.float64(188.07062485240363), np.float64(198.63962487706107), np.float64(209.42695735926858), np.float64(220.34265177933838), np.float64(231.50474258478772), np.float64(242.93961084770186), np.float64(254.65604343792222), np.float64(266.5953124679753)]"
0,STATE_A_RIPENING,SEEDED,0.017111022682053324,0.6185845223941779,265.9490963475647,57.84852629979536,"[np.float64(-0.000762588426576402), np.float64(-0.0004587064399017076), np.float64(0.0006733778815152728), np.float64(0.0032522328475732202), np.float64(0.005860766011718444), np.float64(0.010013881720444177), np.float64(0.014944020155464897), np.float64(0.020115072620667567), np.float64(0.02711372838203282), np.float64(0.03564380602361769), np.float64(0.04509551032887835), np.float64(0.05472965687965385), np.float64(0.06624203782373043), np.float64(0.07762802016269611), np.float64(0.09052540592322084), np.float64(0.10404726350236114), np.float64(0.11913133081753463), np.float64(0.1353299846555019), np.float64(0.15147606039623537), np.float64(0.16837168289467913), np.float64(0.1867007647060862), np.float64(0.20489124227544908), np.float64(0.22469764458173325), np.float64(0.24580833160589113), np.float64(0.2678961421567276), np.float64(0.290634980791393), np.float64(0.31342066237595356), np.float64(0.3380624246161874)]","[np.float64(8.207986679943126), np.float64(16.41846933297944), np.float64(24.641646768911485), np.float64(32.89783809762753), np.float64(41.175723489072475), np.float64(49.512769798500806), np.float64(57.905709161836484), np.float64(66.34632463035457), np.float64(74.89521582005838), np.float64(83.56174605967576), np.float64(92.33640807593157), np.float64(101.19385133187255), np.float64(110.22333646075766), np.float64(119.33415807813378), np.float64(128.62087302729077), np.float64(138.04354882440637), np.float64(147.6698210686446), np.float64(157.48379045298972), np.float64(167.41075604049075), np.float64(177.50999311319478), np.float64(187.84178475376643), np.float64(198.28912887060034), np.float64(208.99917772057077), np.float64(219.9576936830033), np.float64(231.1448113513534), np.float64(242.53664406941863), np.float64(254.0785407069458), np.float64(265.9490963475647)]"
7,STATE_A_RIPENING,SEEDED,0.017508953442101075,0.6094873621186795,265.6345078036775,58.14198450771447,"[np.float64(-0.0008540561175408773), np.float64(-0.0002940267900268559), np.float64(0.0011038143334355227), np.float64(0.0034882502559919213), np.float64(0.007400541133874258), np.float64(0.012895417628464799), np.float64(0.01800419305866185), np.float64(0.02333251922547816), np.float64(0.030405530646391968), np.float64(0.038969186744470384), np.float64(0.04705817922849865), np.float64(0.05630185300704969), np.float64(0.06668248318207018), np.float64(0.07807841322546559), np.float64(0.09041768078383773), np.float64(0.10437284355336741), np.float64(0.11906489383470896), np.float64(0.13443000067448277), np.float64(0.15124500441036928), np.float64(0.1686524696006415), np.float64(0.1867652886396864), np.float64(0.20627321517657032), np.float64(0.22578433081329072), np.float64(0.24644133216253877), np.float64(0.26807000187437036), np.float64(0.2903423180753491), np.float64(0.3146217607098265), np.float64(0.34049097238904047)]","[np.float64(8.190472924615984), np.float64(16.385536031980408), np.float64(24.595481379939635), np.float64(32.833006403216146), np.float64(41.12118377540921), np.float64(49.479815064634735), np.float64(57.871846247691465), np.float64(66.3121163743607), np.float64(74.85849889546424), np.float64(83.52103124802238), np.float64(92.23008442430077), np.float64(101.05778638936611), np.float64(110.01589802329019), np.float64(119.10986293789239), np.float64(128.34596381050955), np.float64(137.77561434868463), np.float64(147.35710183921435), np.float64(157.09265179906114), np.float64(167.04442828755816), np.float64(177.16062363976081), np.float64(187.45465368803684), np.float64(197.98853279471803), np.float64(208.65528190387113), np.float64(219.55416328192703), np.float64(230.67797867447683), np.float64(242.0027674653212), np.float64(253.663912517217), np.float64(265.6345078036775)]"
5,STATE_A_RIPENING,SEEDED,0.013927576601671309,0.6187876219101488,264.3700354551277,57.08001580366433,"[np.float64(-0.0011109766104059244), np.float64(-0.0015153926249881257), np.float64(-0.0005900823705344782), np.float64(0.0019617041833288897), np.float64(0.0049886407435756055), np.float64(0.009459490203737327), np.float64(0.015695693763938208), np.float64(0.02190118433744193), np.float64(0.027608602938958744), np.float64(0.03476230159380242), np.float64(0.04233125434852276), np.float64(0.051086912279234134), np.float64(0.062185118325875297), np.float64(0.07472439505609679), np.float64(0.08732783477683309), np.float64(0.10029086951314202), np.float64(0.11469271753919531), np.float64(0.12994031372384512), np.float64(0.14634451829790168), np.float64(0.1634516417610066), np.float64(0.180533215281296), np.float64(0.20022006531512374), np.float64(0.21965571337736944), np.float64(0.24090297422172122), np.float64(0.26337790517545945), np.float64(0.2865477016037265), np.float64(0.30953715979646096), np.float64(0.33344124897898864)]","[np.float64(8.17195328911816), np.float64(16.34059769879329), np.float64(24.52225122089764), np.float64(32.73805001545902), np.float64(40.98432964476547), np.float64(49.29046930609823), np.float64(57.682901912986175), np.float64(66.12439223935412), np.float64(74.5973895862746), np.float64(83.17399352084841), np.float64(91.82539822699817), np.float64(100.59301275324448), np.float64(109.54957920049004), np.float64(118.67079295799252), np.float64(127.89064188532903), np.float64(137.22744972373653), np.float64(146.75528780021125), np.float64(156.44709813950703), np.float64(166.33300567470494), np.float64(176.38896796029678), np.float64(186.5630595193471), np.float64(197.06993688453), np.float64(207.68910673322702), np.float64(218.598616810628), np.float64(229.7597248750462), np.float64(241.13127902235368), np.float64(252.6329146578829), np.float64(264.3700354551277)]"
6,STATE_A_RIPENING,SEEDED,0.03820135296458416,0.623498217493638,265.80061049809365,57.839784746233676,"[np.float64(-0.0012224000533941149), np.float64(-0.0017140686067602696), np.float64(-0.000679061059722469), np.float64(0.001416253452711738), np.float64(0.0045233991048424654), np.float64(0.009216031349139332), np.float64(0.013904968288772654), np.float64(0.01964513365529467), np.float64(0.026533629934381985), np.float64(0.034940227241524256), np.float64(0.044191253560091424), np.float64(0.053927316101541174), np.float64(0.06488473801354346), np.float64(0.07567297009791596), np.float64(0.08796751666015018), np.float64(0.10154958840909942), np.float64(0.11582451141930773), np.float64(0.1310210195991525), np.float64(0.14669842791672133), np.float64(0.16426473125417965), np.float64(0.1831146440091691), np.float64(0.20237203631960285), np.float64(0.22136628096993796), np.float64(0.24197322387564388), np.float64(0.2648336852804176), np.float64(0.2872288746431622), np.float64(0.31092648676713563), np.float64(0.3360002465471903)]","[np.float64(8.207843563418713), np.float64(16.41164615181203), np.float64(24.630227429016756), np.float64(32.874713971773865), np.float64(41.15709438006524), np.float64(49.503738093608185), np.float64(57.88837242473268), np.float64(66.34515087453494), np.float64(74.88999022873224), np.float64(83.55112608235075), np.float64(92.31608627058797), np.float64(101.17687235934389), np.float64(110.17659015436064), np.float64(119.25122174117037), np.float64(128.49726887222704), np.float64(137.91664459134984), np.float64(147.4828575525819), np.float64(157.2180903547997), np.float64(167.09862765012537), np.float64(177.23542872534892), np.float64(187.59764548236276), np.float64(198.1238633896376), np.float64(208.75912728862414), np.float64(219.66559026328045), np.float64(230.91460057764536), np.float64(242.26791859813756), np.float64(253.89117583875574), np.float64(265.80061049809365)]"
4,STATE_A_RIPENING,SEEDED,0.013927576601671309,0.6051242038814192,265.57618504442314,57.29753376839587,"[np.float64(-0.00033013087373076296), np.float64(0.0001304788949417118), np.float64(0.0012218771392348052), np.float64(0.003253986404736707), np.float64(0.0063377020921489636), np.float64(0.009826515252108349), np.float64(0.014722520406510535), np.float64(0.02150831215787178), np.float64(0.02770417058383039), np.float64(0.03442945916842914), np.float64(0.042251108391515545), np.float64(0.051457945279305216), np.float64(0.06168175920626198), np.float64(0.07294208025007956), np.float64(0.08534073438944124), np.float64(0.09904596194940891), np.float64(0.11297032032184973), np.float64(0.12782535141004642), np.float64(0.14392184339449648), np.float64(0.16137160699138003), np.float64(0.17982895450287892), np.float64(0.19894212392148852), np.float64(0.21911380409162895), np.float64(0.24002667813654277), np.float64(0.26188734076094966), np.float64(0.28507827820026205), np.float64(0.3079240462836028), np.float64(0.3326701563473797)]","[np.float64(8.21482018792095), np.float64(16.433425015934525), np.float64(24.663583660100368), np.float64(32.918133252277116), np.float64(41.21085612254943), np.float64(49.538676078745844), np.float64(57.93505853680927), np.float64(66.43251587823474), np.float64(74.96289141205366), np.float64(83.56418861300266), np.float64(92.26747345163882), np.float64(101.09902334117552), np.float64(110.05512990654593), np.float64(119.1477746813489), np.float64(128.39380546890607), np.float64(137.81537484744365), np.float64(147.35350598873993), np.float64(157.05913161999254), np.float64(166.96349918938262), np.float64(177.08646080758908), np.float64(187.41251136816945), np.float64(197.9208515893051), np.float64(208.65063991415767), np.float64(219.58188888437354), np.float64(230.73849786781895), np.float64(242.1630622957629), np.float64(253.7025234280913), np.float64(265.57618504442314)]"
1,STATE_A_RIPENING,SEEDED,0.017111022682053324,0.6866897879591631,265.7830864524628,57.70335617463658,"[np.float64(-0.0008313944730173483), np.float64(-0.0011849834030099665), np.float64(-0.0007096140813832333), np.float64(0.0015400705694702636), np.float64(0.004347953168286974), np.float64(0.008213719429653573), np.float64(0.013216842122436248), np.float64(0.019050798901822076), np.float64(0.025341026161134858), np.float64(0.032887048673284874), np.float64(0.04193442009025166), np.float64(0.05190931708817698), np.float64(0.06194467444442679), np.float64(0.07348320021849657), np.float64(0.08544254876571526), np.float64(0.09832740249740653), np.float64(0.11236456085153193), np.float64(0.12763461264768627), np.float64(0.14440111407064626), np.float64(0.16220639058888425), np.float64(0.18099544282469782), np.float64(0.20050261736573946), np.float64(0.22088507894222864), np.float64(0.24138486727873856), np.float64(0.26301921220395197), np.float64(0.28575428619563825), np.float64(0.31000948228525593), np.float64(0.3339884722553055)]","[np.float64(8.215096336720798), np.float64(16.427285232054896), np.float64(24.646790869550927), np.float64(32.89935828428845), np.float64(41.18180468654791), np.float64(49.51318030520974), np.float64(57.90852604470734), np.float64(66.37142998137894), np.float64(74.89795287252196), np.float64(83.52561589999725), np.float64(92.27969458758882), np.float64(101.14948309618548), np.float64(110.1000633225802), np.float64(119.2117140981303), np.float64(128.43634873470774), np.float64(137.80950189343653), np.float64(147.3553011080445), np.float64(157.09051913488858), np.float64(167.045971920972), np.float64(177.2004808400596), np.float64(187.55846786995633), np.float64(198.10594439524823), np.float64(208.86155152079138), np.float64(219.76459951200337), np.float64(230.90761622389823), np.float64(242.2956455025489), np.float64(253.97692140405488), np.float64(265.7830864524628)]"
8,STATE_A_RIPENING,SEEDED,0.027855153203342618,0.6285039690067972,265.76201589071775,58.020460886696874,"[np.float64(-0.0006511989052554282), np.float64(-0.0006974213301183558), np.float64(-1.039340061585942e-05), np.float64(0.0029259908209801956), np.float64(0.006386157235522702), np.float64(0.011228129465630208), np.float64(0.016402493316169404), np.float64(0.022343603488715825), np.float64(0.028541178929935483), np.float64(0.03467818376153546), np.float64(0.04301557392481189), np.float64(0.05170525427079535), np.float64(0.062337971909238066), np.float64(0.07479872490252062), np.float64(0.08781518221721629), np.float64(0.10172169767272239), np.float64(0.11677254620818757), np.float64(0.13229183932264027), np.float64(0.14889228832533472), np.float64(0.16589642437355318), np.float64(0.1845715999760569), np.float64(0.20390761672960822), np.float64(0.22374650359313128), np.float64(0.24383394142890985), np.float64(0.2655064889357739), np.float64(0.28834775151801584), np.float64(0.31229673118386386), np.float64(0.33768172879368163)]","[np.float64(8.203837103328917), np.float64(16.407294753929676), np.float64(24.61940077986198), np.float64(32.87402755898172), np.float64(41.16335950518819), np.float64(49.51471707129801), np.float64(57.914776055229154), np.float64(66.3814767231054), np.float64(74.90517652971154), np.float64(83.47590314853458), np.float64(92.1927059668226), np.float64(100.9919477896143), np.float64(109.95960859914443), np.float64(119.11051088621535), np.float64(128.38884662944454), np.float64(137.82068827759403), np.float64(147.431324229009), np.float64(157.18466513930588), np.float64(167.12897074065873), np.float64(177.22233785855258), np.float64(187.5678642508186), np.float64(198.09692872982038), np.float64(208.80074720301215), np.float64(219.65997202787517), np.float64(230.7972752552912), np.float64(242.18563530053055), np.float64(253.8272637704906), np.float64(265.76201589071775)]"
10,STATE_A_RIPENING,SEEDED,0.012733784321528054,0.5885159992093986,266.2216537161761,58.732001360301155,"[np.float64(-0.0008328695730050025), np.float64(-0.0013457353633305512), np.float64(-7.697447468016777e-05), np.float64(0.00211179184387758), np.float64(0.005673646366832858), np.float64(0.010469081205696375), np.float64(0.015255210116073935), np.float64(0.02101667636825499), np.float64(0.0275250765361631), np.float64(0.03529714285681008), np.float64(0.04469178496602091), np.float64(0.05447773398035606), np.float64(0.06414713186788275), np.float64(0.07634007762694503), np.float64(0.08926672641521449), np.float64(0.10306782839117627), np.float64(0.11758721589227822), np.float64(0.13256725780155248), np.float64(0.14978596963740332), np.float64(0.16693732017252283), np.float64(0.1849704278652487), np.float64(0.20473774425673041), np.float64(0.2253114411699686), np.float64(0.24587929201089503), np.float64(0.2674860338897801), np.float64(0.29044980548974636), np.float64(0.31530802015523945), np.float64(0.34096635278020554)]","[np.float64(8.207208648347596), np.float64(16.410204050784305), np.float64(24.630937624308945), np.float64(32.87717419550844), np.float64(41.16943854479304), np.float64(49.520973108815234), np.float64(57.911132578585594), np.float64(66.37167988400437), np.float64(74.90574526718329), np.float64(83.54277806851815), np.float64(92.31306698491835), np.float64(101.1757326721684), np.float64(110.10843675454004), np.float64(119.25571390866689), np.float64(128.53896035998915), np.float64(137.97407683695675), np.float64(147.559114077699), np.float64(157.28268385504992), np.float64(167.27787718619416), np.float64(177.39042142888584), np.float64(187.69359642673868), np.float64(198.26467590101979), np.float64(209.03908006850128), np.float64(219.95084285759162), np.float64(231.09364629981445), np.float64(242.50478445051266), np.float64(254.2458679495317), np.float64(266.2216537161761)]"
18,STATE_A_RIPENING,SEEDED,0.023079984082769598,0.6405932336183228,265.81473035994355,57.25138902417956,"[np.float64(-0.0003840644083410861), np.float64(-0.0008738893356172339), np.float64(0.0002956614537512439), np.float64(0.0035466715104774975), np.float64(0.007470426520153463), np.float64(0.011819106682083583), np.float64(0.01670930244929754), np.float64(0.023544195439477604), np.float64(0.03037502626692478), np.float64(0.038065232965658294), np.float64(0.047041295971217804), np.float64(0.05581082679848667), np.float64(0.06595297582437584), np.float64(0.07683214692544216), np.float64(0.08895383486209762), np.float64(0.10198777209511256), np.float64(0.11596592092825274), np.float64(0.1309264129094528), np.float64(0.14714690161053215), np.float64(0.16441900806958218), np.float64(0.18192992884386092), np.float64(0.2006817209290879), np.float64(0.22095986211382546), np.float64(0.24121374396648276), np.float64(0.2632186381091179), np.float64(0.2863719296864538), np.float64(0.3097777842313075), np.float64(0.33440322727388666)]","[np.float64(8.216636158644217), np.float64(16.429245564385692), np.float64(24.65828786062158), np.float64(32.931100905932226), np.float64(41.244270696692304), np.float64(49.59982673420762), np.float64(58.0061323986626), np.float64(66.51517802389793), np.float64(75.07885527519889), np.float64(83.73167784480883), np.float64(92.50219994341438), np.float64(101.33320352371194), np.float64(110.30364053139056), np.float64(119.3931780862933), np.float64(128.63923961670133), np.float64(138.03392627052457), np.float64(147.58827559322222), np.float64(157.31391874471421), np.float64(167.2401660577559), np.float64(177.3626257911781), np.float64(187.62583182112846), np.float64(198.11351399973583), np.float64(208.8603495590012), np.float64(219.74145740058088), np.float64(230.9174441683557), np.float64(242.3450180326795), np.float64(253.94522145512616), np.float64(265.81473035994355)]"
15,STATE_A_RIPENING,SEEDED,0.029446876243533624,0.6503786744033417,266.66115240506116,57.98721041601477,"[np.float64(-0.0011640688517875147), np.float64(-0.0013391508113230874), np.float64(-0.0002898937351098629), np.float64(0.0014290512740398424), np.float64(0.0050279288042842886), np.float64(0.009893361379248955), np.float64(0.015797360389072652), np.float64(0.0222877009898746), np.float64(0.02969898535488024), np.float64(0.038096476990042406), np.float64(0.04766520725216825), np.float64(0.05752351358109765), np.float64(0.06808617369066809), np.float64(0.07960939396341093), np.float64(0.09161049546912403), np.float64(0.10541690673021377), np.float64(0.12000959706141964), np.float64(0.1363986288929821), np.float64(0.1521523658407121), np.float64(0.16900521979320066), np.float64(0.18713130288449492), np.float64(0.20611124856114302), np.float64(0.226192981850662), np.float64(0.2469410361192625), np.float64(0.2687199376075274), np.float64(0.2911061006168524), np.float64(0.314918877498863), np.float64(0.3388986379452484)]","[np.float64(8.225739444384283), np.float64(16.450036968577315), np.float64(24.688014646962102), np.float64(32.94564047173547), np.float64(41.25598305582527), np.float64(49.62686938812312), np.float64(58.067008206242534), np.float64(66.57396530524738), np.float64(75.16670660485768), np.float64(83.85843033316064), np.float64(92.66843235029272), np.float64(101.56735264606658), np.float64(110.57943568933663), np.float64(119.72620961572795), np.float64(128.98909056219514), np.float64(138.45572062645098), np.float64(148.0770193195231), np.float64(157.93039661980137), np.float64(167.8558298049913), np.float64(177.97790537828686), np.float64(188.32004252185195), np.float64(198.8585347851218), np.float64(209.6211597722116), np.float64(220.57793716368366), np.float64(231.76655288388002), np.float64(243.15442924793695), np.float64(254.82446126794642), np.float64(266.66115240506116)]"
16,STATE_A_RIPENING,SEEDED,0.012733784321528054,0.601626002304947,266.4184673512583,58.57255428665632,"[np.float64(-0.00071644632427622), np.float64(-0.00035661964003111775), np.float64(0.0011856655296381125), np.float64(0.004106696658862527), np.float64(0.008040467202605126), np.float64(0.012783743963669693), np.float64(0.017662371381996323), np.float64(0.024814231193869787), np.float64(0.03155588301419055), np.float64(0.038970693720141884), np.float64(0.04707880200643437), np.float64(0.05634449240294271), np.float64(0.06653216726389677), np.float64(0.07854853700256047), np.float64(0.09232539648757328), np.float64(0.10638669049255282), np.float64(0.12085706929775462), np.float64(0.1360075447865076), np.float64(0.1518392672009056), np.float64(0.16920143573389093), np.float64(0.18700816833643205), np.float64(0.20554324286440057), np.float64(0.2261094074739196), np.float64(0.24717408711293043), np.float64(0.26903544826631526), np.float64(0.29224399575928295), np.float64(0.31693283661264104), np.float64(0.34224021555974604)]","[np.float64(8.20985601928591), np.float64(16.42266801575442), np.float64(24.652997804490557), np.float64(32.91858007678841), np.float64(41.22874913273631), np.float64(49.590762064963975), np.float64(57.995068951518675), np.float64(66.51257040557975), np.float64(75.0723585586183), np.float64(83.71298336743816), np.float64(92.44289543504358), np.float64(101.29201322823003), np.float64(110.26089221866364), np.float64(119.409547758844), np.float64(128.75332265711918), np.float64(138.21800647624482), np.float64(147.81387755139025), np.float64(157.56301546281924), np.float64(167.47142346941388), np.float64(177.60935474479206), np.float64(187.90455991393281), np.float64(198.3833630286505), np.float64(209.1624013136622), np.float64(220.1232680634298), np.float64(231.2959648750699), np.float64(242.73744719765068), np.float64(254.4700928503782), np.float64(266.4184673512583)]"
9,STATE_A_RIPENING,SEEDED,0.02109033028253084,0.6381172090775725,265.07317284910374,56.86250505742156,"[np.float64(-0.0009487415763985754), np.float64(-0.0008679668009431565), np.float64(0.0006897392883196021), np.float64(0.0027763737424875705), np.float64(0.006171780034364906), np.float64(0.009829219176162798), np.float64(0.0145885363042932), np.float64(0.020301302050994664), np.float64(0.02736602794106657), np.float64(0.03536326749922676), np.float64(0.043930938499888376), np.float64(0.05360561735375242), np.float64(0.06321360063786033), np.float64(0.0757291719193535), np.float64(0.08842417175518255), np.float64(0.1022423684480761), np.float64(0.11678493823090133), np.float64(0.1307638991695638), np.float64(0.14602414046074), np.float64(0.1631928565441021), np.float64(0.1816817492857965), np.float64(0.20007704097445597), np.float64(0.21984679838216312), np.float64(0.2407481905544466), np.float64(0.2623906426773373), np.float64(0.28433418246707215), np.float64(0.30729021247906374), np.float64(0.332207898025259)]","[np.float64(8.198145629298732), np.float64(16.396954077429115), np.float64(24.614596516875462), np.float64(32.85366171247023), np.float64(41.13654505961731), np.float64(49.45349160780836), np.float64(57.831540174936926), np.float64(66.27900050044059), np.float64(74.82157621435458), np.float64(83.45802818319937), np.float64(92.18288856058992), np.float64(101.0280633483383), np.float64(109.94496798957539), np.float64(119.0971178969443), np.float64(128.35479316264116), np.float64(137.77812686198956), np.float64(147.35179767439087), np.float64(156.99297363474966), np.float64(166.8292613964), np.float64(176.920273469651), np.float64(187.23683955047446), np.float64(197.67374379119474), np.float64(208.35418325751579), np.float64(219.26777521925922), np.float64(230.3873530712122), np.float64(241.6763269488202), np.float64(253.20455384006283), np.float64(265.07317284910374)]"
12,STATE_A_RIPENING,SEEDED,0.020294468762435337,0.6140204711494583,266.4149915697671,58.73524596976688,"[np.float64(-0.001170038093299087), np.float64(-0.00045212298699624765), np.float64(0.0010810849191745283), np.float64(0.0033347756083781264), np.float64(0.0069529331478458325), np.float64(0.0113246596049672), np.float64(0.016018013252031074), np.float64(0.02165242555629858), np.float64(0.02861974957247721), np.float64(0.036232752712118725), np.float64(0.045121511584447896), np.float64(0.05528624451116659), np.float64(0.06569328118070233), np.float64(0.07692653251612494), np.float64(0.0894154562361304), np.float64(0.10315462420558082), np.float64(0.11809232616321752), np.float64(0.13363861700988602), np.float64(0.1499715565199127), np.float64(0.16817070275285068), np.float64(0.1867772378287438), np.float64(0.20568564105480433), np.float64(0.22553011067695375), np.float64(0.24620846601804702), np.float64(0.268774483264612), np.float64(0.2928545643654653), np.float64(0.31661848668150205), np.float64(0.3416456343124678)]","[np.float64(8.209703982687929), np.float64(16.42530768009088), np.float64(24.656850381558442), np.float64(32.91278564088224), np.float64(41.21509519964412), np.float64(49.5653601536673), np.float64(57.96027818347746), np.float64(66.42373458064617), np.float64(74.98107387193883), np.float64(83.62004075900889), np.float64(92.3757113868773), np.float64(101.26237334846071), np.float64(110.24050232942935), np.float64(119.34460501986013), np.float64(128.60852065303945), np.float64(138.04475010369814), np.float64(147.66224674241423), np.float64(157.43146550044193), np.float64(167.3704822972119), np.float64(177.56806743258002), np.float64(187.92545745394406), np.float64(198.4364470677375), np.float64(209.15658699320946), np.float64(220.0839173908546), np.float64(231.32040495836821), np.float64(242.84541139839956), np.float64(254.49277415487404), np.float64(266.4149915697671)]"
13,STATE_A_RIPENING,SEEDED,0.0346199761241544,0.6375711084904264,265.7402505499454,57.348620557089966,"[np.float64(-0.0008018220265615579), np.float64(-0.0016920803726208924), np.float64(-0.0013118086666401693), np.float64(-0.0005369310336066141), np.float64(0.002333861163177007), np.float64(0.0061802511684488515), np.float64(0.010789980562321637), np.float64(0.01682675013911015), np.float64(0.023619356770504966), np.float64(0.0317151168316718), np.float64(0.04013016724165392), np.float64(0.04991833834264854), np.float64(0.06115751254273952), np.float64(0.07269133659471315), np.float64(0.08523687385214024), np.float64(0.09870559437897507), np.float64(0.11269296513886082), np.float64(0.1278654550163232), np.float64(0.14438755401962317), np.float64(0.16210195391837276), np.float64(0.18015698830377797), np.float64(0.1988832554080107), np.float64(0.21917347693970662), np.float64(0.24020570253468182), np.float64(0.2613969089270561), np.float64(0.2839380167590926), np.float64(0.307343784252312), np.float64(0.3314296666431137)]","[np.float64(8.221783011191105), np.float64(16.436239005375477), np.float64(24.65905368384474), np.float64(32.891491003762034), np.float64(41.17336851627478), np.float64(49.50275149611388), np.float64(57.88535461381594), np.float64(66.35194567382896), np.float64(74.89484880449861), np.float64(83.54492836392369), np.float64(92.27344293339938), np.float64(101.13446950423689), np.float64(110.14720283954952), np.float64(119.26296887109949), np.float64(128.52680860527414), np.float64(137.94337408305645), np.float64(147.4948262188301), np.float64(157.23214767791413), np.float64(167.1784744726731), np.float64(177.3341204999421), np.float64(187.64170908118479), np.float64(198.13049387265892), np.float64(208.88188742063994), np.float64(219.83573899822423), np.float64(230.94368107993355), np.float64(242.31794157060648), np.float64(253.9211412491395), np.float64(265.7402505499454)]"
14,STATE_A_RIPENING,SEEDED,0.016713091922005572,0.6199870232825687,266.7106186648185,58.02643766636048,"[np.float64(-0.000106480993256391), np.float64(0.0008240357168915078), np.float64(0.0015420700900424216), np.float64(0.003653409328551374), np.float64(0.0071302122839144305), np.float64(0.012215682482123388), np.float64(0.017326637451115783), np.float64(0.02365762452782946), np.float64(0.03044321848360169), np.float64(0.038232365360151475), np.float64(0.04691142970048756), np.float64(0.05648891998851877), np.float64(0.06730031501687185), np.float64(0.07927157021067886), np.float64(0.09219422093711187), np.float64(0.10550194682075573), np.float64(0.1192554736490666), np.float64(0.1341289494185891), np.float64(0.15000681108463482), np.float64(0.16741519011311173), np.float64(0.18565488575005712), np.float64(0.20461056367284064), np.float64(0.22455675613492374), np.float64(0.24545544895162774), np.float64(0.26692371487458205), np.float64(0.29078355108301535), np.float64(0.31528505910339477), np.float64(0.3389432696092427)]","[np.float64(8.23148258840718), np.float64(16.470623743212222), np.float64(24.714796578230263), np.float64(32.98777780228566), np.float64(41.306082075922994), np.float64(49.692285115733974), np.float64(58.120512505367486), np.float64(66.62980418353686), np.float64(75.20656088627119), np.float64(83.87807769087208), np.float64(92.65072945814761), np.float64(101.5347974002889), np.float64(110.55741056954973), np.float64(119.72768670194704), np.float64(129.04535697908955), np.float64(138.4844229474017), np.float64(148.0521511819194), np.float64(157.79924115822493), np.float64(167.7277782925626), np.float64(177.8868533001344), np.float64(188.23467543744786), np.float64(198.76833583859275), np.float64(209.51662158470634), np.float64(220.48371984953548), np.float64(231.64153203548972), np.float64(243.16510162231043), np.float64(254.90296944386967), np.float64(266.7106186648185)]"
17,STATE_A_RIPENING,SEEDED,0.017508953442101075,0.5752320437266659,265.62151655466516,57.34838590889767,"[np.float64(-0.0007391456207772941), np.float64(-0.0008093724371079705), np.float64(0.00012271972210717609), np.float64(0.0022785076671027115), np.float64(0.004892012205951717), np.float64(0.008847289221364863), np.float64(0.013611173534290592), np.float64(0.019863202157769815), np.float64(0.026747969244806803), np.float64(0.03407326405161936), np.float64(0.04328427955367354), np.float64(0.052737380740707517), np.float64(0.06304566474498846), np.float64(0.07398139832595917), np.float64(0.08604672340688604), np.float64(0.09874080916444451), np.float64(0.11306299066115606), np.float64(0.1281687799291277), np.float64(0.14413059222319094), np.float64(0.16160138873720992), np.float64(0.18010675691078518), np.float64(0.19880877923712983), np.float64(0.21842975361340022), np.float64(0.23908283636273578), np.float64(0.26067337809622326), np.float64(0.2833739579095227), np.float64(0.3075286514941592), np.float64(0.3325199128797636)]","[np.float64(8.215004467698632), np.float64(16.42943158490472), np.float64(24.655639309620025), np.float64(32.909597212511635), np.float64(41.1905952567125), np.float64(49.525895027794654), np.float64(57.916472348725065), np.float64(66.39407349212681), np.float64(74.94502390396609), np.float64(83.56877220336081), np.float64(92.33415595910337), np.float64(101.18348533076022), np.float64(110.15080601598947), np.float64(119.2325362357488), np.float64(128.4647217703066), np.float64(137.82753119966105), np.float64(147.3931021562101), np.float64(157.1187120654726), np.float64(167.01664935863576), np.float64(177.14419442068058), np.float64(187.47713582205293), np.float64(197.9547853996089), np.float64(208.63946030235402), np.float64(219.54814855614453), np.float64(230.67985318436496), np.float64(242.05737870544615), np.float64(253.72177325241304), np.float64(265.62151655466516)]"
11,STATE_A_RIPENING,SEEDED,0.01591723040191007,0.6209002600954467,266.0378465890371,58.45025554200813,"[np.float64(-0.0006440444615963678), np.float64(-0.0004463188174368618), np.float64(-1.739284699456849e-05), np.float64(0.0012422793746252527), np.float64(0.003495214114275781), np.float64(0.007701957804018605), np.float64(0.01348243817043914), np.float64(0.019529562825928794), np.float64(0.02636477359193207), np.float64(0.034262047815530196), np.float64(0.04232839317767297), np.float64(0.05195113128935229), np.float64(0.06330084427273927), np.float64(0.07510702104724024), np.float64(0.08824329247039409), np.float64(0.10197672561001643), np.float64(0.11671356386158098), np.float64(0.133239215779372), np.float64(0.14929178919772482), np.float64(0.1654870492706081), np.float64(0.18397295650858422), np.float64(0.2035574893754203), np.float64(0.22345040513566977), np.float64(0.24437598193668097), np.float64(0.266591198501514), np.float64(0.2903748047602622), np.float64(0.3144869666775408), np.float64(0.3389328660137576)]","[np.float64(8.20854330936043), np.float64(16.418710623892956), np.float64(24.633349536042882), np.float64(32.86514652790014), np.float64(41.12762666547724), np.float64(49.45649027379513), np.float64(57.86449206650199), np.float64(66.32784543821347), np.float64(74.86854099674814), np.float64(83.50669309188407), np.float64(92.21487050035506), np.float64(101.06133246884728), np.float64(110.07214331950824), np.float64(119.19550450442922), np.float64(128.48731389303657), np.float64(137.915216380514), np.float64(147.51147595173947), np.float64(157.34005367968015), np.float64(167.25331887930943), np.float64(177.29223428710614), np.float64(187.62736415542273), np.float64(198.18103497674022), np.float64(208.89450311097616), np.float64(219.83307924992639), np.float64(231.02779496794818), np.float64(242.51425790732355), np.float64(254.18381742365779), np.float64(266.0378465890371)]"
20,STATE_A_RIPENING,SEEDED,0.022682053322721846,0.6936731976049689,265.1378222786467,57.015154099397904,"[np.float64(-0.0008552998853784021), np.float64(-0.0011638060508658307), np.float64(-0.00015561988942668615), np.float64(0.0020978233650285815), np.float64(0.004268884179199077), np.float64(0.007146292061977979), np.float64(0.011256478773304716), np.float64(0.01731292322329558), np.float64(0.023759248466489462), np.float64(0.03153446323056408), np.float64(0.04047880077021126), np.float64(0.050114908402779365), np.float64(0.060102840923654366), np.float64(0.07133775139842492), np.float64(0.0841852986919712), np.float64(0.09649064628015307), np.float64(0.11027361079336803), np.float64(0.12493720540910824), np.float64(0.1409495516990777), np.float64(0.1583856390786016), np.float64(0.17576267078521332), np.float64(0.19457887983332095), np.float64(0.21452528411543792), np.float64(0.23604611832361191), np.float64(0.25825969860052556), np.float64(0.2808982933197772), np.float64(0.304479829958823), np.float64(0.32920086970886486)]","[np.float64(8.209799287531382), np.float64(16.417063437520813), np.float64(24.638020077738254), np.float64(32.88769194967248), np.float64(41.15412315929588), np.float64(49.4556454897478), np.float64(57.81586713257395), np.float64(66.27284473098473), np.float64(74.7927968199193), np.float64(83.41808510641727), np.float64(92.15685563862921), np.float64(100.99921615265782), np.float64(109.93492807776326), np.float64(119.01716062673907), np.float64(128.2807118454714), np.float64(137.6070844741459), np.float64(147.12357698973943), np.float64(156.80322495484359), np.float64(166.6883190877703), np.float64(176.79701295653382), np.float64(187.02405702644535), np.float64(197.49151529168697), np.float64(208.18501272527635), np.float64(219.15274984857692), np.float64(230.32628198786318), np.float64(241.68462131550572), np.float64(253.27993932488263), np.float64(265.1378222786467)]"
19,STATE_A_RIPENING,SEEDED,0.011539992041384799,0.5781227661997863,265.86010546499153,57.392994293886694,"[np.float64(-0.0005961968681562068), np.float64(-0.0005024920632485463), np.float64(0.0010045383838202114), np.float64(0.0031796680642251804), np.float64(0.006348554118591846), np.float64(0.010507671795817911), np.float64(0.01565177488059753), np.float64(0.021809032419297048), np.float64(0.02852938953478942), np.float64(0.036428471725600944), np.float64(0.04514738450165016), np.float64(0.05496045361641856), np.float64(0.06496219630654242), np.float64(0.07574356860451635), np.float64(0.0874339030254091), np.float64(0.1007351895089534), np.float64(0.11571315716433844), np.float64(0.13158379502944414), np.float64(0.14769149937999726), np.float64(0.16466860248917006), np.float64(0.1823832379514), np.float64(0.20079391681565148), np.float64(0.2205285847794372), np.float64(0.24134991283988913), np.float64(0.26285271637943614), np.float64(0.28575355590546864), np.float64(0.3095873579098671), np.float64(0.33440351818995884)]","[np.float64(8.217165821560513), np.float64(16.435102072320902), np.float64(24.671231596491587), np.float64(32.93069558505128), np.float64(41.228332509667354), np.float64(49.57612864522347), np.float64(57.98584737592623), np.float64(66.47011159010866), np.float64(75.02437990702273), np.float64(83.67991293940543), np.float64(92.43426801124654), np.float64(101.30966708120602), np.float64(110.27117450587232), np.float64(119.35317240220724), np.float64(128.57136234021883), np.float64(137.97898955280945), np.float64(147.59673511190974), np.float64(157.38647807352106), np.float64(167.30839600485), np.float64(177.4118937638112), np.float64(187.69382250462678), np.float64(198.15656834431235), np.float64(208.8590824428868), np.float64(219.79099897716168), np.float64(230.92338353082005), np.float64(242.32809443074015), np.float64(253.97007857692353), np.float64(265.86010546499153)]"
21,STATE_A_RIPENING,SEEDED,0.02148826104257859,0.612677708993123,265.6718575053002,56.859263443885354,"[np.float64(-0.001050772383046067), np.float64(-0.0006854553782763173), np.float64(0.0014326321521961542), np.float64(0.0039386567650566565), np.float64(0.0065354138011562085), np.float64(0.010641679031356177), np.float64(0.01633671844034569), np.float64(0.02276322510245579), np.float64(0.02957123774747542), np.float64(0.037243082306483294), np.float64(0.045924495508486755), np.float64(0.05556856202836757), np.float64(0.06757735588496604), np.float64(0.07970657498319128), np.float64(0.09210485144761851), np.float64(0.10487071767985015), np.float64(0.11916457521519291), np.float64(0.13505214399328033), np.float64(0.1506484506786849), np.float64(0.16718552491874616), np.float64(0.1842010849186488), np.float64(0.202701260216528), np.float64(0.22124613405408103), np.float64(0.24153472344485274), np.float64(0.263085867539997), np.float64(0.28584975838777776), np.float64(0.3093637060009744), np.float64(0.33371883567716026)]","[np.float64(8.211586769329172), np.float64(16.426176251898983), np.float64(24.665362514056465), np.float64(32.92827335988994), np.float64(41.213539362937276), np.float64(49.55702549187426), np.float64(57.97920107254846), np.float64(66.47110792599172), np.float64(75.02846974214577), np.float64(83.67498672335374), np.float64(92.42686676749712), np.float64(101.29309664559264), np.float64(110.35662436946303), np.float64(119.51881740182316), np.float64(128.78901030679788), np.float64(138.1755153601465), np.float64(147.7580930395598), np.float64(157.55630614618747), np.float64(167.44813238958017), np.float64(177.52328294221797), np.float64(187.75322288391615), np.float64(198.2243226147467), np.float64(208.8261181880488), np.float64(219.70809349694778), np.float64(230.84040373937964), np.float64(242.22771944978413), np.float64(253.8337068747654), np.float64(265.6718575053002)]"
22,STATE_A_RIPENING,SEEDED,0.01631516116195782,0.6142976602317641,265.26510731843945,57.59971758773722,"[np.float64(-0.0014941054204438036), np.float64(-0.0018478914199870921), np.float64(-0.0007098567472286589), np.float64(0.0013975614542297177), np.float64(0.004658019428540284), np.float64(0.008335994780756523), np.float64(0.013246047398907479), np.float64(0.019430987988355353), np.float64(0.02599176451851091), np.float64(0.03293596709715815), np.float64(0.04125529475170327), np.float64(0.05020524801273567), np.float64(0.06096890886698511), np.float64(0.0725850566757706), np.float64(0.08522758493176255), np.float64(0.0986764673350329), np.float64(0.11227903519666929), np.float64(0.1268004999051363), np.float64(0.14190100453183335), np.float64(0.15909197079641615), np.float64(0.17769307567664794), np.float64(0.1971197312689062), np.float64(0.21800175949341152), np.float64(0.23942979033417466), np.float64(0.2620109875443307), np.float64(0.28539520843665656), np.float64(0.3085155982105841), np.float64(0.33308520378986894)]","[np.float64(8.199142948828461), np.float64(16.395380557799438), np.float64(24.607086633551056), np.float64(32.844026797008276), np.float64(41.12181488060809), np.float64(49.43642160974744), np.float64(57.816079763222085), np.float64(66.27687823316593), np.float64(74.80103180191756), np.float64(83.39304688187474), np.float64(92.10101964517095), np.float64(100.90471959057784), np.float64(109.87220052810324), np.float64(118.96988681831778), np.float64(128.2167643600102), np.float64(137.609379189655), np.float64(147.11228421856237), np.float64(156.77945929766605), np.float64(166.594619219104), np.float64(176.67784203408493), np.float64(186.9943554442309), np.float64(197.5079662425757), np.float64(208.27873705481676), np.float64(219.237756215477), np.float64(230.44363568011008), np.float64(241.8715724370864), np.float64(253.4231926455884), np.float64(265.26510731843945)]"
23,STATE_A_RIPENING,SEEDED,0.021886191802626343,0.6150106485437777,265.3960444482087,57.77372181133108,"[np.float64(-0.000983689164042788), np.float64(0.00033362166211980146), np.float64(0.0020337232834793666), np.float64(0.004432311191754608), np.float64(0.006940010008570998), np.float64(0.011027110650437372), np.float64(0.015486962715721092), np.float64(0.021467028327972537), np.float64(0.02827767739152106), np.float64(0.03537996404824539), np.float64(0.043781056990901936), np.float64(0.05361422752001116), np.float64(0.06432817602314504), np.float64(0.0761942052100574), np.float64(0.08914277543499248), np.float64(0.10333186282203269), np.float64(0.1191832592224105), np.float64(0.13471281228326212), np.float64(0.149996658064951), np.float64(0.16714006393593045), np.float64(0.18580571494771053), np.float64(0.20542482347950716), np.float64(0.22539914012632967), np.float64(0.24572915521267), np.float64(0.26716902824156175), np.float64(0.28995907073896116), np.float64(0.3145565295956286), np.float64(0.3381250982758302)]","[np.float64(8.189819789868476), np.float64(16.39043518340866), np.float64(24.60653598996388), np.float64(32.84795861659175), np.float64(41.11117212902458), np.float64(49.43342562675659), np.float64(57.799392282738104), np.float64(66.2506615715492), np.float64(74.78005315060324), np.float64(83.37540074613085), np.float64(92.08426938366281), np.float64(100.92763934264251), np.float64(109.89278710242526), np.float64(119.00396084798565), np.float64(128.26900405456593), np.float64(137.7086176824394), np.float64(147.3627033985294), np.float64(157.10989576977124), np.float64(166.95135422754822), np.float64(177.0433180640502), np.float64(187.37606762450088), np.float64(197.91595317472942), np.float64(208.6193931414364), np.float64(219.48816731266575), np.float64(230.59258586107006), np.float64(241.96322783057948), np.float64(253.65384714823924), np.float64(265.3960444482087)]"
25,STATE_A_RIPENING,SEEDED,0.023079984082769598,0.6266991763160389,266.24475331754513,58.63505898771712,"[np.float64(-0.0009013520545144526), np.float64(-0.00018255249596276348), np.float64(0.0017101827527109047), np.float64(0.0042799790401863835), np.float64(0.0068909257801903386), np.float64(0.01081953362155475), np.float64(0.016129346359314883), np.float64(0.02157856042172684), np.float64(0.02902137995650008), np.float64(0.03712680640555712), np.float64(0.04579596616569318), np.float64(0.05639792093779538), np.float64(0.06678887932827017), np.float64(0.07888382940713244), np.float64(0.09178445815777075), np.float64(0.10502592571633387), np.float64(0.11943587108152813), np.float64(0.13544074308021986), np.float64(0.15171846595144695), np.float64(0.1683633204665914), np.float64(0.18634551730428747), np.float64(0.20602780367255416), np.float64(0.2274111860485786), np.float64(0.24857565024726766), np.float64(0.27073369770947153), np.float64(0.2933441303406537), np.float64(0.31727338099613706), np.float64(0.3422762050950933)]","[np.float64(8.203633819691426), np.float64(16.41316866643057), np.float64(24.643045572464082), np.float64(32.89951342735612), np.float64(41.17781508321517), np.float64(49.50968286933942), np.float64(57.912807380295), np.float64(66.36329685254228), np.float64(74.93018238686618), np.float64(83.58301076933168), np.float64(92.32477278513724), np.float64(101.22717015237434), np.float64(110.20078124638344), np.float64(119.34863567657926), np.float64(128.63578291312882), np.float64(138.04106381771237), np.float64(147.6218393218541), np.float64(157.4188818524466), np.float64(167.3512063007533), np.float64(177.4275411509735), np.float64(187.7271006336821), np.float64(198.29119135063596), np.float64(209.13415004718306), np.float64(220.10036026682397), np.float64(231.2966609623741), np.float64(242.67915683994434), np.float64(254.33363787228433), np.float64(266.24475331754513)]"
24,STATE_A_RIPENING,SEEDED,0.013131715081575806,0.6349630349239386,265.5564410974838,57.59014434059577,"[np.float64(-0.00048747327885483526), np.float64(-0.0010253210513904525), np.float64(0.00028320384287920127), np.float64(0.0026351127091363913), np.float64(0.005611429615241131), np.float64(0.00987406078034906), np.float64(0.015118770145243722), np.float64(0.020548069057952364), np.float64(0.02803340860525223), np.float64(0.03606018652517993), np.float64(0.04490042254510835), np.float64(0.05457846335254696), np.float64(0.064954433798866), np.float64(0.07657566931583228), np.float64(0.08945111472341513), np.float64(0.1036292545882983), np.float64(0.11782138435890847), np.float64(0.13389732658660525), np.float64(0.14994119146792836), np.float64(0.16683678163796642), np.float64(0.18550631935628972), np.float64(0.20546589735297444), np.float64(0.22486922887984515), np.float64(0.24648567267526933), np.float64(0.26804092551763375), np.float64(0.29019699073817684), np.float64(0.31327284998135163), np.float64(0.3369843171281514)]","[np.float64(8.200300598416892), np.float64(16.3961879385822), np.float64(24.610384267167163), np.float64(32.85239970264625), np.float64(41.12640581858398), np.float64(49.45617345423167), np.float64(57.848502497417975), np.float64(66.28913798586467), np.float64(74.84827151285823), np.float64(83.48878568200847), np.float64(92.22863678443771), np.float64(101.07793176421488), np.float64(110.03846340706598), np.float64(119.14778356184753), np.float64(128.41944384146123), np.float64(137.86919397739612), np.float64(147.42487902175858), np.float64(157.21537743480712), np.float64(167.11947717142115), np.float64(177.20285017970073), np.float64(187.54560157809013), np.float64(198.1234112910404), np.float64(208.78935379129908), np.float64(219.78119940283042), np.float64(230.90976313991476), np.float64(242.23506613921376), np.float64(253.7913985759323), np.float64(265.5564410974838)]"
27,STATE_A_RIPENING,SEEDED,0.01193792280143255,0.5876300153137508,266.2747181264958,58.220531492457624,"[np.float64(-5.093742812399139e-05), np.float64(0.0015174865401763912), np.float64(0.002918160374819345), np.float64(0.005391739999685103), np.float64(0.008062710279945241), np.float64(0.011968992972684066), np.float64(0.016535798484309448), np.float64(0.022751281394759806), np.float64(0.030083016769665707), np.float64(0.038374240317155216), np.float64(0.04679775068221381), np.float64(0.05612866658203119), np.float64(0.06685821985103983), np.float64(0.07930015140104311), np.float64(0.09253142734762553), np.float64(0.10608521863673721), np.float64(0.12059004940449786), np.float64(0.1359881115391312), np.float64(0.1516733902473757), np.float64(0.16911947992410348), np.float64(0.1874362825709377), np.float64(0.20665937782182878), np.float64(0.22600780527518127), np.float64(0.2464614483999631), np.float64(0.26747708437228), np.float64(0.29007984910079104), np.float64(0.314671479063686), np.float64(0.34068769647760916)]","[np.float64(8.2129093464757), np.float64(16.438695625593613), np.float64(24.675280186329648), np.float64(32.940921045737916), np.float64(41.230810264579674), np.float64(49.57274223704165), np.float64(57.965217404843884), np.float64(66.44818049969017), np.float64(75.02166755056817), np.float64(83.69221136882788), np.float64(92.43408912252018), np.float64(101.28561089028868), np.float64(110.28204137001457), np.float64(119.45580106975427), np.float64(128.77048122467892), np.float64(138.20455830192606), np.float64(147.80202782936172), np.float64(157.5678062781602), np.float64(167.4658883276592), np.float64(177.6100491329972), np.float64(187.94576427808371), np.float64(198.48290945268235), np.float64(209.16188345979992), np.float64(220.06894297333096), np.float64(231.1629122030355), np.float64(242.54355239702224), np.float64(254.26142412412474), np.float64(266.2747181264958)]"
26,STATE_A_RIPENING,SEEDED,0.017906884202148827,0.6544739171612768,265.6174786562787,57.169095574035815,"[np.float64(-0.0012845691224710777), np.float64(-0.0012839515892005997), np.float64(-0.0004929938116195893), np.float64(0.0012942779076909898), np.float64(0.0041865480954251955), np.float64(0.008252626581485227), np.float64(0.01267279204985123), np.float64(0.018146519899821148), np.float64(0.024134499836835833), np.float64(0.031150399272712653), np.float64(0.04070254201412819), np.float64(0.051224476631132984), np.float64(0.06172561301359143), np.float64(0.07287780329448759), np.float64(0.08561445805047666), np.float64(0.09954441359475215), np.float64(0.11461023613233594), np.float64(0.13047165403683547), np.float64(0.14673282506860924), np.float64(0.16318709141441112), np.float64(0.18115019817430816), np.float64(0.19988436306264382), np.float64(0.2198925207046135), np.float64(0.24085738128883613), np.float64(0.2619227463543642), np.float64(0.28409776225740674), np.float64(0.3074912662397542), np.float64(0.3317014461226874)]","[np.float64(8.21516069352937), np.float64(16.430326466718178), np.float64(24.65524706991303), np.float64(32.9030412062031), np.float64(41.188159596162286), np.float64(49.52575606947539), np.float64(57.9065637037796), np.float64(66.35754502817922), np.float64(74.87144077994009), np.float64(83.47495430876945), np.float64(92.24677155916991), np.float64(101.14028221535739), np.float64(110.1145434201914), np.float64(119.20606405881325), np.float64(128.4766639797026), np.float64(137.9181915127944), np.float64(147.53858631222107), np.float64(157.32492251926172), np.float64(167.25530668529598), np.float64(177.31683283385593), np.float64(187.6147768682372), np.float64(198.1014071892721), np.float64(208.82563139578826), np.float64(219.76946898043076), np.float64(230.86153335662783), np.float64(242.19633971569846), np.float64(253.7922437501946), np.float64(265.6174786562787)]"
28,STATE_A_RIPENING,SEEDED,0.015121368881814564,0.5472990514756851,266.8067030026584,58.21990473523614,"[np.float64(-0.00034483480279954556), np.float64(-0.0006616872124504769), np.float64(0.0005387649765732054), np.float64(0.002686760503124245), np.float64(0.006108812734739791), np.float64(0.010549432811223674), np.float64(0.016212068785905667), np.float64(0.022992025283085547), np.float64(0.03041305138111011), np.float64(0.03812338535201078), np.float64(0.04693583972543314), np.float64(0.0568800222245411), np.float64(0.06778152302426653), np.float64(0.0792609367000702), np.float64(0.0921532555194869), np.float64(0.1059839933344979), np.float64(0.12074220792643799), np.float64(0.13569505794445685), np.float64(0.15247730220594838), np.float64(0.169337262033556), np.float64(0.187346672590685), np.float64(0.20706056364363049), np.float64(0.22667604608155856), np.float64(0.24759956296956243), np.float64(0.26868718197978814), np.float64(0.2920973140435602), np.float64(0.3158712732851633), np.float64(0.3401515399256777)]","[np.float64(8.229754065688295), np.float64(16.456899407729868), np.float64(24.700171262925796), np.float64(32.96889425615439), np.float64(41.2813822743284), np.float64(49.64685950672216), np.float64(58.08339112898208), np.float64(66.60209051410202), np.float64(75.19863110194783), np.float64(83.86605935417785), np.float64(92.64339648926678), np.float64(101.54436786679457), np.float64(110.57228972945529), np.float64(119.71622527037717), np.float64(129.03121934356955), np.float64(138.50203465470213), np.float64(148.13699662902667), np.float64(157.89381676157413), np.float64(167.89259484099304), np.float64(178.01706652983802), np.float64(188.35181715068103), np.float64(198.95229870776993), np.float64(209.67880283606104), np.float64(220.65338724085524), np.float64(231.78164172652106), np.float64(243.2667257558708), np.float64(254.9366162289965), np.float64(266.8067030026584)]"
29,STATE_A_RIPENING,SEEDED,0.030242737763629127,0.6354902874485275,266.41624966767193,58.08840830468593,"[np.float64(-0.00027592838186578134), np.float64(-0.0004191680387178503), np.float64(0.00036121775108705046), np.float64(0.003320844576585035), np.float64(0.006720919512884038), np.float64(0.01137405178424624), np.float64(0.016104368947007404), np.float64(0.021891948901688992), np.float64(0.028693532524930548), np.float64(0.03669765046522661), np.float64(0.046151718725611954), np.float64(0.05602459772185229), np.float64(0.06681564709009931), np.float64(0.07853472239447871), np.float64(0.09028927202822291), np.float64(0.10377541735804681), np.float64(0.11825357722831803), np.float64(0.13347046757573217), np.float64(0.14988670526380232), np.float64(0.1675814552658962), np.float64(0.1856680495096389), np.float64(0.2042951996886498), np.float64(0.22484013035708791), np.float64(0.2465699671728904), np.float64(0.26823346528527686), np.float64(0.29088997006792516), np.float64(0.31441467218091035), np.float64(0.33889132734644645)]","[np.float64(8.22186022925059), np.float64(16.44254239481418), np.float64(24.67343939428133), np.float64(32.94654845415179), np.float64(41.25290777454294), np.float64(49.61776167822653), np.float64(58.0226038177951), np.float64(66.50012944215477), np.float64(75.0612044699692), np.float64(83.72517655623132), np.float64(92.5166793543158), np.float64(101.40241028038436), np.float64(110.41245225888632), np.float64(119.55702955188521), np.float64(128.79296558613086), np.float64(138.22619598292997), np.float64(147.82540732397896), np.float64(157.58236880003935), np.float64(167.53715730188821), np.float64(177.7066192517878), np.float64(188.03161150107454), np.float64(198.52681416589584), np.float64(209.31365167285725), np.float64(220.34316653917088), np.float64(231.50993232103164), np.float64(242.91144422579887), np.float64(254.5423083210819), np.float64(266.41624966767193)]"
30,STATE_A_RIPENING,SEEDED,0.023079984082769598,0.6139362280713495,265.47578154849515,57.978195907554166,"[np.float64(-0.0009178225345956648), np.float64(-0.0007078806194521851), np.float64(0.00127735382856417), np.float64(0.0032351171481703324), np.float64(0.005776488125085031), np.float64(0.009341235293947241), np.float64(0.01505307639894972), np.float64(0.02089491348430732), np.float64(0.027816993575439167), np.float64(0.03540400219975833), np.float64(0.04463536718237307), np.float64(0.054650311834518274), np.float64(0.06534908716071555), np.float64(0.07622053007572291), np.float64(0.08819148876137126), np.float64(0.10166222095906725), np.float64(0.11550615732785786), np.float64(0.1310405787965361), np.float64(0.14814304329706324), np.float64(0.16554073078816214), np.float64(0.18387531369402477), np.float64(0.20347847313648135), np.float64(0.2238567437435402), np.float64(0.24491651596344005), np.float64(0.26662937422406574), np.float64(0.2898538708646149), np.float64(0.31343945834982057), np.float64(0.33797119326580893)]","[np.float64(8.193021621591507), np.float64(16.38776479155741), np.float64(24.60605252322453), np.float64(32.840128615738976), np.float64(41.10212152213463), np.float64(49.40987481687904), np.float64(57.80772936710124), np.float64(66.25581524269701), np.float64(74.79006342214433), np.float64(83.40621530263431), np.float64(92.15492349103319), np.float64(101.01339875425023), np.float64(109.9848372443523), np.float64(119.04801736226062), np.float64(128.2588721364622), np.float64(137.65364191343252), np.float64(147.1730880119148), np.float64(156.9116154122724), np.float64(166.87646656257778), np.float64(176.98530892500207), np.float64(187.29050997902434), np.float64(197.8268970808989), np.float64(208.56269198384547), np.float64(219.49511093902956), np.float64(230.6260079192621), np.float64(242.03997464157422), np.float64(253.63681378682355), np.float64(265.47578154849515)]"
31,STATE_A_RIPENING,SEEDED,0.020692399522483088,0.6597452126728944,267.12031836600727,58.667802482902204,"[np.float64(-0.00103850895148321), np.float64(-0.0005148181384362481), np.float64(0.001221098646552414), np.float64(0.003255191198597639), np.float64(0.006734019141913573), np.float64(0.011781238125863692), np.float64(0.01636866095263209), np.float64(0.022811416750625237), np.float64(0.029747606402133635), np.float64(0.037848876944490656), np.float64(0.04707300779924806), np.float64(0.05666491764891581), np.float64(0.06721907022336032), np.float64(0.07847817498288007), np.float64(0.09136451714962977), np.float64(0.10449064015940913), np.float64(0.11911705324959658), np.float64(0.13445646935286285), np.float64(0.15009014492047737), np.float64(0.16774986921607576), np.float64(0.1856151930820191), np.float64(0.2039808470719164), np.float64(0.22380575195306537), np.float64(0.24513485252470416), np.float64(0.26857243633075983), np.float64(0.29186361796115007), np.float64(0.3156759196912037), np.float64(0.3409836018842626)]","[np.float64(8.23401269432737), np.float64(16.472341382668123), np.float64(24.729959772270092), np.float64(33.00675715298309), np.float64(41.329917203590895), np.float64(49.720068699914215), np.float64(58.13809958326767), np.float64(66.65380233750552), np.float64(75.23935498355172), np.float64(83.92748683736849), np.float64(92.72958710011478), np.float64(101.62183882565333), np.float64(110.63875996990129), np.float64(119.77629492688115), np.float64(129.09616250052656), np.float64(138.52819048896274), np.float64(148.15756679307515), np.float64(157.94416342593993), np.float64(167.8636649169095), np.float64(178.0500369209121), np.float64(188.37719744205233), np.float64(198.87016253130022), np.float64(209.61446056564367), np.float64(220.62595126135957), np.float64(231.97159187993563), np.float64(243.45507968372175), np.float64(255.1381404689569), np.float64(267.12031836600727)]"
32,STATE_A_RIPENING,SEEDED,0.02586549940310386,0.6329951919065502,265.65516238069864,57.7321308746058,"[np.float64(-0.0013477084179389866), np.float64(-0.0007507792370648147), np.float64(0.0003684296393814474), np.float64(0.002522416720754051), np.float64(0.005883870363440142), np.float64(0.010799442342493802), np.float64(0.015571837404394311), np.float64(0.021398224256167265), np.float64(0.028481651921909493), np.float64(0.036502924778453065), np.float64(0.044516344069124275), np.float64(0.05392550274512946), np.float64(0.0637865744167148), np.float64(0.0747300281514414), np.float64(0.0866051539743492), np.float64(0.1001069054384685), np.float64(0.11415672368303122), np.float64(0.1293840140047718), np.float64(0.14581853445977083), np.float64(0.16265201777110647), np.float64(0.18051978418828352), np.float64(0.2000532612836096), np.float64(0.21956636316121791), np.float64(0.240371211630938), np.float64(0.2624697362404601), np.float64(0.28585039392431966), np.float64(0.31040875819262165), np.float64(0.3352728426202402)]","[np.float64(8.205071536241396), np.float64(16.415046796219066), np.float64(24.636355587572666), np.float64(32.88381966563164), np.float64(41.17362898536759), np.float64(49.52893248451748), np.float64(57.92000422946973), np.float64(66.38389898030947), np.float64(74.94039950163672), np.float64(83.59118585260258), np.float64(92.30506352530732), np.float64(101.14896033988846), np.float64(110.0894812151064), np.float64(119.166160767581), np.float64(128.38147460724005), np.float64(137.78839723227196), np.float64(147.33206789781477), np.float64(157.06106701227904), np.float64(166.98856890666767), np.float64(177.0639265509225), np.float64(187.34027352417706), np.float64(197.87829604709535), np.float64(208.54787798692226), np.float64(219.46350000217117), np.float64(230.63526700377565), np.float64(242.0715714313216), np.float64(253.77122613972236), np.float64(265.65516238069864)]"
33,STATE_A_RIPENING,SEEDED,0.012733784321528054,0.6192976584344266,265.9135348114915,57.9565651526108,"[np.float64(-0.00021218720359453898), np.float64(0.0005541772716992859), np.float64(0.0025420516689095528), np.float64(0.004570667781904575), np.float64(0.006459726068400171), np.float64(0.009799886667720139), np.float64(0.014507006374706661), np.float64(0.020143470695511725), np.float64(0.026945258720082844), np.float64(0.03461469739350196), np.float64(0.04309447377345265), np.float64(0.05282661280639887), np.float64(0.06364120900200068), np.float64(0.07420123945101688), np.float64(0.08645310530705841), np.float64(0.09948822145558206), np.float64(0.11435166060517034), np.float64(0.12978069038415999), np.float64(0.14602321767296197), np.float64(0.163442503251524), np.float64(0.18236489029020264), np.float64(0.20206123114483243), np.float64(0.22223586207517035), np.float64(0.2434477848051411), np.float64(0.26589462885357107), np.float64(0.2888636444699768), np.float64(0.3126253563530767), np.float64(0.33662691486078616)]","[np.float64(8.213556143199241), np.float64(16.433406993919814), np.float64(24.67458543194851), np.float64(32.932715982286474), np.float64(41.204582276523695), np.float64(49.52747871704366), np.float64(57.91657567031286), np.float64(66.37398990666621), np.float64(74.91925797913879), np.float64(83.55388202738857), np.float64(92.28514910972723), np.float64(101.14326850769247), np.float64(110.13319555985414), np.float64(119.1922919976058), np.float64(128.43224161869298), np.float64(137.8137607242779), np.float64(147.41353626854283), np.float64(157.1617622151264), np.float64(167.0812131336843), np.float64(177.20654951029903), np.float64(187.5738826549515), np.float64(198.13595244939575), np.float64(208.87317004713466), np.float64(219.83777964120128), np.float64(231.0553868127246), np.float64(242.46784109278937), np.float64(254.10398133450857), np.float64(265.9135348114915)]"
36,STATE_A_RIPENING,SEEDED,0.02586549940310386,0.654887061706043,265.62681836888527,57.4919340293746,"[np.float64(-0.0009933806534387067), np.float64(-0.0006180899595766895), np.float64(0.00018633340595537834), np.float64(0.00217202737978884), np.float64(0.004423536269404523), np.float64(0.007666063327027882), np.float64(0.011430315181914305), np.float64(0.016592292128916324), np.float64(0.023296695224716026), np.float64(0.03056778594815102), np.float64(0.03859459342637212), np.float64(0.04790049361582583), np.float64(0.058434525067805033), np.float64(0.06993390882899612), np.float64(0.08288863439678967), np.float64(0.0970422105276314), np.float64(0.11178043002016816), np.float64(0.12724131009023154), np.float64(0.14361686277471353), np.float64(0.16009993096381403), np.float64(0.1777201412358802), np.float64(0.19604992753200756), np.float64(0.21553983431712073), np.float64(0.23684381344951327), np.float64(0.25853726166684504), np.float64(0.28165361388750754), np.float64(0.30603857607367824), np.float64(0.3310527488106819)]","[np.float64(8.218649105104177), np.float64(16.4403853698399), np.float64(24.670500965454806), np.float64(32.926637722620704), np.float64(41.2045049299677), np.float64(49.52515259381666), np.float64(57.88716476907219), np.float64(66.32536505123616), np.float64(74.861676879645), np.float64(83.47463662577667), np.float64(92.17899517013643), np.float64(101.00840754258802), np.float64(109.97440143051735), np.float64(119.0755969001527), np.float64(128.3510460735301), np.float64(137.79958430204718), np.float64(147.39226395336922), np.float64(157.14378478276979), np.float64(167.0744853143602), np.float64(177.13074607203794), np.float64(187.39439704436242), np.float64(197.83976664724625), np.float64(208.51086482147304), np.float64(219.47493446029654), np.float64(230.6159301490234), np.float64(242.03319673456218), np.float64(253.7219393275377), np.float64(265.62681836888527)]"
34,STATE_A_RIPENING,SEEDED,0.017508953442101075,0.6332305949115087,265.5452352867348,57.700218434128466,"[np.float64(-0.000637652638911055), np.float64(6.71817660729426e-05), np.float64(0.0012578274486058682), np.float64(0.003002353246205802), np.float64(0.006553285093385178), np.float64(0.011924307316719368), np.float64(0.017665132682903064), np.float64(0.023633473582310213), np.float64(0.0303780684529945), np.float64(0.03751913717510515), np.float64(0.04605561986324034), np.float64(0.05541833686348577), np.float64(0.06551243730233497), np.float64(0.07696128900734646), np.float64(0.08925491439702286), np.float64(0.10223553888974332), np.float64(0.11611053375086684), np.float64(0.13085801440144879), np.float64(0.146609858332184), np.float64(0.16325310985547067), np.float64(0.18069240704306294), np.float64(0.199652236874532), np.float64(0.2201418498620546), np.float64(0.2411337458850374), np.float64(0.262631917719635), np.float64(0.2855298028255651), np.float64(0.31058287215112856), np.float64(0.33630143138531987)]","[np.float64(8.201433284010468), np.float64(16.4086498892284), np.float64(24.62762215727347), np.float64(32.8654234596637), np.float64(41.1544360399508), np.float64(49.51690930847103), np.float64(57.933364704180235), np.float64(66.40342674232541), np.float64(74.94955827232273), np.float64(83.56536666784866), np.float64(92.29928542343805), np.float64(101.13973905512246), np.float64(110.09076234665054), np.float64(119.19453597493978), np.float64(128.43526559469083), np.float64(137.81149770868285), np.float64(147.34343488324956), np.float64(157.03801979447314), np.float64(166.91282273685206), np.float64(176.9682563572031), np.float64(187.20435384150124), np.float64(197.68723631048996), np.float64(208.43049635580599), np.float64(219.35563671398853), np.float64(230.46588925472574), np.float64(241.84810442140125), np.float64(253.58541603504153), np.float64(265.5452352867348)]"
35,STATE_A_RIPENING,SEEDED,0.013529645841623557,0.5674722414670033,266.44479778903946,57.34977566165544,"[np.float64(-0.0005058142864433828), np.float64(0.0005636023078475705), np.float64(0.002567191547153841), np.float64(0.0057344411877882605), np.float64(0.009836869446719403), np.float64(0.014360643055608779), np.float64(0.02033258532639772), np.float64(0.025801441786365162), np.float64(0.03211406127965784), np.float64(0.04100538494743746), np.float64(0.0502966297003612), np.float64(0.05966200325183207), np.float64(0.07075425653012488), np.float64(0.08230509766510444), np.float64(0.09481728116296399), np.float64(0.10794533095594967), np.float64(0.12269784077343458), np.float64(0.13791678730501503), np.float64(0.1539179402656121), np.float64(0.1703390074172436), np.float64(0.18756881611742193), np.float64(0.20597496860849976), np.float64(0.22585116213790007), np.float64(0.2464347776660321), np.float64(0.2680766295155779), np.float64(0.2907346254862844), np.float64(0.31363393274228224), np.float64(0.3382890893906546)]","[np.float64(8.223645510341452), np.float64(16.456087621924723), np.float64(24.70883357371593), np.float64(32.997109498546216), np.float64(41.330424037156334), np.float64(49.707473632692114), np.float64(58.16251312175553), np.float64(66.64934486213973), np.float64(75.2108682176041), np.float64(83.92681330239195), np.float64(92.7305672296724), np.float64(101.61063660114758), np.float64(110.65282404313571), np.float64(119.80560398284375), np.float64(129.10299764467328), np.float64(138.53304930064792), np.float64(148.16806536835693), np.float64(157.9435890736553), np.float64(167.88631973080123), np.float64(177.9754423702546), np.float64(188.24477585221797), np.float64(198.73120820836084), np.float64(209.46957561644598), np.float64(220.40440293313725), np.float64(231.57251014953198), np.float64(242.97750799053634), np.float64(254.55122334598107), np.float64(266.44479778903946)]"
38,STATE_A_RIPENING,SEEDED,0.015121368881814564,0.6579218604720495,265.13483450684424,57.80380041011823,"[np.float64(-0.001267817338104515), np.float64(-0.0011802392301890811), np.float64(-0.0005551485541498885), np.float64(0.0011894271605571525), np.float64(0.004052952762674751), np.float64(0.008260820828699347), np.float64(0.014164404192924635), np.float64(0.020665146654108596), np.float64(0.027483097133874698), np.float64(0.0354758364291638), np.float64(0.04460133442016729), np.float64(0.053518947431949536), np.float64(0.06390056810142393), np.float64(0.07517937053927186), np.float64(0.08697295228008398), np.float64(0.10057103626737572), np.float64(0.11599168268430145), np.float64(0.13151848619338719), np.float64(0.14842040986198196), np.float64(0.16594249118084864), np.float64(0.18483790584553744), np.float64(0.20433935250259325), np.float64(0.22396818516877415), np.float64(0.24476167512641384), np.float64(0.26678369491071136), np.float64(0.28933902176904935), np.float64(0.31255662139242135), np.float64(0.3371070091387871)]","[np.float64(8.183709395719323), np.float64(16.36813639930761), np.float64(24.55988614187776), np.float64(32.775082648248336), np.float64(41.02739947190492), np.float64(49.33593611364825), np.float64(57.726855139316896), np.float64(66.18465452948831), np.float64(74.70600788607841), np.float64(83.32890237118409), np.float64(92.0648076532141), np.float64(100.86212139425105), np.float64(109.80435104102496), np.float64(118.87599745744076), np.float64(128.06377648219697), np.float64(137.45315068665167), np.float64(147.0635607913043), np.float64(156.7938444480709), np.float64(166.7361345097197), np.float64(176.8455912845497), np.float64(187.18646446423426), np.float64(197.70734151298328), np.float64(208.37162445984296), np.float64(219.2704070135755), np.float64(230.41827336621753), np.float64(241.75896525729485), np.float64(253.30774257824586), np.float64(265.13483450684424)]"
37,STATE_A_RIPENING,SEEDED,0.016713091922005572,0.6067460645980632,266.468241269966,58.598528417651806,"[np.float64(-0.0006910231612757839), np.float64(0.0001959551764496385), np.float64(0.002220527337240942), np.float64(0.004526247420885736), np.float64(0.008274994081056775), np.float64(0.012167810195688276), np.float64(0.018102726393068827), np.float64(0.02466199705375139), np.float64(0.03198348848713705), np.float64(0.04010323644366157), np.float64(0.049480007484794385), np.float64(0.05926488939545199), np.float64(0.06981976895062683), np.float64(0.08194147613071977), np.float64(0.09525270104674054), np.float64(0.10867887073452488), np.float64(0.1232171760389424), np.float64(0.13879492059830223), np.float64(0.1553508973221967), np.float64(0.17258760913592305), np.float64(0.19063372595620082), np.float64(0.209765309543628), np.float64(0.22945007629177439), np.float64(0.24930945403074808), np.float64(0.2716421775964821), np.float64(0.29502834458006905), np.float64(0.31901722882152705), np.float64(0.34427055819818925)]","[np.float64(8.205290757880906), np.float64(16.417862848250255), np.float64(24.65170614921202), np.float64(32.90672914376781), np.float64(41.21009192714727), np.float64(49.54748236829051), np.float64(57.97462136867411), np.float64(66.46980157690183), np.float64(75.04520780200777), np.float64(83.71095655457944), np.float64(92.49619140442728), np.float64(101.37424095108246), np.float64(110.36789066203013), np.float64(119.52919682119168), np.float64(128.85239824680158), np.float64(138.28241283352529), np.float64(147.88525348614166), np.float64(157.66647080087571), np.float64(167.63111535360517), np.float64(177.7651921800914), np.float64(188.08426554980997), np.float64(198.6174148488765), np.float64(209.328020145866), np.float64(220.18632129316697), np.float64(231.40170332281417), np.float64(242.86060115298602), np.float64(254.52654305002892), np.float64(266.468241269966)]"
39,STATE_A_RIPENING,SEEDED,0.01193792280143255,0.5857157508018408,266.07864073648375,58.17695688351308,"[np.float64(-0.0012341236311586273), np.float64(-0.0015067955716811592), np.float64(-0.0006095795828897091), np.float64(0.0015871642959468114), np.float64(0.004994142703001721), np.float64(0.009368334011125514), np.float64(0.014584241076380034), np.float64(0.020744791407665594), np.float64(0.02767506401089138), np.float64(0.03565908208658523), np.float64(0.04405364307835858), np.float64(0.053159359454434896), np.float64(0.06397155664522203), np.float64(0.07558056578026434), np.float64(0.08781039792631304), np.float64(0.1016669378561099), np.float64(0.11670823824515247), np.float64(0.13212214528013402), np.float64(0.14819685461342533), np.float64(0.1652866712836669), np.float64(0.18431345915234168), np.float64(0.20372759244679853), np.float64(0.2234889280053211), np.float64(0.24378651156841952), np.float64(0.26626418244889255), np.float64(0.28966813835410576), np.float64(0.3135294683916191), np.float64(0.3379113772759111)]","[np.float64(8.210510417399123), np.float64(16.418779139638808), np.float64(24.639231291053463), np.float64(32.888394632007), np.float64(41.18035423750925), np.float64(49.52384969333063), np.float64(57.926915629262346), np.float64(66.40287478897011), np.float64(74.95640124005267), np.float64(83.60778491897244), np.float64(92.34053793308075), np.float64(101.17345949756215), np.float64(110.16576886862391), np.float64(119.2855445360556), np.float64(128.5304921334774), np.float64(137.96961396769186), np.float64(147.59005340889627), np.float64(157.34663386231506), np.float64(167.26307853508027), np.float64(177.37184913253435), np.float64(187.7547511445827), np.float64(198.3010880848772), np.float64(209.00956736230756), np.float64(219.89860363235562), np.float64(231.12156972146073), np.float64(242.57757029879778), np.float64(254.22718161921773), np.float64(266.07864073648375)]"
40,STATE_A_RIPENING,SEEDED,0.016713091922005572,0.6369541927604483,266.33790927083305,58.00059807126104,"[np.float64(-0.0016725763286036448), np.float64(-0.003021783737044852), np.float64(-0.001702378171484613), np.float64(0.0004459254143568129), np.float64(0.003682571649929752), np.float64(0.007937101323864479), np.float64(0.013427632756960869), np.float64(0.0197444495265606), np.float64(0.027160555880931216), np.float64(0.035489659990658146), np.float64(0.04472750672972452), np.float64(0.05521993964851835), np.float64(0.06607052050082464), np.float64(0.07725038819650236), np.float64(0.09036910780460683), np.float64(0.10438477316384599), np.float64(0.11921440687055196), np.float64(0.13373887913942298), np.float64(0.14959141542946747), np.float64(0.16661919813953835), np.float64(0.18467590810014392), np.float64(0.2040491109903616), np.float64(0.2243211662780725), np.float64(0.24564015877639273), np.float64(0.2674712306438742), np.float64(0.28967485876180477), np.float64(0.31202507429909787), np.float64(0.3373817118387574)]","[np.float64(8.218333584990265), np.float64(16.425556601265935), np.float64(24.65463275449075), np.float64(32.908195302161616), np.float64(41.201730841063856), np.float64(49.546756687790705), np.float64(57.961774883295455), np.float64(66.4481550138532), np.float64(75.0255073767355), np.float64(83.6989766558402), np.float64(92.47864647060489), np.float64(101.3911398506699), np.float64(110.40368880236619), np.float64(119.5180861558363), np.float64(128.83245812782442), np.float64(138.30167901320831), np.float64(147.92883335222467), np.float64(157.6435804017052), np.float64(167.560875871377), np.float64(177.68133967058316), np.float64(188.00367464612913), np.float64(198.56012902658307), np.float64(209.32580967107168), np.float64(220.3204485902245), np.float64(231.50284296447725), np.float64(242.86265008204273), np.float64(254.37949247609637), np.float64(266.33790927083305)]"
41,STATE_A_RIPENING,SEEDED,0.01432550736171906,0.57572548176212,266.16237673861554,57.859543530286096,"[np.float64(-0.0007335335445522865), np.float64(-0.0001478797453256071), np.float64(0.00117971947145623), np.float64(0.00377270937492339), np.float64(0.007551689297227537), np.float64(0.012411143867357049), np.float64(0.017526347453421996), np.float64(0.02287322618575252), np.float64(0.0297627079512417), np.float64(0.03717194989048533), np.float64(0.04590089668846435), np.float64(0.055807725828834455), np.float64(0.06594685659954), np.float64(0.0774632085473692), np.float64(0.09063024185137722), np.float64(0.10443731769184382), np.float64(0.1190095796480016), np.float64(0.13505712013309937), np.float64(0.1514041276199658), np.float64(0.16826016041898934), np.float64(0.18598155231699218), np.float64(0.20474860317122295), np.float64(0.22475513495004282), np.float64(0.24578486765486854), np.float64(0.26761351039325926), np.float64(0.2905325397776146), np.float64(0.3139784626674945), np.float64(0.33845578737365006)]","[np.float64(8.213481370952376), np.float64(16.431775824435224), np.float64(24.664021837771283), np.float64(32.927920380115324), np.float64(41.23730660271966), np.float64(49.603957704725985), np.float64(58.01729701355744), np.float64(66.4794644554491), np.float64(75.04084386141743), np.float64(83.67813672255417), np.float64(92.43247298205546), np.float64(101.3118587941779), np.float64(110.28025168790384), np.float64(119.40317638252024), np.float64(128.71129110060508), np.float64(138.15835022906637), np.float64(147.7584896809038), np.float64(157.5679858052483), np.float64(167.51515813179364), np.float64(177.61776410137784), np.float64(187.9078317437756), np.float64(198.4072402065245), np.float64(209.1409566294372), np.float64(220.09966778232447), np.float64(231.27040344915122), np.float64(242.685845639102), np.float64(254.29891502114035), np.float64(266.16237673861554)]"
42,STATE_A_RIPENING,SEEDED,0.023079984082769598,0.6385922871682698,266.2723292203561,58.426498124621254,"[np.float64(-9.25715425400425e-05), np.float64(0.00034989730842620125), np.float64(0.0008859531248777079), np.float64(0.002123841464739758), np.float64(0.0053850633159670674), np.float64(0.010605547895816502), np.float64(0.01624444854437159), np.float64(0.021694929268445667), np.float64(0.028715501664912917), np.float64(0.03732634462305431), np.float64(0.046215620038145555), np.float64(0.05620382569896198), np.float64(0.06602702927216988), np.float64(0.07696736926391509), np.float64(0.08929051401766795), np.float64(0.10318309634166452), np.float64(0.11801172045209271), np.float64(0.13355142603066353), np.float64(0.1494647675475052), np.float64(0.1660438939673669), np.float64(0.18391381742963528), np.float64(0.2019671519813275), np.float64(0.22175673588215544), np.float64(0.24362335748503514), np.float64(0.26649601195344247), np.float64(0.29070313592599245), np.float64(0.31421373758657306), np.float64(0.33971785886220796)]","[np.float64(8.215636770909272), np.float64(16.43490863962722), np.float64(24.65896728492873), np.float64(32.898948782668064), np.float64(41.19054624213129), np.float64(49.556819036266205), np.float64(57.977363984515605), np.float64(66.43729450632578), np.float64(74.99831120694958), np.float64(83.67949227241512), np.float64(92.44099632731566), np.float64(101.32496135249423), np.float64(110.27797764959847), np.float64(119.36874853851268), np.float64(128.62472299522068), np.float64(138.071840679091), np.float64(147.68399508469003), np.float64(157.4542731772245), np.float64(167.3642769629433), np.float64(177.43887602998632), np.float64(187.73302233134982), np.float64(198.1665337879612), np.float64(208.87263217275), np.float64(219.89583798595467), np.float64(231.1549801389605), np.float64(242.68775442621603), np.float64(254.3068731815282), np.float64(266.2723292203561)]"
43,STATE_A_RIPENING,SEEDED,0.017111022682053324,0.6496952587332541,265.6919991085148,57.24947647326326,"[np.float64(-0.0009535087905052127), np.float64(-0.0007549635119538788), np.float64(0.00014017128770920327), np.float64(0.002913344487941117), np.float64(0.00639539606346401), np.float64(0.010890445454829518), np.float64(0.015194761719874784), np.float64(0.021113803983519835), np.float64(0.027732357109453067), np.float64(0.03436476045077897), np.float64(0.04236957731047781), np.float64(0.05243894193658725), np.float64(0.06247545912734787), np.float64(0.07422838331214895), np.float64(0.08650188209311042), np.float64(0.09969992157809637), np.float64(0.11300359630780678), np.float64(0.12811914087004872), np.float64(0.14492072632024527), np.float64(0.16191752424681505), np.float64(0.17923212166995578), np.float64(0.19845385466415985), np.float64(0.2178616797197053), np.float64(0.2382960158009581), np.float64(0.26031839652870487), np.float64(0.2829879389242124), np.float64(0.3070683447452263), np.float64(0.332210717746112)]","[np.float64(8.217256298770858), np.float64(16.436145570986252), np.float64(24.66525864581594), np.float64(32.93257426419609), np.float64(41.23711829125395), np.float64(49.59492979410859), np.float64(57.98380453580055), np.float64(66.46010822664034), np.float64(75.00954101514911), np.float64(83.61242928606576), np.float64(92.32887258163133), np.float64(101.20773002757078), np.float64(110.16326262949906), np.float64(119.29172832704613), np.float64(128.5406477432428), np.float64(137.94026730425122), np.float64(147.44538667294526), np.float64(157.17518226425452), np.float64(167.13803547313188), np.float64(177.2358735555517), np.float64(187.47912960755485), np.float64(198.0009721887133), np.float64(208.67037778883403), np.float64(219.5621440414773), np.float64(230.73534678222413), np.float64(242.11328393406302), np.float64(253.7738661884893), np.float64(265.6919991085148)]"
45,STATE_A_RIPENING,SEEDED,0.01432550736171906,0.653230138480815,265.35263960484866,56.741583144078405,"[np.float64(-0.0006153516049232105), np.float64(-0.000244267316798709), np.float64(0.0007996633312124896), np.float64(0.0025654219988893493), np.float64(0.00479179127131662), np.float64(0.009115843036049854), np.float64(0.014010715184849854), np.float64(0.019163463993908444), np.float64(0.026162328000684323), np.float64(0.03460345234424654), np.float64(0.043309760210386086), np.float64(0.05203084822710589), np.float64(0.06249386814586301), np.float64(0.0738974822447591), np.float64(0.08620047799536468), np.float64(0.099550413508361), np.float64(0.11362118260661884), np.float64(0.1284507180934749), np.float64(0.14497844600450194), np.float64(0.16259215459624354), np.float64(0.18039217724392534), np.float64(0.1995924882216713), np.float64(0.21980458595017358), np.float64(0.2401067970437011), np.float64(0.260667509058749), np.float64(0.282434025037381), np.float64(0.30571334157625224), np.float64(0.3303883860415161)]","[np.float64(8.213769198480541), np.float64(16.430587991341834), np.float64(24.658746068637893), np.float64(32.907319711973365), np.float64(41.1797970456052), np.float64(49.52197094553312), np.float64(57.915588068478016), np.float64(66.35720246610356), np.float64(74.9077411827788), np.float64(83.57244728360075), np.float64(92.3156811794746), np.float64(101.12805201359481), np.float64(110.0988358248363), np.float64(119.20256649504111), np.float64(128.44654062839268), np.float64(137.8490298832467), np.float64(147.39875705029678), np.float64(157.10498372294578), np.float64(167.0430514733753), np.float64(177.18210131694113), np.float64(187.46000073582135), np.float64(197.97744170780484), np.float64(208.71281961803297), np.float64(219.59221731242144), np.float64(230.63034411706852), np.float64(241.91735323036747), np.float64(253.4917580198389), np.float64(265.35263960484866)]"
44,STATE_A_RIPENING,SEEDED,0.01830481496219658,0.6286170100219008,264.98099499749867,57.69841605129596,"[np.float64(-0.0008315747831210188), np.float64(-0.0005422692361701517), np.float64(0.0004959610041139425), np.float64(0.003591762172134936), np.float64(0.0068555116899098375), np.float64(0.011263884613736348), np.float64(0.01662435889717069), np.float64(0.022095125331989006), np.float64(0.029050386716748224), np.float64(0.036907900159984575), np.float64(0.045872326524286466), np.float64(0.05633901553748036), np.float64(0.0665407147656594), np.float64(0.07756831658560674), np.float64(0.0903246397633248), np.float64(0.10360504181149874), np.float64(0.1174609511874632), np.float64(0.13308252802057952), np.float64(0.1499672119579287), np.float64(0.16720945893943265), np.float64(0.18585293781134185), np.float64(0.204874600864404), np.float64(0.22582444371166063), np.float64(0.24686026437146574), np.float64(0.26848877105856117), np.float64(0.29095640029336045), np.float64(0.31417295414009117), np.float64(0.33857396332140904)]","[np.float64(8.176263124367768), np.float64(16.354893484342977), np.float64(24.54507893749908), np.float64(32.77736548692535), np.float64(41.03827418820644), np.float64(49.35361940802324), np.float64(57.73162796656825), np.float64(66.15629179239014), np.float64(74.67862931129935), np.float64(83.29244298756967), np.float64(92.01688550899017), np.float64(100.88309903816952), np.float64(109.81649554381931), np.float64(118.87374664981704), np.float64(128.11638648694193), np.float64(137.48721954352172), np.float64(146.99433841298742), np.float64(156.72518280505187), np.float64(166.66017688746615), np.float64(176.74205627231981), np.float64(187.05538711324743), np.float64(197.5282035886084), np.float64(208.29434680467332), np.float64(219.20761790309322), np.float64(230.31320067232033), np.float64(241.63767258723973), np.float64(253.17774959782076), np.float64(264.98099499749867)]"
46,STATE_A_RIPENING,SEEDED,0.0346199761241544,0.6372014303792619,266.0542610981115,58.800282419403686,"[np.float64(-0.0014155996106680715), np.float64(-0.0022594796652293434), np.float64(-0.0003273960132332424), np.float64(0.0028994756753107716), np.float64(0.0061529351750650805), np.float64(0.010193132778422449), np.float64(0.01514665700980328), np.float64(0.02208094486341138), np.float64(0.02912875895149282), np.float64(0.03745023606037428), np.float64(0.047257796801672164), np.float64(0.05787763419720144), np.float64(0.06847088098025586), np.float64(0.08043183119022072), np.float64(0.09317002986274396), np.float64(0.10668068873597483), np.float64(0.12135046199590101), np.float64(0.13694617278414467), np.float64(0.15239507771690386), np.float64(0.16996903097794522), np.float64(0.189079428941241), np.float64(0.20908537584431064), np.float64(0.23034842219544377), np.float64(0.25123596060025155), np.float64(0.272787758121032), np.float64(0.2949343731638902), np.float64(0.31892902069038576), np.float64(0.34405059530266763)]","[np.float64(8.190242627565668), np.float64(16.373562411940775), np.float64(24.584112166505733), np.float64(32.8316774358527), np.float64(41.10611021791508), np.float64(49.42626975864139), np.float64(57.80518736534168), np.float64(66.28831986777001), np.float64(74.83103388721612), np.float64(83.48107169727942), np.float64(92.26221252560497), np.float64(101.15872398302203), np.float64(110.13594348085145), np.float64(119.26996720346575), np.float64(128.54035535198358), np.float64(137.95439067067264), np.float64(147.54482558643974), np.float64(157.30656072297734), np.float64(167.17012879386442), np.float64(177.30523461500042), np.float64(187.68480198016272), np.float64(198.2693321828269), np.float64(209.09626398295015), np.float64(220.03168738113186), np.float64(231.16516114894733), np.float64(242.4943400121731), np.float64(254.14341132542881), np.float64(266.0542610981115)]"
47,STATE_A_RIPENING,SEEDED,0.01631516116195782,0.6058809798695214,265.1969030758311,56.95447306646399,"[np.float64(4.2172209841021535e-05), np.float64(0.0009418908602969703), np.float64(0.000969157978071516), np.float64(0.0016747062526298855), np.float64(0.003668251742913025), np.float64(0.007809501965063253), np.float64(0.012521429826277025), np.float64(0.018506472928499548), np.float64(0.02502071533254425), np.float64(0.032643487946117176), np.float64(0.04086948696897505), np.float64(0.05087067954201534), np.float64(0.061049489231770344), np.float64(0.07160897761981991), np.float64(0.08317791115205472), np.float64(0.09665422708377415), np.float64(0.11025112772851625), np.float64(0.12512930890643917), np.float64(0.14151880653512328), np.float64(0.15954652763599667), np.float64(0.1771664777652366), np.float64(0.19608297670366143), np.float64(0.21516585416935044), np.float64(0.23598115248540455), np.float64(0.25911543754257504), np.float64(0.28208254071562944), np.float64(0.3058448044100316), np.float64(0.3295931511165313)]","[np.float64(8.214103854293645), np.float64(16.43559611793743), np.float64(24.653729971836224), np.float64(32.88322295839327), np.float64(41.14491124208591), np.float64(49.47564980527428), np.float64(57.8563702893311), np.float64(66.31670134033152), np.float64(74.84449506497522), np.float64(83.46919738001176), np.float64(92.18109357319138), np.float64(101.04315903422635), np.float64(109.99228006191227), np.float64(119.04118446675955), np.float64(128.23075186248067), np.float64(137.6277067033141), np.float64(147.13316085391358), np.float64(156.8284160666829), np.float64(166.74244619655414), np.float64(176.89889400190594), np.float64(187.1497580342983), np.float64(197.63068120996417), np.float64(208.25558007735003), np.float64(219.16348513272328), np.float64(230.42193276797437), np.float64(241.81451897493375), np.float64(253.4314912136733), np.float64(265.1969030758311)]"
48,STATE_A_RIPENING,SEEDED,0.011539992041384799,0.569736378913824,265.9128240719547,57.096614190556245,"[np.float64(0.0001816310690965295), np.float64(0.0009219676887103188), np.float64(0.0030333184335117305), np.float64(0.005783534667081059), np.float64(0.008121987645726822), np.float64(0.012271754468321973), np.float64(0.01756909870615436), np.float64(0.02384646881627786), np.float64(0.030548144991533778), np.float64(0.0379094814808344), np.float64(0.04656296865148922), np.float64(0.05714099879974754), np.float64(0.06844985551453248), np.float64(0.08094376272438004), np.float64(0.09285503778026907), np.float64(0.10562134973576061), np.float64(0.11987847069022256), np.float64(0.1358754626229793), np.float64(0.151575585686485), np.float64(0.1681003874314026), np.float64(0.18654021702527104), np.float64(0.20601200511103554), np.float64(0.2263497958667492), np.float64(0.2468570398557175), np.float64(0.2683067808888107), np.float64(0.2898702475372293), np.float64(0.3125441430922716), np.float64(0.3364001405108146)]","[np.float64(8.21584868058229), np.float64(16.437777625286774), np.float64(24.682658197688518), np.float64(32.955298285347965), np.float64(41.2419833498781), np.float64(49.59213488033193), np.float64(58.008680881974605), np.float64(66.49980933318767), np.float64(75.05673130508256), np.float64(83.6936935361357), np.float64(92.4460504712144), np.float64(101.35862231649915), np.float64(110.39093692694024), np.float64(119.5756032009414), np.float64(128.82066391228875), np.float64(138.2089557355425), np.float64(147.79078770820902), np.float64(157.59805698500114), np.float64(167.49923201659865), np.float64(177.5755115261319), np.float64(187.9202237764764), np.float64(198.47759599776467), np.float64(209.241590381237), np.float64(220.15703480693887), np.float64(231.29442270878423), np.float64(242.58243737452946), np.float64(254.1169991143983), np.float64(265.9128240719547)]"
49,STATE_A_RIPENING,SEEDED,0.01591723040191007,0.6249577438174725,265.7405276448622,57.58612906904734,"[np.float64(-0.001607031258007829), np.float64(-0.0017097321945750655), np.float64(-0.0007485268420555616), np.float64(0.001571225642156831), np.float64(0.0042631718997271), np.float64(0.007841508011181171), np.float64(0.012999509023957549), np.float64(0.019421838235661792), np.float64(0.026781981472470986), np.float64(0.03454081817822338), np.float64(0.04419003554118182), np.float64(0.054776937538865436), np.float64(0.0660424098251635), np.float64(0.07773505078095208), np.float64(0.08956716106737966), np.float64(0.10343674635647637), np.float64(0.11653069650342013), np.float64(0.13094503177616523), np.float64(0.14696283605592247), np.float64(0.16391137133432246), np.float64(0.18177535876672632), np.float64(0.20042323263499875), np.float64(0.22095988462179678), np.float64(0.24228613806858948), np.float64(0.26288055278950073), np.float64(0.28574661080030356), np.float64(0.3093340492815277), np.float64(0.33484488522554023)]","[np.float64(8.207957852332921), np.float64(16.41507136114139), np.float64(24.63445814761871), np.float64(32.88404786380694), np.float64(41.160262274675), np.float64(49.480232492893585), np.float64(57.874468847040085), np.float64(66.35158691136273), np.float64(74.91451800432739), np.float64(83.55225509063087), np.float64(92.33509879508937), np.float64(101.23855076136202), np.float64(110.25922975264504), np.float64(119.39012315961212), np.float64(128.61825779458582), np.float64(138.0632411982529), np.float64(147.55998959215611), np.float64(157.2452786394151), np.float64(167.1524069835499), np.float64(177.24513030725325), np.float64(187.53015848064362), np.float64(198.0041248434189), np.float64(208.7675018437633), np.float64(219.73863485789084), np.float64(230.78389949392246), np.float64(242.17839846142937), np.float64(253.78932805170226), np.float64(265.7405276448622)]"
53,STATE_B_DEFENSE,SEEDED,0.46319140469558295,0.6405918379572849,371.61126905631863,70.76760050251066,"[np.float64(-0.0003607528226355453), np.float64(0.00013210826509998933), np.float64(0.0013815153263543089), np.float64(0.002163309974726338), np.float64(0.004183879823490618), np.float64(0.007372368195262509), np.float64(0.012087576851508538), np.float64(0.017061715787337048), np.float64(0.023244182881266274), np.float64(0.02933154406385042), np.float64(0.03548672713778914), np.float64(0.04260167891734918), np.float64(0.05081207534299958), np.float64(0.059994262258398455), np.float64(0.06877470608598142), np.float64(0.0778004441494469), np.float64(0.08737190565199715), np.float64(0.09656915985883373), np.float64(0.10659724399599577), np.float64(0.11627751122632936), np.float64(0.12723738527013845), np.float64(0.1375323843323259), np.float64(0.14725295284100515), np.float64(0.15805587544330554), np.float64(0.16981152241115174), np.float64(0.18066846847680115), np.float64(0.19095276441932882), np.float64(0.20097754496495893), np.float64(0.2118389549784117), np.float64(0.222713864431684), np.float64(0.23366686838666337), np.float64(0.24456117511038752), np.float64(0.254800552861083), np.float64(0.2659490498275829), np.float64(0.2777407492571025), np.float64(0.2890574494820869), np.float64(0.2997658685127074), np.float64(0.31047836480929514), np.float64(0.32110311087175364), np.float64(0.33164188424853275)]","[np.float64(8.049275835260602), np.float64(16.102519788002013), np.float64(24.16886193146167), np.float64(32.237726133733226), np.float64(40.33776094047742), np.float64(48.48210058762419), np.float64(56.69467209824337), np.float64(64.95293816025759), np.float64(73.29381243239378), np.float64(81.67944945661587), np.float64(90.1156281317373), np.float64(98.64512258240107), np.float64(107.28550270840606), np.float64(116.0419327691551), np.float64(124.84452560559599), np.float64(133.72860756290527), np.float64(142.71615485802374), np.float64(151.74894473861966), np.float64(160.91019231383677), np.float64(170.11838227957836), np.float64(179.49904713637648), np.float64(188.90337896520177), np.float64(198.33190754070466), np.float64(207.92713028813807), np.float64(217.68731206314212), np.float64(227.44295607013677), np.float64(237.21720982622875), np.float64(247.03622138217597), np.float64(257.01330903083107), np.float64(267.06614272863044), np.float64(277.20164637321585), np.float64(287.4043013001685), np.float64(297.6024151704657), np.float64(307.9797707881438), np.float64(318.5111043293663), np.float64(329.0590185739374), np.float64(339.6013820881172), np.float64(350.21414665935094), np.float64(360.88441353331467), np.float64(371.61126905631863)]"
50,STATE_B_DEFENSE,SEEDED,0.29566255471547953,0.6386975026598236,371.7230161399863,71.14474433197651,"[np.float64(-0.0013999683111469866), np.float64(-0.0018559019679360033), np.float64(-0.0005713744232913381), np.float64(0.0015692006298141277), np.float64(0.0038726971918824392), np.float64(0.0075118663937028644), np.float64(0.010917878675042538), np.float64(0.016002438153849066), np.float64(0.021216145954306848), np.float64(0.02795724325389504), np.float64(0.03492105157783069), np.float64(0.04191337546487724), np.float64(0.05033698267622579), np.float64(0.05971241670533662), np.float64(0.06894332024673193), np.float64(0.07841589358497406), np.float64(0.08768059743137988), np.float64(0.09753677386103411), np.float64(0.1062254639526555), np.float64(0.1164144830973538), np.float64(0.12648452370573565), np.float64(0.13632640947618566), np.float64(0.1462423691232677), np.float64(0.1563523875141974), np.float64(0.16743812190230375), np.float64(0.1775879693956435), np.float64(0.18927285316800876), np.float64(0.20109062212995402), np.float64(0.2119993328415867), np.float64(0.22294291356860318), np.float64(0.23410703970853594), np.float64(0.2438402315137957), np.float64(0.25395221518408917), np.float64(0.2647369611822016), np.float64(0.2752467248902362), np.float64(0.2873308827581882), np.float64(0.2982453704893625), np.float64(0.3098463944007128), np.float64(0.3215102037267869), np.float64(0.3318902032335595)]","[np.float64(8.046759780032964), np.float64(16.08984520861558), np.float64(24.150292528414827), np.float64(32.23485497224655), np.float64(40.33987744344415), np.float64(48.495515940624394), np.float64(56.67365570289308), np.float64(64.93257276001582), np.float64(73.23633364155677), np.float64(81.6418381655845), np.float64(90.1097001428854), np.float64(98.63301333841562), np.float64(107.28349909771505), np.float64(116.05057482600144), np.float64(124.880275081748), np.float64(133.79453402473908), np.float64(142.76602274708688), np.float64(151.8473769307775), np.float64(160.91653608749706), np.float64(170.16411344188447), np.float64(179.4763208797622), np.float64(188.84238629764238), np.float64(198.2856628839316), np.float64(207.81724884762446), np.float64(217.51148470700167), np.float64(227.19317290989397), np.float64(237.09902372561723), np.float64(247.09910260414313), np.float64(257.0836380345895), np.float64(267.1465659618551), np.float64(277.3086122264093), np.float64(287.38065281272924), np.float64(297.5635163240923), np.float64(307.8961590476108), np.float64(318.2661140580423), np.float64(328.90679327643124), np.float64(339.47309831425355), np.float64(350.2023288892907), np.float64(361.01489125704495), np.float64(371.7230161399863)]"
51,STATE_B_DEFENSE,SEEDED,0.3561480302427378,0.6024932925151041,360.5939340371683,67.06178344217174,"[np.float64(-0.0012589231285956447), np.float64(-0.000939444849955861), np.float64(0.0007004819495721537), np.float64(0.0025133329822298544), np.float64(0.004048968708784229), np.float64(0.007110164702991506), np.float64(0.011155390085756866), np.float64(0.016101120688591816), np.float64(0.021852483875391945), np.float64(0.028366471786446128), np.float64(0.03593427488162582), np.float64(0.044199883908884116), np.float64(0.05178554064001864), np.float64(0.060324688578211945), np.float64(0.06995397594035091), np.float64(0.07839233442983974), np.float64(0.08778477393648537), np.float64(0.09784470464036102), np.float64(0.10815410587359513), np.float64(0.11860270977060153), np.float64(0.12940302987692504), np.float64(0.1401519151323339), np.float64(0.15171309802819286), np.float64(0.1628921086936706), np.float64(0.17299075052949914), np.float64(0.1829068593087197), np.float64(0.19258921301958198), np.float64(0.20256590807019365), np.float64(0.2136535495733333), np.float64(0.22464199737074075), np.float64(0.2352602535776487), np.float64(0.24525334281102704), np.float64(0.256636475650249), np.float64(0.26832808154683535), np.float64(0.27923071329159277), np.float64(0.2898522611473564), np.float64(0.3012131185194548), np.float64(0.31251560963929587), np.float64(0.322854073388466)]","[np.float64(8.033860683195867), np.float64(16.07029104017306), np.float64(24.125212609988377), np.float64(32.19607349756315), np.float64(40.275903508164944), np.float64(48.40470528181705), np.float64(56.58545740395695), np.float64(64.82705495132348), np.float64(73.13654699476334), np.float64(81.52143100393656), np.float64(90.00292556663273), np.float64(98.57593532711321), np.float64(107.17778823619665), np.float64(115.88982649809034), np.float64(124.7302083208635), np.float64(133.56916741933628), np.float64(142.53392655453075), np.float64(151.6145219830669), np.float64(160.78721805201113), np.float64(170.045745068786), np.float64(179.4079191769296), np.float64(188.8434306671259), np.float64(198.4256580099811), np.float64(208.055304848968), np.float64(217.66326661544272), np.float64(227.32461446875212), np.float64(237.03203372018095), np.float64(246.8370317859269), np.float64(256.8284928978367), np.float64(266.88469515860277), np.float64(276.97384995869123), np.float64(287.0626413572088), np.float64(297.3833235708555), np.float64(307.8169716932576), np.float64(318.22941723049615), np.float64(328.6777653725839), np.float64(339.2921258112069), np.float64(349.9723029648994), np.float64(360.5939340371683)]"
52,STATE_B_DEFENSE,SEEDED,0.46199761241543974,0.6048306791908888,371.4013636248561,69.53150168204468,"[np.float64(-0.0018914765552322012), np.float64(-0.00259538274628881), np.float64(-0.0016858695827517037), np.float64(0.0007532776880345351), np.float64(0.004451982603055436), np.float64(0.008373236104453598), np.float64(0.01296421402152413), np.float64(0.018707846168914397), np.float64(0.024583974178977504), np.float64(0.03170461637273566), np.float64(0.03858871792594975), np.float64(0.046016407388060364), np.float64(0.053887983372717704), np.float64(0.06331566555916127), np.float64(0.07245812679326444), np.float64(0.0815484959247096), np.float64(0.0915507473105651), np.float64(0.1009657390110968), np.float64(0.11049479745970078), np.float64(0.12106707064204349), np.float64(0.131418480713088), np.float64(0.1414815845390323), np.float64(0.15141732197064478), np.float64(0.1607823851524943), np.float64(0.17140606579778195), np.float64(0.18218757625690093), np.float64(0.1928919133512504), np.float64(0.20363087519906153), np.float64(0.21499364580644298), np.float64(0.22591713166878588), np.float64(0.23617976339534505), np.float64(0.24638365605563253), np.float64(0.2566871102854272), np.float64(0.26692911259417745), np.float64(0.27709445796679844), np.float64(0.2873192678192022), np.float64(0.29787590000380015), np.float64(0.3087488393571843), np.float64(0.31935298888887387), np.float64(0.32973212823759224)]","[np.float64(8.044337881926964), np.float64(16.083001573316945), np.float64(24.135499177287663), np.float64(32.21995455382981), np.float64(40.34930105180731), np.float64(48.51358034275406), np.float64(56.727874692711154), np.float64(65.01539929813086), np.float64(73.3529712850001), np.float64(81.78602642287937), np.float64(90.26427682522873), np.float64(98.82160792554116), np.float64(107.4588034022631), np.float64(116.241328129981), np.float64(125.07855430955934), np.float64(133.98136655118955), np.float64(143.01194349063337), np.float64(152.07605180897252), np.float64(161.21790997747237), np.float64(170.50896386307573), np.float64(179.85907289526583), np.float64(189.25987857800519), np.float64(198.72185704018722), np.float64(208.20352008866476), np.float64(217.86886179717052), np.float64(227.6239550267058), np.float64(237.446478460491), np.float64(247.34669554614973), np.float64(257.3868902808901), np.float64(267.45654702977566), np.float64(277.5261623855173), np.float64(287.6585404921438), np.float64(297.87149269653133), np.float64(308.1459730172456), np.float64(318.47912843416134), np.float64(328.8872648871209), np.float64(339.4061674497868), np.float64(350.0363712651619), np.float64(360.7003230225113), np.float64(371.4013636248561)]"
54,STATE_B_DEFENSE,SEEDED,0.20413847990449663,0.6429292817123303,371.0425352199725,69.39141498040914,"[np.float64(-0.0010727891039118646), np.float64(-0.0012644272379573984), np.float64(-0.0005843328279417833), np.float64(0.0008963354145056735), np.float64(0.0035905928268005704), np.float64(0.006679296979481649), np.float64(0.01067741953659007), np.float64(0.015515921812014043), np.float64(0.020972811892950787), np.float64(0.02762672976918357), np.float64(0.03475656301147131), np.float64(0.04176927688657806), np.float64(0.04955262905132936), np.float64(0.05817214579324726), np.float64(0.06807736339277665), np.float64(0.07716411908541193), np.float64(0.08632492441086263), np.float64(0.09600603549427082), np.float64(0.10677388896587721), np.float64(0.1177590790202162), np.float64(0.12783767209935187), np.float64(0.137711434803528), np.float64(0.14772194815293432), np.float64(0.15767057861819248), np.float64(0.16789739757292935), np.float64(0.17813215977087446), np.float64(0.1888452543444744), np.float64(0.19911307030179343), np.float64(0.20925631603210068), np.float64(0.21941181598676657), np.float64(0.22997425957567422), np.float64(0.24116364036806495), np.float64(0.25196543639669355), np.float64(0.2626297362604834), np.float64(0.27346419666482413), np.float64(0.28360253821585407), np.float64(0.29399874081961874), np.float64(0.30437641180812974), np.float64(0.3150859537490472), np.float64(0.3259954934957072)]","[np.float64(8.051181276115766), np.float64(16.100817907790443), np.float64(24.159448416815202), np.float64(32.236451086243704), np.float64(40.34976210732267), np.float64(48.49416684139007), np.float64(56.688766181365), np.float64(64.94205673917314), np.float64(73.25584484477719), np.float64(81.66018875713928), np.float64(90.13728305626691), np.float64(98.66422345258715), np.float64(107.28478768151524), np.float64(116.01092289678544), np.float64(124.87781689010544), np.float64(133.76842238419837), np.float64(142.73204122293063), np.float64(151.7999614618389), np.float64(161.01848519609575), np.float64(170.3322103084612), np.float64(179.65333203247096), np.float64(189.0303009195418), np.float64(198.49010559289104), np.float64(208.01584776839033), np.float64(217.63815589378666), np.float64(227.333289869493), np.float64(237.14780636071066), np.float64(246.99080356642781), np.float64(256.89157620475055), np.float64(266.8634753636306), np.float64(276.95064986894687), np.float64(287.18197898260144), np.float64(297.4423425878652), np.float64(307.75818139913406), np.float64(318.1662412679332), np.float64(328.55680580775567), np.float64(339.04811506498737), np.float64(349.6050909359429), np.float64(360.27519336050125), np.float64(371.0425352199725)]"
55,STATE_B_DEFENSE,SEEDED,0.42697970553123754,0.6352280208660681,361.0074196839899,66.63730825006758,"[np.float64(-0.00022007277926849986), np.float64(0.0003869395137541769), np.float64(0.0016762641973309279), np.float64(0.003200756481915622), np.float64(0.005112826876262526), np.float64(0.00840699592141646), np.float64(0.012900158572210078), np.float64(0.01769403650756488), np.float64(0.023824989103197705), np.float64(0.030891284417109754), np.float64(0.03834803937541796), np.float64(0.045895091103566606), np.float64(0.05405621082654223), np.float64(0.0629098325200369), np.float64(0.07202933180269946), np.float64(0.08149030794153828), np.float64(0.09113437105031297), np.float64(0.10062285195810287), np.float64(0.11010861810342683), np.float64(0.11979242008002518), np.float64(0.1303979643262765), np.float64(0.14094057225055284), np.float64(0.1509431327469709), np.float64(0.1612291228731744), np.float64(0.17196695066759418), np.float64(0.18260072266041116), np.float64(0.193630126467394), np.float64(0.2039175300210746), np.float64(0.21329891989775712), np.float64(0.22417492273402526), np.float64(0.2355120001412993), np.float64(0.2473707207216569), np.float64(0.2591529412751424), np.float64(0.27053201961904133), np.float64(0.2814523354151541), np.float64(0.29148720062518746), np.float64(0.30154228482288), np.float64(0.3122494318737612), np.float64(0.3225810042427462)]","[np.float64(8.048085602336027), np.float64(16.101056825464646), np.float64(24.167143822061927), np.float64(32.247369753213576), np.float64(40.347607976461084), np.float64(48.49640611507951), np.float64(56.70505030830477), np.float64(64.95894790414027), np.float64(73.29861231094277), np.float64(81.72347298489404), np.float64(90.22035658517), np.float64(98.7792419256069), np.float64(107.42753696800587), np.float64(116.17605591959138), np.float64(125.00718446753021), np.float64(133.9280911707662), np.float64(142.93165423017652), np.float64(151.99599631622638), np.float64(161.1301155618968), np.float64(170.34882325659808), np.float64(179.7112887453432), np.float64(189.1448728477536), np.float64(198.6072735483101), np.float64(208.1663760955363), np.float64(217.84022232983142), np.float64(227.57932160939097), np.float64(237.4318795423568), np.float64(247.2844348989863), np.float64(257.11196286270604), np.float64(267.1673449660097), np.float64(277.3483319798567), np.float64(287.665733176195), np.float64(298.0530446272985), np.float64(308.4694114162514), np.float64(318.90376993915015), np.float64(329.2971215563073), np.float64(339.75921584316774), np.float64(350.37424410867374), np.float64(361.0074196839899)]"
56,STATE_B_DEFENSE,SEEDED,0.4126541981695185,0.6165800703606636,361.26580314053535,67.50647241181642,"[np.float64(-0.0008644057262688485), np.float64(-0.0017741805682901764), np.float64(-0.0006760964611204925), np.float64(0.0006831175916715996), np.float64(0.0036864217634302175), np.float64(0.007644486046261842), np.float64(0.011423606901612357), np.float64(0.016719823886375627), np.float64(0.02252619983790446), np.float64(0.02961162535362648), np.float64(0.03677512868789922), np.float64(0.044276256223221976), np.float64(0.05225732887003225), np.float64(0.06027918640681193), np.float64(0.06887225586829385), np.float64(0.07794760232478117), np.float64(0.08696413058604434), np.float64(0.09732981159766328), np.float64(0.10776876182640217), np.float64(0.11764977849220407), np.float64(0.12836254998783378), np.float64(0.13855416015447164), np.float64(0.14908352553002924), np.float64(0.16026766901507408), np.float64(0.17106804164364425), np.float64(0.18167346052836578), np.float64(0.1917018261441648), np.float64(0.2025654992791938), np.float64(0.21382612704987988), np.float64(0.2252325331704999), np.float64(0.23664864186891837), np.float64(0.24857937399229704), np.float64(0.2594875099659965), np.float64(0.26994046961914997), np.float64(0.28090307716486523), np.float64(0.2917216228116828), np.float64(0.303210416433821), np.float64(0.3137716452133252), np.float64(0.3238811967762569)]","[np.float64(8.04729561716618), np.float64(16.087262004438372), np.float64(24.144161781354534), np.float64(32.21410112690235), np.float64(40.32800782423652), np.float64(48.488936247851214), np.float64(56.67640863749929), np.float64(64.9424057320238), np.float64(73.26852887799095), np.float64(81.69104632535259), np.float64(90.1722092608545), np.float64(98.72489663924068), np.float64(107.35989345762766), np.float64(116.05821685111593), np.float64(124.85096435097883), np.float64(133.73853082831064), np.float64(142.69023975077616), np.float64(151.80246857734764), np.float64(160.99630101552142), np.float64(170.22392639631346), np.float64(179.58967579927958), np.float64(188.98932242982596), np.float64(198.4912537958569), np.float64(208.12683359304916), np.float64(217.80548540703623), np.float64(227.54108715085107), np.float64(237.2932073589809), np.float64(247.2009533424014), np.float64(257.22547532648633), np.float64(267.34265368015724), np.float64(277.5380906396099), np.float64(287.8695947194058), np.float64(298.15947312943047), np.float64(308.4667363550882), np.float64(318.90690207576154), np.float64(329.40084236066934), np.float64(340.0530976050325), np.float64(350.6560034631708), np.float64(361.26580314053535)]"
57,STATE_B_DEFENSE,SEEDED,0.415041782729805,0.6289388522616942,371.758071027113,71.09602982300423,"[np.float64(-0.0013783073396245967), np.float64(-0.0015822212407946353), np.float64(-0.0012663243911200796), np.float64(0.00028217718434993066), np.float64(0.003317190216259156), np.float64(0.006384591677323328), np.float64(0.01060729056346905), np.float64(0.015179111918738539), np.float64(0.020377321793606528), np.float64(0.026905341436974237), np.float64(0.033449916504244656), np.float64(0.040767079244778875), np.float64(0.04831843815124018), np.float64(0.05567294157394236), np.float64(0.06402270192296881), np.float64(0.07305124029395614), np.float64(0.08329237415877652), np.float64(0.0931335320412287), np.float64(0.10233857492429603), np.float64(0.1132906298767808), np.float64(0.12388542108398708), np.float64(0.13387993290887926), np.float64(0.14482955683195903), np.float64(0.15578034731979998), np.float64(0.16612884252256005), np.float64(0.17692223197878032), np.float64(0.1882191155262957), np.float64(0.19936244730451894), np.float64(0.2098518273309115), np.float64(0.22090044013597493), np.float64(0.23199556667027704), np.float64(0.24260706140602342), np.float64(0.2532279308938959), np.float64(0.26488792466198274), np.float64(0.27581028144094055), np.float64(0.2862405887434656), np.float64(0.2971636068564863), np.float64(0.3077359044295313), np.float64(0.3188547517764661), np.float64(0.33003605331469277)]","[np.float64(8.053213368890184), np.float64(16.104782225142497), np.float64(24.160994669620656), np.float64(32.23962373725794), np.float64(40.3606209138126), np.float64(48.506724342164446), np.float64(56.709779856809796), np.float64(64.95760911593993), np.float64(73.26416701358436), np.float64(81.66461412817223), np.float64(90.1168723275199), np.float64(98.65673241514023), np.float64(107.26515691210554), np.float64(115.92081841313224), np.float64(124.69108788963838), np.float64(133.56692294358692), np.float64(142.59046072145216), np.float64(151.66236404524392), np.float64(160.76067146757237), np.float64(170.0603155074497), np.float64(179.41098123922347), np.float64(188.7882337733601), np.float64(198.32020405431754), np.float64(207.93021488396712), np.float64(217.56147029730494), np.float64(227.3086377341259), np.float64(237.18146076140283), np.float64(247.1166242383242), np.float64(257.05899080083634), np.float64(267.13456623800624), np.float64(277.2904893983538), np.float64(287.4654101790822), np.float64(297.7129187567969), np.float64(308.1581429289725), np.float64(318.5882843055539), np.float64(329.02758794860324), np.float64(339.600100263369), np.float64(350.1969250175213), np.float64(360.9373281636614), np.float64(371.758071027113)]"
59,STATE_B_DEFENSE,SEEDED,0.354158376442499,0.6230267914335172,360.81732096601206,66.55463357805883,"[np.float64(-0.0011131717481437007), np.float64(-0.00023342237341603085), np.float64(0.0015161889353927033), np.float64(0.0039387792336158635), np.float64(0.007496233426011436), np.float64(0.012359094778088133), np.float64(0.016945181642339057), np.float64(0.022033056171902484), np.float64(0.027375830611887236), np.float64(0.034230802269566415), np.float64(0.04053562284742361), np.float64(0.047004789162069786), np.float64(0.054258363441443413), np.float64(0.06345312444441083), np.float64(0.07229646464331589), np.float64(0.08120858314442728), np.float64(0.09072622619784151), np.float64(0.10101688040068833), np.float64(0.11085498029690068), np.float64(0.12096824839774892), np.float64(0.13108732674672163), np.float64(0.141447957577347), np.float64(0.15104945724325344), np.float64(0.1620245320137721), np.float64(0.17240746778673002), np.float64(0.18262420632267792), np.float64(0.1922301237765293), np.float64(0.20236672610058484), np.float64(0.21366610266925712), np.float64(0.22351710114387843), np.float64(0.23434117318462777), np.float64(0.24542706178892967), np.float64(0.2568979402577221), np.float64(0.26844760767262127), np.float64(0.2796939752032361), np.float64(0.2901297567868766), np.float64(0.30135717585350635), np.float64(0.3122906043080864), np.float64(0.3227706373162029)]","[np.float64(8.039677736583046), np.float64(16.08643469837805), np.float64(24.150756502755897), np.float64(32.239931023308735), np.float64(40.37125195296571), np.float64(48.562277059622275), np.float64(56.784173515779464), np.float64(65.05833671840058), np.float64(73.38168490904879), np.float64(81.80676736918443), np.float64(90.26131558847227), np.float64(98.77250717590265), np.float64(107.37356615225512), np.float64(116.13622602659927), np.float64(124.94796685677676), np.float64(133.83053761740183), np.float64(142.81943046025597), np.float64(151.9322576900966), np.float64(161.08784875365544), np.float64(170.3362762844415), np.float64(179.65853770880506), np.float64(189.07374922114923), np.float64(198.49763001194566), np.float64(208.11308527339503), np.float64(217.75081757583507), np.float64(227.4454365422298), np.float64(237.15064336049068), np.float64(246.97728010710787), np.float64(256.99703135003665), np.float64(266.93577007526494), np.float64(277.0510492738817), np.float64(287.2695704758883), np.float64(297.6078927162369), np.float64(308.03189065198535), np.float64(318.4942562162338), np.float64(328.92712912361304), np.float64(339.5318167393263), np.float64(350.1701352474959), np.float64(360.81732096601206)]"
61,STATE_B_DEFENSE,SEEDED,0.467966573816156,0.6423774171002514,361.03395123622107,67.74931471427904,"[np.float64(-0.0009998346572395375), np.float64(-0.0012146663247756095), np.float64(-0.001032485018772491), np.float64(0.0006277820440404491), np.float64(0.00379334823654221), np.float64(0.007837857742372766), np.float64(0.01283510607982312), np.float64(0.018355298057536145), np.float64(0.02408858759978327), np.float64(0.030836194663024327), np.float64(0.03848406663003721), np.float64(0.045613971776374475), np.float64(0.05298936544077109), np.float64(0.06149561490411665), np.float64(0.07143195472850733), np.float64(0.08111008274422438), np.float64(0.09064372607742985), np.float64(0.10066119073277772), np.float64(0.11102870959316498), np.float64(0.12148977431443905), np.float64(0.13185061309256368), np.float64(0.14192782969473838), np.float64(0.15301340678013925), np.float64(0.16415260151241617), np.float64(0.17543751672738822), np.float64(0.1858555152873577), np.float64(0.19641984424120407), np.float64(0.2076590728521287), np.float64(0.2182681405079055), np.float64(0.2297709568372846), np.float64(0.24056550365185772), np.float64(0.25156677043302095), np.float64(0.26277174954612664), np.float64(0.2728953988616215), np.float64(0.2831494126418583), np.float64(0.2954290001190896), np.float64(0.30610990813166894), np.float64(0.31611021659216015), np.float64(0.32730102467856403)]","[np.float64(8.031219627417173), np.float64(16.06071207486682), np.float64(24.093265152035936), np.float64(32.15103751886906), np.float64(40.25231694070464), np.float64(48.399993894553404), np.float64(56.606478164351195), np.float64(64.86917477197085), np.float64(73.18296403646131), np.float64(81.58185049880876), np.float64(90.0723153217331), np.float64(98.5974441952992), np.float64(107.18994976660615), np.float64(115.9006470168165), np.float64(124.75911316886227), np.float64(133.6760684591802), np.float64(142.65568931631526), np.float64(151.73929236861207), np.float64(160.92183056495662), np.float64(170.18699783812028), np.float64(179.5198895969964), np.float64(188.90381637823805), np.float64(198.4466340940379), np.float64(208.07261282177274), np.float64(217.7902860198662), np.float64(227.50343557116298), np.float64(237.30358026590054), np.float64(247.24580296267322), np.float64(257.1983415677274), np.float64(267.3203945019406), np.float64(277.44076076605495), np.float64(287.657507356315), np.float64(297.9717496717604), np.float64(308.229355299774), np.float64(318.5703712536068), np.float64(329.23654145411217), np.float64(339.7741296034906), np.float64(350.29057268748534), np.float64(361.03395123622107)]"
58,STATE_B_DEFENSE,SEEDED,0.479108635097493,0.6034571573593318,371.5855470456163,70.32059755525344,"[np.float64(-0.0006723157366893222), np.float64(-0.0010142385309600587), np.float64(-0.00034739290317176705), np.float64(4.601034862743728e-05), np.float64(0.002127778037942279), np.float64(0.006294245441553946), np.float64(0.011187840308866001), np.float64(0.016947233461072), np.float64(0.022964361307188607), np.float64(0.029657237305529365), np.float64(0.03645359997175722), np.float64(0.04425302658482079), np.float64(0.05240812877248779), np.float64(0.06054297827973647), np.float64(0.06924887597620917), np.float64(0.07797213528874221), np.float64(0.08849029623925372), np.float64(0.09861894414215244), np.float64(0.10757235980022598), np.float64(0.11763504870076248), np.float64(0.12623623649180912), np.float64(0.1362494717184022), np.float64(0.1467336898810586), np.float64(0.15705975258038551), np.float64(0.168229016877126), np.float64(0.1792486431015339), np.float64(0.18983136939478218), np.float64(0.2002954117572102), np.float64(0.21079734689315904), np.float64(0.22154075566121662), np.float64(0.23243890855588067), np.float64(0.24303176486579983), np.float64(0.2533012198411627), np.float64(0.26489935384619245), np.float64(0.2758239657463724), np.float64(0.285867855684853), np.float64(0.2970410592094542), np.float64(0.3080966690988088), np.float64(0.3186763011965795), np.float64(0.3296261198507523)]","[np.float64(8.053562115600105), np.float64(16.104368446393753), np.float64(24.164613847646958), np.float64(32.225824334096615), np.float64(40.324185866434966), np.float64(48.48951030804931), np.float64(56.70848075962762), np.float64(64.99399757288333), np.float64(73.33424321699701), np.float64(81.74861273866993), np.float64(90.21976065033213), np.float64(98.79117950076733), np.float64(107.44086657697297), np.float64(116.15187514364821), np.float64(124.95818643993874), np.float64(133.83133289387413), np.float64(142.8878348487363), np.float64(151.99527943909717), np.float64(161.09190183163625), np.float64(170.33898507094023), np.float64(179.54284237633226), np.float64(188.9268054797002), np.float64(198.42353166157167), np.float64(207.9807732854668), np.float64(217.68978805822152), np.float64(227.462649661375), np.float64(237.2687404462166), np.float64(247.13608219236858), np.float64(257.0796982587748), np.float64(267.1217730268709), np.float64(277.2544002338046), np.float64(287.4254004038397), np.float64(297.62932837362456), np.float64(308.0640039276449), np.float64(318.49122816917117), np.float64(328.8779252361321), np.float64(339.47878527502667), np.float64(350.13664802191886), np.float64(360.8010235612392), np.float64(371.5855470456163)]"
62,STATE_B_DEFENSE,SEEDED,0.4564265817747712,0.6627525619453313,371.83762020570276,71.34003760086246,"[np.float64(-0.000823946292700684), np.float64(-0.00026050112756089187), np.float64(0.0006857148815461071), np.float64(0.0018374867092864752), np.float64(0.004026192092868905), np.float64(0.007415354419012782), np.float64(0.012464118748217574), np.float64(0.017177542567076796), np.float64(0.022487162237535822), np.float64(0.02883313749744011), np.float64(0.03546331773340811), np.float64(0.04311350085013093), np.float64(0.05135911717804043), np.float64(0.05985065008614644), np.float64(0.06957139998818072), np.float64(0.07845569531073798), np.float64(0.08817109258700762), np.float64(0.09823395123367071), np.float64(0.107950918913242), np.float64(0.11796992309577162), np.float64(0.12840387290468977), np.float64(0.13834885278015932), np.float64(0.1490150715039954), np.float64(0.15980742279043939), np.float64(0.16998003952142185), np.float64(0.17944121620924014), np.float64(0.18973978510536116), np.float64(0.19920822152300824), np.float64(0.20957506376528837), np.float64(0.2201445279799627), np.float64(0.23161502867101033), np.float64(0.24313407330293133), np.float64(0.2542490555996659), np.float64(0.2656496941306049), np.float64(0.27712254645149836), np.float64(0.287219069587885), np.float64(0.2988176800689), np.float64(0.3100514178360605), np.float64(0.3213530366175453), np.float64(0.33301787595011195)]","[np.float64(8.048155472846725), np.float64(16.10084873977208), np.float64(24.162699544555988), np.float64(32.23546795838032), np.float64(40.33832627054057), np.float64(48.48762164137566), np.float64(56.710465132050984), np.float64(64.9626477240497), np.float64(73.27347529953408), np.float64(81.66722913670127), np.float64(90.12294875943394), np.float64(98.6784633933605), np.float64(107.3233557845579), np.float64(116.04480946066957), np.float64(124.90260569525712), np.float64(133.78163077772885), np.float64(142.78180324485223), np.float64(151.87814589478756), np.float64(161.0234809342811), np.float64(170.2630482607074), np.float64(179.6085172575777), np.float64(188.98864739435817), np.float64(198.5025305044621), np.float64(208.10357092831964), np.float64(217.72313733387878), np.float64(227.34575369785657), np.float64(237.11831783928747), np.float64(246.8770270150136), np.float64(256.79688965164866), np.float64(266.8100853887364), np.float64(276.9966600657337), np.float64(287.26605631401816), np.float64(297.5645426401379), np.float64(307.9718523157788), np.float64(318.4635112889283), np.float64(328.85472189964645), np.float64(339.5089041359476), np.float64(350.1894968026591), np.float64(360.9519475296578), np.float64(371.83762020570276)]"
60,STATE_B_DEFENSE,SEEDED,0.41703143653004376,0.6253940707043599,360.52036487858896,66.88577270725465,"[np.float64(-0.001366432179573875), np.float64(-0.0004922778560727534), np.float64(0.00012034085220818445), np.float64(0.00250008648769185), np.float64(0.005654893161674403), np.float64(0.009710196674784973), np.float64(0.013263751288912691), np.float64(0.018711821134361515), np.float64(0.02437491894311102), np.float64(0.03057421099817778), np.float64(0.037559002553307255), np.float64(0.04507398697667562), np.float64(0.05322661954865678), np.float64(0.0616883657251837), np.float64(0.07137668804518481), np.float64(0.08115119071234124), np.float64(0.09028279464929699), np.float64(0.10002449583522965), np.float64(0.11115879025083197), np.float64(0.12085350729475844), np.float64(0.1313378067862562), np.float64(0.1421153612991158), np.float64(0.15328331620781066), np.float64(0.16321842510867782), np.float64(0.1739663675930466), np.float64(0.18420521197516573), np.float64(0.1951271192156073), np.float64(0.20628249716454686), np.float64(0.21714490473661127), np.float64(0.22685469792022714), np.float64(0.23780936458154808), np.float64(0.24894717494605303), np.float64(0.25949211931006183), np.float64(0.27014288460546354), np.float64(0.2814415710852054), np.float64(0.2922646727148098), np.float64(0.3027412697954751), np.float64(0.31286966085005413), np.float64(0.32418787688532585)]","[np.float64(8.027743198058838), np.float64(16.06251194746348), np.float64(24.10115057148701), np.float64(32.173076517318535), np.float64(40.27957513525176), np.float64(48.432848547423426), np.float64(56.60433392803248), np.float64(64.864347100549), np.float64(73.1749389640736), np.float64(81.5511381214019), np.float64(90.00973390258267), np.float64(98.54739669326771), np.float64(107.17528744777125), np.float64(115.88225986315308), np.float64(124.72477994852815), np.float64(133.6452689380592), np.float64(142.59650849974645), np.float64(151.65756349711666), np.float64(160.89111270676761), np.float64(170.09627947337364), np.float64(179.43445343187614), np.float64(188.87220839516255), np.float64(198.42035936900427), np.float64(207.93723713648345), np.float64(217.59966750084192), np.float64(227.28837476278105), np.float64(237.11618883747434), np.float64(247.04321790436725), np.float64(257.0156280205443), np.float64(266.9366531570025), np.float64(277.0632772494752), np.float64(287.2846386056218), np.float64(297.51033586961296), np.float64(307.8191240549571), np.float64(318.27889373394515), np.float64(328.7521697946572), np.float64(339.25105034578064), np.float64(349.7718015464043), np.float64(360.52036487858896)]"
63,STATE_B_DEFENSE,SEEDED,0.479108635097493,0.6185273684010232,360.67436575308864,66.91311515333628,"[np.float64(-0.0008575336982918139), np.float64(-0.0008951158221162891), np.float64(0.0006603957825214202), np.float64(0.0027153333317507075), np.float64(0.006320323847170138), np.float64(0.00989343097163357), np.float64(0.014366353662794297), np.float64(0.019158804912199928), np.float64(0.02422975279574864), np.float64(0.031082966484660503), np.float64(0.03860349377996118), np.float64(0.04696187979791883), np.float64(0.0555841015973686), np.float64(0.06373649048607519), np.float64(0.07285799733527933), np.float64(0.08144442028107099), np.float64(0.09059674175348584), np.float64(0.10059738447918908), np.float64(0.11024613933180519), np.float64(0.11981619726491341), np.float64(0.1296194563003832), np.float64(0.14030161467743765), np.float64(0.15102617829795376), np.float64(0.16230612229164626), np.float64(0.17300003801658767), np.float64(0.18277456211213924), np.float64(0.19314955726512195), np.float64(0.20374455560221286), np.float64(0.21447978011082197), np.float64(0.22580706769766867), np.float64(0.23690018767247836), np.float64(0.2477229859227352), np.float64(0.25716846539019783), np.float64(0.26749514059262197), np.float64(0.2785878785847367), np.float64(0.2901980796335424), np.float64(0.3016881181808292), np.float64(0.31325206502943587), np.float64(0.32367406415821487)]","[np.float64(8.034777394736203), np.float64(16.069252563464865), np.float64(24.122635274880302), np.float64(32.19652195855344), np.float64(40.31793369334431), np.float64(48.46733762664471), np.float64(56.67031121805888), np.float64(64.91888579875594), np.float64(73.21521519286432), np.float64(81.62194625157544), np.float64(90.11098039120735), np.float64(98.69765191755981), np.float64(107.36183175434564), np.float64(116.06604995548999), np.float64(124.88852043230614), np.float64(133.74643808376337), np.float64(142.70564713458472), np.float64(151.7913009980898), np.float64(160.9249477511464), np.float64(170.12318628317644), np.float64(179.40953340496225), np.float64(188.8394341750011), np.float64(198.34925635538585), np.float64(207.9848227563733), np.float64(217.6452341832835), np.float64(227.29217043303868), np.float64(237.0671323654673), np.float64(246.9365289897033), np.float64(256.89359846924725), np.float64(266.9884384374936), np.float64(277.13358609240544), np.float64(287.32221530137684), np.float64(297.420445108704), np.float64(307.6891687660517), np.float64(318.12183272353013), np.float64(328.69328843548885), np.float64(339.3245910703018), np.float64(350.0400867618823), np.float64(360.67436575308864)]"
64,STATE_B_DEFENSE,SEEDED,0.2849184241941902,0.6432894775416458,360.58058154626565,66.95412053158189,"[np.float64(-0.0019157113165114163), np.float64(-0.002130690379808539), np.float64(-0.0013848277731629778), np.float64(-0.00015822060110341022), np.float64(0.002848913279847732), np.float64(0.007259596815041472), np.float64(0.012243245185832188), np.float64(0.017888041269620614), np.float64(0.023154861346508206), np.float64(0.02903121272870163), np.float64(0.03611899928263892), np.float64(0.04409353266989599), np.float64(0.05260170477354009), np.float64(0.060201585742753125), np.float64(0.06854026732379287), np.float64(0.07835828352346087), np.float64(0.08807092166686954), np.float64(0.0983756996044956), np.float64(0.10839525269771291), np.float64(0.11903641795901707), np.float64(0.12932039918818866), np.float64(0.14010606319691293), np.float64(0.15108944876063476), np.float64(0.16205785665612082), np.float64(0.1721293930566768), np.float64(0.18295099355400873), np.float64(0.1935176146605615), np.float64(0.20414436073139117), np.float64(0.2146411784609175), np.float64(0.2254596032496677), np.float64(0.23644940535400488), np.float64(0.2474075507741295), np.float64(0.2580346219254932), np.float64(0.26950414097981834), np.float64(0.2796254553881006), np.float64(0.2903875636308354), np.float64(0.30091091915384555), np.float64(0.31176631685917877), np.float64(0.3226911285285902)]","[np.float64(8.031415918576384), np.float64(16.061101843730565), np.float64(24.1006547993511), np.float64(32.153935696665), np.float64(40.252815799390596), np.float64(48.409485258795), np.float64(56.617278688205914), np.float64(64.88562622769484), np.float64(73.18493693563262), np.float64(81.54977769348723), np.float64(90.01316062699497), np.float64(98.5733364043395), np.float64(107.22199765004021), np.float64(115.8859453380997), np.float64(124.65084100535528), np.float64(133.57033939513045), np.float64(142.55617395332277), np.float64(151.65490822781513), np.float64(160.80866144107097), np.float64(170.08288479055622), np.float64(179.4057625997499), np.float64(188.84427179591282), np.float64(198.37679981357573), np.float64(207.9857711768086), np.float64(217.58867847000909), np.float64(227.33443896151277), np.float64(237.1301019961719), np.float64(247.00504112142903), np.float64(256.9392816248635), np.float64(266.9803277814952), np.float64(277.113941999158), np.float64(287.31789109833676), np.float64(297.5560219821907), np.float64(307.96721483517706), np.float64(318.28633045184984), np.float64(328.7540355543117), np.float64(339.2610571237415), np.float64(349.8809858765841), np.float64(360.58058154626565)]"
65,STATE_B_DEFENSE,SEEDED,0.4293672900915241,0.6608992990421522,371.3750334672714,71.57834565693852,"[np.float64(-0.0014506647692126178), np.float64(-0.0015945912664110469), np.float64(-0.000519166486600776), np.float64(0.0007754446993554213), np.float64(0.003873069959153805), np.float64(0.007672977436087693), np.float64(0.012269521304688932), np.float64(0.018037648258894437), np.float64(0.024239089866019203), np.float64(0.030363624717648526), np.float64(0.036890184752148975), np.float64(0.044036632549377584), np.float64(0.05146350263703152), np.float64(0.059549258959295887), np.float64(0.06830894337736312), np.float64(0.07698644666656272), np.float64(0.08600196587242359), np.float64(0.09544346709088648), np.float64(0.10536673823803372), np.float64(0.11535912612313119), np.float64(0.12481459326057324), np.float64(0.13433585552289082), np.float64(0.14540036904786274), np.float64(0.15634712912566057), np.float64(0.16767551305833578), np.float64(0.17949196582010668), np.float64(0.19052183036752085), np.float64(0.2010471902807057), np.float64(0.21177148536854717), np.float64(0.22237154475669763), np.float64(0.23347764624939835), np.float64(0.2440081271843459), np.float64(0.2546824154641289), np.float64(0.2656521466134948), np.float64(0.2776638954452593), np.float64(0.2894005866348285), np.float64(0.3012287715269063), np.float64(0.3111400743513204), np.float64(0.32179625953371516), np.float64(0.3337200030045356)]","[np.float64(8.033506394286213), np.float64(16.0658548326644), np.float64(24.111757665697404), np.float64(32.16982452671636), np.float64(40.27446560635773), np.float64(48.42074161148912), np.float64(56.6195613795633), np.float64(64.8921684335639), np.float64(73.22570522294261), np.float64(81.60478771867704), np.float64(90.04911462578924), np.float64(98.57334515905316), np.float64(107.16694088313827), np.float64(115.85345554860776), np.float64(124.64075509638897), np.float64(133.48900068488044), np.float64(142.42446847050772), np.float64(151.45648385060184), np.float64(160.59320932767665), np.float64(169.80784031611077), np.float64(179.05239978304678), np.float64(188.3709339770754), np.float64(197.89137934002153), np.float64(207.47975917015856), np.float64(217.18082340852047), np.float64(227.00803098422955), np.float64(236.8387859031898), np.float64(246.69392077080377), np.float64(256.6425977195467), np.float64(266.6510208878604), np.float64(276.7882920230951), np.float64(286.9339701010917), np.float64(297.16744193464064), np.float64(307.50804152340817), np.float64(318.05097838627324), np.float64(328.63726888195106), np.float64(339.31177654787786), np.float64(349.8070215519141), np.float64(360.4684395959711), np.float64(371.3750334672714)]"
66,STATE_B_DEFENSE,SEEDED,0.4520493434142459,0.6042844643754816,371.6983236790395,71.5186874276921,"[np.float64(-0.0013439045445258289), np.float64(-0.0013760602357617622), np.float64(-0.00026097307082253963), np.float64(0.0012008661070906663), np.float64(0.0036701364180779248), np.float64(0.007363008786990463), np.float64(0.012172664517049056), np.float64(0.017027965626926416), np.float64(0.022410172199667153), np.float64(0.027685413212359608), np.float64(0.03452504064024547), np.float64(0.04107466502493187), np.float64(0.048950684903403305), np.float64(0.05728410329580171), np.float64(0.06672400948162212), np.float64(0.07604113041967127), np.float64(0.0849861065114239), np.float64(0.09462024466456258), np.float64(0.10388646496937766), np.float64(0.11448152737997792), np.float64(0.12554468520177614), np.float64(0.13662801379438755), np.float64(0.14698030401145595), np.float64(0.15757889236357797), np.float64(0.1684137036331583), np.float64(0.1796635673745381), np.float64(0.19111584305842183), np.float64(0.20205970376331409), np.float64(0.21309816034571127), np.float64(0.22373724866852657), np.float64(0.234146170271879), np.float64(0.24432006921742), np.float64(0.254559240943637), np.float64(0.2656792420049389), np.float64(0.2761294581472745), np.float64(0.28688776637996616), np.float64(0.2981649743992565), np.float64(0.3099661491954852), np.float64(0.3211758436400006), np.float64(0.33289552462065575)]","[np.float64(8.04341607664567), np.float64(16.08657316154528), np.float64(24.14332797034164), np.float64(32.21463061384819), np.float64(40.317914700551114), np.float64(48.47042260007761), np.float64(56.68366183045407), np.float64(64.93651701917778), np.float64(73.24662975031434), np.float64(81.59483196978097), np.float64(90.052493988268), np.float64(98.54957172117155), np.float64(107.16511738495514), np.float64(115.86611443870777), np.float64(124.69523281159286), np.float64(133.58785452119724), np.float64(142.52582584486615), np.float64(151.57821881093747), np.float64(160.67501954551503), np.float64(169.9413207336262), np.float64(179.32185459012186), np.float64(188.7836657771591), np.float64(198.26149305366803), np.float64(207.8351970462203), np.float64(217.50582182397108), np.float64(227.29243835100826), np.float64(237.17740936345763), np.float64(247.0891110621348), np.float64(257.0860586602762), np.float64(267.1147687181929), np.float64(277.1899946222982), np.float64(287.30857457197897), np.float64(297.50350249309076), np.float64(307.8742040264259), np.float64(318.2350185298528), np.float64(328.70430589675345), np.float64(339.3120038733917), np.float64(350.062983207799), np.float64(360.80909429652604), np.float64(371.6983236790395)]"
67,STATE_B_DEFENSE,SEEDED,0.4440907282132909,0.6199588956158926,371.4741581521753,70.30391584315534,"[np.float64(-0.00041441375095052564), np.float64(-0.0008240924164333571), np.float64(-0.0008617975454483988), np.float64(0.0006372473597937244), np.float64(0.0027126493357164006), np.float64(0.006832647903005686), np.float64(0.011366961231804555), np.float64(0.01644165058635428), np.float64(0.023199195754565916), np.float64(0.02929475859155162), np.float64(0.03616863673719217), np.float64(0.04441412895957741), np.float64(0.051732961737859594), np.float64(0.060008794060502274), np.float64(0.06827393664069803), np.float64(0.07721071037655794), np.float64(0.08663770865011519), np.float64(0.09639763470045039), np.float64(0.10627992069961555), np.float64(0.11654950621454165), np.float64(0.1264385788640762), np.float64(0.1365390260006736), np.float64(0.1457230047100305), np.float64(0.15692542531713613), np.float64(0.16792811729224202), np.float64(0.1800715063886271), np.float64(0.1917794523524068), np.float64(0.2017543861373307), np.float64(0.21190774897077744), np.float64(0.2226679000099842), np.float64(0.23370870130702157), np.float64(0.24494771200546545), np.float64(0.25541276114514133), np.float64(0.26600532870785376), np.float64(0.27707717676040505), np.float64(0.28796502572286364), np.float64(0.29805985517624706), np.float64(0.3089382223515553), np.float64(0.319582811484159), np.float64(0.329912531361061)]","[np.float64(8.051319651715685), np.float64(16.0993391438737), np.float64(24.148553065272655), np.float64(32.222215693511906), np.float64(40.31951764462897), np.float64(48.48271945275463), np.float64(56.69039693375478), np.float64(64.95136613056735), np.float64(73.31277882746174), np.float64(81.70092194890779), np.float64(90.17060492332699), np.float64(98.75854705805504), np.float64(107.36263740228085), np.float64(116.07530848168808), np.float64(124.8503177934785), np.float64(133.7295523277755), np.float64(142.70802113808787), np.float64(151.77967787513234), np.float64(160.93229053467942), np.float64(170.18687520123373), np.float64(179.4858141856927), np.float64(188.87389389705396), np.float64(198.2552649092316), np.float64(207.88396958445136), np.float64(217.57307130384322), np.float64(227.44929066433286), np.float64(237.366151001585), np.float64(247.18548560535544), np.float64(257.09276542136365), np.float64(267.13610327044137), np.float64(277.28417497228895), np.float64(287.52963345990526), np.float64(297.75858094064637), np.float64(308.07308713769913), np.float64(318.5177892925458), np.float64(329.0119047789601), np.float64(339.4737205447212), np.float64(350.10655992428764), np.float64(360.77796842687985), np.float64(371.4741581521753)]"
68,STATE_B_DEFENSE,SEEDED,0.29884600079586154,0.6087419168057895,371.70316184763897,71.10426619239372,"[np.float64(-0.000764952423674004), np.float64(-0.0009462248336235369), np.float64(9.939656808795634e-05), np.float64(0.0023197945526902486), np.float64(0.005137999104326698), np.float64(0.008417928666654284), np.float64(0.01163352532448493), np.float64(0.016482271208275216), np.float64(0.022404783914211666), np.float64(0.028445570823787854), np.float64(0.035463249479249954), np.float64(0.04267441766857423), np.float64(0.04973050227496795), np.float64(0.05803638953067644), np.float64(0.06686161332741991), np.float64(0.07623897279372652), np.float64(0.08556023658973115), np.float64(0.09577553497134708), np.float64(0.10632020979666419), np.float64(0.11641878822265964), np.float64(0.12752059413487382), np.float64(0.13873135369380238), np.float64(0.14908736297502106), np.float64(0.15879522609031207), np.float64(0.1691653628650901), np.float64(0.17938770618956448), np.float64(0.18983766542772318), np.float64(0.19983652473538818), np.float64(0.21027216402157217), np.float64(0.2217071579244824), np.float64(0.23223750137404925), np.float64(0.24271259744746632), np.float64(0.25394013246603797), np.float64(0.2645491853249185), np.float64(0.2757115892561425), np.float64(0.28707518100657464), np.float64(0.29891685233849474), np.float64(0.3100594160461121), np.float64(0.3218278846538705), np.float64(0.3319284311202599)]","[np.float64(8.048772432030564), np.float64(16.096084660522347), np.float64(24.156758449869912), np.float64(32.24474630090285), np.float64(40.362556835449226), np.float64(48.51402961068991), np.float64(56.6898706481803), np.float64(64.94350301821507), np.float64(73.2739772395854), np.float64(81.6556942188231), np.float64(90.12719384623175), np.float64(98.66234294137729), np.float64(107.24525348574157), np.float64(115.950908949305), np.float64(124.75016334755767), np.float64(133.65036813858075), np.float64(142.61713384124045), np.float64(151.71521063674103), np.float64(160.91252261568783), np.float64(170.15291094839264), np.float64(179.5466703265135), np.float64(189.02930583489368), np.float64(198.51813186009966), np.float64(208.02254711357043), np.float64(217.65758108106752), np.float64(227.35131240097166), np.float64(237.13924887001932), np.float64(246.95333180106246), np.float64(256.88298529592083), np.float64(266.9934660351538), np.float64(277.079709787345), np.float64(287.2308927657693), np.float64(297.54191946846925), np.float64(307.8524395463724), np.float64(318.3025472809409), np.float64(328.851841392267), np.float64(339.5378694116258), np.float64(350.2070724684207), np.float64(361.033815428148), np.float64(371.70316184763897)]"
70,STATE_B_DEFENSE,SEEDED,0.4731396736967768,0.6343503724987991,371.09582417989355,70.47757846025505,"[np.float64(-0.0008475514119858576), np.float64(-0.0013932308212845307), np.float64(-0.0007205703076082377), np.float64(0.0008766014325647724), np.float64(0.003353345583576641), np.float64(0.006699112827920303), np.float64(0.010342740555222291), np.float64(0.015461647294894873), np.float64(0.02113242439055588), np.float64(0.0264219272451372), np.float64(0.0331699116587417), np.float64(0.040704599601681275), np.float64(0.04867397744969577), np.float64(0.056656101377762884), np.float64(0.0656202020243976), np.float64(0.074410032280902), np.float64(0.08362251910609476), np.float64(0.0942285419304542), np.float64(0.10410960575372556), np.float64(0.11370428450014605), np.float64(0.12400638983661307), np.float64(0.1343420949793077), np.float64(0.14522400720225037), np.float64(0.1559559850670031), np.float64(0.16651666758623068), np.float64(0.1771802743841302), np.float64(0.1882263392195855), np.float64(0.1988597075017942), np.float64(0.20873762828374035), np.float64(0.21932787536932843), np.float64(0.23078738492051712), np.float64(0.24214482442670876), np.float64(0.2537623801237641), np.float64(0.265479189246898), np.float64(0.2771207686364858), np.float64(0.28865096150455144), np.float64(0.2989385188560952), np.float64(0.3088181682294539), np.float64(0.31928905722721707), np.float64(0.3289783358161753)]","[np.float64(8.044202669507225), np.float64(16.084011459720646), np.float64(24.134141452124133), np.float64(32.20456111143607), np.float64(40.3054784888575), np.float64(48.44714830411518), np.float64(56.62386737202742), np.float64(64.87671851623531), np.float64(73.18981816325595), np.float64(81.53237362510846), np.float64(89.97993716169273), np.float64(98.51721097008429), np.float64(107.1348394941005), np.float64(115.81424853976554), np.float64(124.61192558072814), np.float64(133.46645811757284), np.float64(142.4147781220422), np.float64(151.52826474551472), np.float64(160.6670502806551), np.float64(169.85645905920978), np.float64(179.1722758667248), np.float64(188.56532355139333), np.float64(198.07979740570235), np.float64(207.6581669384847), np.float64(217.29643851868474), np.float64(227.0188719908391), np.float64(236.8538656005493), np.float64(246.72283052148367), np.float64(256.58492935127447), np.float64(266.59293214671476), np.float64(276.77084350728416), np.float64(287.0140921629865), np.float64(297.36420022169307), np.float64(307.8034945972148), np.float64(318.310638294623), np.float64(328.87985871963826), np.float64(339.3619504487683), np.float64(349.8568483170501), np.float64(360.49704778888525), np.float64(371.09582417989355)]"
69,STATE_B_DEFENSE,SEEDED,0.22562674094707522,0.6277419286147766,361.11944787371203,67.94599856964376,"[np.float64(-0.0010121013643013706), np.float64(-0.00027280759476170453), np.float64(0.0013040316068179782), np.float64(0.002963574190870184), np.float64(0.0048218398283868934), np.float64(0.007739352615854561), np.float64(0.011900765066156477), np.float64(0.017439396093283082), np.float64(0.023731408993987554), np.float64(0.030483990945968445), np.float64(0.037889054258262854), np.float64(0.044838792896683306), np.float64(0.05229656974180383), np.float64(0.06103032960783176), np.float64(0.07061577890335058), np.float64(0.07990496300317829), np.float64(0.0898660991356052), np.float64(0.10088837430299193), np.float64(0.11104713196902959), np.float64(0.12112685323035799), np.float64(0.13108262580389712), np.float64(0.14125352240641958), np.float64(0.15220477532489413), np.float64(0.16298131722762843), np.float64(0.1727624032398423), np.float64(0.18326472873653285), np.float64(0.19402117064489882), np.float64(0.20499297337708866), np.float64(0.21674517009060984), np.float64(0.2274843507405687), np.float64(0.23803330170759712), np.float64(0.2483782523249428), np.float64(0.259407225066547), np.float64(0.271267531864836), np.float64(0.28311317677839687), np.float64(0.29432205420329477), np.float64(0.3048566497278543), np.float64(0.3156286669300976), np.float64(0.32696975832484304)]","[np.float64(8.034074815684324), np.float64(16.074094090747092), np.float64(24.130148527802746), np.float64(32.20018223704111), np.float64(40.28749784495498), np.float64(48.41513169442469), np.float64(56.600824836468675), np.float64(64.86344633104855), np.float64(73.19666286916136), np.float64(81.59741162720653), np.float64(90.07907317790513), np.float64(98.596534031463), np.float64(107.19343490185086), np.float64(115.91714948902927), np.float64(124.7566880655612), np.float64(133.64986032196293), np.float64(142.65639707560635), np.float64(151.8098341631687), np.float64(160.98136304047944), np.float64(170.2209974846847), np.float64(179.52387688498698), np.float64(188.91633182008763), np.float64(198.44877821393854), np.float64(208.04312503797513), np.float64(217.6209912069842), np.float64(227.336969053623), np.float64(237.15131422622608), np.float64(247.06205335808636), np.float64(257.1304864210024), np.float64(267.16834163554097), np.float64(277.2576994018203), np.float64(287.3947520624346), np.float64(297.6821461706861), np.float64(308.1436004355247), np.float64(318.68108331392216), np.float64(329.21486331206677), np.float64(339.7338991963781), np.float64(350.3531435921393), np.float64(361.11944787371203)]"
71,STATE_B_DEFENSE,SEEDED,0.34659769200159174,0.631879572887758,360.7874353553689,67.03808495916991,"[np.float64(-0.0008363725694731704), np.float64(-0.0011781874205918916), np.float64(-9.271047919799614e-05), np.float64(0.002004748307535899), np.float64(0.003934092693631461), np.float64(0.0074003189850572046), np.float64(0.011055835386194153), np.float64(0.015243707576008783), np.float64(0.02096242294028966), np.float64(0.02762675891233213), np.float64(0.03509846400109322), np.float64(0.0433213876139939), np.float64(0.05113147976744449), np.float64(0.05981045740105007), np.float64(0.06913189843967324), np.float64(0.07853927282930614), np.float64(0.08780858815666509), np.float64(0.09779350014898135), np.float64(0.1068883757019945), np.float64(0.1167455912453068), np.float64(0.12703837978166763), np.float64(0.13825620582300716), np.float64(0.1499604589588728), np.float64(0.16113264764973473), np.float64(0.17150439570604026), np.float64(0.1825255923895386), np.float64(0.19385393245829813), np.float64(0.20443989775380805), np.float64(0.2151102876658422), np.float64(0.22630097819283912), np.float64(0.2379607170490256), np.float64(0.24886319618110828), np.float64(0.25929511406516853), np.float64(0.26905772933850186), np.float64(0.2791873076810512), np.float64(0.2899885218527945), np.float64(0.30080012401132705), np.float64(0.3112536385199085), np.float64(0.3225582732003042)]","[np.float64(8.040771066949244), np.float64(16.07879114297752), np.float64(24.131288464109947), np.float64(32.208779657766996), np.float64(40.29971686846939), np.float64(48.44307263369807), np.float64(56.619365648466534), np.float64(64.84172044496673), np.float64(73.15209656321464), np.float64(81.54495389835876), np.float64(90.0249536563819), np.float64(98.59835980331945), np.float64(107.2139416667953), np.float64(115.9368576730777), np.float64(124.76313871708743), np.float64(133.6648925943404), np.float64(142.6279211403048), np.float64(151.70930607998204), np.float64(160.79957757378304), np.float64(170.01471361085555), np.float64(179.3362304118284), np.float64(188.80873541104523), np.float64(198.40320297903884), np.float64(208.032672899024), np.float64(217.6663822950804), np.float64(227.43537306771535), np.float64(237.31148149191006), np.float64(247.1894819047591), np.float64(257.14923463958917), np.float64(267.2385959355908), np.float64(277.4562517978797), np.float64(287.66485187565104), np.float64(297.89079831539664), np.float64(308.1051769129794), np.float64(318.43038681706446), np.float64(328.9082848446269), np.float64(339.45827357456426), np.float64(350.03086321732445), np.float64(360.7874353553689)]"
73,STATE_B_DEFENSE,SEEDED,0.41981695185037804,0.5890096855198288,360.88427668577884,67.36839410762516,"[np.float64(-0.0018845236381841938), np.float64(-0.0021816178815200083), np.float64(-0.0018039388058086608), np.float64(-0.00025144258472400494), np.float64(0.001739977601612648), np.float64(0.0055187076958151445), np.float64(0.010469476535501251), np.float64(0.015842854387487115), np.float64(0.021496872883588994), np.float64(0.028013964249214134), np.float64(0.03558785001127267), np.float64(0.042986820690039014), np.float64(0.051480541304759354), np.float64(0.060013030577215465), np.float64(0.0682738214143609), np.float64(0.0772217220597384), np.float64(0.0873319263313647), np.float64(0.09749440505858994), np.float64(0.10845243576210238), np.float64(0.1181145467133519), np.float64(0.12873450559720429), np.float64(0.1390660602704148), np.float64(0.14920601616934534), np.float64(0.16041755391124232), np.float64(0.1706328768793613), np.float64(0.1823576930962565), np.float64(0.1936270761413321), np.float64(0.20480894632071442), np.float64(0.21535863844015427), np.float64(0.22650740298388805), np.float64(0.2374927368400328), np.float64(0.24771990389677395), np.float64(0.2578622882785659), np.float64(0.2689778577791546), np.float64(0.2804548608514118), np.float64(0.29048647552601825), np.float64(0.3010942178185478), np.float64(0.3113888292900199), np.float64(0.32327566510276123)]","[np.float64(8.036530283657102), np.float64(16.070668274400653), np.float64(24.11056409914231), np.float64(32.172408556593794), np.float64(40.255543830895746), np.float64(48.39767720882764), np.float64(56.60278894753697), np.float64(64.86067182569752), np.float64(73.17103883876528), np.float64(81.56009026951695), np.float64(90.0459841754754), np.float64(98.58227747827542), np.float64(107.23144616446633), np.float64(115.94761731163425), np.float64(124.7127175392856), np.float64(133.58285604379725), np.float64(142.59627546814664), np.float64(151.6882193821087), np.float64(160.91270025744288), np.float64(170.1184179583146), np.float64(179.47062959347264), np.float64(188.87536971856787), np.float64(198.3375627833784), np.float64(207.96802974401768), np.float64(217.58480235701094), np.float64(227.4185988518318), np.float64(237.28827860988977), np.float64(247.2266670184466), np.float64(257.1748023613617), np.float64(267.2603497545294), np.float64(277.4030385990768), np.float64(287.53235449123355), np.float64(297.7204584317499), np.float64(308.0946308195453), np.float64(318.5872357106042), np.float64(328.97085248876874), np.float64(339.4957080498914), np.float64(350.0479409099197), np.float64(360.88427668577884)]"
74,STATE_B_DEFENSE,SEEDED,0.22602467170712295,0.6138923381799063,371.46343130456125,71.17203484842815,"[np.float64(-0.0008025862542076359), np.float64(-0.00010890284092432503), np.float64(0.00019166471358305078), np.float64(0.0011464835323908963), np.float64(0.003439532755088341), np.float64(0.00650712756965398), np.float64(0.010704882258276809), np.float64(0.01613903528899959), np.float64(0.021926403922032385), np.float64(0.02786551181241712), np.float64(0.03491709551232975), np.float64(0.04268235556589237), np.float64(0.05122406947250023), np.float64(0.06017839873455883), np.float64(0.06975153570009122), np.float64(0.07882569273438005), np.float64(0.0877022989204976), np.float64(0.09724465992515671), np.float64(0.10740269538142615), np.float64(0.11726576954920827), np.float64(0.12754487942933893), np.float64(0.13778561856225457), np.float64(0.1484587511287266), np.float64(0.15878482040233421), np.float64(0.17005123342823747), np.float64(0.181155978263522), np.float64(0.192453585248882), np.float64(0.20339265982559782), np.float64(0.21434663049466696), np.float64(0.22490969156605153), np.float64(0.23487217242224706), np.float64(0.24486121841332187), np.float64(0.25617530328771676), np.float64(0.26675034760778255), np.float64(0.2774703234894057), np.float64(0.28907512328315604), np.float64(0.30083910148461673), np.float64(0.31180385391641596), np.float64(0.3217926325901457), np.float64(0.3332815987240335)]","[np.float64(8.039347155490317), np.float64(16.084274583838535), np.float64(24.130037806501416), np.float64(32.188737011429296), np.float64(40.28197355514042), np.float64(48.412199009334245), np.float64(56.5985563648188), np.float64(64.85772138846959), np.float64(73.17242560398603), np.float64(81.53860542313588), np.float64(89.99960384995391), np.float64(98.5490382716895), np.float64(107.1978641915235), np.float64(115.93448667503323), np.float64(124.77507814231622), np.float64(133.6567064910986), np.float64(142.5932858359219), np.float64(151.64195514088118), np.float64(160.80573048145044), np.float64(170.02131640430122), np.float64(179.34172611354825), np.float64(188.7330824520145), np.float64(198.2351523304267), np.float64(207.7819284133062), np.float64(217.4891421207557), np.float64(227.25953113533404), np.float64(237.12625266986086), np.float64(247.03406371103705), np.float64(257.0185482064032), np.float64(267.0351442904081), np.float64(277.05617109570704), np.float64(287.1478568185217), np.float64(297.46385194561924), np.float64(307.76523831712757), np.float64(318.1548781449845), np.float64(328.7280372131234), np.float64(339.39750673772164), np.float64(350.03637693499525), np.float64(360.6130197240519), np.float64(371.46343130456125)]"
72,STATE_B_DEFENSE,SEEDED,0.38519697572622363,0.5981289259175373,360.689031423996,66.86837976023283,"[np.float64(-0.001134737957681445), np.float64(-0.0008441982000805224), np.float64(0.0007343193135391665), np.float64(0.002489996579857853), np.float64(0.005100915672552256), np.float64(0.008607649768379966), np.float64(0.01352200847594629), np.float64(0.018748830264805186), np.float64(0.024563260220025987), np.float64(0.03100764007666045), np.float64(0.037708802477726), np.float64(0.045044524888184494), np.float64(0.05294454942512719), np.float64(0.06147056384305709), np.float64(0.07083465065073222), np.float64(0.080614015669917), np.float64(0.09043178286694986), np.float64(0.09985882465645068), np.float64(0.11001961116803502), np.float64(0.12018773402227804), np.float64(0.1302321434854558), np.float64(0.139979785867006), np.float64(0.1508349301517156), np.float64(0.1616375781324621), np.float64(0.17180567851519882), np.float64(0.1824322409867036), np.float64(0.1938298586706093), np.float64(0.20434995015306634), np.float64(0.2141847759186189), np.float64(0.22438775756334622), np.float64(0.2351967142802076), np.float64(0.2471178524901487), np.float64(0.25817360380510834), np.float64(0.2693853679482528), np.float64(0.27996004942379094), np.float64(0.29137673119986257), np.float64(0.3015396670765609), np.float64(0.31247996801375577), np.float64(0.32314291371302956)]","[np.float64(8.035601771567757), np.float64(16.07354068722654), np.float64(24.129348866732727), np.float64(32.20067429785163), np.float64(40.303224121690874), np.float64(48.44816473803662), np.float64(56.660393048975436), np.float64(64.9214931133719), np.float64(73.24480879819585), np.float64(81.63866470991807), np.float64(90.09389986183837), np.float64(98.63103583266721), np.float64(107.25339634266552), np.float64(115.97034900956628), np.float64(124.8008139899147), np.float64(133.72734788772502), np.float64(142.7292957935586), np.float64(151.77698725677774), np.float64(160.94736755005286), np.float64(170.19247463332238), np.float64(179.50149618627702), np.float64(188.8583569442309), np.float64(198.38064800822025), np.float64(207.97518487358204), np.float64(217.58690701761483), np.float64(227.3141288591613), np.float64(237.1919434317742), np.float64(247.05823348560958), np.float64(256.9243937635864), np.float64(266.8982307819509), np.float64(277.00952888233144), np.float64(287.32186540723126), np.float64(297.61113464728714), np.float64(307.99283399588177), np.float64(318.36931467526284), np.float64(328.92276328194765), np.float64(339.38713787411854), np.float64(350.02163521674265), np.float64(360.689031423996)]"
75,STATE_B_DEFENSE,SEEDED,0.41981695185037804,0.619591964066517,371.69840225467215,70.92103502374242,"[np.float64(-0.0002763706165991334), np.float64(0.00014102906759743645), np.float64(0.00126241795724447), np.float64(0.004034738548267854), np.float64(0.006395309820238307), np.float64(0.009393303769539757), np.float64(0.012323581613146287), np.float64(0.016886092304043258), np.float64(0.02205146424696448), np.float64(0.027693098502423224), np.float64(0.03457589657472385), np.float64(0.04193167520743261), np.float64(0.04936938023813042), np.float64(0.05711354179767495), np.float64(0.06570441285719354), np.float64(0.07436604456306484), np.float64(0.08413612036693746), np.float64(0.09368963194571792), np.float64(0.10429273915625085), np.float64(0.11393514359821284), np.float64(0.12450900537588065), np.float64(0.13467901771939875), np.float64(0.14497896293420215), np.float64(0.15504823902225295), np.float64(0.16526995400176958), np.float64(0.17538281764823083), np.float64(0.18596383644781325), np.float64(0.19614543333925435), np.float64(0.2070617140818647), np.float64(0.21844763850355917), np.float64(0.23030458539625956), np.float64(0.24224281992995075), np.float64(0.2541583683188605), np.float64(0.2653174514301644), np.float64(0.27585883420938784), np.float64(0.28613361772439944), np.float64(0.2969036218678313), np.float64(0.30798394141114993), np.float64(0.31901542070303834), np.float64(0.33002348189078234)]","[np.float64(8.056400119703712), np.float64(16.116163556869985), np.float64(24.187793992353544), np.float64(32.295008975640044), np.float64(40.41618855917251), np.float64(48.571611058025645), np.float64(56.74907219008907), np.float64(65.0020703639412), np.float64(73.31282259507725), np.float64(81.6832047852822), np.float64(90.15190574787927), np.float64(98.69653711320568), np.float64(107.3021922100454), np.float64(115.98181545702995), np.float64(124.77014786280532), np.float64(133.6279076573668), np.float64(142.62375852178994), np.float64(151.6773042198164), np.float64(160.8780368056056), np.float64(170.08303511347341), np.float64(179.43279091937288), np.float64(188.82532527462413), np.float64(198.3022483802442), np.float64(207.8319687087574), np.float64(217.44745625874887), np.float64(227.12454247552284), np.float64(236.91935190995656), np.float64(246.74654100928694), np.float64(256.72241177815476), np.float64(266.8245211234295), np.float64(277.05695947807743), np.float64(287.37850064950635), np.float64(297.7770195057005), np.float64(308.16244745040296), np.float64(318.5447160833663), np.float64(328.96265229145087), np.float64(339.51316897184853), np.float64(350.1755756736746), np.float64(360.90308310969033), np.float64(371.69840225467215)]"
76,STATE_B_DEFENSE,SEEDED,0.4703541583764425,0.6462062352596608,371.4572613539524,69.65230914160018,"[np.float64(-0.0014530338413454903), np.float64(-0.0010996000555749859), np.float64(-0.0005445238563685325), np.float64(0.002110408869654263), np.float64(0.005051903988097169), np.float64(0.009131603653486984), np.float64(0.01368154106989167), np.float64(0.01880354246790742), np.float64(0.02366336769674452), np.float64(0.02980468909397348), np.float64(0.03673574070715876), np.float64(0.044497055720876), np.float64(0.0521926052451713), np.float64(0.05976622219557752), np.float64(0.06860529528185477), np.float64(0.07723290481437287), np.float64(0.08659392443065277), np.float64(0.09609988794165389), np.float64(0.10651709188266195), np.float64(0.11701309268108707), np.float64(0.1275380797776699), np.float64(0.13747744657497096), np.float64(0.14758370270977025), np.float64(0.1574524168983815), np.float64(0.16697485865676795), np.float64(0.17713153085317404), np.float64(0.1876953511404603), np.float64(0.1981575400216784), np.float64(0.20822670916278715), np.float64(0.2190688773514882), np.float64(0.22991187865420165), np.float64(0.24103962406695514), np.float64(0.25208656079602487), np.float64(0.2625230372320776), np.float64(0.27290329600894503), np.float64(0.2835749764967272), np.float64(0.2940143527232936), np.float64(0.3052432465118281), np.float64(0.3158226885023816), np.float64(0.3269902499786505)]","[np.float64(8.055625044905337), np.float64(16.114101110607262), np.float64(24.17786653339176), np.float64(32.27994403528743), np.float64(40.409106234547224), np.float64(48.589244827219346), np.float64(56.81510377757745), np.float64(65.09538581588492), np.float64(73.40676505901517), np.float64(81.80736940003577), np.float64(90.2904288419441), np.float64(98.86665740759207), np.float64(107.49938264004149), np.float64(116.18446632532745), np.float64(125.00141097643913), np.float64(133.87200973911158), np.float64(142.85569315321553), np.float64(151.91916579525022), np.float64(161.11933454371263), np.float64(170.40177827363945), np.float64(179.76283098857624), np.float64(189.15118796403993), np.float64(198.625506295387), np.float64(208.15066848077666), np.float64(217.71369754688484), np.float64(227.40543474338668), np.float64(237.2090682585829), np.float64(247.07567419658523), np.float64(256.97283104360315), np.float64(267.02404584882817), np.float64(277.14923682796166), np.float64(287.38083180462917), np.float64(297.67757022394096), np.float64(307.9736555182146), np.float64(318.3323278211113), np.float64(328.7972048584565), np.float64(339.3018799809548), np.float64(349.9808803209474), np.float64(360.6436481125462), np.float64(371.4572613539524)]"
79,STATE_B_DEFENSE,SEEDED,0.2825308396339037,0.6172383986891333,360.53521908789907,66.7494919214431,"[np.float64(-0.0006509343786510752), np.float64(-0.00042723152027239063), np.float64(0.0006557292932045512), np.float64(0.00219816359485151), np.float64(0.00473785816848478), np.float64(0.009001372649505106), np.float64(0.013929921870723519), np.float64(0.019361339674231207), np.float64(0.02477840337926704), np.float64(0.03104985811489303), np.float64(0.03871165116365642), np.float64(0.04598213726702506), np.float64(0.05397916730230359), np.float64(0.06206258716055434), np.float64(0.0707703379994258), np.float64(0.08036736442936045), np.float64(0.09033616463204147), np.float64(0.10066665046349446), np.float64(0.11057992664757796), np.float64(0.12127094637617658), np.float64(0.1310617185504745), np.float64(0.1419617618616398), np.float64(0.152275377164671), np.float64(0.16225410618824193), np.float64(0.17314356275497705), np.float64(0.18453182053967124), np.float64(0.19560996793625984), np.float64(0.20559432088113758), np.float64(0.21549638268442736), np.float64(0.22718110057289717), np.float64(0.23802562133742164), np.float64(0.24859021144791382), np.float64(0.258935386024729), np.float64(0.26999226220988665), np.float64(0.2803709761387404), np.float64(0.29121603426249787), np.float64(0.30168264877440487), np.float64(0.312230819147842), np.float64(0.32362752775847997)]","[np.float64(8.032649153006668), np.float64(16.067096302418282), np.float64(24.113696523881107), np.float64(32.176365436611285), np.float64(40.27138636624475), np.float64(48.42808789500996), np.float64(56.63725582788577), np.float64(64.90142901430283), np.float64(73.207855422365), np.float64(81.59058114067368), np.float64(90.08248950538767), np.float64(98.61513488370896), np.float64(107.24067991040364), np.float64(115.93198819485625), np.float64(124.72100971109091), np.float64(133.6305955782728), np.float64(142.63605641479484), np.float64(151.74018250247352), np.float64(160.88987110448272), np.float64(170.17096956420943), np.float64(179.45792407497638), np.float64(188.90726261467026), np.float64(198.38378403423405), np.float64(207.90358556739827), np.float64(217.57840195733075), np.float64(227.37719623867577), np.float64(237.22405255436848), np.float64(247.03518916034938), np.float64(256.90646084669453), np.float64(267.03966645979074), np.float64(277.1575433519174), np.float64(287.3162135150362), np.float64(297.5197862558682), np.float64(307.8787024400637), np.float64(318.22635753403836), np.float64(328.70185050697097), np.float64(339.1989311094395), np.float64(349.77511365436953), np.float64(360.53521908789907)]"
77,STATE_B_DEFENSE,SEEDED,0.4504576203740549,0.5891222047711376,371.6275551152634,70.60706313430451,"[np.float64(-0.0012348524650810041), np.float64(-0.0014262094606426652), np.float64(0.0002403583924750418), np.float64(0.002187469479229812), np.float64(0.004021078622427346), np.float64(0.0075556491614287334), np.float64(0.011809587549213116), np.float64(0.016584002678287742), np.float64(0.022653433307446215), np.float64(0.029468643205654815), np.float64(0.03573037401553437), np.float64(0.04200041068648789), np.float64(0.04960743897086607), np.float64(0.0586734019921771), np.float64(0.06803212391951824), np.float64(0.07817657239018944), np.float64(0.08899524485244054), np.float64(0.09908988473053053), np.float64(0.10897497407525307), np.float64(0.11911037435648227), np.float64(0.12985714226875242), np.float64(0.13941888674994035), np.float64(0.14936986691677914), np.float64(0.15944641532045445), np.float64(0.16966234402484032), np.float64(0.179947461103215), np.float64(0.19080883112162506), np.float64(0.20110001821814918), np.float64(0.2114765266446982), np.float64(0.220872037547929), np.float64(0.23194579929398407), np.float64(0.24361128266965196), np.float64(0.2541875879060555), np.float64(0.2648597627365455), np.float64(0.2756449765562643), np.float64(0.28675060483297554), np.float64(0.2971197660009386), np.float64(0.30851156654525036), np.float64(0.31966561723045167), np.float64(0.33091720115031753)]","[np.float64(8.048298721900435), np.float64(16.09505536752607), np.float64(24.16272101181961), np.float64(32.24830356776195), np.float64(40.34723868281761), np.float64(48.50183495237183), np.float64(56.704801307950824), np.float64(64.95820574457017), np.float64(73.29580983417385), np.float64(81.71070531832694), np.float64(90.1547138614836), np.float64(98.64784195759536), np.float64(107.25787790096666), np.float64(116.00626241297357), np.float64(124.84059061860567), np.float64(133.7942119619973), np.float64(142.8677847962746), np.float64(151.9712754627909), np.float64(161.13388255411923), np.float64(170.38794081910052), np.float64(179.76430508598145), np.float64(189.11970669232917), np.float64(198.57754506610476), np.float64(208.1176822651466), np.float64(217.74222717187882), np.float64(227.44535971864278), np.float64(237.2778428275436), np.float64(247.12689694378204), np.float64(257.056090169384), np.float64(266.94926290412775), np.float64(277.0957674991141), np.float64(287.3854013106481), np.float64(297.6237517483352), np.float64(307.94453661958937), np.float64(318.3503662058944), np.float64(328.8683574028642), np.float64(339.36274228412645), np.float64(350.06184502187364), np.float64(360.80201616236707), np.float64(371.6275551152634)]"
78,STATE_B_DEFENSE,SEEDED,0.46597692001591723,0.6229683934318223,360.4416474721565,66.4619049532378,"[np.float64(-0.0008520416793099055), np.float64(-0.0005731619970273023), np.float64(0.0010360244041908472), np.float64(0.0028727075785384432), np.float64(0.005944453444835421), np.float64(0.009650693347467728), np.float64(0.01390205640317316), np.float64(0.0184211280193316), np.float64(0.024341497329709787), np.float64(0.030338929381786034), np.float64(0.03667715300942543), np.float64(0.04431220995851011), np.float64(0.052998383971003024), np.float64(0.06112518622282137), np.float64(0.0700766595842695), np.float64(0.07907986068985864), np.float64(0.089593843656318), np.float64(0.10002326737082223), np.float64(0.11130490319901805), np.float64(0.1219784221308486), np.float64(0.13224653860839272), np.float64(0.14342186730214923), np.float64(0.15525190520796617), np.float64(0.16596359247171075), np.float64(0.1761819560182514), np.float64(0.18650371650578562), np.float64(0.19670413967023917), np.float64(0.20725260212447205), np.float64(0.2179173568409369), np.float64(0.2281478755996373), np.float64(0.23889993047228095), np.float64(0.2500715464606167), np.float64(0.2613408239411111), np.float64(0.27130908706417206), np.float64(0.2816913202507031), np.float64(0.2918356567684988), np.float64(0.3027678363220715), np.float64(0.31341661600303733), np.float64(0.3234519207730755)]","[np.float64(8.0302890387175), np.float64(16.062819315270783), np.float64(24.113618341821205), np.float64(32.18097309871008), np.float64(40.28777465467151), np.float64(48.4343079844395), np.float64(56.625534794575344), np.float64(64.85895722652056), np.float64(73.17810646308838), np.float64(81.54668843725615), np.float64(89.97683729900993), np.float64(98.51734485882194), np.float64(107.17006136268378), np.float64(115.85842539671683), np.float64(124.6565144949537), np.float64(133.525142764483), np.float64(142.55994412948115), np.float64(151.66651774337254), np.float64(160.91128052143344), np.float64(170.19175735789122), np.float64(179.51720187491355), np.float64(188.9914697039794), np.float64(198.60146942594253), np.float64(208.19486384144395), np.float64(217.817886466558), np.float64(227.52240731558373), np.float64(237.28672132070665), np.float64(247.15726523441876), np.float64(257.1124948624503), np.float64(267.09321770258714), np.float64(277.2018235066885), np.float64(287.4310544381998), np.float64(297.74634615670146), np.float64(307.9787609442766), np.float64(318.32887960056354), np.float64(328.7171851170915), np.float64(339.274729354549), np.float64(349.8655043159542), np.float64(360.4416474721565)]"
81,STATE_B_DEFENSE,SEEDED,0.4226024671707123,0.6133418975780327,371.4100824234558,70.61776540080292,"[np.float64(-0.001510946675271269), np.float64(-0.0026540820892556128), np.float64(-0.00146290129748727), np.float64(0.0004392443311586224), np.float64(0.0033263988425283136), np.float64(0.006562063934259382), np.float64(0.011483971826401701), np.float64(0.01675065669870737), np.float64(0.02288158490996309), np.float64(0.029024826488136226), np.float64(0.036384340311412564), np.float64(0.04432669561615514), np.float64(0.052189178160543595), np.float64(0.060346926260821825), np.float64(0.06853712189287428), np.float64(0.07679661038875547), np.float64(0.08651512406324584), np.float64(0.09598438739861301), np.float64(0.10601702012012518), np.float64(0.11629464916039244), np.float64(0.1269276036388207), np.float64(0.13800088661331314), np.float64(0.14838641958116416), np.float64(0.15867072724725798), np.float64(0.1691000029178312), np.float64(0.179021718138119), np.float64(0.1892848702586124), np.float64(0.20039854093658122), np.float64(0.2115851711314137), np.float64(0.2229760446906461), np.float64(0.23421154052016507), np.float64(0.24465996739800186), np.float64(0.255403347189233), np.float64(0.2664311870173218), np.float64(0.27781915125284457), np.float64(0.2885587942599853), np.float64(0.29859098037653015), np.float64(0.30968685275244445), np.float64(0.3202050212153095), np.float64(0.3309342189318948)]","[np.float64(8.042425677796766), np.float64(16.07564122511051), np.float64(24.127857505550597), np.float64(32.20110338652589), np.float64(40.30941785415649), np.float64(48.44923585802523), np.float64(56.662136348362345), np.float64(64.9250989154878), np.float64(73.2606203164486), np.float64(81.64476222442023), np.float64(90.12982097837713), np.float64(98.6994739877134), np.float64(107.32617946095066), np.float64(116.02923496645052), np.float64(124.79623076549808), np.float64(133.62946348069164), np.float64(142.62058436054136), np.float64(151.6666488986523), np.float64(160.82364768754675), np.float64(170.07278337781295), np.float64(179.42489690320159), np.float64(188.89018119759592), np.float64(198.3751472902197), np.float64(207.92497666704625), np.float64(217.5610978402333), np.float64(227.22162043400408), np.float64(236.9856849185719), np.float64(246.90856929098265), np.float64(256.91554033530025), np.float64(267.02113159303366), np.float64(277.18638689362393), np.float64(287.33646281051864), np.float64(297.5918157056963), np.float64(307.9534810682132), np.float64(318.43305464585853), np.float64(328.90465688121304), np.float64(339.35426930860285), np.float64(350.0118376451602), np.float64(360.6622596250771), np.float64(371.4100824234558)]"
80,STATE_B_DEFENSE,SEEDED,0.2132908873855949,0.620351754639895,371.75342157289094,71.02888980373001,"[np.float64(-0.0014043360953345867), np.float64(-0.001197213685786868), np.float64(8.830598946954151e-05), np.float64(0.0023761041995933405), np.float64(0.005509977085083262), np.float64(0.008621917214197583), np.float64(0.011648730102940968), np.float64(0.015762068088842864), np.float64(0.021943362530231623), np.float64(0.028666048230842078), np.float64(0.03560549788601647), np.float64(0.04335028462904593), np.float64(0.051736085218361316), np.float64(0.061122539272242996), np.float64(0.07060377462123535), np.float64(0.07953508712201947), np.float64(0.08919786294221099), np.float64(0.09816530191230875), np.float64(0.10774392862463472), np.float64(0.11855257830378704), np.float64(0.12933652731514653), np.float64(0.13995568969779637), np.float64(0.15036291240625096), np.float64(0.16009014290090065), np.float64(0.17049684500025478), np.float64(0.1800739677400583), np.float64(0.19074489877778417), np.float64(0.20146290644480822), np.float64(0.21177166883155002), np.float64(0.22304453485423054), np.float64(0.23396620624405493), np.float64(0.2447675512539431), np.float64(0.25548210320699205), np.float64(0.2660523064392657), np.float64(0.2763859955754532), np.float64(0.2877462915968093), np.float64(0.2986285539492657), np.float64(0.30876954261446515), np.float64(0.32035417882259426), np.float64(0.3326628256301209)]","[np.float64(8.045067260972226), np.float64(16.09180309249927), np.float64(24.153232987720333), np.float64(32.24112483768261), np.float64(40.364356929549196), np.float64(48.512124294661604), np.float64(56.68233751834648), np.float64(64.91137724747925), np.float64(73.24715560978716), np.float64(81.65298094612915), np.float64(90.12072985527458), np.float64(98.68045809131432), np.float64(107.33258305198154), np.float64(116.10358952038675), np.float64(124.95121560850274), np.float64(133.83607920092737), np.float64(142.83582681442542), np.float64(151.85923411671826), np.float64(160.99342197494727), np.float64(170.29152655876237), np.float64(179.66596887758993), np.float64(189.10434494930132), np.float64(198.6003974325339), np.float64(208.10952188512294), np.float64(217.75090757212178), np.float64(227.38551957825717), np.float64(237.19633285876165), np.float64(247.08595307050925), np.float64(257.0059847172789), np.float64(267.10205650087255), np.float64(277.23507065339487), np.float64(287.42791796624516), np.float64(297.6830072918287), np.float64(307.9921041456062), np.float64(318.3419711079922), np.float64(328.8913838097476), np.float64(339.4525217841432), np.float64(349.98548071850877), np.float64(360.7818411917291), np.float64(371.75342157289094)]"
82,STATE_B_DEFENSE,SEEDED,0.26581774771189814,0.629519023719815,360.9425731651814,68.045245409439,"[np.float64(-0.001983537245028684), np.float64(-0.0022124351312749393), np.float64(-0.0014173604519189485), np.float64(0.0016833890086845995), np.float64(0.004726811557130882), np.float64(0.00857311449087156), np.float64(0.01264187856009833), np.float64(0.017701486755908224), np.float64(0.02253507944046029), np.float64(0.0289869273999149), np.float64(0.036344232601687176), np.float64(0.044423511993337154), np.float64(0.05253431746060638), np.float64(0.06050124853861111), np.float64(0.0701639761224832), np.float64(0.07977220404503592), np.float64(0.08802537918071258), np.float64(0.09724642913936578), np.float64(0.10732990313433251), np.float64(0.11801312633307824), np.float64(0.1282784453906652), np.float64(0.1388796516567294), np.float64(0.1497158552515945), np.float64(0.16038943536016556), np.float64(0.17115939042948577), np.float64(0.18221189622659212), np.float64(0.19337715214986076), np.float64(0.20504713442199127), np.float64(0.2163389127141242), np.float64(0.22662306573899735), np.float64(0.23635352093063328), np.float64(0.2462671129297728), np.float64(0.2576811179562662), np.float64(0.2692168445962442), np.float64(0.28110475589702977), np.float64(0.292749520874177), np.float64(0.3031896698083448), np.float64(0.31430322421734574), np.float64(0.3260074737144199)]","[np.float64(8.02914627120636), np.float64(16.056450929503715), np.float64(24.094270271685296), np.float64(32.17553259442395), np.float64(40.280468887817364), np.float64(48.42899548798237), np.float64(56.614346570108715), np.float64(64.86354918991549), np.float64(73.14457731584976), np.float64(81.52774793143404), np.float64(90.00056165981985), np.float64(98.56440015623355), np.float64(107.19190811034895), np.float64(115.87350525963984), np.float64(124.71449716357301), np.float64(133.62464718724513), np.float64(142.51774806691634), np.float64(151.5392419116413), np.float64(160.69139912492244), np.float64(169.9628340250865), np.float64(179.27839587081613), np.float64(188.69574828762185), np.float64(198.20911090620498), np.float64(207.7847365218461), np.float64(217.44455062519478), np.float64(227.20690600218768), np.float64(237.05719468536466), np.float64(247.03618145980857), np.float64(257.05485773185814), np.float64(267.0406247407218), np.float64(277.0343018926031), np.float64(287.1151193624475), np.float64(297.440243104738), np.float64(307.85580546450274), np.float64(318.39107348208285), np.float64(328.97296617826055), np.float64(339.47363878595706), np.float64(350.132077293944), np.float64(360.9425731651814)]"
83,STATE_B_DEFENSE,SEEDED,0.27775567051333067,0.61808633782068,371.21932708136706,69.66381336283317,"[np.float64(-0.0017515736848294295), np.float64(-0.0026992859356557257), np.float64(-0.0019270598983062175), np.float64(0.00018424147730139247), np.float64(0.002943147201355775), np.float64(0.00584873614134482), np.float64(0.009857745810952707), np.float64(0.014704953975548267), np.float64(0.020400807720322694), np.float64(0.026718514309167305), np.float64(0.03321896473699254), np.float64(0.040154118110617025), np.float64(0.04841973310887815), np.float64(0.05679515883933277), np.float64(0.06592066071861914), np.float64(0.07502060064117269), np.float64(0.0842569047820622), np.float64(0.0941992909439672), np.float64(0.10402992013689007), np.float64(0.11462013263525511), np.float64(0.1243700953046597), np.float64(0.13543298420135952), np.float64(0.1466935400304278), np.float64(0.15853637875884655), np.float64(0.16924677427016407), np.float64(0.179503329503669), np.float64(0.19010925424141348), np.float64(0.19995480876782246), np.float64(0.2101651721006672), np.float64(0.22084954867945758), np.float64(0.23160479125441025), np.float64(0.2427107415990011), np.float64(0.25293276967269424), np.float64(0.26341658150498226), np.float64(0.2741622367239495), np.float64(0.2850364101458582), np.float64(0.295613706862058), np.float64(0.305628318715739), np.float64(0.31636503515497), np.float64(0.32633379474014423)]","[np.float64(8.051253244522394), np.float64(16.094861014240305), np.float64(24.151636595666822), np.float64(32.23622402535953), np.float64(40.35081695995125), np.float64(48.491068928104404), np.float64(56.68554291968391), np.float64(64.93876835045563), np.float64(73.260870774903), np.float64(81.65257154015485), np.float64(90.10171133005021), np.float64(98.62210377727489), np.float64(107.26427844167301), np.float64(115.97586311335141), np.float64(124.79519650444887), np.float64(133.6818804829167), np.float64(142.6458659182382), np.float64(151.7277052953931), np.float64(160.87486396174612), np.float64(170.15221511798785), np.float64(179.43952374823414), np.float64(188.90680552609982), np.float64(198.47037443131268), np.float64(208.16621683058486), np.float64(217.83981974093), np.float64(227.54489872721592), np.float64(237.35662078294462), np.float64(247.16367651977768), np.float64(257.07775163140025), np.float64(267.1139061332611), np.float64(277.23084504987645), np.float64(287.4611604946439), np.float64(297.6610394373032), np.float64(307.9614624326796), np.float64(318.3644592554968), np.float64(328.854953063519), np.float64(339.3779805617502), np.float64(349.89484760290514), np.float64(360.5761075628545), np.float64(371.21932708136706)]"
84,STATE_B_DEFENSE,SEEDED,0.40230799840827697,0.6129556399722352,371.5965310274115,70.67254450166043,"[np.float64(-0.0011178787505855944), np.float64(-0.0006002510689358527), np.float64(0.00113123548530077), np.float64(0.0034693329942613836), np.float64(0.006603950783926645), np.float64(0.010230908440268686), np.float64(0.014730062949011741), np.float64(0.020213079762883425), np.float64(0.02604365435784093), np.float64(0.0317451404954357), np.float64(0.038137641026793276), np.float64(0.04555313458101236), np.float64(0.05283336825256774), np.float64(0.06006845822223075), np.float64(0.06870384013127531), np.float64(0.07823011033864812), np.float64(0.08728597102325168), np.float64(0.09659183312000573), np.float64(0.10638037162468533), np.float64(0.11604658469971829), np.float64(0.12617917830011574), np.float64(0.13536469901914658), np.float64(0.1453131673043382), np.float64(0.15575831196787196), np.float64(0.16643699914194127), np.float64(0.17777026283157857), np.float64(0.188551973120763), np.float64(0.1996393303502361), np.float64(0.2107475274724933), np.float64(0.22233780460962935), np.float64(0.2339298477256419), np.float64(0.2456822915549634), np.float64(0.2567094376219628), np.float64(0.2672955281496007), np.float64(0.2772661195427187), np.float64(0.2875586411085469), np.float64(0.29923459165091243), np.float64(0.31049315608460876), np.float64(0.3201796614053287), np.float64(0.3314689549361932)]","[np.float64(8.046430367336809), np.float64(16.097029910953403), np.float64(24.166452212946865), np.float64(32.25954079092387), np.float64(40.387359204463905), np.float64(48.55206586776652), np.float64(56.770071473210145), np.float64(65.05513282981865), np.float64(73.395860442518), np.float64(81.77722201111946), np.float64(90.23318592584303), np.float64(98.7871457603459), np.float64(107.39135204827235), np.float64(116.0489270073659), np.float64(124.84354189651725), np.float64(133.75864106516445), np.float64(142.71412232352873), np.float64(151.75434901798477), np.float64(160.89849042269378), np.float64(170.1050842722942), np.float64(179.41930863783483), np.float64(188.72807564461777), np.float64(198.16917448770457), np.float64(207.72601601127337), np.float64(217.3786010546018), np.float64(227.16937214784213), np.float64(236.98398071234828), np.float64(246.90479066932969), np.float64(256.9040380951781), np.float64(267.0318189345354), np.float64(277.2381971419178), np.float64(287.5409882359882), np.float64(297.8362228490955), np.float64(308.151300985396), np.float64(318.45999056306914), np.float64(328.8759738261943), np.float64(339.54055088657924), np.float64(350.22497472109745), np.float64(360.76738069866286), np.float64(371.5965310274115)]"
85,STATE_B_DEFENSE,SEEDED,0.1886191802626343,0.6498003084564196,371.7416810007168,70.87669458142244,"[np.float64(-0.0011154659207406419), np.float64(-0.0012223697629045068), np.float64(-0.00020678381840564405), np.float64(0.0010824480464950038), np.float64(0.003101892264265621), np.float64(0.0063331721478352195), np.float64(0.010714259619164663), np.float64(0.016302761218806926), np.float64(0.022016732187543124), np.float64(0.028088643140586823), np.float64(0.03443086387228844), np.float64(0.04140402546680081), np.float64(0.04943783498986298), np.float64(0.05815401059026934), np.float64(0.06703115585855733), np.float64(0.07588810063200455), np.float64(0.08445556270104028), np.float64(0.09411858444780713), np.float64(0.10344847968990135), np.float64(0.11355453855715529), np.float64(0.12428823045938676), np.float64(0.13522381398615071), np.float64(0.14576832394415856), np.float64(0.15621149943036133), np.float64(0.16667224524274768), np.float64(0.17738195408124546), np.float64(0.18780220219262378), np.float64(0.19882060197034163), np.float64(0.20926123465233196), np.float64(0.21984137972163126), np.float64(0.2312751352628362), np.float64(0.243495447507488), np.float64(0.2548504147331573), np.float64(0.2654269343859361), np.float64(0.27489470877735706), np.float64(0.28531574266938403), np.float64(0.2962867430109083), np.float64(0.30750482301349047), np.float64(0.3189433975721393), np.float64(0.3299320600838505)]","[np.float64(8.054232902543813), np.float64(16.107603792059763), np.float64(24.173686574600357), np.float64(32.2523566930065), np.float64(40.35608876078012), np.float64(48.50524294520911), np.float64(56.7124978611499), np.float64(64.99322376020831), np.float64(73.32263297458294), np.float64(81.71124359613836), np.float64(90.15918132449319), np.float64(98.68642384371587), np.float64(107.32187474335628), np.float64(116.05637898446729), np.float64(124.86661788706101), np.float64(133.7426962022146), np.float64(142.66628129586022), np.float64(151.7299245841546), np.float64(160.840780043174), np.float64(170.07962171005818), np.float64(179.4422335215642), np.float64(188.89913388799206), np.float64(198.40050861801154), np.float64(207.96795596885278), np.float64(217.61106839794502), np.float64(227.3518931353086), np.float64(237.13866281192682), np.float64(247.0595634115322), np.float64(256.99495786903344), np.float64(267.0173459488475), np.float64(277.2080181048216), np.float64(287.56671580894977), np.float64(297.9040850283662), np.float64(308.2222550046966), np.float64(318.4723577230304), np.float64(328.90763395830663), np.float64(339.48360337057346), np.float64(350.1642347123711), np.float64(360.9476557370643), np.float64(371.7416810007168)]"
86,STATE_B_DEFENSE,SEEDED,0.360525268603263,0.6597949502108377,371.3343709570815,70.63456643941217,"[np.float64(-0.001805351749625054), np.float64(-0.0024376485652588694), np.float64(-0.002155325569890226), np.float64(0.0004902962715380736), np.float64(0.0030717191804780714), np.float64(0.005504433463326428), np.float64(0.009966859338393936), np.float64(0.01455364547870576), np.float64(0.02039874491289743), np.float64(0.027801065201811723), np.float64(0.03462086236690703), np.float64(0.04228474165491918), np.float64(0.0506598608303431), np.float64(0.059266409974877234), np.float64(0.06727116492785187), np.float64(0.07603715734678464), np.float64(0.08535178366693418), np.float64(0.09563447000250191), np.float64(0.10535395467999305), np.float64(0.11588969535516797), np.float64(0.12625241804539933), np.float64(0.13642043554154992), np.float64(0.14593397320802598), np.float64(0.15638836142707363), np.float64(0.1676616075173703), np.float64(0.17827104906774774), np.float64(0.1891078250159959), np.float64(0.1999388809649391), np.float64(0.21083222581229863), np.float64(0.2218797614608706), np.float64(0.23349429939214375), np.float64(0.24420210982303112), np.float64(0.25546196078231825), np.float64(0.266379224431834), np.float64(0.27661705673546877), np.float64(0.2872227704588489), np.float64(0.2979715169615409), np.float64(0.3089230962387839), np.float64(0.31916969160482966), np.float64(0.3300660671015839)]","[np.float64(8.042224086281061), np.float64(16.079353095948512), np.float64(24.12244240051333), np.float64(32.205866114971954), np.float64(40.3092343234161), np.float64(48.42970200113298), np.float64(56.62655655234806), np.float64(64.86285285693658), np.float64(73.1806089079866), np.float64(81.60618643419241), np.float64(90.06412877966359), np.float64(98.61500191995034), np.float64(107.26127972733293), np.float64(115.98429512837288), np.float64(124.73754677940498), np.float64(133.59868035888607), np.float64(142.56165714248158), np.float64(151.6609947337199), np.float64(160.79510998767554), np.float64(170.06274338815746), np.float64(179.39309158717273), np.float64(188.782072531503), np.float64(198.18746605247904), np.float64(207.74551144094187), np.float64(217.45382965602525), np.float64(227.17707465761202), np.float64(236.9970466816175), np.float64(246.89150421146476), np.float64(256.8671308983694), np.float64(266.93409065340035), np.float64(277.1397485847676), np.float64(287.3187686264277), np.float64(297.6351853393892), np.float64(307.984852323452), np.float64(318.3221922909023), np.float64(328.77433578293045), np.float64(339.31484206798194), np.float64(349.9525911973896), np.float64(360.5649363151219), np.float64(371.3343709570815)]"
87,STATE_B_DEFENSE,SEEDED,0.2184639872662157,0.6427779556417598,361.11622939675675,68.1580313716627,"[np.float64(-0.0012542830773765244), np.float64(-0.0016655216509487882), np.float64(-0.0013454089741017086), np.float64(0.00024262925956497112), np.float64(0.0020170966422413264), np.float64(0.005167600165058763), np.float64(0.009810053377426674), np.float64(0.014829442203809166), np.float64(0.020095776761624908), np.float64(0.02640757208334952), np.float64(0.032887121556104855), np.float64(0.040443368075905366), np.float64(0.048417551016038556), np.float64(0.05694026716303103), np.float64(0.06590285671398867), np.float64(0.07568572348640645), np.float64(0.08494451873680653), np.float64(0.09445494422563103), np.float64(0.10449771996096346), np.float64(0.11450022236366936), np.float64(0.12460849832341774), np.float64(0.1349236107033762), np.float64(0.14512283367299172), np.float64(0.15643718340759918), np.float64(0.16795977711683768), np.float64(0.17903122147216788), np.float64(0.18991071837627452), np.float64(0.20021862816365205), np.float64(0.21174540680252257), np.float64(0.22263193126683745), np.float64(0.23401949489442464), np.float64(0.24578441869059117), np.float64(0.2566022185289661), np.float64(0.26766519354338364), np.float64(0.2795039372284301), np.float64(0.29154744728150833), np.float64(0.3020710422511674), np.float64(0.3127299227954023), np.float64(0.32360523261810764)]","[np.float64(8.043232584282402), np.float64(16.083152986096156), np.float64(24.128596926848058), np.float64(32.197031579093554), np.float64(40.28197285727104), np.float64(48.41429960541109), np.float64(56.61363588777561), np.float64(64.86190183011438), np.float64(73.15872811947264), np.float64(81.5385691234712), np.float64(89.97508772311369), np.float64(98.51301968158008), np.float64(107.13062928491576), np.float64(115.83943216170867), np.float64(124.63879295016709), np.float64(133.55675155469038), np.float64(142.5134483693857), np.float64(151.55651533955898), np.float64(160.70862122113084), np.float64(169.93124439695728), np.float64(179.2351309912143), np.float64(188.62930243694007), np.float64(198.0874839006922), np.float64(207.71861953911045), np.float64(217.44884954304473), np.float64(227.21613238989065), np.float64(237.04135157927502), np.float64(246.8831075004897), np.float64(256.9252875892695), np.float64(266.97603820806984), np.float64(277.1570093911035), np.float64(287.4581247039588), np.float64(297.7254862856717), np.float64(308.09479574084946), np.float64(318.63392989723764), np.float64(329.27658261525187), np.float64(339.799101844271), np.float64(350.4083538642727), np.float64(361.11622939675675)]"
89,STATE_B_DEFENSE,SEEDED,0.23756466374850777,0.617992924292115,370.99798010127785,70.07413503364326,"[np.float64(-0.000613097539588239), np.float64(-0.0007578163982535622), np.float64(-0.00024339833726218387), np.float64(0.0013936997059815835), np.float64(0.004370510920334222), np.float64(0.007797223892353914), np.float64(0.012163199397076547), np.float64(0.017066070790971024), np.float64(0.022176955644456296), np.float64(0.028451899206548146), np.float64(0.035811373782060764), np.float64(0.04382928625339726), np.float64(0.050930687821959864), np.float64(0.059345138131294085), np.float64(0.06771322097423622), np.float64(0.07619162099078064), np.float64(0.0847208543354302), np.float64(0.09405972261775133), np.float64(0.10363459295847194), np.float64(0.11355272764641894), np.float64(0.12361588043133376), np.float64(0.13427412303301406), np.float64(0.14493472735732552), np.float64(0.1558311958985014), np.float64(0.16607754930728513), np.float64(0.17709005769755004), np.float64(0.18781278227186915), np.float64(0.19839203524371493), np.float64(0.2091947475150282), np.float64(0.21883786446127176), np.float64(0.229712832210678), np.float64(0.2413226561774957), np.float64(0.2513936679741556), np.float64(0.2613896697032749), np.float64(0.27220898619820605), np.float64(0.2843774242216602), np.float64(0.29594256443964284), np.float64(0.30626013167323), np.float64(0.3170690137454758), np.float64(0.3277230709056845)]","[np.float64(8.046826354705383), np.float64(16.092487425290834), np.float64(24.144943746719708), np.float64(32.219605723073485), np.float64(40.334324106336744), np.float64(48.483686249654475), np.float64(56.686692041688865), np.float64(64.94150860556303), np.float64(73.24253297331215), np.float64(81.62999974784667), np.float64(90.11370082050158), np.float64(98.6856004009021), np.float64(107.27244815921898), np.float64(115.98573459773789), np.float64(124.76028901745676), np.float64(133.60496227888845), np.float64(142.51668737981532), np.float64(151.54821414562997), np.float64(160.66602766829158), np.float64(169.88036741142565), np.float64(179.178555853968), np.float64(188.5990478677734), np.float64(198.09613538473553), np.float64(207.69031765269762), np.float64(217.30090173380145), np.float64(227.057575714201), np.float64(236.86209395999347), np.float64(246.7262120994792), np.float64(256.6870310754728), np.float64(266.5950162441311), np.float64(276.707766720292), np.float64(286.97900285517136), np.float64(297.1452001116351), np.float64(307.36991352007294), np.float64(317.7642802027667), np.float64(328.4026366651446), np.float64(339.0411434627818), np.float64(349.58777374862876), np.float64(360.26881919069575), np.float64(370.99798010127785)]"
88,STATE_B_DEFENSE,SEEDED,0.48587345801830484,0.6764119492054889,361.0372332080207,67.40413999265603,"[np.float64(-0.001190804746469258), np.float64(-0.0022355933492460046), np.float64(-0.0016467518645057698), np.float64(0.0005922198596195486), np.float64(0.0039129554341406775), np.float64(0.007861815262995113), np.float64(0.01220201273333387), np.float64(0.017508264968190478), np.float64(0.023450522928561875), np.float64(0.030301948711764597), np.float64(0.03746275592893166), np.float64(0.04486707250090404), np.float64(0.052634165590914606), np.float64(0.06128154111731249), np.float64(0.0700843369823361), np.float64(0.07901214821603343), np.float64(0.08810460991461848), np.float64(0.09738356749790537), np.float64(0.1079222758186892), np.float64(0.11812271544281579), np.float64(0.12823658485598377), np.float64(0.13859051344824577), np.float64(0.14841758555522508), np.float64(0.15920022904259978), np.float64(0.17043399629090183), np.float64(0.18204320379500988), np.float64(0.19268078500867203), np.float64(0.20368762583447322), np.float64(0.21401008364688812), np.float64(0.22404427516537176), np.float64(0.23460064039804288), np.float64(0.2458135017005822), np.float64(0.2569951111409539), np.float64(0.2681456972950115), np.float64(0.2788657001722182), np.float64(0.2905068087401928), np.float64(0.3015667390730286), np.float64(0.31247844474820463), np.float64(0.3234665954302442)]","[np.float64(8.042149815270546), np.float64(16.07588506553286), np.float64(24.12094206721242), np.float64(32.19729935176176), np.float64(40.313353517892764), np.float64(48.47107362465647), np.float64(56.67121601383117), np.float64(64.93664594418165), np.float64(73.26673337953957), np.float64(81.679515670793), np.float64(90.1591556485753), np.float64(98.70579730524597), np.float64(107.32798515387904), np.float64(116.0577733965256), np.float64(124.86224981314764), np.float64(133.7408389099474), np.float64(142.69709757645538), np.float64(151.73390143434906), np.float64(160.9307893226727), np.float64(170.17886553906996), np.float64(179.4941410499868), np.float64(188.90234733945903), np.float64(198.3392407276844), np.float64(207.93201591648332), np.float64(217.64283071652906), np.float64(227.46831807009946), np.float64(237.27761515065973), np.float64(247.19849512012175), np.float64(257.12247400312015), np.float64(267.08574634605066), np.float64(277.17613593101123), np.float64(287.4136488059723), np.float64(297.7224796273061), np.float64(308.10190711466237), np.float64(318.5014452601103), np.float64(329.08913500166267), np.float64(339.67676307395715), np.float64(350.31648909290317), np.float64(361.0372332080207)]"
90,STATE_B_DEFENSE,SEEDED,0.4779148428173498,0.6184257494584976,360.9328379610211,67.964585258613,"[np.float64(-0.0009602559675038167), np.float64(-0.001167655103919764), np.float64(0.0002793338974853022), np.float64(0.0028215396905094284), np.float64(0.005431202300874532), np.float64(0.008108686280063592), np.float64(0.012969332334843842), np.float64(0.017653805895984084), np.float64(0.02323071517023041), np.float64(0.029935013187115007), np.float64(0.038144964718442274), np.float64(0.046348749103078894), np.float64(0.054466385318787565), np.float64(0.06203503804338379), np.float64(0.07122402279684534), np.float64(0.08108733067754163), np.float64(0.0911147704166849), np.float64(0.1008120776558141), np.float64(0.11065267268028987), np.float64(0.1205998091178464), np.float64(0.13011742041325483), np.float64(0.14006780274601036), np.float64(0.1501721842563491), np.float64(0.16069426410262913), np.float64(0.1720379536429265), np.float64(0.18340431274718969), np.float64(0.1951192504038091), np.float64(0.20607705406497573), np.float64(0.21666401265362856), np.float64(0.22767321632785864), np.float64(0.2380892291122743), np.float64(0.24924493744584056), np.float64(0.260331958002982), np.float64(0.2714808274634909), np.float64(0.2827665625888728), np.float64(0.2949200595030719), np.float64(0.3063869085938743), np.float64(0.3164870342138961), np.float64(0.3272941447090045)]","[np.float64(8.029150211979697), np.float64(16.05663349802947), np.float64(24.102389632918822), np.float64(32.17733101220662), np.float64(40.2739645827515), np.float64(48.3930649525587), np.float64(56.59452102068668), np.float64(64.82883505437216), np.float64(73.1320072410975), np.float64(81.52355529262252), np.float64(90.03261949670144), np.float64(98.60471355241476), np.float64(107.23533730466855), np.float64(115.89792436799091), np.float64(124.71239247607981), np.float64(133.63757048382845), np.float64(142.64690026922364), np.float64(151.70758607321142), np.float64(160.84995139218654), np.float64(170.07225409124143), np.float64(179.332614241835), np.float64(188.69753252012492), np.float64(198.14698397326862), np.float64(207.70567415858457), np.float64(217.4147710238533), np.float64(227.20512417813956), np.float64(237.1087522485612), np.float64(247.01524584632227), np.float64(256.95763658532036), np.float64(267.0181885358159), np.float64(277.08681878152623), np.float64(287.3108172079196), np.float64(297.60115628725066), np.float64(307.9725613631026), np.float64(318.43446011530966), np.float64(329.08052392278415), np.float64(339.7158686615111), np.float64(350.2435044928724), np.float64(360.9328379610211)]"
91,STATE_B_DEFENSE,SEEDED,0.4222045364106645,0.6150659773549457,371.4371599960539,70.3150508694344,"[np.float64(-0.0003045401049610897), np.float64(-0.0010189076945095027), np.float64(0.0005809207786337492), np.float64(0.002395380588853372), np.float64(0.0049060743344367655), np.float64(0.008987461063691771), np.float64(0.013493692962738857), np.float64(0.018120597847051837), np.float64(0.023866361230812098), np.float64(0.02991617993659869), np.float64(0.03654097480642214), np.float64(0.04416254913012181), np.float64(0.0524315549030932), np.float64(0.061005687129863005), np.float64(0.07049701107610751), np.float64(0.07956014741450344), np.float64(0.08905669496173721), np.float64(0.09894104431568111), np.float64(0.10883576521654524), np.float64(0.11887955967540824), np.float64(0.12856709654990434), np.float64(0.13841357802681417), np.float64(0.14905314095494315), np.float64(0.15966168649122087), np.float64(0.16988110322304983), np.float64(0.18012146346093275), np.float64(0.19017552322336342), np.float64(0.20124518903471958), np.float64(0.2117721386550067), np.float64(0.223022429976231), np.float64(0.2339805687771752), np.float64(0.24439960811125855), np.float64(0.25531413337906894), np.float64(0.2668981913656053), np.float64(0.2770421530734679), np.float64(0.2871724406585829), np.float64(0.2983837843725477), np.float64(0.309919410383249), np.float64(0.32024254745910485), np.float64(0.33096832517253455)]","[np.float64(8.047766340633071), np.float64(16.089780838741362), np.float64(24.15398888499351), np.float64(32.23450595193229), np.float64(40.343561866632974), np.float64(48.510486898747054), np.float64(56.72180779283781), np.float64(64.97272737020194), np.float64(73.30028199637152), np.float64(81.68502365493381), np.float64(90.14204804877052), np.float64(98.69764743229796), np.float64(107.34499039714984), np.float64(116.07224656602166), np.float64(124.9181337248639), np.float64(133.80887004806857), np.float64(142.79587587430282), np.float64(151.8802141599457), np.float64(161.03812762340348), np.float64(170.2798129080509), np.float64(179.56615591117745), np.float64(188.93578091888418), np.float64(198.4446485559373), np.float64(208.02637193377785), np.float64(217.6468421525807), np.float64(227.34122783912477), np.float64(237.0886534402351), np.float64(247.01046923515457), np.float64(256.9508022728911), np.float64(267.04224128645023), np.float64(277.17710409804954), np.float64(287.323673154132), np.float64(297.59912352084706), np.float64(308.02876441884337), np.float64(318.3553549989881), np.float64(328.74742951512064), np.float64(339.3475860617148), np.float64(350.06394610372206), np.float64(360.6890583584237), np.float64(371.4371599960539)]"
92,STATE_B_DEFENSE,SEEDED,0.45005968961400716,0.6152504826334247,371.4742609459657,70.40461295706709,"[np.float64(-0.001556841924126784), np.float64(-0.002738048103190681), np.float64(-0.002198401791064018), np.float64(-0.0005486994279266046), np.float64(0.0025258542962076423), np.float64(0.0061245328434629456), np.float64(0.010257442696595856), np.float64(0.015296979157879347), np.float64(0.02127579163621365), np.float64(0.027879946682640207), np.float64(0.034691832254617444), np.float64(0.042285518740416715), np.float64(0.05054268695836771), np.float64(0.05892401915415117), np.float64(0.06826644453588619), np.float64(0.0775265012443955), np.float64(0.0863847596137523), np.float64(0.09597647436617973), np.float64(0.10661884465470396), np.float64(0.11671620894332442), np.float64(0.12716721733462738), np.float64(0.13720502021637776), np.float64(0.1473363598935716), np.float64(0.1584642046026777), np.float64(0.16944296437080436), np.float64(0.1792010731391651), np.float64(0.1884052870866489), np.float64(0.19953412535011672), np.float64(0.2109331110838219), np.float64(0.22237913972862702), np.float64(0.23292116011800895), np.float64(0.24355892767685342), np.float64(0.2545947477043859), np.float64(0.2655538303858743), np.float64(0.2755190250776114), np.float64(0.28658491203759434), np.float64(0.29802524248467904), np.float64(0.3080265728936518), np.float64(0.3186416323084557), np.float64(0.3295021736956098)]","[np.float64(8.047961363979619), np.float64(16.08639878572753), np.float64(24.13612589558402), np.float64(32.208093641404076), np.float64(40.32199442543637), np.float64(48.4731596979067), np.float64(56.668051442255916), np.float64(64.92481849007154), np.float64(73.25516288135476), np.float64(81.65737350520149), np.float64(90.1202537149029), np.float64(98.67310807004903), np.float64(107.31845565154643), np.float64(116.03383480752234), np.float64(124.8691808325538), np.float64(133.7698293120693), np.float64(142.7134692959149), np.float64(151.7739829149066), np.float64(160.98182327171114), np.float64(170.22589088587637), np.float64(179.57161125313937), np.float64(188.95843140246123), np.float64(198.42547317348763), np.float64(208.05433128742743), np.float64(217.7477827978505), np.float64(227.400539652263), np.float64(237.06654040622482), np.float64(246.9952181250485), np.float64(257.0290939357925), np.float64(267.14584867426174), np.float64(277.238510650655), np.float64(287.41363894334336), np.float64(297.7075732103564), np.float64(308.0657651113658), np.float64(318.37262986693725), np.float64(328.8864173356643), np.float64(339.521673854958), np.float64(350.0387225262544), np.float64(360.7050384929778), np.float64(371.4742609459657)]"
95,STATE_B_DEFENSE,SEEDED,0.4703541583764425,0.6759744890831989,361.18425661346583,67.78102002937099,"[np.float64(-0.001004121202946566), np.float64(-0.0005903959786137937), np.float64(-0.00034024341170930906), np.float64(0.001474696686672413), np.float64(0.004849990568881853), np.float64(0.008144374842908576), np.float64(0.012396980204197208), np.float64(0.017882081904192083), np.float64(0.0243040645182529), np.float64(0.030802630204482654), np.float64(0.037888606838859466), np.float64(0.04463682393983389), np.float64(0.052052519844582305), np.float64(0.06093790392118477), np.float64(0.06988287356680221), np.float64(0.07905305792048926), np.float64(0.08835333872792395), np.float64(0.0986974671436491), np.float64(0.10851040364242057), np.float64(0.11824694278941351), np.float64(0.12848997742247673), np.float64(0.1386775987123945), np.float64(0.1493303632915257), np.float64(0.16026810420107318), np.float64(0.17144287965270139), np.float64(0.1828995372945796), np.float64(0.19420425702237604), np.float64(0.20535317516721835), np.float64(0.2166948636332846), np.float64(0.2276363329018819), np.float64(0.238855239362126), np.float64(0.24993565371452497), np.float64(0.26061902372250084), np.float64(0.2717889651173041), np.float64(0.2819170778639633), np.float64(0.2928757537225527), np.float64(0.3036784860059061), np.float64(0.3147565856240145), np.float64(0.32579497131348206)]","[np.float64(8.03910811727293), np.float64(16.08154521476961), np.float64(24.125336545484444), np.float64(32.19630278125006), np.float64(40.313141404824776), np.float64(48.45500438172488), np.float64(56.64994358820466), np.float64(64.91794189842754), np.float64(73.26270989678068), np.float64(81.6608281992459), np.float64(90.13512776015727), np.float64(98.64837431671808), np.float64(107.24772388708533), np.float64(115.98425565279885), np.float64(124.79161292501271), np.float64(133.68029761064122), np.float64(142.6460990562142), np.float64(151.75310572335704), np.float64(160.89757880071318), np.float64(170.1080540921106), np.float64(179.42963309091235), np.float64(188.8204770008445), np.float64(198.32446768052432), np.float64(207.9296582252218), np.float64(217.6339218730006), np.float64(227.44337968522692), np.float64(237.31713289164404), np.float64(247.25279556526831), np.float64(257.2852306339354), np.float64(267.35120293404094), np.float64(277.52237019272235), np.float64(287.7529784763882), np.float64(298.01072182791324), np.float64(308.39864727602054), np.float64(318.73079954964265), np.float64(329.23569731755265), np.float64(339.7918786180677), np.float64(350.45502801878496), np.float64(361.18425661346583)]"
93,STATE_B_DEFENSE,SEEDED,0.4174293672900915,0.6013997481508135,371.80194354764245,70.43803638121602,"[np.float64(0.00025810220232834377), np.float64(1.627747929758468e-05), np.float64(0.0013253480742965323), np.float64(0.0032878296191191352), np.float64(0.006267765194444994), np.float64(0.010032479973953701), np.float64(0.014469998469965056), np.float64(0.01985285655096782), np.float64(0.025785762922761114), np.float64(0.0331183241499068), np.float64(0.03992794563788641), np.float64(0.047620219260003156), np.float64(0.05558746320065357), np.float64(0.062457567235477705), np.float64(0.06985014531045476), np.float64(0.07798145442786218), np.float64(0.08774471017650605), np.float64(0.09825198105998259), np.float64(0.10889509364316187), np.float64(0.11907918720691045), np.float64(0.1295149076569034), np.float64(0.14104724449769848), np.float64(0.15096501434922574), np.float64(0.1611050523828992), np.float64(0.17092323674179213), np.float64(0.1812367610564091), np.float64(0.19215676769354137), np.float64(0.20400326154271714), np.float64(0.2158109793250541), np.float64(0.2268709987246136), np.float64(0.23756327297812713), np.float64(0.24802279749893968), np.float64(0.2591128501533951), np.float64(0.26957937785923053), np.float64(0.2798981731066082), np.float64(0.29143056822952396), np.float64(0.3016464406022752), np.float64(0.3117335732364881), np.float64(0.3222371680483998), np.float64(0.33293664971394366)]","[np.float64(8.051984842101188), np.float64(16.10202289996513), np.float64(24.168837935917985), np.float64(32.2566805364735), np.float64(40.38068616691497), np.float64(48.54738369539501), np.float64(56.7628971695413), np.float64(65.04376244963079), np.float64(73.38676651098346), np.float64(81.83176944266442), np.float64(90.3111181546115), np.float64(98.88492572238772), np.float64(107.53191345297702), np.float64(116.17983154207364), np.float64(124.9107004630483), np.float64(133.74345465124014), np.float64(142.74447940817893), np.float64(151.86944732049506), np.float64(161.08152837112416), np.float64(170.3363413238971), np.float64(179.68515063802036), np.float64(189.20011838002384), np.float64(198.65788481243516), np.float64(208.20632031937427), np.float64(217.79661751184483), np.float64(227.5038417228281), np.float64(237.3435085877174), np.float64(247.35390599134908), np.float64(257.4411329910004), np.float64(267.5269970596071), np.float64(277.6465681391656), np.float64(287.8115029266925), np.float64(298.1214176166484), np.float64(308.42939108462195), np.float64(318.7885127754601), np.float64(329.3706838181833), np.float64(339.85616413044903), np.float64(350.3913073318941), np.float64(361.0490422074658), np.float64(371.80194354764245)]"
97,STATE_B_DEFENSE,SEEDED,0.38678869876641464,0.6275480542547951,360.7697697906096,66.91503209756846,"[np.float64(-0.0010307929922107636), np.float64(-0.0007436111371295144), np.float64(0.00024232396268957125), np.float64(0.0018113586088201498), np.float64(0.0050425652627965264), np.float64(0.008268575163108553), np.float64(0.012568105478229554), np.float64(0.018526670802643894), np.float64(0.02423657522133704), np.float64(0.029915104354980106), np.float64(0.03623987748335179), np.float64(0.04280087143746387), np.float64(0.05164400809660118), np.float64(0.0606800132494015), np.float64(0.06944703901528208), np.float64(0.07860266949934828), np.float64(0.08882625751083742), np.float64(0.0990891176063175), np.float64(0.10916278630728518), np.float64(0.12024244544514691), np.float64(0.13145539614596008), np.float64(0.14265087060829845), np.float64(0.15293479399264143), np.float64(0.16326169646226865), np.float64(0.17445039406669896), np.float64(0.1860907588226773), np.float64(0.1965147635840206), np.float64(0.2064199875202074), np.float64(0.21662781730650463), np.float64(0.22692184120178124), np.float64(0.23859236305805892), np.float64(0.24936314866515324), np.float64(0.2603028947202786), np.float64(0.2712890894768694), np.float64(0.28163673023012703), np.float64(0.2926663806184561), np.float64(0.30355985376687317), np.float64(0.3137152711024856), np.float64(0.3238920252034093)]","[np.float64(8.035544303881592), np.float64(16.07339848546188), np.float64(24.12198913626493), np.float64(32.187868341617836), np.float64(40.2996691931369), np.float64(48.437153761479976), np.float64(56.63037154814621), np.float64(64.9105724312224), np.float64(73.22879686281051), np.float64(81.59056919997903), np.float64(90.02478336324378), np.float64(98.51927063279115), np.float64(107.18079582181186), np.float64(115.92029497168082), np.float64(124.71254715993066), np.float64(133.59493016360543), np.float64(142.61574119020418), np.float64(151.71489058539865), np.float64(160.87571688582602), np.float64(170.18655877336556), np.float64(179.5879789267545), np.float64(189.06829485720087), np.float64(198.54980191591395), np.float64(208.1082057758528), np.float64(217.81941978537373), np.float64(227.65204623220396), np.float64(237.44446165376516), np.float64(247.25583109283266), np.float64(257.1675208194503), np.float64(267.15847316538753), np.float64(277.3736119951522), np.float64(287.5633758924099), np.float64(297.8452346076855), np.float64(308.20545855779363), np.float64(318.55891699057406), np.float64(329.0674887518011), np.float64(339.6303257885453), np.float64(350.16559267009956), np.float64(360.7697697906096)]"
94,STATE_B_DEFENSE,SEEDED,0.42578591325109433,0.6236568747747901,371.5315537401224,70.8861640528613,"[np.float64(-0.0016404836356050444), np.float64(-0.0018786282870362808), np.float64(-0.0010795770978067384), np.float64(0.0006173369475999078), np.float64(0.003279015659499976), np.float64(0.006433199082425316), np.float64(0.010093211781673779), np.float64(0.015268172530438719), np.float64(0.021118405172648576), np.float64(0.027727082826557614), np.float64(0.03530754748665645), np.float64(0.04247882826162165), np.float64(0.05055780203285043), np.float64(0.05783411168753238), np.float64(0.06573306755372113), np.float64(0.07499307650234056), np.float64(0.08389409455472029), np.float64(0.09314589947438708), np.float64(0.1034346923915674), np.float64(0.1146646062753057), np.float64(0.1256455248593835), np.float64(0.1360309186813592), np.float64(0.14629771575411152), np.float64(0.15635890582069192), np.float64(0.1667012409235008), np.float64(0.17752966678649656), np.float64(0.187934394584222), np.float64(0.19879544516933026), np.float64(0.2103312260208555), np.float64(0.22085181340139176), np.float64(0.2316211525262381), np.float64(0.24245067623140595), np.float64(0.2537143266587685), np.float64(0.26482297511616626), np.float64(0.27618135383362363), np.float64(0.2868486634514438), np.float64(0.2983870111470295), np.float64(0.30965688840870514), np.float64(0.32024258539539874), np.float64(0.3302452253023361)]","[np.float64(8.046617160070921), np.float64(16.091314798070712), np.float64(24.14663175275598), np.float64(32.222843427885095), np.float64(40.332089920566624), np.float64(48.47452762250595), np.float64(56.65635417633413), np.float64(64.91577270465412), np.float64(73.24035144743489), np.float64(81.64108329061229), np.float64(90.13578248304914), np.float64(98.66990860680622), np.float64(107.30579749991276), np.float64(115.95959169492014), np.float64(124.70542240708242), np.float64(133.59575981483803), np.float64(142.5319426735791), np.float64(151.55889429138472), np.float64(160.72993761142578), np.float64(170.0481687510582), np.float64(179.42790128822924), np.float64(188.83722711595027), np.float64(198.31081875268953), np.float64(207.8391820342689), np.float64(217.46516395988425), np.float64(227.21088580579323), np.float64(236.98990704099384), np.float64(246.88825579025385), np.float64(256.93305156586325), np.float64(266.9454907248291), np.float64(277.05763420343146), np.float64(287.24958821892307), np.float64(297.5658528632951), np.float64(307.93825755608117), np.float64(318.41542629445627), np.float64(328.8789647882815), np.float64(339.5264895903036), np.float64(350.2129655557956), np.float64(360.8787698313906), np.float64(371.5315537401224)]"
96,STATE_B_DEFENSE,SEEDED,0.23915638678869877,0.6000685496653311,360.8484272228267,67.35159770528215,"[np.float64(-0.0014962720449770684), np.float64(-0.001631903694492256), np.float64(-0.00022015072960173478), np.float64(0.0018505687120721817), np.float64(0.004241027599064691), np.float64(0.007214315173072768), np.float64(0.011075969937992206), np.float64(0.015563621720120747), np.float64(0.021232649795330044), np.float64(0.027255140223672505), np.float64(0.03478574318197708), np.float64(0.04329425523077818), np.float64(0.051574190251798366), np.float64(0.06024765320823232), np.float64(0.06984303636695707), np.float64(0.07910919681696882), np.float64(0.0890896168661636), np.float64(0.09854788117141146), np.float64(0.10772159269035195), np.float64(0.1180293522469515), np.float64(0.12927898329312112), np.float64(0.14009978483378546), np.float64(0.15062253988303476), np.float64(0.16068053413279607), np.float64(0.17041626755460446), np.float64(0.18048458370961212), np.float64(0.19044620019300823), np.float64(0.20107949757355711), np.float64(0.2110869532766842), np.float64(0.22259385312616414), np.float64(0.2337375784502266), np.float64(0.24434971596807176), np.float64(0.2559473511440151), np.float64(0.2676774187809512), np.float64(0.2793741305572278), np.float64(0.28994959110306534), np.float64(0.3000460873699661), np.float64(0.3108125344000579), np.float64(0.3228363903561218)]","[np.float64(8.038629051218118), np.float64(16.07616613901638), np.float64(24.131292690081807), np.float64(32.20835977840695), np.float64(40.30845269493728), np.float64(48.44169580313752), np.float64(56.62354784008205), np.float64(64.85608030946025), np.float64(73.1664523869386), np.float64(81.53541846495034), np.float64(90.0171059747092), np.float64(98.60337880066835), np.float64(107.24337040734142), np.float64(115.96817923173066), np.float64(124.81260112478672), np.float64(133.70874808557974), np.float64(142.72099773515208), np.float64(151.77112153601942), np.float64(160.8703677484495), np.float64(170.1232776329572), np.float64(179.52587846191417), np.float64(188.97365179453772), np.float64(198.47299237737911), np.float64(208.0054600290937), np.float64(217.57917530417402), np.float64(227.25353673198802), np.float64(236.98769321447656), np.float64(246.86018555098698), np.float64(256.73956654222883), np.float64(266.8514098394108), np.float64(277.0002961173625), np.float64(287.16291138621665), np.float64(297.5135841743109), np.float64(307.95725305756935), np.float64(318.47399054439205), np.float64(328.9243410322349), np.float64(339.38155974426843), np.float64(349.9943490388346), np.float64(360.8484272228267)]"
98,STATE_B_DEFENSE,SEEDED,0.2602467170712296,0.620775266610808,360.8643042947299,67.67619865974231,"[np.float64(-0.0018499097350531631), np.float64(-0.0021263010103373552), np.float64(-0.0008662601529679432), np.float64(0.0005008960129664112), np.float64(0.0031236120531387534), np.float64(0.006668566457215273), np.float64(0.010883531561919488), np.float64(0.015854339660706346), np.float64(0.021988623086444475), np.float64(0.028696400109372064), np.float64(0.03651168982708091), np.float64(0.04443799957268601), np.float64(0.05208620973337704), np.float64(0.06028888855212759), np.float64(0.06944850447573678), np.float64(0.0783182755292965), np.float64(0.08759831503099243), np.float64(0.0972840103084254), np.float64(0.10688161428131614), np.float64(0.11704862093652936), np.float64(0.12730255802520182), np.float64(0.13740874252967905), np.float64(0.14913217643684215), np.float64(0.16067652103970043), np.float64(0.17118576178695105), np.float64(0.1813287635933595), np.float64(0.19184333514827503), np.float64(0.20212949923596532), np.float64(0.21234708751404807), np.float64(0.22310521756523602), np.float64(0.2342677956391107), np.float64(0.24534354954765647), np.float64(0.2564263983479557), np.float64(0.26778524289333894), np.float64(0.27902667209681464), np.float64(0.29077873496778495), np.float64(0.30147240326651564), np.float64(0.312244855823822), np.float64(0.32383503711949124)]","[np.float64(8.034526871254357), np.float64(16.066828799687737), np.float64(24.115454398499956), np.float64(32.17593046246916), np.float64(40.272594875824865), np.float64(48.41243051812041), np.float64(56.59928997886841), np.float64(64.84374503682665), np.float64(73.16913526293669), np.float64(81.56540414704679), np.float64(90.06212083622778), np.float64(98.62453318084866), np.float64(107.23372656028675), np.float64(115.93178511056807), np.float64(124.74799672140894), np.float64(133.6151944162929), np.float64(142.57571782663194), np.float64(151.6332393147339), np.float64(160.7557700766443), np.float64(169.99197373958526), np.float64(179.30893181333607), np.float64(188.6875929235645), np.float64(198.27831113292717), np.float64(207.93577900583784), np.float64(217.5781516487956), np.float64(227.25901479904184), np.float64(237.0476927988275), np.float64(246.88575987468278), np.float64(256.7874928238882), np.float64(266.81825928070054), np.float64(276.9674770840487), np.float64(287.1818233140289), np.float64(297.47114738167323), np.float64(307.8677130090605), np.float64(318.3246185185333), np.float64(328.92038061807796), np.float64(339.4545140559731), np.float64(350.0688101825129), np.float64(360.8643042947299)]"
99,STATE_B_DEFENSE,SEEDED,0.44846796657381616,0.6248049297331758,360.77863839742434,66.96342327797386,"[np.float64(-0.0006996540776422637), np.float64(-0.0007502888036545611), np.float64(-0.0004107239098243115), np.float64(0.001047325110784109), np.float64(0.004582285506358071), np.float64(0.008237118843946099), np.float64(0.01330158289067329), np.float64(0.01789334096815214), np.float64(0.024080659504462053), np.float64(0.030606606581078083), np.float64(0.03715834997612322), np.float64(0.045361027980925485), np.float64(0.05373342219156026), np.float64(0.06228282460917824), np.float64(0.07239479202517313), np.float64(0.08265908703759783), np.float64(0.09194890743256663), np.float64(0.10226037070583367), np.float64(0.11126518592302613), np.float64(0.12144974883865155), np.float64(0.13146683466662273), np.float64(0.14204400299019534), np.float64(0.15211482054339504), np.float64(0.1621532455288376), np.float64(0.17293006963535346), np.float64(0.18329270886102517), np.float64(0.19332308231385195), np.float64(0.2033509811931481), np.float64(0.21509980695972142), np.float64(0.2270861747809739), np.float64(0.23842240771818954), np.float64(0.24924947263945332), np.float64(0.2603612990531894), np.float64(0.27142602245888525), np.float64(0.2809584215806353), np.float64(0.29086005059222503), np.float64(0.30175452651609436), np.float64(0.31280120712407716), np.float64(0.32408500620450165)]","[np.float64(8.03648786345294), np.float64(16.072568511480007), np.float64(24.112948752723526), np.float64(32.174037997472205), np.float64(40.288494268056546), np.float64(48.43405892383238), np.float64(56.64814262971416), np.float64(64.88725437602596), np.float64(73.2196866372295), np.float64(81.61401347383278), np.float64(90.06032161196909), np.float64(98.63536884148186), np.float64(107.28203531557054), np.float64(116.00224382240415), np.float64(124.87827226154718), np.float64(133.83944272389326), np.float64(142.81320140698728), np.float64(151.92627027118266), np.float64(161.02033642020746), np.float64(170.27001683659842), np.float64(179.5802133972332), np.float64(189.0089519370393), np.float64(198.46959889379497), np.float64(207.99898501514804), np.float64(217.66787780872917), np.float64(227.37238460017443), np.float64(237.11610864449648), np.float64(246.92920822898174), np.float64(256.99356452974166), np.float64(267.1634607613085), np.float64(277.34118628852696), np.float64(287.5364059674359), np.float64(297.8377509575036), np.float64(308.20717112364025), np.float64(318.4592260432781), np.float64(328.8216129484875), np.float64(339.3786725438042), np.float64(350.0268459293917), np.float64(360.77863839742434)]"
100,STATE_A_RIPENING,SPONTANEOUS,0.005968961400716275,0.016769660753091886,236.0152062319358,50.725916039532436,"[np.float64(-0.0007418135738338521), np.float64(0.00015915257697270577), np.float64(0.0018589758216045762), np.float64(0.005452940389409029), np.float64(0.009775645950541662), np.float64(0.014837716637553794), np.float64(0.02041603043080942), np.float64(0.02743594321748877), np.float64(0.03575279143084789), np.float64(0.04540868211789966), np.float64(0.05487616020410062), np.float64(0.06622738281793449), np.float64(0.07853042602309955), np.float64(0.09216331668388114), np.float64(0.10754188707037786), np.float64(0.12360410193224793), np.float64(0.14062183466253142), np.float64(0.15870040897017645), np.float64(0.1772539108555647), np.float64(0.19645789903774666), np.float64(0.2173514975558155), np.float64(0.23910841665436713), np.float64(0.2617549237188402), np.float64(0.28544309042434174), np.float64(0.31003334321000836), np.float64(0.336055264278503)]","[np.float64(7.850427067512756), np.float64(15.707930760028432), np.float64(23.58190998277306), np.float64(31.498893015041407), np.float64(39.458164237770816), np.float64(47.46833251372679), np.float64(55.531717047627076), np.float64(63.682747209909536), np.float64(71.93247301244129), np.float64(80.29665930462727), np.float64(88.7253762555362), np.float64(97.31069801225135), np.float64(106.02639098128144), np.float64(114.90164707781621), np.float64(123.97261582565496), np.float64(133.19289741296828), np.float64(142.58511414547044), np.float64(152.16420839808643), np.float64(161.89860164500925), np.float64(171.8039450443624), np.float64(181.96242570770428), np.float64(192.323237031228), np.float64(202.8942623949001), np.float64(213.6938849444726), np.float64(224.7168348813064), np.float64(236.0152062319358)]"
102,STATE_A_RIPENING,SPONTANEOUS,0.006366892160764027,0.003814691809004399,236.82826117387737,50.53444687948347,"[np.float64(-0.0004929287290372973), np.float64(-0.0005159645831531252), np.float64(0.0014809178884404397), np.float64(0.004478355023180446), np.float64(0.0083701072797318), np.float64(0.013914406763248602), np.float64(0.020293014561662256), np.float64(0.028404886339299714), np.float64(0.03682024590460398), np.float64(0.04654859654906928), np.float64(0.05653946530513348), np.float64(0.06759833965443614), np.float64(0.07980249989151744), np.float64(0.09283026956558682), np.float64(0.10756374428470498), np.float64(0.12260777367669204), np.float64(0.1386010580700934), np.float64(0.1555004179889287), np.float64(0.1741660326044806), np.float64(0.19463141232977152), np.float64(0.21478419207525218), np.float64(0.2367009951251144), np.float64(0.2599982461240165), np.float64(0.2834002150808467), np.float64(0.3082828058313058), np.float64(0.3336168218975255)]","[np.float64(7.885651527870511), np.float64(15.771121312389639), np.float64(23.680302176743787), np.float64(31.620951104585906), np.float64(39.60268501720689), np.float64(47.653690878256114), np.float64(55.77057762219857), np.float64(63.990676079065), np.float64(72.28345285309734), np.float64(80.69086028575987), np.float64(89.18261306318384), np.float64(97.79796923510472), np.float64(106.55164586831035), np.float64(115.43806527910768), np.float64(124.5145978830226), np.float64(133.71454509689033), np.float64(143.08014078679201), np.float64(152.61675123905727), np.float64(162.39139146879097), np.float64(172.42157451137018), np.float64(182.5633122481184), np.float64(192.97439225302583), np.float64(203.63735723765078), np.float64(214.4553778833908), np.float64(225.54617762609175), np.float64(236.82826117387737)]"
101,STATE_A_RIPENING,SPONTANEOUS,0.003581376840429765,-0.013314370891571092,236.50560265772577,50.997564414548656,"[np.float64(0.00032336221307578824), np.float64(0.0016069285978280278), np.float64(0.004027383901816117), np.float64(0.007168671211428509), np.float64(0.01183382111649865), np.float64(0.017204023879808295), np.float64(0.022976718239638264), np.float64(0.0294645820878028), np.float64(0.03807163097419414), np.float64(0.04711195778612842), np.float64(0.05731535954195828), np.float64(0.06840353998854057), np.float64(0.08061620515687756), np.float64(0.09414534018959006), np.float64(0.10808550390716169), np.float64(0.12342705627484382), np.float64(0.13995453932123153), np.float64(0.15827356326079653), np.float64(0.17700677230542106), np.float64(0.19666746345699726), np.float64(0.21770180398378464), np.float64(0.23911209854239143), np.float64(0.2618959650939494), np.float64(0.28615044982709203), np.float64(0.31165252412326955), np.float64(0.33800039942016835)]","[np.float64(7.865207228669212), np.float64(15.740503474096657), np.float64(23.63926654212275), np.float64(31.568290125657544), np.float64(39.55164618915282), np.float64(47.587758501691575), np.float64(55.67636569716674), np.float64(63.83158898776039), np.float64(72.11010609647055), np.float64(80.47046731597025), np.float64(88.9477403412901), np.float64(97.54137402728752), np.float64(106.27204899651373), np.float64(115.16102111753854), np.float64(124.17033694126255), np.float64(133.36208786708335), np.float64(142.7357138428194), np.float64(152.34143456668272), np.float64(162.10001149162895), np.float64(172.05080184925725), np.float64(182.23413650864867), np.float64(192.5829980571307), np.float64(203.17935424634445), np.float64(214.04105972744173), np.float64(225.15903163100415), np.float64(236.50560265772577)]"
103,STATE_A_RIPENING,SPONTANEOUS,0.005173099880620772,0.01576252838463583,237.59955526334807,50.91459344174499,"[np.float64(0.000642152976168673), np.float64(0.002363741310391685), np.float64(0.005577505727872832), np.float64(0.009085289114382847), np.float64(0.01395094742548047), np.float64(0.019383612700956846), np.float64(0.02536124454049695), np.float64(0.03241841194717614), np.float64(0.040530981975724065), np.float64(0.05050888115761158), np.float64(0.060738150960172536), np.float64(0.07263456883585855), np.float64(0.08487488552745065), np.float64(0.09896429223233845), np.float64(0.11428038109731144), np.float64(0.1301327001645034), np.float64(0.1472138152784985), np.float64(0.1647416878851271), np.float64(0.18304618205992187), np.float64(0.2017055266795898), np.float64(0.2214147273653532), np.float64(0.24239148946282416), np.float64(0.2648976370459189), np.float64(0.2891151916744722), np.float64(0.3142166762330399), np.float64(0.3400430447443865)]","[np.float64(7.896821075034129), np.float64(15.807222661841672), np.float64(23.748814244095723), np.float64(31.720266668469936), np.float64(39.74581236554642), np.float64(47.82257701081702), np.float64(55.95635157394079), np.float64(64.16981075092664), np.float64(72.47411459560641), np.float64(80.9119681111745), np.float64(89.43544674118979), np.float64(98.11152847976359), np.float64(106.89221610826579), np.float64(115.85978743233773), np.float64(124.99752158703394), np.float64(134.27575539738288), np.float64(143.7421069847413), np.float64(153.3558035587293), np.float64(163.14258936862632), np.float64(173.07802303404205), np.float64(183.2161579852807), np.float64(193.5819300981359), np.float64(204.2059667026144), np.float64(215.11465872829058), np.float64(226.24885836899352), np.float64(237.59955526334807)]"
104,STATE_A_RIPENING,SPONTANEOUS,0.004377238360525269,0.0008196844238856754,235.20396600313188,51.488534258545826,"[np.float64(0.0009199853810818872), np.float64(0.0023311454090215703), np.float64(0.005783899811793505), np.float64(0.009330793328797521), np.float64(0.014179494504739772), np.float64(0.019512755214889176), np.float64(0.025868245774163474), np.float64(0.03348257739283214), np.float64(0.041657567713012884), np.float64(0.051824004369456285), np.float64(0.06227938420183552), np.float64(0.07382791047055126), np.float64(0.08655931219951396), np.float64(0.10012029226723497), np.float64(0.11478480153194486), np.float64(0.13017248413905652), np.float64(0.1464192842261877), np.float64(0.16411606821347532), np.float64(0.18303536494615869), np.float64(0.20304255387901027), np.float64(0.2248534922120705), np.float64(0.24672468683230958), np.float64(0.2695345414602482), np.float64(0.2948747777448578), np.float64(0.3204279491007536), np.float64(0.34661972226191473)]","[np.float64(7.799171809980168), np.float64(15.609335510627545), np.float64(23.454295988858245), np.float64(31.327487120629822), np.float64(39.25330458559305), np.float64(47.227655799182244), np.float64(55.27040421158557), np.float64(63.40016293344071), np.float64(71.60672368001374), np.float64(79.95034573527208), np.float64(88.38139841674291), np.float64(96.93874593897088), np.float64(105.63768580622023), np.float64(114.47138320940022), np.float64(123.46264754749146), np.float64(132.5992765450007), np.float64(141.8957768328548), np.float64(151.39776159259952), np.float64(161.10212605512731), np.float64(171.00913000638639), np.float64(181.1799661974162), np.float64(191.49470401028807), np.float64(202.0221105956008), np.float64(212.89915350044794), np.float64(223.94747493283606), np.float64(235.20396600313188)]"
107,STATE_A_RIPENING,SPONTANEOUS,0.005173099880620772,0.018543472505649906,237.15973615486286,50.58971324362714,"[np.float64(0.0006590626540266937), np.float64(0.0021268845715945203), np.float64(0.004967632196163897), np.float64(0.007710397834526452), np.float64(0.01115926995555241), np.float64(0.016522839342949354), np.float64(0.024175571868503512), np.float64(0.032173710951922896), np.float64(0.04130628525795785), np.float64(0.0503601693399803), np.float64(0.0607658945951561), np.float64(0.07344318085005597), np.float64(0.08636848428929343), np.float64(0.09896226449668907), np.float64(0.11246140920972952), np.float64(0.1275754837450825), np.float64(0.14375704478798687), np.float64(0.1616273101942519), np.float64(0.18030693136947246), np.float64(0.19939469579157804), np.float64(0.22035022899353945), np.float64(0.24175043296408627), np.float64(0.26464068215861225), np.float64(0.288462212504585), np.float64(0.31275042910195505), np.float64(0.3379272896397709)]","[np.float64(7.8884998385762195), np.float64(15.788566723668168), np.float64(23.716393437534958), np.float64(31.66497982740227), np.float64(39.64889997204246), np.float64(47.704700686172686), np.float64(55.86458810529516), np.float64(64.09405345935038), np.float64(72.42410029900722), np.float64(80.82030345523387), np.float64(89.34161805016805), np.float64(98.04425057964485), np.float64(106.85215510205876), np.float64(115.73661607171358), np.float64(124.76279364271191), np.float64(133.98128831091987), np.float64(143.37293205393368), np.float64(152.98796454467637), np.float64(162.78052101537114), np.float64(172.72786783334763), np.float64(182.94177676035466), np.float64(193.32641401718084), np.float64(203.96834157649752), np.float64(214.83173671487143), np.float64(225.88242816344618), np.float64(237.15973615486286)]"
108,STATE_A_RIPENING,SPONTANEOUS,0.004377238360525269,-0.0021156737098561086,236.01704103637513,51.10054779397144,"[np.float64(-0.0002735990370253137), np.float64(0.00026146106361416975), np.float64(0.0022942961953417405), np.float64(0.005660751095521426), np.float64(0.00990695536606965), np.float64(0.015419090934856395), np.float64(0.021584390164038184), np.float64(0.029462751894738938), np.float64(0.03833587191374642), np.float64(0.04782688968568039), np.float64(0.057967003499921975), np.float64(0.06968405069413537), np.float64(0.08242940427208381), np.float64(0.09575235161156605), np.float64(0.1102019535705658), np.float64(0.1255166503728695), np.float64(0.14177470870435896), np.float64(0.1591826772486487), np.float64(0.17802611155163994), np.float64(0.19804073746337336), np.float64(0.2186998434412201), np.float64(0.24134118618394101), np.float64(0.26408631313008046), np.float64(0.2883005906152671), np.float64(0.31340549283956065), np.float64(0.3395863810755509)]","[np.float64(7.841971002963366), np.float64(15.688138518611083), np.float64(23.556107938197922), np.float64(31.46084573662016), np.float64(39.40899297989517), np.float64(47.41967400785922), np.float64(55.49065046158854), np.float64(63.661952946634266), np.float64(71.92768620106709), np.float64(80.28407743125969), np.float64(88.73876864825536), np.float64(97.34051905683317), np.float64(106.07860369113557), np.float64(114.93939130169), np.float64(123.95866893558379), np.float64(133.13142978963577), np.float64(142.47011742852993), np.float64(151.99632857418203), np.float64(161.73935650788312), np.float64(171.6921503867023), np.float64(181.8244673109149), np.float64(192.24405338570853), np.float64(202.81536434531932), np.float64(213.65078662426953), np.float64(224.71086643507053), np.float64(236.01704103637513)]"
106,STATE_A_RIPENING,SPONTANEOUS,0.00716275368085953,0.003791341949606208,236.74304796470895,50.82943239355864,"[np.float64(0.000162960099608802), np.float64(0.0007920499487196727), np.float64(0.0027886814762078647), np.float64(0.006422760695407664), np.float64(0.01054932899769183), np.float64(0.016021435692418453), np.float64(0.022072564581251175), np.float64(0.029513005161948894), np.float64(0.03783903712248767), np.float64(0.04762667119691062), np.float64(0.05869149203217711), np.float64(0.06987092363579815), np.float64(0.08206845439750145), np.float64(0.09597091838751863), np.float64(0.11110780985490155), np.float64(0.12651782264282907), np.float64(0.14292738146787648), np.float64(0.15985883382759983), np.float64(0.17787988568321944), np.float64(0.19789907133911208), np.float64(0.21891347296735122), np.float64(0.2409830023747977), np.float64(0.2634405197562342), np.float64(0.2871026879172112), np.float64(0.3118203584043113), np.float64(0.3377219295580521)]","[np.float64(7.873291786918868), np.float64(15.751534996295689), np.float64(23.650859591728974), np.float64(31.591567833558884), np.float64(39.57033497761643), np.float64(47.61279199765072), np.float64(55.71342642298931), np.float64(63.903827218172744), np.float64(72.18192731834884), np.float64(80.57943847092302), np.float64(89.10423789213267), np.float64(97.71649970910232), np.float64(106.46128008515312), np.float64(115.38477677758583), np.float64(124.47734670685828), np.float64(133.69340353377592), np.float64(143.0800896037768), np.float64(152.61458349429537), np.float64(162.339822621698), np.float64(172.33007347140318), np.float64(182.52682390938818), np.float64(192.94190435530467), np.float64(203.5289536689519), np.float64(214.35755943017003), np.float64(225.42296372388554), np.float64(236.74304796470895)]"
105,STATE_A_RIPENING,SPONTANEOUS,0.007560684440907282,-0.0171763531585476,236.59307590438567,50.80775944462092,"[np.float64(-0.0004201209839225478), np.float64(0.0014771656140511306), np.float64(0.003362598306304523), np.float64(0.006650388449140348), np.float64(0.010709530012926578), np.float64(0.015748622348962973), np.float64(0.021902244274803615), np.float64(0.02995124480193241), np.float64(0.03805292318318652), np.float64(0.047352406349152235), np.float64(0.057789538069296785), np.float64(0.06915646465840532), np.float64(0.0812027191605853), np.float64(0.0946795700187276), np.float64(0.10901335287974169), np.float64(0.12453941452237263), np.float64(0.14164811240549868), np.float64(0.1599737608513824), np.float64(0.17845311037916012), np.float64(0.1983447217226419), np.float64(0.21885086804396003), np.float64(0.24118586374216988), np.float64(0.2636279612890783), np.float64(0.28686664067066736), np.float64(0.3106860307379708), np.float64(0.3374446079228481)]","[np.float64(7.866825794965953), np.float64(15.74857640750227), np.float64(23.64509096820585), np.float64(31.57839875589205), np.float64(39.55250235902728), np.float64(47.581173818461984), np.float64(55.67926541289543), np.float64(63.88355868042241), np.float64(72.15111347525414), np.float64(80.52619860360527), np.float64(89.01907952343579), np.float64(97.63210647787572), np.float64(106.36229444722692), np.float64(115.25567607120162), np.float64(124.2940751244091), np.float64(133.50517611131187), np.float64(142.92422082813948), np.float64(152.54127364959126), np.float64(162.29327899384728), np.float64(172.27079572553052), np.float64(182.42542245085602), np.float64(192.85543012243707), np.float64(203.43619769429168), np.float64(214.22433016794383), np.float64(225.20608688386403), np.float64(236.59307590438567)]"
109,STATE_A_RIPENING,SPONTANEOUS,0.005173099880620772,0.0033331318723183356,237.30406857831355,51.10724910449948,"[np.float64(0.0002679368523129364), np.float64(0.0019206298164447088), np.float64(0.004951325626341361), np.float64(0.009196132367793809), np.float64(0.013738819089773794), np.float64(0.01960078535104552), np.float64(0.026504200479221453), np.float64(0.03410365713595056), np.float64(0.04295112951580289), np.float64(0.05192488964256279), np.float64(0.061990830593678777), np.float64(0.07313604606526151), np.float64(0.08532631368695237), np.float64(0.09847262182618369), np.float64(0.11352669296325223), np.float64(0.1294779883797372), np.float64(0.14561980271947997), np.float64(0.16364385535262055), np.float64(0.18204363663297976), np.float64(0.2019710928229993), np.float64(0.22242248225445652), np.float64(0.24343318029647834), np.float64(0.2654521243743775), np.float64(0.2892601446256324), np.float64(0.31443840809834644), np.float64(0.34143145623929005)]","[np.float64(7.881443510402278), np.float64(15.775903763426305), np.float64(23.69961885493502), np.float64(31.666157917241158), np.float64(39.671684014661395), np.float64(47.74346382567675), np.float64(55.888956193500235), np.float64(64.10909071909418), np.float64(72.43059986450429), np.float64(80.82392904653626), np.float64(89.33068450627088), np.float64(97.96168139051561), np.float64(106.72621601953816), np.float64(115.62992591974519), np.float64(124.73524038566175), np.float64(134.0005132077213), np.float64(143.38930857853035), np.float64(153.01363717097306), np.float64(162.78633624398518), np.float64(172.79238550949364), np.float64(182.96901590515932), np.float64(193.32209819220753), np.float64(203.8911093397542), np.float64(214.74799294858195), np.float64(225.86956852360439), np.float64(237.30406857831355)]"
110,STATE_A_RIPENING,SPONTANEOUS,0.005968961400716275,0.01645169280880796,235.20888121536078,51.02852723591902,"[np.float64(-5.5885047449536255e-05), np.float64(0.0015364379803751685), np.float64(0.004060637206953797), np.float64(0.0068209283678121605), np.float64(0.010676183128698048), np.float64(0.016211137594816932), np.float64(0.023131504661054084), np.float64(0.031203827069418776), np.float64(0.0389867468339891), np.float64(0.048349988418601185), np.float64(0.058629771456619365), np.float64(0.06970947451946936), np.float64(0.08180021498276308), np.float64(0.09511396533555833), np.float64(0.10961496621568126), np.float64(0.12552613442152638), np.float64(0.1426040560210502), np.float64(0.16000956498974894), np.float64(0.17940653356866043), np.float64(0.19928776231450082), np.float64(0.21973890905683802), np.float64(0.24204541804587493), np.float64(0.2653281136566334), np.float64(0.2898456696172442), np.float64(0.3149857063331666), np.float64(0.34084609887190076)]","[np.float64(7.812297372211058), np.float64(15.637030192040447), np.float64(23.48508450852902), np.float64(31.356458804557917), np.float64(39.27054440629542), np.float64(47.2535158635263), np.float64(55.31649709993534), np.float64(63.4677565015799), np.float64(71.6701667888268), np.float64(79.99153838950903), np.float64(88.4210440526471), np.float64(96.96278234331369), np.float64(105.63498763796932), np.float64(114.45864390889085), np.float64(123.44352471332697), np.float64(132.61378672066905), np.float64(141.9670976821535), np.float64(151.4586885539407), np.float64(161.2041683508863), np.float64(171.11283964085754), np.float64(181.1939261372533), np.float64(191.55007270170273), np.float64(202.12513202229368), np.float64(212.94675110688715), np.float64(223.97081304808816), np.float64(235.20888121536078)]"
111,STATE_A_RIPENING,SPONTANEOUS,0.006366892160764027,0.013627176960143914,234.30114212560804,51.42640818641723,"[np.float64(-0.000304676785283624), np.float64(0.0010204347270241808), np.float64(0.004265207632534944), np.float64(0.007556024567950534), np.float64(0.012078449551845555), np.float64(0.01746503748328394), np.float64(0.024129941050246677), np.float64(0.031177717162418843), np.float64(0.03884150376088586), np.float64(0.0481264789057526), np.float64(0.058942179182869196), np.float64(0.07089889455673408), np.float64(0.08302795859769543), np.float64(0.09750814646690466), np.float64(0.11235405875089574), np.float64(0.12854469624602993), np.float64(0.14600040649469426), np.float64(0.16535679896501748), np.float64(0.18413881539790639), np.float64(0.2047180906504542), np.float64(0.2249304648610605), np.float64(0.24722212340437266), np.float64(0.27069143866967255), np.float64(0.2941876267100412), np.float64(0.31952142766443165), np.float64(0.34599000490062215)]","[np.float64(7.76629656192843), np.float64(15.542884060217888), np.float64(23.35208180748305), np.float64(31.18708138585089), np.float64(39.071243475648814), np.float64(47.01009598831776), np.float64(55.024450198805134), np.float64(63.101093747986404), np.float64(71.25203880337492), np.float64(79.52194367906135), np.float64(87.92430598255302), np.float64(96.4574155464393), np.float64(105.08562863786557), np.float64(113.92316766912344), np.float64(122.88331568610674), np.float64(132.0260119335064), np.float64(141.35834354567433), np.float64(150.93226952033993), np.float64(160.59612046762282), np.float64(170.511176843282), np.float64(180.53239884083456), np.float64(190.84233601863477), np.float64(201.38542141401967), np.float64(212.0752577918608), np.float64(223.06342817604514), np.float64(234.30114212560804)]"
114,STATE_A_RIPENING,SPONTANEOUS,0.00955033824114604,0.011332368074331082,237.20146828899448,50.77009953227187,"[np.float64(-0.0006159704019629214), np.float64(0.0007038573525189098), np.float64(0.0032362021500914454), np.float64(0.00653353028713621), np.float64(0.011488802399714027), np.float64(0.017704007230665696), np.float64(0.024987541522125265), np.float64(0.03297935761687113), np.float64(0.04165193038822418), np.float64(0.05134769363450353), np.float64(0.062451372721740846), np.float64(0.073781244199729), np.float64(0.08555804792015116), np.float64(0.09828910817204947), np.float64(0.1121595716627994), np.float64(0.12722631123656808), np.float64(0.14338250807142), np.float64(0.16049280386642314), np.float64(0.17838902351682254), np.float64(0.1979724161652999), np.float64(0.21967769500531853), np.float64(0.2421127115702885), np.float64(0.26471115855061245), np.float64(0.28859546011409276), np.float64(0.3126023312893781), np.float64(0.3384558449622076)]","[np.float64(7.8833027091162595), np.float64(15.777012997785906), np.float64(23.695444128694835), np.float64(31.645802660805554), np.float64(39.654506068861316), np.float64(47.73138028854608), np.float64(55.88552486589767), np.float64(64.11768140583871), np.float64(72.43455922114453), np.float64(80.85654572777212), np.float64(89.4106427429986), np.float64(98.05757611357988), np.float64(106.8099910667955), np.float64(115.69867217443273), np.float64(124.74318019923155), np.float64(133.95765675421956), np.float64(143.34636815695367), np.float64(152.90994487072197), np.float64(162.64471129672717), np.float64(172.62170647850658), np.float64(182.88742125008375), np.float64(193.35044890287986), np.float64(203.96963180879413), np.float64(214.83821775700062), np.float64(225.86482167045995), np.float64(237.20146828899448)]"
112,STATE_A_RIPENING,SPONTANEOUS,0.006366892160764027,0.0013234852156782685,236.21144959622282,50.73325896303602,"[np.float64(1.1655945844620986e-05), np.float64(0.0007066527772476249), np.float64(0.0027802522540011617), np.float64(0.006610694912412474), np.float64(0.011245244037254326), np.float64(0.016261073074382626), np.float64(0.02250909684230075), np.float64(0.029891754330954305), np.float64(0.03797059416702873), np.float64(0.04712491150318884), np.float64(0.05739684478307214), np.float64(0.06870959227503595), np.float64(0.081310476958869), np.float64(0.094367207955966), np.float64(0.10803967130828959), np.float64(0.12355844140760423), np.float64(0.13995776690115705), np.float64(0.15688908458422796), np.float64(0.1759014389322751), np.float64(0.19632245406972357), np.float64(0.2167151562128828), np.float64(0.2388773599704455), np.float64(0.26203922109509903), np.float64(0.2860140818106845), np.float64(0.31151188559847337), np.float64(0.33676151764441176)]","[np.float64(7.857839620218719), np.float64(15.721139401897865), np.float64(23.60612870392924), np.float64(31.53489512403262), np.float64(39.50925857878176), np.float64(47.528545640509904), np.float64(55.62016331580766), np.float64(63.794965516749905), np.float64(72.05027852032195), np.float64(80.40811393852748), np.float64(88.88169328219396), np.float64(97.47914903768613), np.float64(106.22315273969785), np.float64(115.08274194585134), np.float64(124.07078883309248), np.float64(133.2657186599195), np.float64(142.6244333075696), np.float64(152.1314470888671), np.float64(161.89733182781214), np.float64(171.89163885269986), np.float64(182.0180189222896), np.float64(192.41435467342728), np.float64(203.03218641698427), np.float64(213.86254627158098), np.float64(224.97111125814402), np.float64(236.21144959622282)]"
115,STATE_A_RIPENING,SPONTANEOUS,0.003581376840429765,-0.014525497925613858,237.23802759637934,50.669740675575184,"[np.float64(0.0004217946665104383), np.float64(0.0018958517007799673), np.float64(0.003771064097845345), np.float64(0.007017963964312239), np.float64(0.011073347468278196), np.float64(0.016074249084104604), np.float64(0.022886437405794664), np.float64(0.031146019030357984), np.float64(0.0398758334844868), np.float64(0.049322300215368396), np.float64(0.05962910513651999), np.float64(0.0711460115460243), np.float64(0.0840668803392578), np.float64(0.09733908186935737), np.float64(0.11108551225884408), np.float64(0.12600478196786738), np.float64(0.14370554425372387), np.float64(0.16204139976853862), np.float64(0.18037260556890283), np.float64(0.20030369455265698), np.float64(0.2214683564093517), np.float64(0.2425870883068955), np.float64(0.26441607690203417), np.float64(0.28708903771806127), np.float64(0.3121021408836017), np.float64(0.3375745050291616)]","[np.float64(7.8912088524331185), np.float64(15.794040612672877), np.float64(23.71322140752784), np.float64(31.668724053857563), np.float64(39.66553360040138), np.float64(47.71620968579326), np.float64(55.85521343559457), np.float64(64.0917363132391), np.float64(72.40777755383561), np.float64(80.81768700881774), np.float64(89.33498936404682), np.float64(97.98453796471522), np.float64(106.78822208838717), np.float64(115.7045465547066), np.float64(124.74322478359205), np.float64(133.9497988105809), np.float64(143.43594536270572), np.float64(153.08592794490832), np.float64(162.86026133346869), np.float64(172.8731448612508), np.float64(183.11012982331144), np.float64(193.48088473884482), np.float64(204.04445924615604), np.float64(214.81643401040134), np.float64(225.93098527478244), np.float64(237.23802759637934)]"
117,STATE_A_RIPENING,SPONTANEOUS,0.00477516912057302,0.006489881075165018,234.5612045366409,50.958796689334285,"[np.float64(0.0006525027766728742), np.float64(0.0026267715815360914), np.float64(0.006076395746316903), np.float64(0.009088399859627285), np.float64(0.0131819201979949), np.float64(0.019106502421170807), np.float64(0.02578864681746129), np.float64(0.0336950076368385), np.float64(0.04264382334719558), np.float64(0.051795268209489216), np.float64(0.06267221902653554), np.float64(0.07472118859037453), np.float64(0.08697422602203228), np.float64(0.10060334565609678), np.float64(0.11509664179999868), np.float64(0.13021600467484093), np.float64(0.14687454553406676), np.float64(0.1642747808956471), np.float64(0.18271748281937752), np.float64(0.202638478782295), np.float64(0.22368002902925999), np.float64(0.24542481679688563), np.float64(0.26843245697217843), np.float64(0.29321610706264367), np.float64(0.31810903546823976), np.float64(0.3445414717266959)]","[np.float64(7.782827002381054), np.float64(15.581001811398881), np.float64(23.4116740322622), np.float64(31.262257231079502), np.float64(39.15700387512867), np.float64(47.12558676933181), np.float64(55.15980447889671), np.float64(63.282252669945194), np.float64(71.50003112791217), np.float64(79.79236552823619), np.float64(88.22427187629192), np.float64(96.78875102801028), np.float64(105.45051607555722), np.float64(114.27183042678749), np.float64(123.2376042611825), np.float64(132.34161896253693), np.float64(141.64544473483198), np.float64(151.11096685551223), np.float64(160.76438492378506), np.float64(170.64488587174836), np.float64(180.73778888018043), np.float64(191.01926626940497), np.float64(201.53813864915443), np.float64(212.34523910107393), np.float64(223.31166581974688), np.float64(234.5612045366409)]"
116,STATE_A_RIPENING,SPONTANEOUS,0.00716275368085953,-0.00854864169738006,236.57054196259926,51.14850193554166,"[np.float64(0.0005354947542624142), np.float64(0.0021902566630408495), np.float64(0.004979269187278462), np.float64(0.009034027287394199), np.float64(0.013966102113998723), np.float64(0.020065361437194406), np.float64(0.027142143650208117), np.float64(0.03513311455313922), np.float64(0.04399342896552991), np.float64(0.05352635996808478), np.float64(0.0630572261989962), np.float64(0.07421290339970087), np.float64(0.08592916820066383), np.float64(0.09997153646381465), np.float64(0.11492200093507876), np.float64(0.13123407181841187), np.float64(0.14787319464374976), np.float64(0.16540992859080345), np.float64(0.1838632810709979), np.float64(0.20417782726431677), np.float64(0.22517424350442092), np.float64(0.24640172022919646), np.float64(0.26887535936949064), np.float64(0.29279270749018227), np.float64(0.3178649273579481), np.float64(0.34385085187200637)]","[np.float64(7.851055210781157), np.float64(15.71508973111814), np.float64(23.605412153598564), np.float64(31.53731229701836), np.float64(39.51786778467776), np.float64(47.56385340781244), np.float64(55.68331672535254), np.float64(63.88514273264464), np.float64(72.17772236693048), np.float64(80.5627875067063), np.float64(89.01901582498868), np.float64(97.61986659166602), np.float64(106.33001690298754), np.float64(115.24724190507412), np.float64(124.3155006122099), np.float64(133.56971602233034), np.float64(142.95773540167394), np.float64(152.51889260042472), np.float64(162.2617507728661), np.float64(172.26105001694665), np.float64(182.44417635855237), np.float64(192.780668552623), np.float64(203.35230489352963), np.float64(214.1842194152576), np.float64(225.26163921098566), np.float64(236.57054196259926)]"
113,STATE_A_RIPENING,SPONTANEOUS,0.004377238360525269,0.010462196973569891,235.35228816939602,49.78238992705781,"[np.float64(0.0006545908980382325), np.float64(0.001422254713821553), np.float64(0.004540019304739711), np.float64(0.00765587131593574), np.float64(0.012371091583435063), np.float64(0.017908586391511428), np.float64(0.024364291459641415), np.float64(0.032147754050025984), np.float64(0.039810081789785935), np.float64(0.049205380836233194), np.float64(0.059537309180752486), np.float64(0.07065411202081999), np.float64(0.08212067758266996), np.float64(0.09434042210662799), np.float64(0.10818141417330385), np.float64(0.12300847645883407), np.float64(0.13972823639554915), np.float64(0.1575892895182945), np.float64(0.17651060125953147), np.float64(0.19593921542950307), np.float64(0.21630945076375452), np.float64(0.23745328856062692), np.float64(0.2604732956019249), np.float64(0.28341539653169195), np.float64(0.30795132099853084), np.float64(0.3335172432970019)]","[np.float64(7.841296125720476), np.float64(15.688606639745888), np.float64(23.569514426584256), np.float64(31.474719640841837), np.float64(39.4353437775412), np.float64(47.45165874216576), np.float64(55.53554198450701), np.float64(63.7098645975659), np.float64(71.9391464339784), np.float64(80.29269104760768), np.float64(88.7557649394143), np.float64(97.33109287626995), np.float64(106.00514864211175), np.float64(114.80214838530134), np.float64(123.77771161821155), np.float64(132.90987787939343), np.float64(142.26410449693068), np.float64(151.80829904259008), np.float64(161.54639931257208), np.float64(171.44716503539675), np.float64(181.54617136843459), np.float64(191.83720886865032), np.float64(202.41394056341136), np.float64(213.1280558638556), np.float64(224.12048738180226), np.float64(235.35228816939602)]"
118,STATE_A_RIPENING,SPONTANEOUS,0.006366892160764027,0.0016662854488333442,236.4535438379555,51.31539757276285,"[np.float64(0.00039712906174799997), np.float64(0.0011264356929873269), np.float64(0.003820320404559489), np.float64(0.0063899683542423215), np.float64(0.010375954142582399), np.float64(0.014872351271548128), np.float64(0.020671771576017607), np.float64(0.028494161697045658), np.float64(0.03669040093486169), np.float64(0.046053429444145075), np.float64(0.056864425481743974), np.float64(0.06934391212600398), np.float64(0.08252244679245968), np.float64(0.09504147965262863), np.float64(0.10828537328652786), np.float64(0.12352535130108092), np.float64(0.1403092425175768), np.float64(0.15795676960932564), np.float64(0.1767140776279713), np.float64(0.19648141782627698), np.float64(0.21758679458282013), np.float64(0.2398856672791303), np.float64(0.2633211475777968), np.float64(0.2870793046761097), np.float64(0.3128997378603143), np.float64(0.3394392220121854)]","[np.float64(7.859541143804387), np.float64(15.724810983747998), np.float64(23.618930029453292), np.float64(31.532188512304497), np.float64(39.49321401718767), np.float64(47.49719189752776), np.float64(55.571493062909525), np.float64(63.753183461257386), np.float64(72.00754781860647), np.float64(80.36887834791379), np.float64(88.86143011055256), np.float64(97.51039598894127), np.float64(106.28519678499046), np.float64(115.12093129751786), np.float64(124.08749954081242), np.float64(133.26693030792626), np.float64(142.64981639001022), np.float64(152.20525657597878), np.float64(161.95712134995824), np.float64(171.90715308656863), np.float64(182.08754174000535), np.float64(192.4972253986455), np.float64(203.1401143113778), np.float64(213.95619644825143), np.float64(225.09547408920855), np.float64(236.4535438379555)]"
119,STATE_A_RIPENING,SPONTANEOUS,0.005173099880620772,-0.0012607412004465772,235.74181299765428,51.38074654017579,"[np.float64(0.0008811021556028064), np.float64(0.0027270492192037815), np.float64(0.005737597005281354), np.float64(0.009359698566419987), np.float64(0.013278515228282231), np.float64(0.018017727427394485), np.float64(0.024068315483523294), np.float64(0.03140977074594963), np.float64(0.04012577306554802), np.float64(0.04949538941336503), np.float64(0.060002168293376464), np.float64(0.0721191426105285), np.float64(0.08429583973586145), np.float64(0.09816199704396607), np.float64(0.11370969247143073), np.float64(0.12979193718415738), np.float64(0.14633661721420627), np.float64(0.16356611672519414), np.float64(0.18192954719105117), np.float64(0.20220631995554897), np.float64(0.22314873787529846), np.float64(0.24538451510872294), np.float64(0.26894675266709483), np.float64(0.2927870897196469), np.float64(0.3180878762859961), np.float64(0.3443789128676919)]","[np.float64(7.823366391160537), np.float64(15.66115494257169), np.float64(23.526971304957904), np.float64(31.425731590841743), np.float64(39.35834668282336), np.float64(47.34033709704905), np.float64(55.394281036852256), np.float64(63.534268340397354), np.float64(71.77742328631595), np.float64(80.11109959419574), np.float64(88.56221853201185), np.float64(97.16395777271262), np.float64(105.85702230464794), np.float64(114.72647929712105), np.float64(123.78832430858449), np.float64(132.99081378548073), np.float64(142.33359847890506), np.float64(151.83449993692912), np.float64(161.5294897426772), np.float64(171.48333630387327), np.float64(181.61903166921257), np.float64(191.9892167778408), np.float64(202.60584056116943), np.float64(213.39152654991523), np.float64(224.4474195521342), np.float64(235.74181299765428)]"
120,STATE_A_RIPENING,SPONTANEOUS,0.007958615200955034,-0.0006857318360458214,235.5555396425063,50.09777784039912,"[np.float64(0.0003340976881174729), np.float64(0.001683969319303829), np.float64(0.004567148925654335), np.float64(0.007377790622389981), np.float64(0.011649417668330338), np.float64(0.01758807804358308), np.float64(0.024875052000330664), np.float64(0.0325878513504202), np.float64(0.041134473422002396), np.float64(0.051420060488423285), np.float64(0.06186601313808099), np.float64(0.07267491937307988), np.float64(0.08509717667224193), np.float64(0.09864120389171437), np.float64(0.11295128434484267), np.float64(0.12820848690688752), np.float64(0.14527412291950464), np.float64(0.16356955897166534), np.float64(0.18195941687640171), np.float64(0.2010810189661914), np.float64(0.22133949302641323), np.float64(0.24224744116734986), np.float64(0.2646651398008376), np.float64(0.2874293084347664), np.float64(0.3123250654300818), np.float64(0.33756085190234975)]","[np.float64(7.8349410977779606), np.float64(15.680451263655751), np.float64(23.554502737803894), np.float64(31.44990781705928), np.float64(39.39564559269565), np.float64(47.41332963605567), np.float64(55.5132559618825), np.float64(63.68199966547762), np.float64(71.93812636830646), np.float64(80.32511000501053), np.float64(88.79545665583156), np.float64(97.35953898829528), np.float64(106.08179715821541), np.float64(114.95270008402255), np.float64(123.96313077472348), np.float64(133.13059205775897), np.float64(142.51705682538665), np.float64(152.1009337056528), np.float64(161.81474123380258), np.float64(171.7035787560076), np.float64(181.8028531471729), np.float64(192.08344484692324), np.float64(202.61836629448766), np.float64(213.3222408544046), np.float64(224.34888745274603), np.float64(235.5555396425063)]"
122,STATE_A_RIPENING,SPONTANEOUS,0.004377238360525269,9.489993669211348e-05,236.2368470407149,51.71942085422161,"[np.float64(-0.0002670746238398131), np.float64(0.0011132109437528076), np.float64(0.0040121189628705865), np.float64(0.0073873114334599334), np.float64(0.011929378532207238), np.float64(0.01749285925765352), np.float64(0.02377282825789204), np.float64(0.030946017189818893), np.float64(0.039914593303323635), np.float64(0.0502339973024565), np.float64(0.06192961549732289), np.float64(0.07430209425833262), np.float64(0.08808435231553176), np.float64(0.102529923079247), np.float64(0.11722880936753526), np.float64(0.13270995468831323), np.float64(0.14864064087894144), np.float64(0.1662304411038743), np.float64(0.18475199405652212), np.float64(0.20399732701537251), np.float64(0.22538552430863765), np.float64(0.24841561921728728), np.float64(0.2713880359447136), np.float64(0.29552629077504816), np.float64(0.321152554641065), np.float64(0.34679363566778937)]","[np.float64(7.828269341326465), np.float64(15.66734308842124), np.float64(23.535015798299924), np.float64(31.432721995769032), np.float64(39.379379491211346), np.float64(47.3849795302182), np.float64(55.45281549388965), np.float64(63.59627981727287), np.float64(71.85634250130464), np.float64(80.23554341863564), np.float64(88.74917272571047), np.float64(97.37965221775569), np.float64(106.16916375697164), np.float64(115.09249111459508), np.float64(124.1326663442535), np.float64(133.32239393377446), np.float64(142.64769961715294), np.float64(152.1908188307735), np.float64(161.91649237566887), np.float64(171.81715318222814), np.float64(182.00336999130707), np.float64(192.45360010066506), np.float64(203.04423264527566), np.float64(213.8740625917719), np.float64(224.97810535224085), np.float64(236.2368470407149)]"
121,STATE_A_RIPENING,SPONTANEOUS,0.00477516912057302,0.01275099443216657,236.31006831044067,51.876233888800755,"[np.float64(0.0008478087923091155), np.float64(0.001627188049521039), np.float64(0.003940970286654236), np.float64(0.007612824268403813), np.float64(0.012924024024518938), np.float64(0.018723294162137336), np.float64(0.02509200189789882), np.float64(0.03213707199305082), np.float64(0.040918888979109294), np.float64(0.05091182229230946), np.float64(0.06129162432623064), np.float64(0.07286704065404256), np.float64(0.08628752321085303), np.float64(0.10029209302221179), np.float64(0.11427155362416563), np.float64(0.12865797696180692), np.float64(0.1456235450060397), np.float64(0.16363391741828812), np.float64(0.18317436252399327), np.float64(0.20431645543175067), np.float64(0.22630197297818042), np.float64(0.247552659051231), np.float64(0.27137533514759277), np.float64(0.2959287099870163), np.float64(0.3210879412430313), np.float64(0.3470163105653548)]","[np.float64(7.8344131753532595), np.float64(15.674925970268767), np.float64(23.539530374392314), np.float64(31.443384395925587), np.float64(39.40768206355451), np.float64(47.424397194770016), np.float64(55.50114119773746), np.float64(63.64746722573661), np.float64(71.90736998647407), np.float64(80.2796719903977), np.float64(88.74267263400887), np.float64(97.33670674122561), np.float64(106.10557385495076), np.float64(115.00175875863376), np.float64(123.9964442251498), np.float64(133.11396227703693), np.float64(142.49260864294254), np.float64(152.05585283299087), np.float64(161.84542477205684), np.float64(171.87897551965617), np.float64(182.11279455453368), np.float64(192.43079515812454), np.float64(203.089363013763), np.float64(213.95589059141656), np.float64(225.02373212246357), np.float64(236.31006831044067)]"
124,STATE_A_RIPENING,SPONTANEOUS,0.006764822920811779,0.010974469172718118,236.28715236539287,51.27681539667432,"[np.float64(0.0002456091502654335), np.float64(0.0015307553717064054), np.float64(0.0042231427952895), np.float64(0.007299493622962472), np.float64(0.011239115867813388), np.float64(0.0166623950394877), np.float64(0.023216524698420424), np.float64(0.030799041394900275), np.float64(0.03971269753004373), np.float64(0.04929143313037466), np.float64(0.06014039873161641), np.float64(0.07203273711200343), np.float64(0.08472051146677297), np.float64(0.09926248910696295), np.float64(0.11372649538864836), np.float64(0.12891337611495585), np.float64(0.1460055358000462), np.float64(0.1641232028910016), np.float64(0.18293763478951558), np.float64(0.20332472597674664), np.float64(0.22403149414668663), np.float64(0.24551244986636303), np.float64(0.2681945842591434), np.float64(0.2921693637446219), np.float64(0.3167943412852237), np.float64(0.34296687807618303)]","[np.float64(7.84309429417157), np.float64(15.696262401577185), np.float64(23.57601923305178), np.float64(31.482804224123065), np.float64(39.43038740424876), np.float64(47.4431744156767), np.float64(55.5284974765791), np.float64(63.695844436561025), np.float64(71.96698239730719), np.float64(80.3308149984339), np.float64(88.81953332377023), np.float64(97.43598491862066), np.float64(106.17845169777999), np.float64(115.1099458193857), np.float64(124.14082991239236), np.float64(133.31665293526257), np.float64(142.71722369689542), np.float64(152.30216868094004), np.float64(162.05731345537907), np.float64(172.05033619480074), np.float64(182.2005570613201), np.float64(192.54437112380802), np.float64(203.12103121060997), np.float64(213.94644343034528), np.float64(224.97439574751303), np.float64(236.28715236539287)]"
123,STATE_A_RIPENING,SPONTANEOUS,0.003979307600477517,0.019094841886384026,235.12352683653643,51.281885241307634,"[np.float64(0.00031550836799360736), np.float64(0.0020473895431629605), np.float64(0.004386021864477096), np.float64(0.008033896429982026), np.float64(0.012574771460345092), np.float64(0.017037399770722172), np.float64(0.023035179232481787), np.float64(0.03038954190884341), np.float64(0.03857263932378563), np.float64(0.04786790685150256), np.float64(0.058474016456509965), np.float64(0.06956597380430457), np.float64(0.08167096885735095), np.float64(0.09475176854804522), np.float64(0.1089010154154702), np.float64(0.124640061639718), np.float64(0.1403282790215043), np.float64(0.1578008530768924), np.float64(0.1767362160049871), np.float64(0.19618812969814178), np.float64(0.21828306298205025), np.float64(0.24128318713503183), np.float64(0.26449019928211265), np.float64(0.28925479891206085), np.float64(0.3150940968971757), np.float64(0.34161269172480746)]","[np.float64(7.808680641412024), np.float64(15.630874877722707), np.float64(23.4736565065903), np.float64(31.354993844788293), np.float64(39.281920842200314), np.float64(47.2420649865913), np.float64(55.27802074920917), np.float64(63.40154900411082), np.float64(71.60941213987476), np.float64(79.92127988201216), np.float64(88.35720030967705), np.float64(96.89340000958178), np.float64(105.56017455131719), np.float64(114.36549759704681), np.float64(123.32377497439371), np.float64(132.4756069764759), np.float64(141.73366882794204), np.float64(151.21629679187646), np.float64(160.9171459826049), np.float64(170.78074366546127), np.float64(180.96832158812967), np.float64(191.36710099609203), np.float64(201.92715680012205), np.float64(212.75990146894438), np.float64(223.83478729591116), np.float64(235.12352683653643)]"
126,STATE_A_RIPENING,SPONTANEOUS,0.007958615200955034,0.00349231143912048,235.9821144727446,51.18839851385901,"[np.float64(0.0002906446938939476), np.float64(0.0007286339798458718), np.float64(0.0023897396846665284), np.float64(0.0064027141686127725), np.float64(0.01162469892880933), np.float64(0.018513486510345324), np.float64(0.02520842277177674), np.float64(0.03256191411728051), np.float64(0.041178102705352666), np.float64(0.05054225327098662), np.float64(0.06107055140253591), np.float64(0.07230102050928183), np.float64(0.08470864507930724), np.float64(0.09801606681529955), np.float64(0.11255416023932861), np.float64(0.1277177289288256), np.float64(0.14385660941665565), np.float64(0.16150876698230598), np.float64(0.17969838189060733), np.float64(0.19971496345538525), np.float64(0.22102613551471653), np.float64(0.24297609032491957), np.float64(0.26598232536537336), np.float64(0.2907384053058223), np.float64(0.31596623258363743), np.float64(0.3420863174038228)]","[np.float64(7.8357147820226265), np.float64(15.674860150486893), np.float64(23.531796115812018), np.float64(31.438470332376614), np.float64(39.399910227756074), np.float64(47.440598382556736), np.float64(55.528972658922484), np.float64(63.68887153276162), np.float64(71.94830022448177), np.float64(80.30124490774702), np.float64(88.77288452142317), np.float64(97.35429621989402), np.float64(106.07558093950702), np.float64(114.9338352663532), np.float64(123.95594367031092), np.float64(133.11766851203805), np.float64(142.44599076219396), np.float64(151.98448879842985), np.float64(161.6793701706804), np.float64(171.6265803819744), np.float64(181.80142817305048), np.float64(192.1629176339017), np.float64(202.74827744640217), np.float64(213.62194937076796), np.float64(224.6869750063701), np.float64(235.9821144727446)]"
125,STATE_A_RIPENING,SPONTANEOUS,0.00716275368085953,0.02171798501778212,235.93942808940298,51.138829453174246,"[np.float64(-0.00044465652527259737), np.float64(0.0012700211347492821), np.float64(0.004413121286684748), np.float64(0.007961360748589313), np.float64(0.012789445812600754), np.float64(0.018211872808555442), np.float64(0.02451505676928778), np.float64(0.032528104279418886), np.float64(0.04128598425487515), np.float64(0.05135174435273881), np.float64(0.062088643667000544), np.float64(0.07402634662486444), np.float64(0.08729654113063506), np.float64(0.10025571768345855), np.float64(0.11288159414943469), np.float64(0.1277003096921449), np.float64(0.14429823486056317), np.float64(0.16237333512771096), np.float64(0.18118137866556566), np.float64(0.20118617010199474), np.float64(0.22254399864821559), np.float64(0.24514778665719975), np.float64(0.26853992772750074), np.float64(0.29254668700381753), np.float64(0.31727344542505637), np.float64(0.3429097020001968)]","[np.float64(7.829016191712292), np.float64(15.671456839672551), np.float64(23.5440522100521), np.float64(31.447469318351985), np.float64(39.40336906894478), np.float64(47.4104521806265), np.float64(55.48313360195164), np.float64(63.65678437205489), np.float64(71.91695477603588), np.float64(80.29301916088359), np.float64(88.77217005310109), np.float64(97.38509275487904), np.float64(106.15027514595714), np.float64(114.99491098980387), np.float64(123.91375209954569), np.float64(133.05175308600067), np.float64(142.40403791971247), np.float64(151.96693107420975), np.float64(161.70210201455316), np.float64(171.6480705415742), np.float64(181.82571851955703), np.float64(192.2369644081105), np.float64(202.85404649737995), np.float64(213.66733330939405), np.float64(224.6889661159884), np.float64(235.93942808940298)]"
127,STATE_A_RIPENING,SPONTANEOUS,0.00477516912057302,0.016095631999220462,236.72280086197335,49.73732004114546,"[np.float64(0.00018553613985531402), np.float64(0.0013644181486066078), np.float64(0.0034513826984085352), np.float64(0.007522569687026792), np.float64(0.011792638530888478), np.float64(0.01762157336544636), np.float64(0.02462022663665564), np.float64(0.03195858286079805), np.float64(0.04071432840372303), np.float64(0.04988427968257739), np.float64(0.05939211485841886), np.float64(0.06911772751357392), np.float64(0.0806216116074192), np.float64(0.09361139016675335), np.float64(0.107396785359228), np.float64(0.12259581165996127), np.float64(0.1392347697282778), np.float64(0.15669362160636602), np.float64(0.17566644076736423), np.float64(0.19503126506210625), np.float64(0.21532635352690013), np.float64(0.2358717747657436), np.float64(0.25817952237577746), np.float64(0.28210093635563427), np.float64(0.30619944851800734), np.float64(0.3312533288176634)]","[np.float64(7.891810971268553), np.float64(15.792920991384717), np.float64(23.71405440640648), np.float64(31.682815804582614), np.float64(39.68735457983605), np.float64(47.76181173448209), np.float64(55.91339871288411), np.float64(64.12944923266264), np.float64(72.45104697098938), np.float64(80.85504176685804), np.float64(89.34236458213195), np.float64(97.9107552998623), np.float64(106.63912331500507), np.float64(115.53030966937928), np.float64(124.56019447659706), np.float64(133.7728811282793), np.float64(143.1831545405539), np.float64(152.76295998364472), np.float64(162.5668726069602), np.float64(172.52658217358797), np.float64(182.68468545459675), np.float64(192.99487528050523), np.float64(203.58019761821816), np.float64(214.44145225850315), np.float64(225.46604463185955), np.float64(236.72280086197335)]"
128,STATE_A_RIPENING,SPONTANEOUS,0.003581376840429765,-0.012561659232192353,237.16511734588983,50.63741118067795,"[np.float64(0.0005752867574235561), np.float64(0.00195142593501816), np.float64(0.004642989335178323), np.float64(0.00783651353477286), np.float64(0.012430258140871198), np.float64(0.017824036829943112), np.float64(0.02392726824516084), np.float64(0.03110468825197551), np.float64(0.03939005035115735), np.float64(0.048348612828754294), np.float64(0.059008054656347335), np.float64(0.06995481827903352), np.float64(0.08147155738864975), np.float64(0.09434296325875537), np.float64(0.10868115806829014), np.float64(0.12328992641495512), np.float64(0.1398063665811037), np.float64(0.15667018478245806), np.float64(0.17525091690366437), np.float64(0.19374058969133456), np.float64(0.2143943130580311), np.float64(0.2365857847200396), np.float64(0.2599281147837185), np.float64(0.28494696989973833), np.float64(0.30970153230853903), np.float64(0.3354322082380472)]","[np.float64(7.895714337855588), np.float64(15.802284299021377), np.float64(23.735242604761314), np.float64(31.697249406659783), np.float64(39.711757142904574), np.float64(47.78087991156918), np.float64(55.911241508409404), np.float64(64.12212541115935), np.float64(72.42663841178114), np.float64(80.82010379495676), np.float64(89.35294235858932), np.float64(97.97843695093863), np.float64(106.71302836341964), np.float64(115.60358491680337), np.float64(124.66976300064351), np.float64(133.85433973942773), np.float64(143.26199743703074), np.float64(152.80719969732968), np.float64(162.5868592517526), np.float64(172.48507330742856), np.float64(182.66935636690283), np.float64(193.10848074357708), np.float64(203.78267603479927), np.float64(214.74367713861415), np.float64(225.8357633503732), np.float64(237.16511734588983)]"
131,STATE_A_RIPENING,SPONTANEOUS,0.004377238360525269,0.007035189804411289,235.69477371719188,51.499093481252984,"[np.float64(-0.0003442067851993086), np.float64(0.0008464425077792494), np.float64(0.003087548836144946), np.float64(0.005810890341874994), np.float64(0.010633066123588938), np.float64(0.016023604730252217), np.float64(0.022211506970885076), np.float64(0.030201500504214402), np.float64(0.03915325428700111), np.float64(0.04954756668573697), np.float64(0.05990503487879866), np.float64(0.07027211729811728), np.float64(0.08285389667274437), np.float64(0.09691838515300086), np.float64(0.11184378592696632), np.float64(0.12720063024456219), np.float64(0.14313690129831957), np.float64(0.1620980977476685), np.float64(0.18187974697084858), np.float64(0.20191250569128646), np.float64(0.2233628474826937), np.float64(0.24470784726658038), np.float64(0.2672372651865835), np.float64(0.2916792703415676), np.float64(0.31717263986241184), np.float64(0.34357180278432764)]","[np.float64(7.819363591573044), np.float64(15.648037737057393), np.float64(23.49832135399097), np.float64(31.373597628462782), np.float64(39.310893975886444), np.float64(47.29871188657363), np.float64(55.349612783256774), np.float64(63.50343831498082), np.float64(71.75108531944743), np.float64(80.12115978776511), np.float64(88.56708009685048), np.float64(97.09000332098122), np.float64(105.79726685623726), np.float64(114.67304840837497), np.float64(123.69704071771748), np.float64(132.85159055744128), np.float64(142.14913057406278), np.float64(151.75397108196393), np.float64(161.54235522409195), np.float64(171.47964938645475), np.float64(181.65322081500648), np.float64(191.95638336479476), np.float64(202.48971449021477), np.float64(213.32155993272318), np.float64(224.39207955261628), np.float64(235.69477371719188)]"
132,STATE_A_RIPENING,SPONTANEOUS,0.006764822920811779,-0.0008707309016628726,235.28002298877823,51.58883157345316,"[np.float64(3.216958723825448e-05), np.float64(-0.000390651254109612), np.float64(0.0013652449400833203), np.float64(0.004908468748965212), np.float64(0.009754040549151098), np.float64(0.014912982361159288), np.float64(0.02145533818334121), np.float64(0.02791519863288203), np.float64(0.0365386192899572), np.float64(0.04573542224175977), np.float64(0.05623903971167441), np.float64(0.06762077026040976), np.float64(0.08001787758033536), np.float64(0.09412842893000174), np.float64(0.10917426111956349), np.float64(0.12490652322971593), np.float64(0.14216254437763426), np.float64(0.1595540412037263), np.float64(0.1787762048587071), np.float64(0.20002998397373484), np.float64(0.22005820686670743), np.float64(0.24125400899323315), np.float64(0.26486523753558855), np.float64(0.28960792144894326), np.float64(0.31567321257841846), np.float64(0.342355614049419)]","[np.float64(7.81060903845023), np.float64(15.617915345710077), np.float64(23.447439607278866), np.float64(31.318514806213706), np.float64(39.24241429104981), np.float64(47.211040113818534), np.float64(55.256789154233125), np.float64(63.34998917214477), np.float64(71.56705849765704), np.float64(79.8709451741373), np.float64(88.29817087173785), np.float64(96.84287353699266), np.float64(105.52047530131641), np.float64(114.37736869395457), np.float64(123.38690333687967), np.float64(132.5427919318399), np.float64(141.90274368220165), np.float64(151.38955633789266), np.float64(161.11916237733868), np.float64(171.1212557679096), np.float64(181.17050056694512), np.float64(191.439224860609), np.float64(202.03558930027273), np.float64(212.8717360497411), np.float64(223.97107738444674), np.float64(235.28002298877823)]"
129,STATE_A_RIPENING,SPONTANEOUS,0.005968961400716275,-0.002811618662997521,235.99836454148254,51.173701090169715,"[np.float64(0.00014436807150588858), np.float64(0.0005512026468555594), np.float64(0.002235029296966765), np.float64(0.005401557463679034), np.float64(0.010345058748522009), np.float64(0.015963289899441954), np.float64(0.022106629410397323), np.float64(0.02952595407236041), np.float64(0.03861814884304778), np.float64(0.04832613241190195), np.float64(0.059079932308299526), np.float64(0.07037427944985895), np.float64(0.0830175759585484), np.float64(0.09710039301899893), np.float64(0.11186116310276129), np.float64(0.12733310254169278), np.float64(0.1437134035288399), np.float64(0.16131090919534002), np.float64(0.1795819775591353), np.float64(0.19823022565863604), np.float64(0.21904475604004434), np.float64(0.24146604161982244), np.float64(0.26450390626725073), np.float64(0.2892580507696246), np.float64(0.3147289844606989), np.float64(0.3407026036552062)]","[np.float64(7.83972386216367), np.float64(15.682636410427234), np.float64(23.543740514944833), np.float64(31.44120535408077), np.float64(39.398009830173855), np.float64(47.40887799991617), np.float64(55.47733131320047), np.float64(63.63236367288822), np.float64(71.90181975215746), np.float64(80.26341334396817), np.float64(88.74144039578758), np.float64(97.32367445608126), np.float64(106.05484745749904), np.float64(114.95308739125302), np.float64(123.98979969658795), np.float64(133.17280013132023), np.float64(142.52037150203603), np.float64(152.06041693960637), np.float64(161.7659394269956), np.float64(171.62065293761984), np.float64(181.76009415958487), np.float64(192.15846555565972), np.float64(202.7483565837601), np.float64(213.62426756637248), np.float64(224.71266296384798), np.float64(235.99836454148254)]"
130,STATE_A_RIPENING,SPONTANEOUS,0.004377238360525269,0.004466402568406299,235.99336959324336,50.65178718004824,"[np.float64(0.0012921751932772744), np.float64(0.0026555743381284328), np.float64(0.00502904094576193), np.float64(0.008600997533063554), np.float64(0.012273056036677532), np.float64(0.017212982364442526), np.float64(0.02373651019882608), np.float64(0.03157474589489734), np.float64(0.04032346622176576), np.float64(0.050386015918692816), np.float64(0.06080578329359968), np.float64(0.07142903915360854), np.float64(0.0832914008277979), np.float64(0.09681060446593799), np.float64(0.11098084388241532), np.float64(0.12629062317323095), np.float64(0.1425530258056288), np.float64(0.16074064942600527), np.float64(0.17927482102551057), np.float64(0.19856630916534365), np.float64(0.21857751066712774), np.float64(0.2401993647327735), np.float64(0.2634188522220884), np.float64(0.2870601312902894), np.float64(0.311668179847093), np.float64(0.33863769122803566)]","[np.float64(7.850102726980396), np.float64(15.710890829060263), np.float64(23.59421264066776), np.float64(31.514804463269858), np.float64(39.465151271203204), np.float64(47.47359564452789), np.float64(55.56317635678359), np.float64(63.74340617906308), np.float64(72.01477957040441), np.float64(80.40247070094235), np.float64(88.88030850454547), np.float64(97.44462337099455), np.float64(106.14778326423885), np.float64(115.024084390842), np.float64(124.03363547625591), np.float64(133.2110175481865), np.float64(142.5548615390354), np.float64(152.13706401168804), np.float64(161.86615210369052), np.float64(171.77341798314373), np.float64(181.8615142907823), np.float64(192.20441615240415), np.float64(202.8133045680603), np.float64(213.60213504399147), np.float64(224.61922734695156), np.float64(235.99336959324336)]"
133,STATE_A_RIPENING,SPONTANEOUS,0.005968961400716275,0.0039036760469767467,236.51610292231115,51.45757270213034,"[np.float64(0.000972398909561963), np.float64(0.0026753116896245086), np.float64(0.0044376855836504156), np.float64(0.008357287184304911), np.float64(0.012404491793761206), np.float64(0.017615185093160256), np.float64(0.02445546783890464), np.float64(0.032086019398587316), np.float64(0.04094307659148495), np.float64(0.04971343430053462), np.float64(0.0597465699940232), np.float64(0.07149709167611518), np.float64(0.08420664249160266), np.float64(0.09733846473179697), np.float64(0.11213377077119667), np.float64(0.12791042593951674), np.float64(0.14438182949725034), np.float64(0.16112863624980855), np.float64(0.17963530887954274), np.float64(0.1994039006552263), np.float64(0.22037992043683852), np.float64(0.24200937974594383), np.float64(0.2658460357039459), np.float64(0.2907739683348961), np.float64(0.3167653772132754), np.float64(0.34279252702204405)]","[np.float64(7.854055391922693), np.float64(15.721466884038234), np.float64(23.602916108759388), np.float64(31.531898553716974), np.float64(39.493892957283265), np.float64(47.51447648997945), np.float64(55.61955260194265), np.float64(63.80149324386006), np.float64(72.08400509129355), np.float64(80.43004031927234), np.float64(88.8948504572759), np.float64(97.51235678595687), np.float64(106.2630538799038), np.float64(115.12807570271684), np.float64(124.18029353768053), np.float64(133.39519828948016), np.float64(142.76353952193307), np.float64(152.26342053252077), np.float64(161.99827548154113), np.float64(171.94740774438912), np.float64(182.11668236885308), np.float64(192.47220751902336), np.float64(203.14268467781758), np.float64(214.05198004206412), np.float64(225.20452723049036), np.float64(236.51610292231115)]"
134,STATE_A_RIPENING,SPONTANEOUS,0.004377238360525269,0.009487793963035415,235.89682581768207,50.44378502686739,"[np.float64(0.0003194754944424353), np.float64(0.0016385614498509143), np.float64(0.0038028447637355333), np.float64(0.0067847132780561), np.float64(0.011633044165023745), np.float64(0.01730955213824793), np.float64(0.024284946143509602), np.float64(0.032848546652654936), np.float64(0.04128693965460422), np.float64(0.05023741721827671), np.float64(0.06037477203996894), np.float64(0.07108274057866198), np.float64(0.08377625544396734), np.float64(0.09738676320014504), np.float64(0.1113485322166298), np.float64(0.12687465413162732), np.float64(0.143772350340883), np.float64(0.16070548711559252), np.float64(0.17878395528263957), np.float64(0.1973853545702795), np.float64(0.21768994043738707), np.float64(0.2401928464764756), np.float64(0.26311694845448874), np.float64(0.2867702250859715), np.float64(0.3113447501678701), np.float64(0.33758409283119906)]","[np.float64(7.846167291417551), np.float64(15.702677637839438), np.float64(23.579449811220595), np.float64(31.485928088229755), np.float64(39.45206220809339), np.float64(47.47511365345808), np.float64(55.57719660165819), np.float64(63.781761593716745), np.float64(72.04700329760647), np.float64(80.39553785381347), np.float64(88.86087390418642), np.float64(97.42736528577181), np.float64(106.16989056858964), np.float64(115.0525095133193), np.float64(124.05223714711964), np.float64(133.24348695445386), np.float64(142.6286986593503), np.float64(152.13240306723048), np.float64(161.82995391064512), np.float64(171.68611295942398), np.float64(181.7924553413874), np.float64(192.2009337977613), np.float64(202.78592998754476), np.float64(213.5747687413352), np.float64(224.5880535137561), np.float64(235.89682581768207)]"
136,STATE_A_RIPENING,SPONTANEOUS,0.00477516912057302,0.0036826106363344155,235.66093274967383,50.84473269316176,"[np.float64(0.0005478967334334302), np.float64(0.0015091930759130402), np.float64(0.0037752994304244285), np.float64(0.007066929872843236), np.float64(0.011228500600844623), np.float64(0.015890956402090404), np.float64(0.02218018875044669), np.float64(0.02962197325015135), np.float64(0.037552199565785496), np.float64(0.04687202952458827), np.float64(0.05684401675339753), np.float64(0.06707423835473786), np.float64(0.07906538793436291), np.float64(0.09183895244992783), np.float64(0.10597435491063288), np.float64(0.12205517468667358), np.float64(0.14035379332465892), np.float64(0.157971569742643), np.float64(0.17698952032238008), np.float64(0.19603080965139433), np.float64(0.21703809804735988), np.float64(0.2385190311154658), np.float64(0.261031357271944), np.float64(0.2848313396449527), np.float64(0.3108404779828227), np.float64(0.33745774025163)]","[np.float64(7.839586416912599), np.float64(15.686703064524187), np.float64(23.556660182686954), np.float64(31.460336883143693), np.float64(39.40659088208582), np.float64(47.396798509102396), np.float64(55.46716637378952), np.float64(63.62138192696089), np.float64(71.84916035406332), np.float64(80.19014675856508), np.float64(88.62828421921088), np.float64(97.15223000195331), np.float64(105.83795591086123), np.float64(114.65197434657831), np.float64(123.63402194190553), np.float64(132.83156798381737), np.float64(142.27969883568085), np.float64(151.80835127185904), np.float64(161.55265846203903), np.float64(171.42548598208307), np.float64(181.5706262944029), np.float64(191.88818413469062), np.float64(202.4253920707638), np.float64(213.21046262136412), np.float64(224.33092163659526), np.float64(235.66093274967383)]"
135,STATE_A_RIPENING,SPONTANEOUS,0.004377238360525269,-0.0035053672729121795,236.762773063957,50.66310871767018,"[np.float64(0.0003406988623070801), np.float64(0.0004138902044452942), np.float64(0.0022197581018786206), np.float64(0.0058014632382950805), np.float64(0.009621325632606285), np.float64(0.015147304758614177), np.float64(0.022257217532482748), np.float64(0.02946862725490781), np.float64(0.03783922261428156), np.float64(0.046877226272436255), np.float64(0.05707130452967203), np.float64(0.06787091560820793), np.float64(0.08065814707003602), np.float64(0.09389647446829277), np.float64(0.1079856759120406), np.float64(0.12256071244020283), np.float64(0.1389801965461508), np.float64(0.15574352081963755), np.float64(0.17448733062361949), np.float64(0.1952992302224389), np.float64(0.21662429688408263), np.float64(0.23820551999975356), np.float64(0.2603600494518022), np.float64(0.28390029253396354), np.float64(0.30926704006746764), np.float64(0.335097174699424)]","[np.float64(7.882384227787941), np.float64(15.765345170818089), np.float64(23.669351896969896), np.float64(31.615478150515212), np.float64(39.59432044295123), np.float64(47.643034493486304), np.float64(55.77784926834089), np.float64(63.97056354677317), np.float64(72.25887252885444), np.float64(80.63647003261865), np.float64(89.13093420321704), np.float64(97.72918043488062), np.float64(106.50528279297814), np.float64(115.3983976619074), np.float64(124.43483135753671), np.float64(133.60063844803548), np.float64(142.9850526004578), np.float64(152.50597894513757), np.float64(162.27865543518098), np.float64(172.32645225717434), np.float64(182.54971909360737), np.float64(192.9312953936696), np.float64(203.49736114101034), np.float64(214.3189249752861), np.float64(225.44352049795214), np.float64(236.762773063957)]"
137,STATE_A_RIPENING,SPONTANEOUS,0.005173099880620772,0.017184579578399427,236.2450101081673,50.93208467164497,"[np.float64(0.0003143817676204444), np.float64(0.0019618355844375074), np.float64(0.004690396059610055), np.float64(0.008218413694164164), np.float64(0.01305639959362646), np.float64(0.01901463655750419), np.float64(0.02542045207409036), np.float64(0.03229239163273191), np.float64(0.04061747107425529), np.float64(0.04989153486409923), np.float64(0.060317138022579556), np.float64(0.07159818931546608), np.float64(0.08494371521959429), np.float64(0.09971858831877602), np.float64(0.11503730722555927), np.float64(0.13043776193780926), np.float64(0.1467215418871298), np.float64(0.16369957032900373), np.float64(0.18206533891466686), np.float64(0.20178659922219025), np.float64(0.22270000589020456), np.float64(0.2442960172574941), np.float64(0.26813336554778566), np.float64(0.29146301078389625), np.float64(0.31607370795553275), np.float64(0.3416843827170291)]","[np.float64(7.845712151030565), np.float64(15.704340372444076), np.float64(23.588563508133472), np.float64(31.50659118515501), np.float64(39.47761710699884), np.float64(47.512247585151435), np.float64(55.60490992998889), np.float64(63.76105057308567), np.float64(72.01984460084994), np.float64(80.37783996978479), np.float64(88.85353069144647), np.float64(97.44540065453074), np.float64(106.22116749014153), np.float64(115.16829372910182), np.float64(124.25105135586584), np.float64(133.44657288726492), np.float64(142.80454206426418), np.float64(152.3200438508769), np.float64(162.04605267591432), np.float64(171.99181840493233), np.float64(182.15595172884264), np.float64(192.50794160009613), np.float64(203.17693973155505), np.float64(213.95199560323078), np.float64(224.98016407681848), np.float64(236.2450101081673)]"
139,STATE_A_RIPENING,SPONTANEOUS,0.004377238360525269,-0.004612780391380116,237.38601232970663,51.21334944563252,"[np.float64(0.0006211986605484975), np.float64(0.0025912779527597733), np.float64(0.004998175203144242), np.float64(0.008041339910632902), np.float64(0.012311611814452783), np.float64(0.017757135952303875), np.float64(0.02414435801637571), np.float64(0.0322908600549207), np.float64(0.04164086023578208), np.float64(0.052067973603145225), np.float64(0.06304026954565317), np.float64(0.07505707573148314), np.float64(0.08794687871646785), np.float64(0.10156425721820163), np.float64(0.11645694793443631), np.float64(0.13224584093211333), np.float64(0.14857770694104394), np.float64(0.16593125176664525), np.float64(0.18428880231914838), np.float64(0.2036444252485365), np.float64(0.22364145640789962), np.float64(0.24612597412176973), np.float64(0.2687089480278452), np.float64(0.2919722257944252), np.float64(0.3172786457112645), np.float64(0.3429778687799595)]","[np.float64(7.881015812858236), np.float64(15.777540582914746), np.float64(23.69470142281234), np.float64(31.640731254952946), np.float64(39.634598468178204), np.float64(47.689270338076874), np.float64(55.81179336221276), np.float64(64.03809104215381), np.float64(72.36838192639162), np.float64(80.81077082059852), np.float64(89.35418390271364), np.float64(98.02669403083907), np.float64(106.83032430374391), np.float64(115.76580678852538), np.float64(124.87042752503048), np.float64(134.13363649272657), np.float64(143.54116341941142), np.float64(153.12860494827032), np.float64(162.90325482025096), np.float64(172.87271360401604), np.float64(183.01797047762676), np.float64(193.48664951274478), np.float64(204.10619505212486), np.float64(214.92413111264844), np.float64(226.06128069375958), np.float64(237.38601232970663)]"
138,STATE_A_RIPENING,SPONTANEOUS,0.004377238360525269,-0.0019099404543925942,235.91665430046925,50.85144911869239,"[np.float64(0.0005113245063962969), np.float64(0.0016059403001356814), np.float64(0.0036056188982800234), np.float64(0.007443775300178557), np.float64(0.011520651018517238), np.float64(0.016063783624638683), np.float64(0.02273553107641976), np.float64(0.030326549504687127), np.float64(0.039431639998068854), np.float64(0.049538715254108134), np.float64(0.05980212350902904), np.float64(0.07115647031969811), np.float64(0.08395591769066671), np.float64(0.09834478917005479), np.float64(0.11301428741558907), np.float64(0.12869764666959174), np.float64(0.14527255081994547), np.float64(0.16327201742154848), np.float64(0.18258282410025875), np.float64(0.2031547227027589), np.float64(0.22379398405666034), np.float64(0.24532829420751534), np.float64(0.2670567460413464), np.float64(0.2907932570840604), np.float64(0.3151872987900682), np.float64(0.3408726895272603)]","[np.float64(7.837949920095576), np.float64(15.684472655130513), np.float64(23.550182484857665), np.float64(31.46022904616776), np.float64(39.404775822634605), np.float64(47.39180132303393), np.float64(55.471663780201396), np.float64(63.63102401103539), np.float64(71.90050746940565), np.float64(80.27692187938575), np.float64(88.73532775798877), np.float64(97.31934644426403), np.float64(106.05731853495507), np.float64(114.97114660585746), np.float64(124.00326167692928), np.float64(133.19878776537598), np.float64(142.55906138391828), np.float64(152.1264131862333), np.float64(161.90522495049953), np.float64(171.9025090747618), np.float64(182.03920560996937), np.float64(192.3783025901275), np.float64(202.8697755479769), np.float64(213.66385787542785), np.float64(224.65976054407506), np.float64(235.91665430046925)]"
140,STATE_A_RIPENING,SPONTANEOUS,0.005173099880620772,0.014890450125885397,236.4421686614031,50.35133357153784,"[np.float64(0.0007051054326020216), np.float64(0.002303116680439228), np.float64(0.0044716460649697675), np.float64(0.006665456041696716), np.float64(0.010077724856008066), np.float64(0.015233235383154324), np.float64(0.02185862153590382), np.float64(0.029369223616017827), np.float64(0.03819422910493392), np.float64(0.04793194419540487), np.float64(0.05860172694701455), np.float64(0.06955607049494986), np.float64(0.0813608816526346), np.float64(0.09520703782334744), np.float64(0.10984899865075513), np.float64(0.1250185364716515), np.float64(0.1416160491472001), np.float64(0.15963241675496426), np.float64(0.17898673144145663), np.float64(0.19841590108967375), np.float64(0.2187775223631169), np.float64(0.23898556381461045), np.float64(0.2612747316744094), np.float64(0.286212410067112), np.float64(0.31082669189753576), np.float64(0.3354703756689549)]","[np.float64(7.872044029846715), np.float64(15.756653796382759), np.float64(23.660534569989608), np.float64(31.581811064599346), np.float64(39.54411477672507), np.float64(47.57388522837655), np.float64(55.68367673107087), np.float64(63.871929144329215), np.float64(72.16328111590057), np.float64(80.55657559461866), np.float64(89.06220455399269), np.float64(97.66017121063851), np.float64(106.38077172358541), np.float64(115.29503498134308), np.float64(124.35339974284535), np.float64(133.5470436833019), np.float64(142.9365879935552), np.float64(152.53416729185776), np.float64(162.34634534777018), np.float64(172.29323832974367), np.float64(182.438280167885), np.float64(192.70379198064694), np.float64(203.26712304051193), np.float64(214.19140828054447), np.float64(225.24082197078556), np.float64(236.4421686614031)]"
143,STATE_A_RIPENING,SPONTANEOUS,0.003581376840429765,-0.008676491172305855,237.67500741426952,51.46536991190227,"[np.float64(0.0007833209412337761), np.float64(0.0028358731447761967), np.float64(0.0051437959906481465), np.float64(0.00848762568390653), np.float64(0.012929494505508683), np.float64(0.01851880596500028), np.float64(0.025795364424475574), np.float64(0.03435138730335465), np.float64(0.04308584758546624), np.float64(0.05248208467490823), np.float64(0.06319226665890133), np.float64(0.0737691778662897), np.float64(0.08609539381471515), np.float64(0.09866284124943621), np.float64(0.11300500708705254), np.float64(0.1292858621027803), np.float64(0.1464862912328234), np.float64(0.16427800038593665), np.float64(0.1828702637857503), np.float64(0.20219984708220032), np.float64(0.223380465389683), np.float64(0.2448956111253281), np.float64(0.2677162614124845), np.float64(0.291030677378547), np.float64(0.31627835271737753), np.float64(0.34323912375557586)]","[np.float64(7.890481958782), np.float64(15.7971385781626), np.float64(23.72295880557785), np.float64(31.683181114742464), np.float64(39.69109813116823), np.float64(47.7605454791759), np.float64(55.919323384451715), np.float64(64.17376792847377), np.float64(72.49967132617877), np.float64(80.91720213163894), np.float64(89.4606586756727), np.float64(98.07768686962854), np.float64(106.8589346288304), np.float64(115.74273899896849), np.float64(124.81687925266192), np.float64(134.1082298092792), np.float64(143.57104327132996), np.float64(153.19138849660024), np.float64(162.98801095780237), np.float64(172.96245128917852), np.float64(183.2034160152151), np.float64(193.6077110627436), np.float64(204.25484568002577), np.float64(215.08643659044944), np.float64(226.22853334848162), np.float64(237.67500741426952)]"
141,STATE_A_RIPENING,SPONTANEOUS,0.004377238360525269,-0.006124116076201,235.72168450354113,50.60873924558692,"[np.float64(0.0007912756262311929), np.float64(0.0027512675174900156), np.float64(0.004597035793829007), np.float64(0.0073766756137799636), np.float64(0.011599350750882862), np.float64(0.01725049245992371), np.float64(0.02412722380114622), np.float64(0.03275236372102424), np.float64(0.04147958458239198), np.float64(0.05144907824042376), np.float64(0.06144986224934988), np.float64(0.07246804001491057), np.float64(0.08477030415558837), np.float64(0.09931745680050946), np.float64(0.1140401219738747), np.float64(0.12879498838626877), np.float64(0.14511964118814136), np.float64(0.1620077188285519), np.float64(0.1801456413251951), np.float64(0.19945502061464854), np.float64(0.21893092920401527), np.float64(0.24100776539097327), np.float64(0.2641705097280687), np.float64(0.28820391071909107), np.float64(0.3139547792418437), np.float64(0.3396239563354836)]","[np.float64(7.836217662990752), np.float64(15.687774598930066), np.float64(23.55330935351181), np.float64(31.44782921087386), np.float64(39.39208883203509), np.float64(47.40235736348267), np.float64(55.489361913223924), np.float64(63.68289838541636), np.float64(71.94533271433856), np.float64(80.32095391150416), np.float64(88.77223680288246), np.float64(97.34376975426703), np.float64(106.05886654942384), np.float64(114.98053716013467), np.float64(124.01562617881355), np.float64(133.1564641242272), np.float64(142.4981048795094), np.float64(151.98885626211197), np.float64(161.6799401083238), np.float64(171.57606933982584), np.float64(181.6115974764436), np.float64(191.97499530906902), np.float64(202.5654619812859), np.float64(213.37242038349092), np.float64(224.4734355370969), np.float64(235.72168450354113)]"
142,STATE_A_RIPENING,SPONTANEOUS,0.0031834460803820135,-0.008883347039453092,236.2582233927419,50.952536532236465,"[np.float64(0.0003046901706591012), np.float64(0.0015751154806061928), np.float64(0.003627408071536322), np.float64(0.007237933417911582), np.float64(0.0118513875963238), np.float64(0.017174816581090487), np.float64(0.0230601752516903), np.float64(0.02986573334631436), np.float64(0.038014070881775774), np.float64(0.04773637800946331), np.float64(0.058335467351707054), np.float64(0.06961787189841351), np.float64(0.08206885727198851), np.float64(0.09482178248972249), np.float64(0.1084815453377478), np.float64(0.12362196185978717), np.float64(0.13994373074785105), np.float64(0.1583778803662084), np.float64(0.17809962988415456), np.float64(0.19811203320467086), np.float64(0.21846262423551632), np.float64(0.2401172167502852), np.float64(0.2631335773846061), np.float64(0.2881644820961484), np.float64(0.3128241054629026), np.float64(0.33861780182297)]","[np.float64(7.8550949731422435), np.float64(15.720163052526395), np.float64(23.60439094358579), np.float64(31.529081252800832), np.float64(39.501506401081336), np.float64(47.52633640899764), np.float64(55.60757001767598), np.float64(63.762535570404516), np.float64(72.01606996607975), np.float64(80.391716061299), np.float64(88.87705350296551), np.float64(97.47222037154222), np.float64(106.20772079092528), np.float64(115.04958016355727), np.float64(124.0340087918766), np.float64(133.20342137814959), np.float64(142.55285392758978), np.float64(152.15384120222308), np.float64(161.96825322179586), np.float64(171.93488338976675), np.float64(182.05838608192698), np.float64(192.4151825100967), np.float64(203.0195046306192), np.float64(213.9351715402653), np.float64(224.97205098798395), np.float64(236.2582233927419)]"
144,STATE_A_RIPENING,SPONTANEOUS,0.004377238360525269,-0.005042940510233632,235.9425852314543,51.40215215822965,"[np.float64(0.00041315763383244263), np.float64(0.002025272166751201), np.float64(0.004464105140897507), np.float64(0.008319557309337734), np.float64(0.012231179402262642), np.float64(0.01726857449251462), np.float64(0.02339526835589956), np.float64(0.030673322810722548), np.float64(0.03914105044771769), np.float64(0.04928814811498261), np.float64(0.05975457733535164), np.float64(0.07194190443367024), np.float64(0.08423879289824703), np.float64(0.09744393354269201), np.float64(0.1119344103391861), np.float64(0.12732091441844653), np.float64(0.144250845889941), np.float64(0.16241786495846539), np.float64(0.18211225655016322), np.float64(0.20219726113625822), np.float64(0.22333993548193995), np.float64(0.2447718012928452), np.float64(0.2674632839745878), np.float64(0.2913348144451562), np.float64(0.31698060632496017), np.float64(0.3434521988430682)]","[np.float64(7.830898122798611), np.float64(15.674410256930393), np.float64(23.540210499863502), np.float64(31.447126176933192), np.float64(39.38508037678053), np.float64(47.37955103762419), np.float64(55.44234855412267), np.float64(63.587592306984), np.float64(71.82930043225795), np.float64(80.19905671044975), np.float64(88.65785345982974), np.float64(97.27220190052591), np.float64(105.98092353031849), np.float64(114.82622392440253), np.float64(123.83765531070893), np.float64(133.00428757059362), np.float64(142.37424003928606), np.float64(151.94118862642546), np.float64(161.73530712395956), np.float64(171.68792002690446), np.float64(181.8506040090799), np.float64(192.17169820613245), np.float64(202.72971331902633), np.float64(213.52687693791094), np.float64(224.62163027360148), np.float64(235.9425852314543)]"
145,STATE_A_RIPENING,SPONTANEOUS,0.004377238360525269,0.00777733880383568,235.69233868067727,50.27726622268385,"[np.float64(-0.0005946116981555066), np.float64(-7.225496980473819e-05), np.float64(0.0029084020232931305), np.float64(0.0056456782055006325), np.float64(0.010268663089343752), np.float64(0.016051030817704513), np.float64(0.02234527453324887), np.float64(0.029124307473597368), np.float64(0.0376840604963269), np.float64(0.04744678788773705), np.float64(0.05817937624844089), np.float64(0.06961557675972291), np.float64(0.08175543056732745), np.float64(0.09482381728462087), np.float64(0.10920380450812933), np.float64(0.12430877249397299), np.float64(0.1413077879270246), np.float64(0.15897205495769537), np.float64(0.1775247212444031), np.float64(0.1966601591401672), np.float64(0.21749826290317645), np.float64(0.2392218201017871), np.float64(0.26190849728512317), np.float64(0.28597843997975214), np.float64(0.3105860278048197), np.float64(0.33535649596806627)]","[np.float64(7.842316207729987), np.float64(15.688730803911376), np.float64(23.568144684741874), np.float64(31.467047316456785), np.float64(39.424114860302616), np.float64(47.44413323547936), np.float64(55.5226700703372), np.float64(63.66451151136108), np.float64(71.91981943678502), np.float64(80.28593892591914), np.float64(88.7658339706802), np.float64(97.35732027148899), np.float64(106.06727231222224), np.float64(114.91418997573612), np.float64(123.92828519804041), np.float64(133.08720008083563), np.float64(142.47012909715662), np.float64(152.0136172378004), np.float64(161.73802061387877), np.float64(171.62830673359917), np.float64(181.7719959115137), np.float64(192.11917490728914), np.float64(202.6820435667547), np.float64(213.50182491860997), np.float64(224.5154754701328), np.float64(235.69233868067727)]"
146,STATE_A_RIPENING,SPONTANEOUS,0.004377238360525269,-0.0037758825903879407,237.51960554288175,50.72648426742401,"[np.float64(0.00047889629480095386), np.float64(0.0015255378925816633), np.float64(0.003015115774972202), np.float64(0.006616928193189842), np.float64(0.011149480387394954), np.float64(0.016190028532669775), np.float64(0.0224405597101347), np.float64(0.029514699599413843), np.float64(0.037042743410283005), np.float64(0.045806816174538925), np.float64(0.0562475084483534), np.float64(0.067248782813499), np.float64(0.07998389173612278), np.float64(0.09412489601431237), np.float64(0.10934199967584494), np.float64(0.1245740166884054), np.float64(0.14044869348486858), np.float64(0.15789163168514597), np.float64(0.17630168924602793), np.float64(0.19524932118962982), np.float64(0.2162541529933158), np.float64(0.2375788552899387), np.float64(0.2598964979943656), np.float64(0.2836820499742307), np.float64(0.30804774821823094), np.float64(0.3349314391932243)]","[np.float64(7.908618035617936), np.float64(15.825507435004841), np.float64(23.755907657465627), np.float64(31.731363986914648), np.float64(39.753403839787694), np.float64(47.82283847135795), np.float64(55.96463935255522), np.float64(64.18047066716768), np.float64(72.46653110489855), np.float64(80.85788340625987), np.float64(89.38654860677954), np.float64(98.01910096746766), np.float64(106.81902902890883), np.float64(115.7865517840132), np.float64(124.91673420415074), np.float64(134.15616648937157), np.float64(143.54346718825124), np.float64(153.1450970557829), np.float64(162.93320333554965), np.float64(172.88443033049668), np.float64(183.1167608680436), np.float64(193.51104393396994), np.float64(204.1229824072858), np.float64(214.99908449868977), np.float64(226.0728670922504), np.float64(237.51960554288175)]"
149,STATE_A_RIPENING,SPONTANEOUS,0.00477516912057302,0.030780919165475193,236.51023004513038,50.052460634009655,"[np.float64(-0.00023235496720628372), np.float64(1.1284162228360717e-05), np.float64(0.0018322034681856343), np.float64(0.005494608590763294), np.float64(0.009506383732206624), np.float64(0.014433478660303574), np.float64(0.020351047460353964), np.float64(0.0275420645543125), np.float64(0.03509711539840907), np.float64(0.04369510022535761), np.float64(0.053701645382898275), np.float64(0.06537671067293592), np.float64(0.07685652417186238), np.float64(0.08952590473408933), np.float64(0.10333191296754393), np.float64(0.11863050614270436), np.float64(0.13507716160573258), np.float64(0.1531443192182326), np.float64(0.17262795740521983), np.float64(0.19260625150048077), np.float64(0.2134598139556886), np.float64(0.2342325205441607), np.float64(0.2564332875834494), np.float64(0.28014459283895354), np.float64(0.30476911685313784), np.float64(0.3298987439816695)]","[np.float64(7.887090670148269), np.float64(15.776103273714547), np.float64(23.68569012681883), np.float64(31.63859280601966), np.float64(39.627058291864195), np.float64(47.668373302323296), np.float64(55.77507230408607), np.float64(63.96716250385626), np.float64(72.2271291721935), np.float64(80.58498268311224), np.float64(89.06740697974624), np.float64(97.70125447637346), np.float64(106.41174589624435), np.float64(115.2694207011832), np.float64(124.2829758893366), np.float64(133.48442856828603), np.float64(142.8660076781547), np.float64(152.4690279987218), np.float64(162.29345942228875), np.float64(172.28435092663102), np.float64(182.4732841554084), np.float64(192.79176003741256), np.float64(203.3596789651202), np.float64(214.19436900710159), np.float64(225.25484325353594), np.float64(236.51023004513038)]"
148,STATE_A_RIPENING,SPONTANEOUS,0.005968961400716275,0.0043423874604989615,235.72798547889818,50.08194087554668,"[np.float64(0.0011731603527110168), np.float64(0.003373906646669973), np.float64(0.005730973449100561), np.float64(0.008552311831756174), np.float64(0.012175390598429432), np.float64(0.017766538886598387), np.float64(0.02433177739137274), np.float64(0.03191405128307667), np.float64(0.03953363417357199), np.float64(0.04908863720256172), np.float64(0.05952395337088884), np.float64(0.06999581243849366), np.float64(0.08194413193182364), np.float64(0.09515191752156743), np.float64(0.10926162665234984), np.float64(0.12475828536014777), np.float64(0.14130339602981687), np.float64(0.15902534692788034), np.float64(0.17704923373656997), np.float64(0.19598118068650264), np.float64(0.21652991424701204), np.float64(0.23859130604386208), np.float64(0.2613488961270166), np.float64(0.2853869170306156), np.float64(0.3102169893341832), np.float64(0.33521613075645285)]","[np.float64(7.850848754078179), np.float64(15.718945515365341), np.float64(23.60609654231887), np.float64(31.518911987696207), np.float64(39.46934351030393), np.float64(47.493846710030226), np.float64(55.58791368856665), np.float64(63.76373697423857), np.float64(71.99855723449076), np.float64(80.36521356567383), np.float64(88.84031433590982), np.float64(97.394469559775), np.float64(106.09814278556436), np.float64(114.95483203392685), np.float64(123.95677406786363), np.float64(133.14093261479107), np.float64(142.4988920730017), np.float64(152.048095095756), np.float64(161.73831973166307), np.float64(171.6145793633335), np.float64(181.73672712024913), np.float64(192.10943999938817), np.float64(202.678398195278), np.float64(213.49622037565598), np.float64(224.52961595254806), np.float64(235.72798547889818)]"
147,STATE_A_RIPENING,SPONTANEOUS,0.003581376840429765,-0.004062154256217254,236.2098171747359,50.06646015996257,"[np.float64(-7.652359324783498e-05), np.float64(0.0011551295897483866), np.float64(0.002905595060310654), np.float64(0.006091112474705007), np.float64(0.010673005761160176), np.float64(0.015948812461755744), np.float64(0.022207683113702078), np.float64(0.030225236089411186), np.float64(0.038477963094282246), np.float64(0.04654241338011059), np.float64(0.05666237484274574), np.float64(0.06750411652547265), np.float64(0.07999547544701921), np.float64(0.09350273155086992), np.float64(0.10758445398491616), np.float64(0.12246096492269), np.float64(0.13757203313532376), np.float64(0.15553402840489167), np.float64(0.17426369706507977), np.float64(0.19405909221440598), np.float64(0.21462452690495432), np.float64(0.23685038956619384), np.float64(0.2604985773656808), np.float64(0.2842680198045776), np.float64(0.30736987963579365), np.float64(0.332588228134473)]","[np.float64(7.869732884837478), np.float64(15.749156309858956), np.float64(23.644377854791), np.float64(31.57586502097753), np.float64(39.55960501514293), np.float64(47.595267624065286), np.float64(55.69859237233675), np.float64(63.904683501674484), np.float64(72.18014684208897), np.float64(80.51096389544891), np.float64(88.98922328825408), np.float64(97.57591545990665), np.float64(106.3239076612117), np.float64(115.21647421245402), np.float64(124.23852710191228), np.float64(133.40810501513315), np.float64(142.69704636710253), np.float64(152.2791640226486), np.float64(162.0365648208081), np.float64(171.99646255972772), np.float64(182.1448629481884), np.float64(192.55636334928877), np.float64(203.22429480723636), np.float64(214.05022320304772), np.float64(224.96546596568186), np.float64(236.2098171747359)]"
150,STATE_B_DEFENSE,SPONTANEOUS,0.49621965777954635,0.013160892025640327,297.0601203828332,55.31517423691024,"[np.float64(8.369879071120669e-05), np.float64(0.0005100907068262098), np.float64(0.0019668222652197034), np.float64(0.005453163354442787), np.float64(0.008642476193964506), np.float64(0.013140626073458454), np.float64(0.01915156550391826), np.float64(0.025204013814507834), np.float64(0.032920504488047724), np.float64(0.040896192548490105), np.float64(0.05068331112608443), np.float64(0.06056171838213957), np.float64(0.07208247772015788), np.float64(0.08338093161503302), np.float64(0.09530013416452546), np.float64(0.10775311508138613), np.float64(0.11959539223737163), np.float64(0.13175543202930257), np.float64(0.14394630572781422), np.float64(0.15605705766771213), np.float64(0.168450420640403), np.float64(0.18024203681220827), np.float64(0.1928268551206277), np.float64(0.20540489417215788), np.float64(0.21795327103605716), np.float64(0.23085602360030266), np.float64(0.24374076236205294), np.float64(0.25695760284584007), np.float64(0.27052805604767893), np.float64(0.2840020649867174), np.float64(0.2972762374841383), np.float64(0.31022477418873406), np.float64(0.32270081040969206)]","[np.float64(7.8274044928438276), np.float64(15.658145892722843), np.float64(23.504311184413076), np.float64(31.39355636271485), np.float64(39.30413420264089), np.float64(47.27001266586661), np.float64(55.31170309726154), np.float64(63.400800149429095), np.float64(71.59382433574264), np.float64(79.85522045919951), np.float64(88.25274148476525), np.float64(96.72724594143878), np.float64(105.35546160698436), np.float64(114.05602515690688), np.float64(122.8732746093497), np.float64(131.80778918428277), np.float64(140.7923557385566), np.float64(149.88162807717777), np.float64(159.05818558111167), np.float64(168.31360942389165), np.float64(177.67406651761044), np.float64(187.07158387258036), np.float64(196.61477160656656), np.float64(206.2420989770451), np.float64(215.95085345474774), np.float64(225.7753783154448), np.float64(235.6830236545155), np.float64(245.7072373862273), np.float64(255.8525387748827), np.float64(266.0747843467287), np.float64(276.36149183352336), np.float64(286.6965618693252), np.float64(297.0601203828332)]"
151,STATE_B_DEFENSE,SPONTANEOUS,0.49383207321925987,-0.008780213955466193,307.33945978272294,57.17826523928877,"[np.float64(0.0004056383997091176), np.float64(0.0020421082225110286), np.float64(0.004820557969448561), np.float64(0.008473744471076242), np.float64(0.012577101728465502), np.float64(0.016747367396176268), np.float64(0.02181046941907738), np.float64(0.02893891307397874), np.float64(0.036143051432394), np.float64(0.04552480569615528), np.float64(0.05527838995279843), np.float64(0.0656429897626518), np.float64(0.0764064583510656), np.float64(0.08651974049342592), np.float64(0.09681773167568454), np.float64(0.10880296085380618), np.float64(0.12077250583923177), np.float64(0.13328950172968548), np.float64(0.1458769106980867), np.float64(0.15761583748054872), np.float64(0.17034802549581415), np.float64(0.1829107695887083), np.float64(0.19544126575869994), np.float64(0.20851053887882998), np.float64(0.22111178264279382), np.float64(0.2338905177324466), np.float64(0.24637077747696834), np.float64(0.2587749515896632), np.float64(0.27067095310457845), np.float64(0.2823496521736507), np.float64(0.2939536311822501), np.float64(0.30583520229211075), np.float64(0.31778782579217013), np.float64(0.33027831607858155)]","[np.float64(7.838919704623932), np.float64(15.69065712362278), np.float64(23.568593240080443), np.float64(31.481864096278404), np.float64(39.43230877440865), np.float64(47.41611081328816), np.float64(55.45636054812333), np.float64(63.59938754945143), np.float64(71.79935112596084), np.float64(80.13741349773434), np.float64(88.56137648449256), np.float64(97.08569920622887), np.float64(105.70600271531735), np.float64(114.37075730967658), np.float64(123.11944270131187), np.float64(132.0429813854455), np.float64(141.05088199902988), np.float64(150.1796502117236), np.float64(159.40088773350863), np.float64(168.64768189394368), np.float64(178.05122198770587), np.float64(187.52830327807266), np.float64(197.08796631294743), np.float64(206.77813466260787), np.float64(216.51394347069268), np.float64(226.34964196074554), np.float64(236.24114759592982), np.float64(246.2069045601728), np.float64(256.2021084800059), np.float64(266.25185020751076), np.float64(276.36891986860104), np.float64(286.590846236593), np.float64(296.8963345838226), np.float64(307.33945978272294)]"
152,STATE_B_DEFENSE,SPONTANEOUS,0.4970155192996419,-0.00943575916643927,307.915463573087,57.01985912965865,"[np.float64(0.0007787797197713963), np.float64(0.00125499066646037), np.float64(0.0037653499143017756), np.float64(0.007148634027524774), np.float64(0.011332645638454047), np.float64(0.01655915799695833), np.float64(0.022541603062844195), np.float64(0.029674278467856422), np.float64(0.03821544704244659), np.float64(0.04722741852897655), np.float64(0.05608486982752912), np.float64(0.0660847444304571), np.float64(0.07698182421772325), np.float64(0.08663570353625323), np.float64(0.0982550069695602), np.float64(0.10994055671511505), np.float64(0.12253439566379119), np.float64(0.13458784135777252), np.float64(0.14614225869209665), np.float64(0.15761185045326867), np.float64(0.16969413915615017), np.float64(0.1831505707188525), np.float64(0.19582880656275264), np.float64(0.20870056383457575), np.float64(0.22138663037683393), np.float64(0.2330384237529673), np.float64(0.24575753748566126), np.float64(0.2576409802469326), np.float64(0.2695569857566964), np.float64(0.2813468514713684), np.float64(0.29377402675806824), np.float64(0.3064544399573522), np.float64(0.3186811550829775), np.float64(0.3295101583748125)]","[np.float64(7.857344534456463), np.float64(15.718427465990843), np.float64(23.607179776654867), np.float64(31.529241868733223), np.float64(39.49333147054609), np.float64(47.514299595277755), np.float64(55.59622273123942), np.float64(63.759759728484745), np.float64(72.0266150641873), np.float64(80.37616021986523), np.float64(88.78689088739331), np.float64(97.31591337714161), np.float64(105.96301137042852), np.float64(114.62432037974483), np.float64(123.46663382541617), np.float64(132.3965278532676), np.float64(141.46711690353223), np.float64(150.5907583973774), np.float64(159.7642542099309), np.float64(169.0122683026031), np.float64(178.38659029863223), np.float64(187.9530780276761), np.float64(197.54638844484958), np.float64(207.24180053762294), np.float64(217.00679973283695), np.float64(226.76102209520747), np.float64(236.69401615774035), np.float64(246.62842207037176), np.float64(256.643843370571), np.float64(266.7235485825188), np.float64(276.9476349109809), np.float64(287.2789902725476), np.float64(297.63951800049244), np.float64(307.915463573087)]"
154,STATE_B_DEFENSE,SPONTANEOUS,0.48905690409868685,0.014381718501441557,307.6743796896722,56.78861821733478,"[np.float64(0.00011715404538086107), np.float64(0.001849032660897834), np.float64(0.004035722137047805), np.float64(0.0076311788673285265), np.float64(0.012388618803257279), np.float64(0.01851220804135219), np.float64(0.02522883643959057), np.float64(0.03246824746985445), np.float64(0.04036173421701445), np.float64(0.049140506292779954), np.float64(0.058465077206300016), np.float64(0.06787270097707215), np.float64(0.07779574009840216), np.float64(0.08826699796514753), np.float64(0.09949265382844502), np.float64(0.11040315957116197), np.float64(0.12187898208539476), np.float64(0.13402594519149072), np.float64(0.14578359790083803), np.float64(0.15786341899890874), np.float64(0.17144551988424236), np.float64(0.18460538195460105), np.float64(0.19804827892210766), np.float64(0.2112466198677317), np.float64(0.22359775251669597), np.float64(0.23537847547742055), np.float64(0.24700682793997047), np.float64(0.2584030119421219), np.float64(0.26999952040130654), np.float64(0.28282491260129805), np.float64(0.2944144101775859), np.float64(0.306215636686621), np.float64(0.31930432653189683), np.float64(0.3299524134951282)]","[np.float64(7.847291832463279), np.float64(15.708166752006633), np.float64(23.587950228003752), np.float64(31.506862355516212), np.float64(39.476441471374805), np.float64(47.5147813936622), np.float64(55.61639209224472), np.float64(63.785608769285105), np.float64(72.03259490154963), np.float64(80.37318767545221), np.float64(88.80252561000319), np.float64(97.30504412158913), np.float64(105.9024358436111), np.float64(114.60145485096763), np.float64(123.41893392757783), np.float64(132.2984307202287), np.float64(141.29158366534554), np.float64(150.41057315564652), np.float64(159.58764541013124), np.float64(168.87020397715278), np.float64(178.35065485879693), np.float64(187.89009984416023), np.float64(197.54196135975906), np.float64(207.26305556941495), np.float64(216.9969899638423), np.float64(226.76066854710817), np.float64(236.58790880279557), np.float64(246.46898214315908), np.float64(256.4449445876271), np.float64(266.6240451171859), np.float64(276.7532496357149), np.float64(286.9801003958065), np.float64(297.4272796069792), np.float64(307.6743796896722)]"
153,STATE_B_DEFENSE,SPONTANEOUS,0.4910465578989256,0.007017590387920286,297.27574779252853,54.40590137988254,"[np.float64(0.0001060625975100982), np.float64(0.001962128051794377), np.float64(0.0045847996701240115), np.float64(0.008745729008520269), np.float64(0.012983427900061411), np.float64(0.017753214045429077), np.float64(0.023325791024005005), np.float64(0.03053860132275274), np.float64(0.03910752505850782), np.float64(0.04711456001828617), np.float64(0.05549660014974901), np.float64(0.06491775465404412), np.float64(0.07510414788061966), np.float64(0.08661137813375801), np.float64(0.09868578603850012), np.float64(0.11054678036384546), np.float64(0.12285217544264174), np.float64(0.13499892976671662), np.float64(0.14737746927074813), np.float64(0.1596102314188907), np.float64(0.1726892073601663), np.float64(0.18506844358895597), np.float64(0.19706719694219454), np.float64(0.20948892132901006), np.float64(0.22158525560273828), np.float64(0.23452153231856038), np.float64(0.2478656796131231), np.float64(0.2607911142202892), np.float64(0.2731329060158845), np.float64(0.2855358445039026), np.float64(0.29813413430399294), np.float64(0.3101057350433703), np.float64(0.32257920617102326)]","[np.float64(7.833533863347901), np.float64(15.681598997438313), np.float64(23.55316373568613), np.float64(31.469188292545006), np.float64(39.4190242411783), np.float64(47.41406457433567), np.float64(55.46764088425865), np.float64(63.61460196644308), np.float64(71.86334852191428), np.float64(80.15521703983877), np.float64(88.522933997101), np.float64(97.00050049993563), np.float64(105.58526547222598), np.float64(114.31411409329432), np.float64(123.15802256805635), np.float64(132.0757563843617), np.float64(141.1058141701855), np.float64(150.21210297399105), np.float64(159.4195044820056), np.float64(168.7021860076614), np.float64(178.13343968150764), np.float64(187.59838395326028), np.float64(197.1159630683405), np.float64(206.75065030119518), np.float64(216.43953636247736), np.float64(226.28583961197037), np.float64(236.2557458339189), np.float64(246.27157972210418), np.float64(256.3123690326927), np.float64(266.4391534899392), np.float64(276.6662438336311), np.float64(286.9048219462023), np.float64(297.27574779252853)]"
155,STATE_B_DEFENSE,SPONTANEOUS,0.4950258654994031,-0.006266539953499928,307.6758372459434,57.798548144240655,"[np.float64(-4.3884273843210174e-05), np.float64(0.0013920259750033338), np.float64(0.002474795109365765), np.float64(0.004717795917626221), np.float64(0.009316127711953373), np.float64(0.014473712892483514), np.float64(0.020215384262156324), np.float64(0.025873895311143112), np.float64(0.03304070038951814), np.float64(0.04039982903640986), np.float64(0.050320871229849906), np.float64(0.06015630535911803), np.float64(0.07066621627946286), np.float64(0.08147760120637772), np.float64(0.0926264512863036), np.float64(0.1044285296435208), np.float64(0.11702188930284084), np.float64(0.12953736523381448), np.float64(0.14272340126010696), np.float64(0.15556331033580073), np.float64(0.16805001206148146), np.float64(0.18061485714534647), np.float64(0.1934205916236194), np.float64(0.20598231716074208), np.float64(0.2183590199425069), np.float64(0.23069193664025486), np.float64(0.24403649478565917), np.float64(0.25662347033555416), np.float64(0.26960499457960596), np.float64(0.28233261671194243), np.float64(0.2943135977010282), np.float64(0.30521829681984375), np.float64(0.31754077540866654), np.float64(0.32964013684274684)]","[np.float64(7.847618571745865), np.float64(15.706502071375445), np.float64(23.572486822152605), np.float64(31.465124503186942), np.float64(39.421307684056906), np.float64(47.42628046458896), np.float64(55.48701857308442), np.float64(63.58935095304447), np.float64(71.78746896263539), np.float64(80.04745928663937), np.float64(88.47103312338216), np.float64(96.96468975520952), np.float64(105.56448121586327), np.float64(114.25736813336832), np.float64(123.04799172759985), np.float64(131.95814654706663), np.float64(141.00261890364968), np.float64(150.13094627246784), np.float64(159.39385612209904), np.float64(168.72299800264562), np.float64(178.11374275763086), np.float64(187.59627853900852), np.float64(197.18415576711757), np.float64(206.8374274344205), np.float64(216.55841590167762), np.float64(226.35778805291662), np.float64(236.33483526882148), np.float64(246.3247386318719), np.float64(256.43643158508735), np.float64(266.60544503502746), np.float64(276.776279144453), np.float64(286.9055640676222), np.float64(297.26473286054295), np.float64(307.6758372459434)]"
157,STATE_B_DEFENSE,SPONTANEOUS,0.49621965777954635,0.002674154790211901,297.29109818928634,54.921236688296375,"[np.float64(0.0007099139378119181), np.float64(0.0021180531311786126), np.float64(0.004442670681445743), np.float64(0.007129928663264247), np.float64(0.010540039304179752), np.float64(0.015347290742602828), np.float64(0.021474954748685077), np.float64(0.028252568705566458), np.float64(0.03611400681713464), np.float64(0.0444365509656804), np.float64(0.05326998167643623), np.float64(0.06317023973723261), np.float64(0.07280558447555104), np.float64(0.08315999277824325), np.float64(0.09464140824200096), np.float64(0.10663107639884623), np.float64(0.11924113801643135), np.float64(0.13205998924465828), np.float64(0.14516357166045196), np.float64(0.15759826442380317), np.float64(0.17128316979065306), np.float64(0.18473186534738498), np.float64(0.19799703821436737), np.float64(0.21160916412509553), np.float64(0.22405673418949024), np.float64(0.23720063011421288), np.float64(0.24964536972638413), np.float64(0.26263289564506576), np.float64(0.27505105371097743), np.float64(0.2868331098732946), np.float64(0.29922005195612206), np.float64(0.311193906600604), np.float64(0.32365287888711497)]","[np.float64(7.833124193352027), np.float64(15.677266816243467), np.float64(23.543159392575784), np.float64(31.432842284636465), np.float64(39.35751578496698), np.float64(47.341222508878445), np.float64(55.39783756437253), np.float64(63.52150799799299), np.float64(71.7343542188205), np.float64(80.02431072133109), np.float64(88.39820568360722), np.float64(96.88656590771197), np.float64(105.43499365060173), np.float64(114.0920154724071), np.float64(122.887612450511), np.float64(131.79602885639198), np.float64(140.82886032049436), np.float64(149.9643870845249), np.float64(159.20924186022503), np.float64(168.49609499960388), np.float64(177.96358970951442), np.float64(187.50533404320387), np.float64(197.1226910339885), np.float64(206.85852688645818), np.float64(216.58166773251145), np.float64(226.4510430214626), np.float64(236.34045509338716), np.float64(246.36413937038952), np.float64(256.4145683639334), np.float64(266.4791774763718), np.float64(276.683946955818), np.float64(286.92233110072874), np.float64(297.29109818928634)]"
159,STATE_B_DEFENSE,SPONTANEOUS,0.4970155192996419,-0.0005109889521842161,307.49200226094695,57.12772833419173,"[np.float64(0.0002596462077674383), np.float64(0.0023615791809509057), np.float64(0.00508642533227895), np.float64(0.008312416369576256), np.float64(0.01198675944819471), np.float64(0.017089286747192158), np.float64(0.02325708548650409), np.float64(0.03080117794036781), np.float64(0.03935131619404899), np.float64(0.04832395646920052), np.float64(0.05680823165084965), np.float64(0.06696916136779879), np.float64(0.07684484336287369), np.float64(0.08816108252495142), np.float64(0.09899325296226644), np.float64(0.11000111088801115), np.float64(0.12096477333968186), np.float64(0.13292636007577707), np.float64(0.1454357060933399), np.float64(0.15791045426551026), np.float64(0.16980785797075715), np.float64(0.18162333585311016), np.float64(0.19489773848523623), np.float64(0.207663907641398), np.float64(0.21991483078994584), np.float64(0.23301695919856527), np.float64(0.24524625466163227), np.float64(0.2572676936978105), np.float64(0.26964107652435004), np.float64(0.2827096715821079), np.float64(0.2949086506444648), np.float64(0.30724523996953906), np.float64(0.3187065727666294), np.float64(0.3303324515791123)]","[np.float64(7.842078565248335), np.float64(15.700627727002983), np.float64(23.582930615661557), np.float64(31.494329270305077), np.float64(39.43957572269354), np.float64(47.44665555669698), np.float64(55.52201704354082), np.float64(63.6872145568039), np.float64(71.94465087122315), np.float64(80.28281094140794), np.float64(88.66773071588922), np.float64(97.19233017954109), np.float64(105.77784950872876), np.float64(114.51159008683953), np.float64(123.30014488946748), np.float64(132.17718675686854), np.float64(141.13012255149496), np.float64(150.22705749147894), np.float64(159.44605346691296), np.float64(168.74942355258165), np.float64(178.0948564038416), np.float64(187.51543652430448), np.float64(197.1369442348296), np.float64(206.80407878308566), np.float64(216.51080713890494), np.float64(226.37720199660632), np.float64(236.24694491812795), np.float64(246.1765744867408), np.float64(256.22015820453663), np.float64(266.4159697579104), np.float64(276.60248323018914), np.float64(286.88201833534185), np.float64(297.1411775368258), np.float64(307.49200226094695)]"
156,STATE_B_DEFENSE,SPONTANEOUS,0.4974134500596896,0.01642378836346325,307.497073057423,57.72684808617184,"[np.float64(0.0008980849652672845), np.float64(0.002255088717597796), np.float64(0.0035383423438177493), np.float64(0.006621657905646386), np.float64(0.010861801245757792), np.float64(0.01667011214738578), np.float64(0.023855100494084926), np.float64(0.03097014282856784), np.float64(0.03893480004895533), np.float64(0.047185620585372186), np.float64(0.056398294017420164), np.float64(0.06620374752312946), np.float64(0.07649100576896892), np.float64(0.08621366562741677), np.float64(0.09705650469634046), np.float64(0.10841693239470535), np.float64(0.12035163497313975), np.float64(0.13307829342750524), np.float64(0.14598243649091303), np.float64(0.15874926646059004), np.float64(0.17070320231717553), np.float64(0.1838596971857558), np.float64(0.1970672407980193), np.float64(0.2098374112137876), np.float64(0.22272021528261773), np.float64(0.23505024049454518), np.float64(0.2480934915664336), np.float64(0.26085724603573507), np.float64(0.27293273857309597), np.float64(0.28477855558053383), np.float64(0.29613065846890146), np.float64(0.3079692202324161), np.float64(0.32080144098458396), np.float64(0.3330242482078821)]","[np.float64(7.836785747959302), np.float64(15.684192902557523), np.float64(23.541345669847434), np.float64(31.43664355922237), np.float64(39.378479379392175), np.float64(47.38973968390567), np.float64(55.48305084056132), np.float64(63.62914324268359), np.float64(71.85875702176773), np.float64(80.15947783735598), np.float64(88.56244038164897), np.float64(97.06091762285071), np.float64(105.65537592195022), np.float64(114.29538932888035), np.float64(123.06903689464198), np.float64(131.9515824403979), np.float64(140.95131825740336), np.float64(150.08784069211018), np.float64(159.3256233279172), np.float64(168.64278913191328), np.float64(177.9859587710529), np.float64(187.5062909881652), np.float64(197.1197562623701), np.float64(206.7844090589438), np.float64(216.5442216753821), np.float64(226.33864142005618), np.float64(236.2818528910103), np.float64(246.28277316525038), np.float64(256.2971462282969), np.float64(266.36578519681785), np.float64(276.45797975889315), np.float64(286.6762962020879), np.float64(297.08159805084784), np.float64(307.497073057423)]"
158,STATE_B_DEFENSE,SPONTANEOUS,0.4958217270194986,0.012317956090137234,297.074579918252,55.538360744818675,"[np.float64(0.0006196511892418082), np.float64(0.0021512209302682163), np.float64(0.00473024700369824), np.float64(0.008296355783022442), np.float64(0.012828847742055154), np.float64(0.017459704538985744), np.float64(0.02394356967011628), np.float64(0.0313220232316609), np.float64(0.03943281181239409), np.float64(0.048161761188663506), np.float64(0.05706987362926162), np.float64(0.06676615098587545), np.float64(0.07600045168943398), np.float64(0.08641486560190487), np.float64(0.09728919854918824), np.float64(0.10879316054770956), np.float64(0.12015793138043832), np.float64(0.13203583397457963), np.float64(0.1435549620228709), np.float64(0.1556383309095973), np.float64(0.16913727700538106), np.float64(0.1823995948951197), np.float64(0.19527599370801857), np.float64(0.20885337375299023), np.float64(0.2221011624672784), np.float64(0.23482001678723713), np.float64(0.24756983048062686), np.float64(0.260904231643925), np.float64(0.27412827935960377), np.float64(0.2875279996495273), np.float64(0.30084666090797274), np.float64(0.31398650931901906), np.float64(0.32664466656513075)]","[np.float64(7.818235678497703), np.float64(15.64843353933048), np.float64(23.502834216555335), np.float64(31.392675743049637), np.float64(39.32894347153617), np.float64(47.3025010155545), np.float64(55.361811924946124), np.float64(63.498194539638845), np.float64(71.71581935229939), np.float64(80.01813040236814), np.float64(88.39318384579224), np.float64(96.87017929857471), np.float64(105.39592584344149), np.float64(114.05127101771785), np.float64(122.80782935623952), np.float64(131.67990239340548), np.float64(140.6250839194433), np.float64(149.68450187283977), np.float64(158.80214576491662), np.float64(168.04098127812514), np.float64(177.47054899454244), np.float64(186.9730708915536), np.float64(196.5333145680899), np.float64(206.23971471286796), np.float64(216.00700303144154), np.float64(225.8132506121867), np.float64(235.70589273122923), np.float64(245.73856992168007), np.float64(255.84611080067344), np.float64(266.0564794150891), np.float64(276.3433329031546), np.float64(286.69470738744405), np.float64(297.074579918252)]"
160,STATE_B_DEFENSE,SPONTANEOUS,0.4974134500596896,0.0028930406792802856,296.8524830006235,55.79340250588318,"[np.float64(0.0014259853950615738), np.float64(0.0035804472402869024), np.float64(0.0059838841103413976), np.float64(0.008522789263089548), np.float64(0.012447402173775317), np.float64(0.017571211308176373), np.float64(0.02313509850344013), np.float64(0.029420383434745234), np.float64(0.035911136036040764), np.float64(0.0427179157013506), np.float64(0.051735468408826625), np.float64(0.06121649683723614), np.float64(0.07171528406923335), np.float64(0.08242582475171015), np.float64(0.09344038399306016), np.float64(0.10459362062248646), np.float64(0.11705453500435817), np.float64(0.1291135362774017), np.float64(0.14196706140107357), np.float64(0.1553292187758063), np.float64(0.1691707705481283), np.float64(0.18329537125782283), np.float64(0.1969655997870609), np.float64(0.2104927110892865), np.float64(0.2245233973155965), np.float64(0.2378259643109269), np.float64(0.2508379432748318), np.float64(0.26386669600004475), np.float64(0.27590097043109096), np.float64(0.2886067053009471), np.float64(0.30103672709804224), np.float64(0.31366549318000375), np.float64(0.32704748752935187)]","[np.float64(7.8143514951493165), np.float64(15.645505706671544), np.float64(23.496343377818047), np.float64(31.367966352934527), np.float64(39.286175599122416), np.float64(47.26255221410653), np.float64(55.29018532805404), np.float64(63.382575537785435), np.float64(71.52984340837644), np.float64(79.73829254007993), np.float64(88.09057792722832), np.float64(96.53098912648804), np.float64(105.09125501357386), np.float64(113.73931863884384), np.float64(122.48201650974467), np.float64(131.31210458834406), np.float64(140.30386129279162), np.float64(149.35674011143286), np.float64(158.54914473283912), np.float64(167.86740934795594), np.float64(177.313492226131), np.float64(186.87567641285074), np.float64(196.49530800892748), np.float64(206.19391518828726), np.float64(216.0265184711292), np.float64(225.88461701144274), np.float64(235.80217222704255), np.float64(245.8058306059343), np.float64(255.7937894174209), np.float64(265.92854791477714), np.float64(276.1149908716193), np.float64(286.4018957972232), np.float64(296.8524830006235)]"
161,STATE_B_DEFENSE,SPONTANEOUS,0.4958217270194986,0.02386908749883266,296.7432896351894,54.58901784430127,"[np.float64(0.0003998884328101899), np.float64(0.00167015696179598), np.float64(0.004170002235085744), np.float64(0.007459294338609201), np.float64(0.011534292906379895), np.float64(0.01744956237678), np.float64(0.023222695767978464), np.float64(0.029451335734823156), np.float64(0.036614635390229765), np.float64(0.04516566221023077), np.float64(0.05467981573557396), np.float64(0.06403761931491742), np.float64(0.07492563824560773), np.float64(0.08592452537764812), np.float64(0.09749098541350472), np.float64(0.109700087397388), np.float64(0.12183298168026131), np.float64(0.13356030965781668), np.float64(0.1453714423362542), np.float64(0.15770827003488597), np.float64(0.16972487258650643), np.float64(0.18316924629139955), np.float64(0.1959534608790924), np.float64(0.2083076442553211), np.float64(0.22169242190122654), np.float64(0.23580679229949147), np.float64(0.24860821786845444), np.float64(0.2621589668213635), np.float64(0.27533481941811205), np.float64(0.2869270725165629), np.float64(0.2993621763726191), np.float64(0.31141399380311363), np.float64(0.32310587159703447)]","[np.float64(7.8190949319336855), np.float64(15.648115094172756), np.float64(23.50144387163813), np.float64(31.386537935514923), np.float64(39.31243804414202), np.float64(47.31265979899025), np.float64(55.35448198202817), np.float64(63.454520453615466), np.float64(71.63427109301226), np.float64(79.92124398851765), np.float64(88.31260003114545), np.float64(96.76747436471955), np.float64(105.36642175735184), np.float64(114.05058707767483), np.float64(122.84610992223591), np.float64(131.76269267708324), np.float64(140.76111296232935), np.float64(149.81817047622818), np.float64(158.9631444222177), np.float64(168.228368123488), np.float64(177.55414923228153), np.float64(187.0750137399993), np.float64(196.63220285714291), np.float64(206.2384670042605), np.float64(216.01833646469615), np.float64(225.95310076092065), np.float64(235.85578191580177), np.float64(245.9148348941177), np.float64(256.0234673956642), np.float64(266.05283551580834), np.float64(276.2463018418324), np.float64(286.4768639075268), np.float64(296.7432896351894)]"
162,STATE_B_DEFENSE,SPONTANEOUS,0.4954237962594509,-0.0040960288029701485,307.26297092502216,58.20384362094174,"[np.float64(0.0005960763586282321), np.float64(0.0022420776112603946), np.float64(0.00483599273696072), np.float64(0.007486936896127004), np.float64(0.012157662367776946), np.float64(0.017876351719727443), np.float64(0.02345602759327041), np.float64(0.030009749560685566), np.float64(0.036334069584914544), np.float64(0.04425306103036052), np.float64(0.05338197887747669), np.float64(0.06292122797401165), np.float64(0.07293160061491352), np.float64(0.08279283561477921), np.float64(0.0939548491109039), np.float64(0.10500015730099595), np.float64(0.11557834635348767), np.float64(0.1267740781904301), np.float64(0.13878570055187867), np.float64(0.1522393231401074), np.float64(0.1645699030412168), np.float64(0.17852262293939616), np.float64(0.191524252142702), np.float64(0.20533782887632565), np.float64(0.21852753812618297), np.float64(0.23048444093211745), np.float64(0.24297681338051608), np.float64(0.2563411911570403), np.float64(0.2697758029126726), np.float64(0.2821602609040445), np.float64(0.2951797621049908), np.float64(0.3075468617840408), np.float64(0.3196841790998483), np.float64(0.33200562266656813)]","[np.float64(7.832631179882244), np.float64(15.678141905545944), np.float64(23.54762578784909), np.float64(31.438222447492077), np.float64(39.38876528895933), np.float64(47.3998581503073), np.float64(55.45119545567563), np.float64(63.575375521612465), np.float64(71.74153698293901), np.float64(80.01679605421367), np.float64(88.40236966377591), np.float64(96.87463198562287), np.float64(105.44054692032776), np.float64(114.07198576395979), np.float64(122.8483243970271), np.float64(131.6980764852513), np.float64(140.59738352918652), np.float64(149.6129575366376), np.float64(158.76431096284398), np.float64(168.10460917097345), np.float64(177.45177797874413), np.float64(187.01219256685295), np.float64(196.58825084781702), np.float64(206.3212282313084), np.float64(216.0906432337313), np.float64(225.83418913753403), np.float64(235.70758443585132), np.float64(245.7480668636292), np.float64(255.8820377708914), np.float64(265.99329553900475), np.float64(276.25172466067704), np.float64(286.52128420067635), np.float64(296.8432817883341), np.float64(307.26297092502216)]"
165,STATE_B_DEFENSE,SPONTANEOUS,0.4974134500596896,0.00010000076814093768,308.0678169316618,58.06181069262301,"[np.float64(0.0019108510503012624), np.float64(0.0038992114031940477), np.float64(0.0071947809556185925), np.float64(0.011303538575539078), np.float64(0.015015946282570811), np.float64(0.020411587029149796), np.float64(0.026190461300769997), np.float64(0.03285501908369165), np.float64(0.039978873831912204), np.float64(0.047789854826062135), np.float64(0.057443154312430564), np.float64(0.06737012296668253), np.float64(0.07705757379000142), np.float64(0.08748236305583912), np.float64(0.09764033673872637), np.float64(0.10854697817561973), np.float64(0.12045830117148915), np.float64(0.1322084996340383), np.float64(0.14452524334917494), np.float64(0.1574543768523342), np.float64(0.16977906390425251), np.float64(0.1822321283265403), np.float64(0.1940109405294563), np.float64(0.20612732701350914), np.float64(0.21876482821399482), np.float64(0.2326413967801545), np.float64(0.24563552275251677), np.float64(0.25876685229243557), np.float64(0.2720034195867432), np.float64(0.28450039402341387), np.float64(0.2967594456336631), np.float64(0.30886809896809875), np.float64(0.3214450719113885), np.float64(0.3339836966116059)]","[np.float64(7.852477364314154), np.float64(15.720530780912103), np.float64(23.61946961572532), np.float64(31.55679639937554), np.float64(39.51833059270983), np.float64(47.547873017490204), np.float64(55.62937489452561), np.float64(63.78254178044625), np.float64(72.0023914442097), np.float64(80.3025335695704), np.float64(88.73875948292188), np.float64(97.2592508875902), np.float64(105.84125111830927), np.float64(114.53317494842074), np.float64(123.28590891364145), np.float64(132.15670040246516), np.float64(141.16886523364397), np.float64(150.25463007592833), np.float64(159.46245351146894), np.float64(168.80064023242713), np.float64(178.18181152150166), np.float64(187.6576237418736), np.float64(197.1624209398803), np.float64(206.77592554406388), np.float64(216.5170583590142), np.float64(226.4560227313123), np.float64(236.4021432832415), np.float64(246.4466013626329), np.float64(256.5867881109708), np.float64(266.7353210472625), np.float64(276.9386411640985), np.float64(287.20372792474507), np.float64(297.598440311731), np.float64(308.0678169316618)]"
163,STATE_B_DEFENSE,SPONTANEOUS,0.4950258654994031,-0.002841648553086208,296.96810283380546,55.673522876163915,"[np.float64(0.0005524356922117783), np.float64(0.0017721180924291202), np.float64(0.0046230848727538435), np.float64(0.008129283357674611), np.float64(0.012459245305146117), np.float64(0.016731509243075073), np.float64(0.022088149896426993), np.float64(0.028313029173946472), np.float64(0.03660281814324161), np.float64(0.04508841633205106), np.float64(0.05418499281681592), np.float64(0.06356312516440797), np.float64(0.07413675655816196), np.float64(0.08588542715272339), np.float64(0.0978005250372632), np.float64(0.11029420770986437), np.float64(0.12321722066226917), np.float64(0.13616646608008387), np.float64(0.14998473860159647), np.float64(0.1634048080535793), np.float64(0.17594016924778844), np.float64(0.18942519371468466), np.float64(0.2031479283355765), np.float64(0.21628679162537498), np.float64(0.22938531698385836), np.float64(0.24321761541609985), np.float64(0.2568493305492593), np.float64(0.26931672125303713), np.float64(0.2814999859675657), np.float64(0.29385763487340594), np.float64(0.3060194703642375), np.float64(0.31863812163915495), np.float64(0.33007002866790475)]","[np.float64(7.805101187193268), np.float64(15.619713964997738), np.float64(23.46288664375742), np.float64(31.33839262096233), np.float64(39.257025544108195), np.float64(47.20771750513234), np.float64(55.22056266533119), np.float64(63.30110150086858), np.float64(71.50020928464347), np.float64(79.76918006170207), np.float64(88.12714703670659), np.float64(96.56538865088721), np.float64(105.13123165799787), np.float64(113.83574366903781), np.float64(122.63419570254442), np.float64(131.55205319093926), np.float64(140.5851371681549), np.float64(149.71044440721073), np.float64(158.98576845332437), np.float64(168.32709708299362), np.float64(177.69308140668144), np.float64(187.2189729315208), np.float64(196.85477821114844), np.float64(206.53223648759007), np.float64(216.29308277435942), np.float64(226.2067376990117), np.float64(236.19134768121154), np.float64(246.15102180686753), np.float64(256.1627115668528), np.float64(266.2705357637396), np.float64(276.4363376208572), np.float64(286.7288565480095), np.float64(296.96810283380546)]"
167,STATE_B_DEFENSE,SPONTANEOUS,0.49621965777954635,0.008532519459819877,297.3061493052628,56.018062059448894,"[np.float64(-0.0005772436964934858), np.float64(0.0005052249112721398), np.float64(0.0028534549508212772), np.float64(0.005251932490657707), np.float64(0.008516444528355777), np.float64(0.01278665947909346), np.float64(0.018357284087520475), np.float64(0.02531686853771193), np.float64(0.03314221630156596), np.float64(0.04269606614167831), np.float64(0.05150488168481809), np.float64(0.06155090450328699), np.float64(0.07270997926990531), np.float64(0.08390866351154086), np.float64(0.09526455702553448), np.float64(0.10687662142783505), np.float64(0.11903420112557342), np.float64(0.13129358952979198), np.float64(0.14396679934186848), np.float64(0.15741262489323635), np.float64(0.16973494654165716), np.float64(0.18269766937447027), np.float64(0.19660229604421903), np.float64(0.21040177309910799), np.float64(0.22446711688447096), np.float64(0.23911327831896728), np.float64(0.25192815564074433), np.float64(0.2643929633340467), np.float64(0.2772077041190912), np.float64(0.2900329601283095), np.float64(0.3026601854342674), np.float64(0.3147549972343302), np.float64(0.32731623148964184)]","[np.float64(7.817670582567815), np.float64(15.643806144334377), np.float64(23.493230606480818), np.float64(31.361743543153445), np.float64(39.26578152298561), np.float64(47.21858689980482), np.float64(55.2396446992822), np.float64(63.34637795564363), np.float64(71.53610877903279), np.float64(79.85123123689574), np.float64(88.2065998167111), np.float64(96.68395506480128), np.float64(105.2900330876938), np.float64(113.97960009773742), np.float64(122.75905187748194), np.float64(131.6352914892103), np.float64(140.6285020886397), np.float64(149.71417368372792), np.float64(158.9143297734685), np.float64(168.25843794321918), np.float64(177.60933027059568), np.float64(187.0950514227896), np.float64(196.74581417237795), np.float64(206.48036857222561), np.float64(216.32978638160063), np.float64(226.32451733967983), np.float64(236.24151386520853), np.float64(246.20780475830648), np.float64(256.2899120905522), np.float64(266.4553272106606), np.float64(276.6814309157991), np.float64(286.92946123686283), np.float64(297.3061493052628)]"
164,STATE_B_DEFENSE,SPONTANEOUS,0.4958217270194986,0.0010608198060745473,307.57187300389324,56.86857455418512,"[np.float64(0.0011492275653819679), np.float64(0.0026244077062548905), np.float64(0.005110871962685864), np.float64(0.008705435003437392), np.float64(0.013725275765868534), np.float64(0.019241154387703793), np.float64(0.025284658404305542), np.float64(0.0329603864047768), np.float64(0.040833389402851555), np.float64(0.04919855713962199), np.float64(0.057801899622901054), np.float64(0.06716444656406562), np.float64(0.0772265815724266), np.float64(0.0877476283304962), np.float64(0.09932696396028222), np.float64(0.11190556439063205), np.float64(0.12381795338119629), np.float64(0.1350798193885524), np.float64(0.14648000502932101), np.float64(0.15885089001609065), np.float64(0.1716799989199508), np.float64(0.18496080224190406), np.float64(0.19862900712328438), np.float64(0.2106530417912463), np.float64(0.2227918474828211), np.float64(0.23509169230556867), np.float64(0.24824714328082706), np.float64(0.2607144295686213), np.float64(0.27262104388756797), np.float64(0.2844399219662419), np.float64(0.29657955615019344), np.float64(0.30828222615766565), np.float64(0.3194511808124588), np.float64(0.33099058150108107)]","[np.float64(7.8456624187305115), np.float64(15.702881061812183), np.float64(23.583510345929188), np.float64(31.500857850664666), np.float64(39.47392858503116), np.float64(47.49741071979558), np.float64(55.57768828781054), np.float64(63.75467402734977), np.float64(71.99682195627885), np.float64(80.31729093682975), np.float64(88.7105078752472), np.float64(97.20243157484379), np.float64(105.79791091861182), np.float64(114.49125538004705), np.float64(123.32039536271749), np.float64(132.2921710186672), np.float64(141.31137214745866), np.float64(150.3716327892347), np.float64(159.52070214956296), np.float64(168.82003429404463), np.float64(178.23952334923146), np.float64(187.78239862490497), np.float64(197.44695338766536), np.float64(207.062426778154), np.float64(216.76865610009466), np.float64(226.57039269710094), np.float64(236.5343744809091), np.float64(246.51684582531743), np.float64(256.52385468162504), np.float64(266.59890520616426), np.float64(276.7843227745411), np.float64(286.999346684537), np.float64(297.22874798225575), np.float64(307.57187300389324)]"
166,STATE_B_DEFENSE,SPONTANEOUS,0.49781138081973736,0.004264363380517516,296.7878694725399,56.16453778015482,"[np.float64(0.0006395594495074746), np.float64(0.0022229221422795154), np.float64(0.005284174962895944), np.float64(0.008037022984370647), np.float64(0.012621719215094444), np.float64(0.017432543533072834), np.float64(0.023187901070155535), np.float64(0.02947711526936516), np.float64(0.0372936698150743), np.float64(0.04661935976961409), np.float64(0.05574271096452434), np.float64(0.06566881760799054), np.float64(0.07625949175030093), np.float64(0.08760038013906302), np.float64(0.09932094597377608), np.float64(0.1104940070829072), np.float64(0.12279722990239954), np.float64(0.13627276321110052), np.float64(0.14958682660321088), np.float64(0.16292066690441384), np.float64(0.17577318664300884), np.float64(0.1893073867976864), np.float64(0.20226647367003112), np.float64(0.21525022911879418), np.float64(0.22841336484407368), np.float64(0.2419271705072471), np.float64(0.2555501688189492), np.float64(0.2693780139285063), np.float64(0.2824931627516104), np.float64(0.2944453536954749), np.float64(0.30731243462878943), np.float64(0.3194425433301517), np.float64(0.3323704966667581)]","[np.float64(7.793966536445177), np.float64(15.600260986338675), np.float64(23.43610204597873), np.float64(31.29089141467175), np.float64(39.202460511262984), np.float64(47.1545674517944), np.float64(55.1690417591411), np.float64(63.243811865781694), np.float64(71.41888667834388), np.float64(79.71023408704062), np.float64(88.06258580588863), np.float64(96.51883644208498), np.float64(105.08036006151964), np.float64(113.75812196359637), np.float64(122.53868434055397), np.float64(131.3704824606936), np.float64(140.35222124282546), np.float64(149.49735401251647), np.float64(158.7245822851951), np.float64(168.04467017576312), np.float64(177.4192640126292), np.float64(186.93449177984283), np.float64(196.4933726069111), np.float64(206.1407254852775), np.float64(215.8897272789224), np.float64(225.75694261340016), np.float64(235.72220893220816), np.float64(245.7950994812543), np.float64(255.8852365689303), np.float64(265.93948159836333), np.float64(276.16656139099), np.float64(286.39466426840664), np.float64(296.7878694725399)]"
169,STATE_B_DEFENSE,SPONTANEOUS,0.49621965777954635,0.0007976584311869166,297.23610380784635,56.235386681047196,"[np.float64(0.0005543612005866466), np.float64(0.0019241245540145599), np.float64(0.003688642108567253), np.float64(0.005629817250809936), np.float64(0.008789858038084568), np.float64(0.012979122045292633), np.float64(0.01876353162221882), np.float64(0.02664169288097002), np.float64(0.03503443507327667), np.float64(0.0433010112802707), np.float64(0.052473852508966794), np.float64(0.0629395222268223), np.float64(0.07323435891035233), np.float64(0.0842965207115956), np.float64(0.09590403660837418), np.float64(0.10724806582252196), np.float64(0.11902007769644243), np.float64(0.1322348762802551), np.float64(0.1452572878198306), np.float64(0.15793606641270513), np.float64(0.17121876849579634), np.float64(0.1852078301314915), np.float64(0.19991505119726719), np.float64(0.21435938147813877), np.float64(0.22822067368984275), np.float64(0.24084162749621563), np.float64(0.25363997066695526), np.float64(0.2654276606045348), np.float64(0.27868835214480264), np.float64(0.2922966840930568), np.float64(0.3051828883408855), np.float64(0.31743377995984057), np.float64(0.32954988997900797)]","[np.float64(7.81368043597365), np.float64(15.638054176538938), np.float64(23.47772765070437), np.float64(31.33389350630283), np.float64(39.228857400905696), np.float64(47.172272474228635), np.float64(55.19122530262996), np.float64(63.3191004681305), np.float64(71.52456244263192), np.float64(79.78846591059731), np.float64(88.15229908160701), np.float64(96.64309382295487), np.float64(105.2024701283868), np.float64(113.87735428069726), np.float64(122.66278563836347), np.float64(131.51574474982516), np.float64(140.47633291228158), np.float64(149.61532148191148), np.float64(158.83288844744888), np.float64(168.11543437811076), np.float64(177.53075791508184), np.float64(187.09200863856037), np.float64(196.8060238989834), np.float64(206.5951675102874), np.float64(216.4280323651805), np.float64(226.23866328396517), np.float64(236.1486571237199), np.float64(246.04355526036244), np.float64(256.16255910738), np.float64(266.40211628326375), np.float64(276.6512776926338), np.float64(286.91263667580984), np.float64(297.23610380784635)]"
168,STATE_B_DEFENSE,SPONTANEOUS,0.49462793473935535,-0.0010355758580864567,296.8295914395895,55.513897417386744,"[np.float64(0.0012729735564142564), np.float64(0.0038131558773382163), np.float64(0.00614332931084004), np.float64(0.009596014117281325), np.float64(0.013517917394234743), np.float64(0.01835720886812177), np.float64(0.02458717205885289), np.float64(0.03187930189863988), np.float64(0.03961381441445889), np.float64(0.046248900464306436), np.float64(0.05481608694221496), np.float64(0.06448405704941068), np.float64(0.07514104078498542), np.float64(0.08665697053531966), np.float64(0.09859333659296321), np.float64(0.11051167432349195), np.float64(0.12267421101016802), np.float64(0.13629169528705273), np.float64(0.14922018990272148), np.float64(0.16204789072017117), np.float64(0.17553253628093923), np.float64(0.18892186119452503), np.float64(0.2029024473525515), np.float64(0.21590104644294458), np.float64(0.22896830180291097), np.float64(0.24160508960768393), np.float64(0.25431064991084196), np.float64(0.26787141741207615), np.float64(0.2804164666964465), np.float64(0.29355054875962405), np.float64(0.30504796381937826), np.float64(0.3169746494842146), np.float64(0.3298075156199667)]","[np.float64(7.805039580664163), np.float64(15.629867636056886), np.float64(23.471997145937788), np.float64(31.34964792862531), np.float64(39.26309967854666), np.float64(47.22806848129348), np.float64(55.267695985364995), np.float64(63.38745284274848), np.float64(71.57764298737678), np.float64(79.78410363800926), np.float64(88.12110214885101), np.float64(96.57165842064106), np.float64(105.1416856246957), np.float64(113.83429799971995), np.float64(122.6333528411175), np.float64(131.5165506121476), np.float64(140.49946080126395), np.float64(149.66363334962273), np.float64(158.87446000261912), np.float64(168.16703686627193), np.float64(177.59694245607204), np.float64(187.11051755162623), np.float64(196.76230573049355), np.float64(206.4235395817782), np.float64(216.17686394638767), np.float64(225.97685126581737), np.float64(235.86591304909592), np.float64(245.92036790886442), np.float64(255.96022669520005), np.float64(266.141021755112), np.float64(276.2318763256224), np.float64(286.44256157246593), np.float64(296.8295914395895)]"
170,STATE_B_DEFENSE,SPONTANEOUS,0.4986072423398329,-0.007370690014867433,307.9183629225065,57.466016417678844,"[np.float64(-0.00014537943371376087), np.float64(0.0004904405864720317), np.float64(0.00275236528846895), np.float64(0.006444428038928665), np.float64(0.01097628310748562), np.float64(0.015500823818536602), np.float64(0.021736702420407587), np.float64(0.028342622900649754), np.float64(0.03549948441618443), np.float64(0.044078068080099335), np.float64(0.05291769757540696), np.float64(0.061893842829437565), np.float64(0.07169361263159531), np.float64(0.08246779652365031), np.float64(0.09381202103337159), np.float64(0.10528001641629399), np.float64(0.11694620632979225), np.float64(0.12868450383701832), np.float64(0.14104634545076095), np.float64(0.15369548027555682), np.float64(0.1658696051263134), np.float64(0.17799139778468592), np.float64(0.1902440572728313), np.float64(0.20238087488335643), np.float64(0.21451054153677018), np.float64(0.22685174351827628), np.float64(0.24002354635249215), np.float64(0.25235412620225867), np.float64(0.2640916924278143), np.float64(0.27616142936943133), np.float64(0.2886447759493906), np.float64(0.3012340357400141), np.float64(0.31405874960511687), np.float64(0.3271628639468059)]","[np.float64(7.860732011987618), np.float64(15.726461967038098), np.float64(23.616343872375865), np.float64(31.546374365077806), np.float64(39.52164835095041), np.float64(47.5319850675085), np.float64(55.62398493103676), np.float64(63.7754405072824), np.float64(71.99660446609352), np.float64(80.32690763326016), np.float64(88.73285585898404), np.float64(97.2112122583728), np.float64(105.79697128367111), np.float64(114.50648668476437), np.float64(123.32671588171827), np.float64(132.23630431700104), np.float64(141.24061882063074), np.float64(150.33266206636276), np.float64(159.55110074063936), np.float64(168.87686292983344), np.float64(178.25382033047626), np.float64(187.71038564839662), np.float64(197.26062668132923), np.float64(206.88396603076788), np.float64(216.58841075480825), np.float64(226.39349903871042), np.float64(236.3596246946822), np.float64(246.32935430401307), np.float64(256.31961854335367), np.float64(266.4211039464917), np.float64(276.645024764736), np.float64(286.9605837380209), np.float64(297.3828317800134), np.float64(307.9183629225065)]"
171,STATE_B_DEFENSE,SPONTANEOUS,0.4950258654994031,0.005592834644552423,296.86497251119573,54.77391960734969,"[np.float64(0.00016239145815259237), np.float64(0.0018074127064214643), np.float64(0.0046160403463019195), np.float64(0.007883969944318957), np.float64(0.012048918992774839), np.float64(0.017401709428105393), np.float64(0.023962306600510998), np.float64(0.030337338236169895), np.float64(0.03868925981388568), np.float64(0.04696267827960112), np.float64(0.05479042495974196), np.float64(0.06402379067029845), np.float64(0.07504725820922073), np.float64(0.08659298289645775), np.float64(0.09829947718293754), np.float64(0.11068665557841491), np.float64(0.12255853746803862), np.float64(0.13464538729723444), np.float64(0.14715440644076608), np.float64(0.15915721894234883), np.float64(0.17141519836371352), np.float64(0.18354187438229078), np.float64(0.195348942150829), np.float64(0.20822748601467303), np.float64(0.22078434378391731), np.float64(0.23347682001194442), np.float64(0.24603032885068174), np.float64(0.259315619133936), np.float64(0.27249606000773685), np.float64(0.2847724610437495), np.float64(0.29798139474643515), np.float64(0.31169817225339125), np.float64(0.32369968429701745)]","[np.float64(7.819618134550947), np.float64(15.652092334418452), np.float64(23.51102665703918), np.float64(31.398980378653835), np.float64(39.329736986645365), np.float64(47.32033025906407), np.float64(55.384764082839396), np.float64(63.49360579867676), np.float64(71.71922948131187), np.float64(80.00477079061034), np.float64(88.33362631277998), np.float64(96.78480968995461), np.float64(105.3919440117073), np.float64(114.10686374437591), np.float64(122.9141642734362), np.float64(131.8457226070429), np.float64(140.83276471840296), np.float64(149.91768461490219), np.float64(159.1163562441018), np.float64(168.36485975041225), np.float64(177.7153769487479), np.float64(187.13920492277094), np.float64(196.61899499888952), np.float64(206.26991160853356), np.float64(215.97812634885696), np.float64(225.78190308499788), np.float64(235.6559208946712), np.float64(245.68328558962503), np.float64(255.78584435805803), np.float64(265.8793750744867), np.float64(276.1507408186003), np.float64(286.5610897972722), np.float64(296.86497251119573)]"
173,STATE_B_DEFENSE,SPONTANEOUS,0.4954237962594509,0.0021333515457689933,297.5453395481328,54.94835754819752,"[np.float64(0.0016950900026349034), np.float64(0.002763986897271005), np.float64(0.005104610782604292), np.float64(0.007362872425058705), np.float64(0.011886009291443048), np.float64(0.0175612682724155), np.float64(0.023167926211976962), np.float64(0.029500908826190938), np.float64(0.03829835640037726), np.float64(0.04745531360767275), np.float64(0.05606919721985972), np.float64(0.06496649263836099), np.float64(0.0756184672284723), np.float64(0.08661688570736631), np.float64(0.09734773319426626), np.float64(0.10862155320002681), np.float64(0.11999564219592981), np.float64(0.13261921942078256), np.float64(0.14610636493314985), np.float64(0.15915310351078066), np.float64(0.17183885189783113), np.float64(0.18505399651166277), np.float64(0.19816953787254876), np.float64(0.21049361955409918), np.float64(0.22363199222357014), np.float64(0.23685550191030333), np.float64(0.24838807903625687), np.float64(0.26068199100920186), np.float64(0.27421027669571346), np.float64(0.28720558671813073), np.float64(0.2999393420064127), np.float64(0.31182693434175146), np.float64(0.32449021740841233)]","[np.float64(7.841201375670219), np.float64(15.690767772936235), np.float64(23.563604365105423), np.float64(31.453414372479653), np.float64(39.404936763097744), np.float64(47.418342507763136), np.float64(55.473597842387036), np.float64(63.59429967962428), np.float64(71.84861943880593), np.float64(80.18305279515062), np.float64(88.56328312508532), np.float64(97.02062160761177), np.float64(105.63000789184176), np.float64(114.33550002021063), np.float64(123.10571912194334), np.float64(131.9855773203607), np.float64(140.9522207599348), np.float64(150.08224017041442), np.float64(159.36057866872082), np.float64(168.70005794620866), np.float64(178.10170458969938), np.float64(187.6318606998467), np.float64(197.24309471215236), np.float64(206.87467505852496), np.float64(216.66075650309156), np.float64(226.5414445852088), np.float64(236.34880213126297), np.float64(246.30636829302136), np.float64(256.46811778819205), np.float64(266.66133417237415), np.float64(276.9096384575409), np.float64(287.146207731353), np.float64(297.5453395481328)]"
174,STATE_B_DEFENSE,SPONTANEOUS,0.49621965777954635,0.005301248084356177,297.1407316914298,54.29404361723577,"[np.float64(0.0005204649115637745), np.float64(0.0024179710308590216), np.float64(0.0051337083318763604), np.float64(0.008679068650236788), np.float64(0.012739083847251705), np.float64(0.01703049286162401), np.float64(0.022697129726918706), np.float64(0.029072554176335665), np.float64(0.03649474240977385), np.float64(0.04446849528364602), np.float64(0.0540015569684859), np.float64(0.06392435532621697), np.float64(0.07461115060214071), np.float64(0.085218559029802), np.float64(0.09720234137490162), np.float64(0.11018742471043041), np.float64(0.12212381216527733), np.float64(0.13473328846284852), np.float64(0.14879758656916295), np.float64(0.16284630880983988), np.float64(0.1754272500852758), np.float64(0.18851370978753348), np.float64(0.20120019025378014), np.float64(0.21369582178538965), np.float64(0.2251419712992594), np.float64(0.2376921094176488), np.float64(0.25024623054616224), np.float64(0.26238845122555016), np.float64(0.2749336482891271), np.float64(0.2876601384960561), np.float64(0.2994425571153758), np.float64(0.3109469226089283), np.float64(0.32298617758566317)]","[np.float64(7.83039343053195), np.float64(15.675630316965128), np.float64(23.54527508724572), np.float64(31.44901813167639), np.float64(39.39030874587644), np.float64(47.368412786396036), np.float64(55.41689054248484), np.float64(63.53069113546022), np.float64(71.72931053119514), np.float64(80.00520964121583), np.float64(88.40644082450265), np.float64(96.89630511027552), np.float64(105.4968807244219), np.float64(114.17137647209145), np.float64(123.00002992398876), np.float64(131.97410628791803), np.float64(140.97428669209603), np.float64(150.1032162849532), np.float64(159.42115579050022), np.float64(168.8347154348167), np.float64(178.23285643029283), np.float64(187.7566699020843), np.float64(197.33591210373066), np.float64(206.98399515333978), np.float64(216.62262439064682), np.float64(226.4384921554912), np.float64(236.33722739531348), np.float64(246.27772489298567), np.float64(256.3376418294734), np.float64(266.4970928238447), np.float64(276.637360377706), np.float64(286.8224411136216), np.float64(297.1407316914298)]"
172,STATE_B_DEFENSE,SPONTANEOUS,0.4926382809391166,0.009006892140847822,297.1927099278104,55.282589418179086,"[np.float64(0.00013355481584980848), np.float64(0.0014184399416305308), np.float64(0.004132324154589095), np.float64(0.007067827494563377), np.float64(0.01108678519744026), np.float64(0.017098204616266863), np.float64(0.022968208856548548), np.float64(0.03006247480032412), np.float64(0.03773483331553137), np.float64(0.045923953331284996), np.float64(0.05377402896140539), np.float64(0.06286946246677103), np.float64(0.07403086464308169), np.float64(0.08528240413979699), np.float64(0.09746364292593358), np.float64(0.10875639577908282), np.float64(0.1210865372569147), np.float64(0.13362994730335354), np.float64(0.14651891760341657), np.float64(0.15880816036839995), np.float64(0.17169861426273708), np.float64(0.18434135562829806), np.float64(0.19681648230723728), np.float64(0.21081098105389035), np.float64(0.2234747948510641), np.float64(0.2362186778377241), np.float64(0.2488634936077384), np.float64(0.26111713195928776), np.float64(0.27407614332037683), np.float64(0.2869820147151026), np.float64(0.30024121588724323), np.float64(0.31305836394292036), np.float64(0.32556838771476554)]","[np.float64(7.822618344577596), np.float64(15.655283287193988), np.float64(23.514723236792378), np.float64(31.398759855727263), np.float64(39.326687250894494), np.float64(47.33210695476257), np.float64(55.37991076079679), np.float64(63.51040950601891), np.float64(71.71480961600155), np.float64(79.99690733005946), np.float64(88.3262055094329), np.float64(96.7708049855795), np.float64(105.3840479100916), np.float64(114.08342723223704), np.float64(122.91629834457005), np.float64(131.78354763581413), np.float64(140.79642673385948), np.float64(149.91024129094575), np.float64(159.1356038499753), np.float64(168.4065236848798), np.float64(177.80763105377383), np.float64(187.27692552964427), np.float64(196.81797527565948), np.float64(206.57252600833425), np.float64(216.3020647151802), np.float64(226.12268904735842), np.float64(236.01760142509175), np.float64(245.95683002369344), np.float64(256.0464935631958), np.float64(266.2138440663936), np.float64(276.50106030489354), np.float64(286.82376778397327), np.float64(297.1927099278104)]"
176,STATE_B_DEFENSE,SPONTANEOUS,0.4950258654994031,0.007469537344374489,307.6174942504826,57.60670886006034,"[np.float64(0.0009962272188450392), np.float64(0.002643869416920875), np.float64(0.0061033133502509055), np.float64(0.010421905543405491), np.float64(0.015436488404943476), np.float64(0.020513662797968363), np.float64(0.026589026546972292), np.float64(0.03303023667975945), np.float64(0.03925806122684557), np.float64(0.04731367882958594), np.float64(0.05777244319977238), np.float64(0.06755967683198207), np.float64(0.07737273033210802), np.float64(0.08746406330209684), np.float64(0.09878800686072968), np.float64(0.11077208696441708), np.float64(0.12281688238698663), np.float64(0.13465887597942613), np.float64(0.14684792365224866), np.float64(0.1600561553396203), np.float64(0.17282727170927623), np.float64(0.18504389853149), np.float64(0.19665324947963525), np.float64(0.2095026252726318), np.float64(0.22273101840361972), np.float64(0.2352117434601394), np.float64(0.24805310460915617), np.float64(0.26023961507183824), np.float64(0.2722495920947774), np.float64(0.2841509272071085), np.float64(0.29731367470170705), np.float64(0.3093103614408528), np.float64(0.32148729960053246), np.float64(0.3336610999888931)]","[np.float64(7.838366960525468), np.float64(15.68963058712073), np.float64(23.575011624645583), np.float64(31.50073875896879), np.float64(39.473511125642375), np.float64(47.486486040124994), np.float64(55.56556312953801), np.float64(63.70241175863372), np.float64(71.88091248827234), np.float64(80.17662283453109), np.float64(88.63355744347766), np.float64(97.13744991270242), np.float64(105.71478063118055), np.float64(114.37862303129556), np.float64(123.18493126633606), np.float64(132.11186780952772), np.float64(141.127861116115), np.float64(150.21542598727476), np.float64(159.41011991894496), np.float64(168.76363585799479), np.float64(178.17455958487162), np.float64(187.62870077071196), np.float64(197.1157693690421), np.float64(206.78737517833153), np.float64(216.57825223613077), np.float64(226.38801167647966), np.float64(236.31411778122396), np.float64(246.26005165440048), np.float64(256.26749827660353), np.float64(266.3413892869981), np.float64(276.62636058008894), np.float64(286.8670397925746), np.float64(297.2041079242753), np.float64(307.6174942504826)]"
175,STATE_B_DEFENSE,SPONTANEOUS,0.4974134500596896,0.015653828516041947,296.95241585726944,54.708658543763235,"[np.float64(0.00029232001580744), np.float64(0.0023303495338674197), np.float64(0.005284605120210294), np.float64(0.008009658069211428), np.float64(0.011875325976087472), np.float64(0.017876808524554824), np.float64(0.024888248402214493), np.float64(0.03148479567965445), np.float64(0.03929332834231438), np.float64(0.0464245939551595), np.float64(0.05595883825465767), np.float64(0.06604407966035694), np.float64(0.07631963946285558), np.float64(0.08743967341525694), np.float64(0.09849374600942618), np.float64(0.10948632342693591), np.float64(0.1213855351793382), np.float64(0.13393247790641408), np.float64(0.14713144089838795), np.float64(0.1601235142880078), np.float64(0.17235786186612995), np.float64(0.1857934389770778), np.float64(0.19984936627502023), np.float64(0.21311801728055668), np.float64(0.22587769806844687), np.float64(0.23854691013158832), np.float64(0.25111064793065146), np.float64(0.2645399907649047), np.float64(0.27666265559439085), np.float64(0.2884311566399721), np.float64(0.3000673802595116), np.float64(0.31181777080900885), np.float64(0.324993697860981)]","[np.float64(7.818608797777098), np.float64(15.653139388672173), np.float64(23.514285520565863), np.float64(31.394845821043695), np.float64(39.318733835347174), np.float64(47.32219455780345), np.float64(55.39904949010886), np.float64(63.51662580749043), np.float64(71.72616249667726), np.float64(79.96869074627696), np.float64(88.36538959681984), np.float64(96.85785433298712), np.float64(105.43383445528472), np.float64(114.12916478758135), np.float64(122.90118492423143), np.float64(131.7488933131442), np.float64(140.73185524120493), np.float64(149.84150243286922), np.float64(159.08389262234564), np.float64(168.40234201767578), np.float64(177.7523747099965), np.float64(187.28078410570603), np.float64(196.9505581376306), np.float64(206.64684775348306), np.float64(216.38621850928584), np.float64(226.2015594786223), np.float64(236.09002651477414), np.float64(246.14461113277954), np.float64(256.1545602607776), np.float64(266.2060249701222), np.float64(276.3189317812942), np.float64(286.5185534714915), np.float64(296.95241585726944)]"
177,STATE_B_DEFENSE,SPONTANEOUS,0.4966175885395941,0.004432133997397857,308.10720194729646,56.55925961821227,"[np.float64(0.0007066190349835453), np.float64(0.0019251780516158794), np.float64(0.003497331590534455), np.float64(0.006773811749735541), np.float64(0.01037986819889659), np.float64(0.01545356299807497), np.float64(0.020962353515118888), np.float64(0.027924640526174358), np.float64(0.035547318202813115), np.float64(0.04376005337100823), np.float64(0.05290362552462485), np.float64(0.06320201044926207), np.float64(0.07364160744081542), np.float64(0.08416815329441424), np.float64(0.09408605151307506), np.float64(0.10543813767069588), np.float64(0.11858226727606422), np.float64(0.13166857144808486), np.float64(0.14354303972408167), np.float64(0.15594019918717386), np.float64(0.1681898654782963), np.float64(0.18091361662142136), np.float64(0.1937952631718654), np.float64(0.20663801971409512), np.float64(0.21963176569237655), np.float64(0.2316652577584565), np.float64(0.2430352243782764), np.float64(0.2548626854384765), np.float64(0.2662372195625237), np.float64(0.27852432823792117), np.float64(0.2911105520722959), np.float64(0.30275947012990034), np.float64(0.31437246448872436), np.float64(0.3254576493979492)]","[np.float64(7.873963389995447), np.float64(15.757511976850225), np.float64(23.654804916630074), np.float64(31.59118751796639), np.float64(39.559641888554864), np.float64(47.59061195262339), np.float64(55.67278013506857), np.float64(63.84260954862776), np.float64(72.08874893246069), np.float64(80.41560632197947), np.float64(88.84377441886788), np.float64(97.39331441101622), np.float64(106.02615792222346), np.float64(114.74040109731598), np.float64(123.49716973534728), np.float64(132.41195858364944), np.float64(141.52165265533796), np.float64(150.72043454194875), np.float64(159.9262903268155), np.float64(169.25351012846338), np.float64(178.65534621052748), np.float64(188.17925766876496), np.float64(197.8029510924546), np.float64(207.51034353500208), np.float64(217.31733835910802), np.float64(227.12225873161563), np.float64(236.94387516684003), np.float64(246.88581560950996), np.float64(256.8594453317462), np.float64(267.0027644510721), np.float64(277.2575709927887), np.float64(287.48957627382384), np.float64(297.7920990848951), np.float64(308.10720194729646)]"
179,STATE_B_DEFENSE,SPONTANEOUS,0.4958217270194986,0.004276555477869134,297.1513850918048,55.97208368001681,"[np.float64(0.00037566580869172574), np.float64(0.00188383078169776), np.float64(0.004503348034076318), np.float64(0.007499494810584101), np.float64(0.011358999685638438), np.float64(0.016271864624539376), np.float64(0.021707865914723578), np.float64(0.02862082187122692), np.float64(0.036377270596907006), np.float64(0.04536453978155289), np.float64(0.054930960353426664), np.float64(0.06570385279370203), np.float64(0.07578398852289775), np.float64(0.08671420509815589), np.float64(0.0977139088123158), np.float64(0.10960307178855704), np.float64(0.12191530885494377), np.float64(0.1347102040019604), np.float64(0.1469176967505187), np.float64(0.1598359578625202), np.float64(0.17382919301052366), np.float64(0.1872625306044204), np.float64(0.20005386329610192), np.float64(0.21355439773906468), np.float64(0.2272316247242638), np.float64(0.2406827738136905), np.float64(0.2528204183302901), np.float64(0.2655751241036402), np.float64(0.27851856989652146), np.float64(0.29195701593884593), np.float64(0.3043954185416873), np.float64(0.31733459093571265), np.float64(0.3298439237067064)]","[np.float64(7.809892246132506), np.float64(15.63155424069224), np.float64(23.477963951378758), np.float64(31.350602551545414), np.float64(39.26324215131166), np.float64(47.23018905552625), np.float64(55.24905968557075), np.float64(63.35503352633787), np.float64(71.54263500244184), np.float64(79.83574172310081), np.float64(88.2202302119495), np.float64(96.73040283894697), np.float64(105.28569609806686), np.float64(113.95914707962032), np.float64(122.71547281352115), np.float64(131.60345477664993), np.float64(140.6023051373142), np.float64(149.71953434233157), np.float64(158.88511415226557), np.float64(168.18674383447456), np.float64(177.65818881353198), np.float64(187.18004364930243), np.float64(196.73955654701882), np.float64(206.4449902195773), np.float64(216.2553000995407), np.float64(226.13469861463037), np.float64(235.97807716867672), np.float64(245.96056312966152), np.float64(256.04423420057105), np.float64(266.26174229869014), np.float64(276.45841173393086), np.float64(286.78835220615287), np.float64(297.1513850918048)]"
178,STATE_B_DEFENSE,SPONTANEOUS,0.49383207321925987,0.004772402516785445,296.7366303401401,58.134544623094634,"[np.float64(-0.0004415823474065353), np.float64(0.000419770068878375), np.float64(0.002145547975342054), np.float64(0.004808715222935148), np.float64(0.008167347484340228), np.float64(0.012643433341966269), np.float64(0.018366570019808025), np.float64(0.024930648868063055), np.float64(0.03240794996103911), np.float64(0.04042876328572453), np.float64(0.04942360745549461), np.float64(0.057580172166111644), np.float64(0.0683001019621205), np.float64(0.07976606296560221), np.float64(0.091223512789537), np.float64(0.10216069029174282), np.float64(0.11435202178439066), np.float64(0.12747480515811668), np.float64(0.14097130513888012), np.float64(0.15456492146315182), np.float64(0.16834795855067577), np.float64(0.18333981562220547), np.float64(0.1975236993712637), np.float64(0.21249345797226116), np.float64(0.22725057363831272), np.float64(0.2420519358043513), np.float64(0.25631576455773786), np.float64(0.2697293631292179), np.float64(0.282525547962564), np.float64(0.2956445109571717), np.float64(0.30948497572487416), np.float64(0.32211334770738725), np.float64(0.33563919587097546)]","[np.float64(7.778873937645097), np.float64(15.564449743722284), np.float64(23.366803073309914), np.float64(31.197107613465654), np.float64(39.06150400085117), np.float64(46.977745287511645), np.float64(54.96202814775954), np.float64(63.01586036732801), np.float64(71.15096956831849), np.float64(79.36313556509208), np.float64(87.6760030439856), np.float64(96.01753205257553), np.float64(104.54484673759333), np.float64(113.18933684262251), np.float64(121.91601529074427), np.float64(130.6938297594807), np.float64(139.62808030475676), np.float64(148.7094512535052), np.float64(157.9078080813757), np.float64(167.2059847435147), np.float64(176.6111180249636), np.float64(186.2044529280046), np.float64(195.83149418212687), np.float64(205.61916291386112), np.float64(215.48610620841475), np.float64(225.45292233934), np.float64(235.46470185109774), np.float64(245.48573230614204), np.float64(255.5310346729468), np.float64(265.6909902810204), np.float64(276.00986003650485), np.float64(286.28392725875796), np.float64(296.7366303401401)]"
180,STATE_B_DEFENSE,SPONTANEOUS,0.4986072423398329,0.002104696258318203,296.98992730508286,55.46696806333433,"[np.float64(0.0003697467428536122), np.float64(0.0016234976559042216), np.float64(0.004227640709525517), np.float64(0.007349270380344711), np.float64(0.011927316061726992), np.float64(0.0174099577033882), np.float64(0.023465564750165042), np.float64(0.02980546712564499), np.float64(0.0374125881531135), np.float64(0.04537377938771983), np.float64(0.05428951618717472), np.float64(0.06433002426089285), np.float64(0.07468377972691974), np.float64(0.08543375015409248), np.float64(0.09674594337781615), np.float64(0.10792216435452376), np.float64(0.11987928090675741), np.float64(0.13259258719702885), np.float64(0.14530776647480043), np.float64(0.1585035661014603), np.float64(0.17184342608086947), np.float64(0.1857323211013843), np.float64(0.1999485563726279), np.float64(0.21430725301895912), np.float64(0.22696327066302685), np.float64(0.23936667502160064), np.float64(0.25251413065027), np.float64(0.2650654022632856), np.float64(0.2780578659967921), np.float64(0.29029895138090245), np.float64(0.3027467954738047), np.float64(0.3147804550419099), np.float64(0.32743913546502973)]","[np.float64(7.8126927684439265), np.float64(15.63517402119989), np.float64(23.483228916817822), np.float64(31.359599020954583), np.float64(39.2884717228741), np.float64(47.27371295476524), np.float64(55.316555477537406), np.float64(63.41442443827531), np.float64(71.60423969628741), np.float64(79.86495896643572), np.float64(88.22529123114988), np.float64(96.70298374847631), np.float64(105.26989042157186), np.float64(113.93316652772522), np.float64(122.70570328351481), np.float64(131.5512804101043), np.float64(140.5254542311982), np.float64(149.63384441583094), np.float64(158.8309652956328), np.float64(168.15088393839847), np.float64(177.57203028269464), np.float64(187.12701134918433), np.float64(196.80205151706943), np.float64(206.5836791644493), np.float64(216.3098326454363), np.float64(226.09644127065587), np.float64(236.03453613080916), np.float64(245.99993487853138), np.float64(256.09065340212425), np.float64(266.1870347809533), np.float64(276.38353810696304), np.float64(286.61378177843056), np.float64(296.98992730508286)]"
181,STATE_B_DEFENSE,SPONTANEOUS,0.4998010346199761,-0.010202815745225916,296.53626943977923,55.66750783177882,"[np.float64(0.0015031210561639024), np.float64(0.0025524472200224107), np.float64(0.004782617542242873), np.float64(0.00836552817690036), np.float64(0.012732719406276655), np.float64(0.018756166331214335), np.float64(0.025830825838404885), np.float64(0.033134781371181365), np.float64(0.04100069804337353), np.float64(0.049845376978643385), np.float64(0.0590668417467701), np.float64(0.06881204877618408), np.float64(0.07949871928904925), np.float64(0.09043484755776256), np.float64(0.10207651368998315), np.float64(0.1137617668435554), np.float64(0.12525674481247076), np.float64(0.13765335900880654), np.float64(0.15117601733309058), np.float64(0.16485411852467122), np.float64(0.1784294629759796), np.float64(0.19147546701760051), np.float64(0.20472741289099688), np.float64(0.2185194425877174), np.float64(0.23166801868026612), np.float64(0.24428018759243555), np.float64(0.25743412706816776), np.float64(0.27130833456084813), np.float64(0.2848338121872347), np.float64(0.2974087669300357), np.float64(0.3096369330668866), np.float64(0.32173688194588557), np.float64(0.3329226325984315)]","[np.float64(7.789105069160332), np.float64(15.586369046457559), np.float64(23.405542944304667), np.float64(31.26298161750334), np.float64(39.16325980446369), np.float64(47.13546374482409), np.float64(55.18198531938727), np.float64(63.28924094024416), np.float64(71.4709292033302), np.float64(79.7487856565573), np.float64(88.10808848813097), np.float64(96.55912579636049), np.float64(105.12737653342872), np.float64(113.78612437526995), np.float64(122.56276254894912), np.float64(131.42486633646737), np.float64(140.3576675142922), np.float64(149.43037642946948), np.float64(158.66673178954704), np.float64(168.00692152237772), np.float64(177.43222534151838), np.float64(186.9074626165894), np.float64(196.48691818017988), np.float64(206.20010492512145), np.float64(215.94753434186214), np.float64(225.7323743131438), np.float64(235.65019003981433), np.float64(245.72247843012357), np.float64(255.84850590018974), np.float64(265.9629108666624), np.float64(276.12044176744297), np.float64(286.34123342766077), np.float64(296.53626943977923)]"
182,STATE_B_DEFENSE,SPONTANEOUS,0.4982093115797851,0.014708542906484998,297.3810501153015,54.62899132783209,"[np.float64(0.0006568747948289821), np.float64(0.002450285454260079), np.float64(0.0049588172478011875), np.float64(0.0084069122073923), np.float64(0.012519696066942896), np.float64(0.018183041516359716), np.float64(0.024495771953591264), np.float64(0.03128618889282359), np.float64(0.0391005388800074), np.float64(0.047433164363362555), np.float64(0.055910958744995944), np.float64(0.06534754494780595), np.float64(0.07552607393741334), np.float64(0.08523503811606738), np.float64(0.09489582926231849), np.float64(0.10638828731331516), np.float64(0.11903366744235756), np.float64(0.1312740683084378), np.float64(0.14451500235594), np.float64(0.15789730136236793), np.float64(0.1707060617568072), np.float64(0.18386091681904548), np.float64(0.19702761747330896), np.float64(0.21036300625862273), np.float64(0.22260840745165145), np.float64(0.2357053501383439), np.float64(0.2487903674654869), np.float64(0.26111808245949497), np.float64(0.27325251469971), np.float64(0.284978883144727), np.float64(0.29733548557454986), np.float64(0.31004103165070696), np.float64(0.32281009795030374)]","[np.float64(7.837782215442109), np.float64(15.689605277544523), np.float64(23.56383577127564), np.float64(31.472301157909932), np.float64(39.42051960452038), np.float64(47.436733969066495), np.float64(55.514153930762674), np.float64(63.654657817656606), np.float64(71.88228838995401), np.float64(80.18880848165139), np.float64(88.56394097797084), np.float64(97.0459690018531), np.float64(105.63416995375493), np.float64(114.27218701228392), np.float64(122.97823617060074), np.float64(131.8634297424504), np.float64(140.9032783890454), np.float64(150.00544415623042), np.float64(159.2630197090311), np.float64(168.62253600447698), np.float64(178.0302609181522), np.float64(187.55283038473604), np.float64(197.16531697507614), np.float64(206.88055015790982), np.float64(216.58795348316337), np.float64(226.4547379466516), np.float64(236.40634811975679), np.float64(246.36925362836985), np.float64(256.3928260103012), np.float64(266.4525311371058), np.float64(276.6549483560646), np.float64(286.9743147710789), np.float64(297.3810501153015)]"
183,STATE_B_DEFENSE,SPONTANEOUS,0.4954237962594509,-0.0015721093033641345,307.57324329758075,58.16216573793574,"[np.float64(0.0011312825892564706), np.float64(0.00224123378543382), np.float64(0.004088167763521831), np.float64(0.006711351191527119), np.float64(0.009928855674264096), np.float64(0.01509391492823097), np.float64(0.021579652345902266), np.float64(0.028576192026474902), np.float64(0.037074287651631656), np.float64(0.04613116680864959), np.float64(0.055260123539459714), np.float64(0.06492026738898381), np.float64(0.07560318137416955), np.float64(0.08542639488714877), np.float64(0.09656461421813368), np.float64(0.10937279693545691), np.float64(0.1208234888127626), np.float64(0.13257976281312794), np.float64(0.14441386312670387), np.float64(0.15708473093580028), np.float64(0.16992011530428147), np.float64(0.18226521730408302), np.float64(0.1941451590353566), np.float64(0.2066386069386924), np.float64(0.21909763803975804), np.float64(0.23209954491327764), np.float64(0.24541589480238232), np.float64(0.2583976752417485), np.float64(0.2712240403342031), np.float64(0.2836740352272645), np.float64(0.29567947075175294), np.float64(0.30829951548180196), np.float64(0.3209049976900141), np.float64(0.3333505661202984)]","[np.float64(7.838680737775105), np.float64(15.686049789440096), np.float64(23.550744439878418), np.float64(31.441983426672124), np.float64(39.36523561576658), np.float64(47.358923597321024), np.float64(55.42830747344899), np.float64(63.56318948471384), np.float64(71.80338247261571), np.float64(80.12914908065372), np.float64(88.52580998453838), np.float64(97.01463468756188), np.float64(105.62503155504604), np.float64(114.26827865727314), np.float64(123.05686109712518), np.float64(132.025006988121), np.float64(140.99866269961913), np.float64(150.07362193512336), np.float64(159.2364974607324), np.float64(168.54273508970513), np.float64(177.94871620603985), np.float64(187.4034567928542), np.float64(196.90369118390745), np.float64(206.53673648091137), np.float64(216.2502976667702), np.float64(226.0964309846436), np.float64(236.0578387553581), np.float64(246.07327273627857), np.float64(256.15716430065527), np.float64(266.284626255817), np.float64(276.4444931073891), np.float64(286.7484169324081), np.float64(297.13047135620894), np.float64(307.57324329758075)]"
185,STATE_B_DEFENSE,SPONTANEOUS,0.4942300039793076,0.0014252472323431425,307.5475499189669,58.109134860484524,"[np.float64(-0.0004009013765968235), np.float64(0.0012019536668465094), np.float64(0.0035125019839284447), np.float64(0.00705559503477308), np.float64(0.012021745344060492), np.float64(0.016889058039925173), np.float64(0.022898316425250198), np.float64(0.028966026800549615), np.float64(0.036789891678702884), np.float64(0.04409517033618878), np.float64(0.0533364361677511), np.float64(0.06325558809146062), np.float64(0.07311692537111213), np.float64(0.08388457334185075), np.float64(0.09538018034729971), np.float64(0.10693410252843912), np.float64(0.11940105870689133), np.float64(0.131645630185369), np.float64(0.1439005879608784), np.float64(0.15603446652515887), np.float64(0.16923368739634453), np.float64(0.18316117025398454), np.float64(0.19478221693140596), np.float64(0.20737830564951498), np.float64(0.22026506415233707), np.float64(0.23286837177449748), np.float64(0.24625711860198868), np.float64(0.2590721147330331), np.float64(0.271656731496024), np.float64(0.28471664663813934), np.float64(0.2976356019738536), np.float64(0.30899787612544566), np.float64(0.32097654463171715), np.float64(0.333017637386852)]","[np.float64(7.833003752521088), np.float64(15.678562678982962), np.float64(23.544965320144247), np.float64(31.448658267748407), np.float64(39.40763147585379), np.float64(47.4027398313479), np.float64(55.46636159885233), np.float64(63.57786087476136), np.float64(71.79650329068228), np.float64(80.05444483538497), np.float64(88.44873896410182), np.float64(96.94278445778389), np.float64(105.50724461647837), np.float64(114.19181081965378), np.float64(122.995466782852), np.float64(131.88526401015798), np.float64(140.9149869364057), np.float64(150.01791913213594), np.float64(159.20736306827536), np.float64(168.47318782884426), np.float64(177.9038559309456), np.float64(187.48220023846497), np.float64(196.96434569217323), np.float64(206.60857029491103), np.float64(216.36275571213866), np.float64(226.17630785194058), np.float64(236.14730675765975), np.float64(246.1493769211704), np.float64(256.2113423569615), np.float64(266.40375203478135), np.float64(276.6645255757421), np.float64(286.8367915175761), np.float64(297.15079719262155), np.float64(307.5475499189669)]"
184,STATE_B_DEFENSE,SPONTANEOUS,0.4974134500596896,0.01936059533763836,307.6820715667634,58.03800366177119,"[np.float64(0.0002575136738938808), np.float64(0.0015274112325914864), np.float64(0.0033920360213605984), np.float64(0.00700274848372049), np.float64(0.011534437958224945), np.float64(0.016308106759131455), np.float64(0.02203234412064894), np.float64(0.028218358022901124), np.float64(0.035114459698553854), np.float64(0.04296954931885808), np.float64(0.05194941921026006), np.float64(0.06125945099815814), np.float64(0.07120751562801818), np.float64(0.08211736094556694), np.float64(0.0936225568462776), np.float64(0.10529088310764208), np.float64(0.11728414568189596), np.float64(0.13012628086497866), np.float64(0.14286620383258708), np.float64(0.15620699820223852), np.float64(0.16899737239281581), np.float64(0.1814561216442055), np.float64(0.1941737518511331), np.float64(0.20608768105058264), np.float64(0.21809379359192135), np.float64(0.23031222037696372), np.float64(0.24351638181868782), np.float64(0.2552137868639308), np.float64(0.26712306822017584), np.float64(0.27950735247364794), np.float64(0.29257245420968575), np.float64(0.30501945536720476), np.float64(0.3182032956975029), np.float64(0.3309640811847659)]","[np.float64(7.845055446959473), np.float64(15.700067586702025), np.float64(23.57201375241673), np.float64(31.4858502463318), np.float64(39.4457708152753), np.float64(47.446485831934076), np.float64(55.50990272628561), np.float64(63.63158922013688), np.float64(71.82519328276535), np.float64(80.10800581683453), np.float64(88.49734068330069), np.float64(96.96882601534583), np.float64(105.5407713860096), np.float64(114.23661458675902), np.float64(123.04531855279815), np.float64(131.9466543811722), np.float64(140.95187119614613), np.float64(150.09841235463534), np.float64(159.32774234886804), np.float64(168.6894408768245), np.float64(178.10092229486983), np.float64(187.5735446472948), np.float64(197.15223409893275), np.float64(206.747748503423), np.float64(216.43150534666452), np.float64(226.21485628269716), np.float64(236.17266261674771), np.float64(246.0690473835543), np.float64(256.0633971107655), np.float64(266.18449453887825), np.float64(276.45805504955166), np.float64(286.7467984521064), np.float64(297.1975621443016), np.float64(307.6820715667634)]"
186,STATE_B_DEFENSE,SPONTANEOUS,0.49224035017906886,0.006850290116648492,296.5413506558935,56.24660378672361,"[np.float64(0.0004259722398168376), np.float64(0.0019694324120173427), np.float64(0.004533176688564792), np.float64(0.007206978218533007), np.float64(0.01176218253471945), np.float64(0.016678786686447), np.float64(0.022045373495547832), np.float64(0.028580904240221514), np.float64(0.03594565136332109), np.float64(0.044419624590743084), np.float64(0.053630761277854884), np.float64(0.0630404929401746), np.float64(0.0736239886981274), np.float64(0.08466486358691175), np.float64(0.096089052450974), np.float64(0.10748557127656039), np.float64(0.11944964701385132), np.float64(0.1326394565438799), np.float64(0.14676360434019992), np.float64(0.16030959952929233), np.float64(0.17433254480741467), np.float64(0.1879954783993015), np.float64(0.20059555195336015), np.float64(0.2133155163220091), np.float64(0.22651809863954378), np.float64(0.23978589048071094), np.float64(0.252797634722253), np.float64(0.26666863567594756), np.float64(0.28023204934012713), np.float64(0.29348380287758963), np.float64(0.3070087620775143), np.float64(0.3185307084296482), np.float64(0.33104724935895086)]","[np.float64(7.790531076070721), np.float64(15.593076774446061), np.float64(23.419519608289786), np.float64(31.26755623702055), np.float64(39.17272744332987), np.float64(47.12134917601799), np.float64(55.11981022210397), np.float64(63.19515755407579), np.float64(71.34862049494753), np.float64(79.59982209381268), np.float64(87.94506844486871), np.float64(96.36753167285379), np.float64(104.91655961492998), np.float64(113.5665432629284), np.float64(122.31754739601465), np.float64(131.14858412854335), np.float64(140.09601709095122), np.float64(149.2082833080072), np.float64(158.47659692420515), np.float64(167.79983273962432), np.float64(177.25129974192515), np.float64(186.768942574086), np.float64(196.29118024326596), np.float64(205.9077546371745), np.float64(215.65104873244792), np.float64(225.48688029934613), np.float64(235.38501518968127), np.float64(245.4506152974742), np.float64(255.57415334145267), np.float64(265.7518750384744), np.float64(276.0422309341645), np.float64(286.200038645332), np.float64(296.5413506558935)]"
187,STATE_B_DEFENSE,SPONTANEOUS,0.4950258654994031,0.001596780543301575,307.04629909209837,57.970388308502336,"[np.float64(-4.810561293207491e-05), np.float64(0.0016340520100205755), np.float64(0.00301141804053874), np.float64(0.005471458041207021), np.float64(0.009771761772818134), np.float64(0.014154445687863124), np.float64(0.019979785279100767), np.float64(0.02737439116592623), np.float64(0.03400433207019616), np.float64(0.04287722648976195), np.float64(0.05170789233493136), np.float64(0.0615641741887333), np.float64(0.07201364241875521), np.float64(0.08313690017251722), np.float64(0.09429241666480111), np.float64(0.10556086081883444), np.float64(0.11802784716492523), np.float64(0.1308112716194652), np.float64(0.14397182483891527), np.float64(0.15593567742119166), np.float64(0.16832054817038825), np.float64(0.18105739160832537), np.float64(0.19445807529979728), np.float64(0.20816601052858444), np.float64(0.2209233808480492), np.float64(0.23388622560607628), np.float64(0.2473718233478482), np.float64(0.2604289362735606), np.float64(0.27321156054906587), np.float64(0.2848951824472474), np.float64(0.2970922141738401), np.float64(0.30915199171790125), np.float64(0.3207879265659157), np.float64(0.33225004959200555)]","[np.float64(7.823870100364441), np.float64(15.660896286013317), np.float64(23.507490577408564), np.float64(31.381734391535304), np.float64(39.31096388132643), np.float64(47.27541797833112), np.float64(55.31283264626587), np.float64(63.44339756030777), np.float64(71.60374975334098), np.float64(79.90034773219605), np.float64(88.26170834709703), np.float64(96.73562686013135), np.float64(105.3114484107229), np.float64(113.99919614822217), np.float64(122.76937116863493), np.float64(131.62651650351867), np.float64(140.63949856382789), np.float64(149.76131575821057), np.float64(158.9986154690505), np.float64(168.23986348869644), np.float64(177.59567278806952), np.float64(187.06401837655065), np.float64(196.67328372408792), np.float64(206.39854241010013), np.float64(216.13061611048929), np.float64(225.96594047853912), np.float64(235.93577957390542), np.float64(245.9513956527063), np.float64(256.02381343973633), np.float64(266.06465346788895), np.float64(276.2353136553884), np.float64(286.4686432677156), np.float64(296.7307556543788), np.float64(307.04629909209837)]"
190,STATE_B_DEFENSE,SPONTANEOUS,0.49781138081973736,0.016009767448202646,296.97201650608605,54.784268635996,"[np.float64(0.0007770441053138477), np.float64(0.0023976518265868387), np.float64(0.005454607524105453), np.float64(0.00877249272619918), np.float64(0.013579512588881052), np.float64(0.019448789899179118), np.float64(0.024764545599221154), np.float64(0.030402962875143782), np.float64(0.037428688730151406), np.float64(0.04645942723632036), np.float64(0.056448047093599046), np.float64(0.06634853846447814), np.float64(0.07644763428626676), np.float64(0.08688817098790783), np.float64(0.09811082743472002), np.float64(0.10996824766481832), np.float64(0.1228922549781095), np.float64(0.13609360961336373), np.float64(0.14852276079482826), np.float64(0.1604174382331408), np.float64(0.17246367759849388), np.float64(0.18489849793298113), np.float64(0.19733124477362748), np.float64(0.2097256846797283), np.float64(0.2224512986343996), np.float64(0.23580274587884567), np.float64(0.2492026798147046), np.float64(0.26183876949213836), np.float64(0.27498428056783775), np.float64(0.28816411411246745), np.float64(0.30061583603892494), np.float64(0.31223066276506), np.float64(0.3249039254321137)]","[np.float64(7.8212841115116705), np.float64(15.65522849160027), np.float64(23.518622631051546), np.float64(31.409860071440864), np.float64(39.35576066149031), np.float64(47.363452516576), np.float64(55.40123937426383), np.float64(63.48964972271198), np.float64(71.6689482047295), np.float64(79.97800965844404), np.float64(88.39468491912493), np.float64(96.88136067011281), np.float64(105.4506353567853), np.float64(114.11161750157483), np.float64(122.89203632840862), np.float64(131.7906666898792), np.float64(140.84043546590053), np.float64(149.99920533127997), np.float64(159.1962373018655), np.float64(168.44049677297684), np.float64(177.77815226567785), np.float64(187.22879833463014), np.float64(196.76343176910515), np.float64(206.37832682300734), np.float64(216.10518471423651), np.float64(225.97340025148253), np.float64(235.93350110886908), np.float64(245.90613245235272), np.float64(256.0116966049013), np.float64(266.2050240151402), np.float64(276.40481694316964), np.float64(286.592264336381), np.float64(296.97201650608605)]"
188,STATE_B_DEFENSE,SPONTANEOUS,0.4958217270194986,0.0004555123671266146,307.2199387442909,57.56307060968345,"[np.float64(0.00047027563226240485), np.float64(0.0020975397860907453), np.float64(0.004042822446734516), np.float64(0.0064233755334400155), np.float64(0.010747558008573034), np.float64(0.015397782103296696), np.float64(0.022216813038373216), np.float64(0.029599142159641306), np.float64(0.03755622993296123), np.float64(0.04703123600695534), np.float64(0.056260659192760354), np.float64(0.06492408648183727), np.float64(0.07481765732763923), np.float64(0.08557742366727926), np.float64(0.09617460816663775), np.float64(0.10817187788790635), np.float64(0.12042302080361157), np.float64(0.13363362192504363), np.float64(0.14684181761394544), np.float64(0.15935287207253462), np.float64(0.17209310256383353), np.float64(0.1851110834328726), np.float64(0.19810988424719647), np.float64(0.21185374932335163), np.float64(0.2239251097865125), np.float64(0.2366697153408823), np.float64(0.2487894658271637), np.float64(0.26057788111379193), np.float64(0.27236611432907426), np.float64(0.284022267738201), np.float64(0.2960917747883466), np.float64(0.30763649100230694), np.float64(0.31966017319298357), np.float64(0.33255100106179675)]","[np.float64(7.8294392068014655), np.float64(15.671607816619385), np.float64(23.53021708465171), np.float64(31.41079368271828), np.float64(39.347751137981504), np.float64(47.32579485671655), np.float64(55.39851345257587), np.float64(63.54079353663671), np.float64(71.75908492027462), np.float64(80.0955485939218), np.float64(88.49256809723383), np.float64(96.93243716494108), np.float64(105.4968056552461), np.float64(114.17920067958738), np.float64(122.93051165387091), np.float64(131.8414911512195), np.float64(140.8537761125702), np.float64(150.01594611543823), np.float64(159.26997884647827), np.float64(168.5646014353117), np.float64(177.9626692607857), np.float64(187.46956512424643), np.float64(197.06283337135122), np.float64(206.80684462562604), np.float64(216.49406363478232), np.float64(226.32304208168105), np.float64(236.1766394188736), np.float64(246.07723246878803), np.float64(256.0546141883265), np.float64(266.0946198505509), np.float64(276.25371837780466), np.float64(286.43234288034716), np.float64(296.7382671002257), np.float64(307.2199387442909)]"
189,STATE_B_DEFENSE,SPONTANEOUS,0.4970155192996419,-0.006888112877561044,307.97561608849185,58.23240997861811,"[np.float64(0.0008544207364905573), np.float64(0.0024213713730310347), np.float64(0.004538367803957552), np.float64(0.007879460758235242), np.float64(0.012065762932468955), np.float64(0.01680395913724545), np.float64(0.02210736177614709), np.float64(0.029342968706595293), np.float64(0.03730815998361797), np.float64(0.04461390862109244), np.float64(0.05336174923286014), np.float64(0.06349303133791832), np.float64(0.0734828816186091), np.float64(0.084719793887839), np.float64(0.09637422882377025), np.float64(0.10821317224505558), np.float64(0.1204534945750716), np.float64(0.13210025040645182), np.float64(0.14418792492673846), np.float64(0.15628293898647092), np.float64(0.16912639221961825), np.float64(0.1832344032341745), np.float64(0.19722910916513048), np.float64(0.21027065682962484), np.float64(0.2228240657666393), np.float64(0.23619636419680534), np.float64(0.2487364052876026), np.float64(0.26120542470219144), np.float64(0.2743069007542976), np.float64(0.2867548071265231), np.float64(0.2985591141856349), np.float64(0.3110387906610925), np.float64(0.32226625405980874), np.float64(0.33426317266844124)]","[np.float64(7.845165719604799), np.float64(15.702609128563065), np.float64(23.578772127587794), np.float64(31.490601407958668), np.float64(39.44491614248458), np.float64(47.444571731930516), np.float64(55.4961639169014), np.float64(63.648284721033164), np.float64(71.88082825247363), np.float64(80.14834668494865), np.float64(88.53156126242978), np.float64(97.04322846919294), np.float64(105.62277661259097), np.float64(114.34139445218953), np.float64(123.1650065838269), np.float64(132.08341915039054), np.float64(141.1115314511893), np.float64(150.18674827969127), np.float64(159.37454103868888), np.float64(168.64703901817532), np.float64(178.0601328516513), np.float64(187.6613089216667), np.float64(197.34818470160704), np.float64(207.04710371172314), np.float64(216.78970948290183), np.float64(226.690721654082), np.float64(236.60058649036418), np.float64(246.58554389999622), np.float64(256.71525770436676), np.float64(266.861437120804), np.float64(277.0187863783477), np.float64(287.3256614948416), np.float64(297.5706290873899), np.float64(307.97561608849185)]"
192,STATE_B_DEFENSE,SPONTANEOUS,0.4970155192996419,0.003974528777341951,318.26997105207545,59.78644850814965,"[np.float64(0.0004607543355322891), np.float64(0.00218205647701892), np.float64(0.0038368769010897535), np.float64(0.007055700724061854), np.float64(0.010917437745046348), np.float64(0.016692649974543578), np.float64(0.023193294485023518), np.float64(0.029843823011994192), np.float64(0.0369012139084855), np.float64(0.04443123391012685), np.float64(0.05304959430170608), np.float64(0.06259868800798969), np.float64(0.07275067662361964), np.float64(0.08347191317479928), np.float64(0.09475005153723191), np.float64(0.10593408660952984), np.float64(0.11688749521987411), np.float64(0.1277127471680034), np.float64(0.13961423895427041), np.float64(0.1517890789163752), np.float64(0.16393237878801536), np.float64(0.1754709641665655), np.float64(0.1870061427873868), np.float64(0.19933195614245897), np.float64(0.21171856372170564), np.float64(0.22326314969861197), np.float64(0.2355216698783184), np.float64(0.2489166598231668), np.float64(0.26197135439099783), np.float64(0.27408301481826763), np.float64(0.2856703483110075), np.float64(0.29767660850722943), np.float64(0.3089830929153576), np.float64(0.3206286659353755), np.float64(0.333155532592019)]","[np.float64(7.877478728061843), np.float64(15.768504907771755), np.float64(23.672277229050422), np.float64(31.61359957097147), np.float64(39.592694503401624), np.float64(47.64675222999038), np.float64(55.76530646833606), np.float64(63.93856453387301), np.float64(72.17693096882702), np.float64(80.48725870379755), np.float64(88.90052144848076), np.float64(97.42111466367379), np.float64(106.04250088194804), np.float64(114.7688619221906), np.float64(123.6049766268417), np.float64(132.51706704246436), np.float64(141.4949194533858), np.float64(150.54244334777337), np.float64(159.7422307847384), np.float64(169.04552729033253), np.float64(178.43102907525457), np.float64(187.85200915299356), np.float64(197.3519990368775), np.float64(206.9989560101052), np.float64(216.73452583085188), np.float64(226.47512345769871), np.float64(236.3611847685314), np.float64(246.44043765822852), np.float64(256.57241201516797), np.float64(266.6903665874465), np.float64(276.8303605397837), np.float64(287.0915612480176), np.float64(297.35015489396886), np.float64(307.72054123880775), np.float64(318.26997105207545)]"
191,STATE_B_DEFENSE,SPONTANEOUS,0.4942300039793076,0.005935994443778237,286.4704187301406,53.01146347897848,"[np.float64(0.0006995790845055798), np.float64(0.0023093847591051917), np.float64(0.005304519000888066), np.float64(0.008795308159583145), np.float64(0.014345990535817454), np.float64(0.019310687372651746), np.float64(0.025795887797374274), np.float64(0.031742630369927576), np.float64(0.03901518550903663), np.float64(0.04706222185094675), np.float64(0.05595667243884214), np.float64(0.06533855988221984), np.float64(0.07550216195205435), np.float64(0.08702027362972334), np.float64(0.09832959387320202), np.float64(0.10989497017281531), np.float64(0.12246738347089861), np.float64(0.13508995939617796), np.float64(0.14809998833508306), np.float64(0.16171106389083748), np.float64(0.17546867684214826), np.float64(0.1896717522323246), np.float64(0.2039838266252143), np.float64(0.2176817340348902), np.float64(0.23131113291196065), np.float64(0.24567333586372705), np.float64(0.2590700130483416), np.float64(0.2714817042918291), np.float64(0.2842862847313938), np.float64(0.29754701684154544), np.float64(0.3095915380928132), np.float64(0.322650790015506)]","[np.float64(7.786800807875409), np.float64(15.586123054895447), np.float64(23.414089754092817), np.float64(31.272940955415415), np.float64(39.19857411930779), np.float64(47.15326242885694), np.float64(55.18686497330388), np.float64(63.25325533345031), np.float64(71.41026810708394), np.float64(79.6514070285642), np.float64(87.98789771120161), np.float64(96.4122628338952), np.float64(104.94365912138413), np.float64(113.61981149335836), np.float64(122.36713967711525), np.float64(131.21036118864484), np.float64(140.19837929411324), np.float64(149.2776717456311), np.float64(158.47131580187252), np.float64(167.7978010192999), np.float64(177.22787565947618), np.float64(186.78563036603214), np.float64(196.4469856434224), np.float64(206.1509517243843), np.float64(215.9390162160448), np.float64(225.88252761631392), np.float64(235.82829501363184), np.float64(245.76514811218084), np.float64(255.82096151452822), np.float64(266.00513059371343), np.float64(276.14477525790824), np.float64(286.4704187301406)]"
193,STATE_B_DEFENSE,SPONTANEOUS,0.4958217270194986,-0.0005164744217148182,307.66764765433544,57.789368531410645,"[np.float64(0.000589182509056978), np.float64(0.001957403446348284), np.float64(0.004800624568329462), np.float64(0.007821939695803276), np.float64(0.011607114573055872), np.float64(0.015806527896625785), np.float64(0.021442521766471462), np.float64(0.02813485009832964), np.float64(0.03523202512162595), np.float64(0.04291027630291729), np.float64(0.05172046116440446), np.float64(0.06045476643778786), np.float64(0.06968913816586843), np.float64(0.0803929921202401), np.float64(0.09190548807489762), np.float64(0.10376372006578738), np.float64(0.11535005949682137), np.float64(0.12721361194194497), np.float64(0.14043761890148185), np.float64(0.15323719988702833), np.float64(0.16567655742816662), np.float64(0.17844641266454514), np.float64(0.19178012555019194), np.float64(0.2054775770392369), np.float64(0.219188728468786), np.float64(0.2325861940169182), np.float64(0.24571249429093706), np.float64(0.25773266486651863), np.float64(0.27069126064070836), np.float64(0.28385590645302566), np.float64(0.29599884805261545), np.float64(0.3074445729332462), np.float64(0.31886352015186215), np.float64(0.33005084510595634)]","[np.float64(7.848681286806644), np.float64(15.70809131392579), np.float64(23.59554403345203), np.float64(31.507989191939043), np.float64(39.45887818651334), np.float64(47.44883375361947), np.float64(55.51032868705257), np.float64(63.647861949462815), np.float64(71.8505589430539), np.float64(80.12946916298948), np.float64(88.51393310828556), np.float64(96.96078268690628), np.float64(105.49720105607418), np.float64(114.17938703606212), np.float64(122.98512184372264), np.float64(131.89454451612417), np.float64(140.8715558039627), np.float64(149.9492885858755), np.float64(159.20553428291294), np.float64(168.52258390217648), np.float64(177.90047935408413), np.float64(187.38999190250695), np.float64(197.01291535449238), np.float64(206.7567049366446), np.float64(216.592927038169), np.float64(226.49091679059552), np.float64(236.45116961423489), np.float64(246.38881777708687), np.float64(256.499670568781), np.float64(266.71545918045575), np.float64(276.9062727103121), np.float64(287.09816317425475), np.float64(297.3600766588949), np.float64(307.66764765433544)]"
195,STATE_B_DEFENSE,SPONTANEOUS,0.4954237962594509,-0.007510524781175778,296.7505277768014,54.83727848730453,"[np.float64(0.0005039979997193915), np.float64(0.0015387760207237692), np.float64(0.004194953564415907), np.float64(0.007366337091650582), np.float64(0.011069296990829272), np.float64(0.014951804688659597), np.float64(0.02088406968988774), np.float64(0.028442037142794023), np.float64(0.03644406737222828), np.float64(0.044534051624238805), np.float64(0.053216786872218313), np.float64(0.06217321609369961), np.float64(0.07230968049357872), np.float64(0.0834514529130175), np.float64(0.09533884462470164), np.float64(0.10773747395030091), np.float64(0.1211770764094928), np.float64(0.1338089604579317), np.float64(0.14695710363094056), np.float64(0.1597181944372632), np.float64(0.17286289629607088), np.float64(0.18590060362456465), np.float64(0.1986153972963471), np.float64(0.21101919594588112), np.float64(0.22466828168986522), np.float64(0.23870332326571106), np.float64(0.25197998563705964), np.float64(0.264091998923553), np.float64(0.276535955958125), np.float64(0.28887629885691346), np.float64(0.30066615600240904), np.float64(0.31238427443901606), np.float64(0.3244192424331905)]","[np.float64(7.815814320966965), np.float64(15.6397101116734), np.float64(23.490653085171225), np.float64(31.370289566943175), np.float64(39.28486677799473), np.float64(47.23226577841178), np.float64(55.265114310452944), np.float64(63.39349795458952), np.float64(71.59459943473753), np.float64(79.85941424582923), np.float64(88.20970925257193), np.float64(96.63706652396456), np.float64(105.18850551017651), np.float64(113.86692248323874), np.float64(122.66772841765912), np.float64(131.58404284980443), np.float64(140.65359773862315), np.float64(149.76394335081596), np.float64(158.99812682585073), np.float64(168.29493675580966), np.float64(177.70831036564277), np.float64(187.20250034916782), np.float64(196.75808242231247), np.float64(206.3723808405874), np.float64(216.17927838844517), np.float64(226.11106653743386), np.float64(236.06264907763725), np.float64(245.9870202575545), np.float64(256.02321273413264), np.float64(266.1286878303223), np.float64(276.2545456698427), np.float64(286.4476781839131), np.float64(296.7505277768014)]"
196,STATE_B_DEFENSE,SPONTANEOUS,0.4898527656187823,0.0013200554118773047,296.88724896860714,55.54821487347239,"[np.float64(0.00021183564625484226), np.float64(0.0011775055397422152), np.float64(0.003300512489307291), np.float64(0.00731936843838487), np.float64(0.011089841821191573), np.float64(0.015151616200429695), np.float64(0.021042837016263503), np.float64(0.02838134632066644), np.float64(0.036354082316848474), np.float64(0.04510716987420846), np.float64(0.05393586490979105), np.float64(0.06382202387294586), np.float64(0.07396001287345505), np.float64(0.0848562541398143), np.float64(0.09634899517839707), np.float64(0.10796324685701308), np.float64(0.12122710673708227), np.float64(0.1331499602958634), np.float64(0.14579662305354382), np.float64(0.15876009984422393), np.float64(0.171664790180584), np.float64(0.18454228811149093), np.float64(0.19801269754314083), np.float64(0.21142661941102364), np.float64(0.22457920788376426), np.float64(0.23799118183307233), np.float64(0.25197435359388076), np.float64(0.26519012189434565), np.float64(0.2784028001569753), np.float64(0.2907712585734823), np.float64(0.3036471283345364), np.float64(0.3152146841957398), np.float64(0.3272693741230716)]","[np.float64(7.80987465148982), np.float64(15.627287647463389), np.float64(23.465771674926895), np.float64(31.350296489009565), np.float64(39.26114370596773), np.float64(47.2079100828789), np.float64(55.235474648793016), np.float64(63.35270327403653), np.float64(71.5475323243005), np.float64(79.83227073587399), np.float64(88.18563486069775), np.float64(96.65265835335734), np.float64(105.2047810536608), np.float64(113.87075575087574), np.float64(122.64892311533937), np.float64(131.51664718200414), np.float64(140.5703689070937), np.float64(149.62848128330586), np.float64(158.82009035992115), np.float64(168.12210954866993), np.float64(177.5084587332218), np.float64(186.98037846159602), np.float64(196.58782393277204), np.float64(206.28035340798957), np.float64(216.03868153861853), np.float64(225.9072622552194), np.float64(235.91716966771358), np.float64(245.94273394311372), np.float64(256.0530323267964), np.float64(266.16072252258175), np.float64(276.4011138534055), np.float64(286.5803255570086), np.float64(296.88724896860714)]"
194,STATE_B_DEFENSE,SPONTANEOUS,0.4974134500596896,-0.005843810641733223,307.76071829387763,57.04487913259396,"[np.float64(0.0005527904631978135), np.float64(0.0010962171603255777), np.float64(0.003397799206079964), np.float64(0.006861737037895035), np.float64(0.011316054787846759), np.float64(0.016007049209984983), np.float64(0.022042372089608558), np.float64(0.028163924746189648), np.float64(0.03580376714333758), np.float64(0.04491040691184185), np.float64(0.054532741979862666), np.float64(0.06353846990494537), np.float64(0.07369344445375989), np.float64(0.08357719893846464), np.float64(0.0951698886773644), np.float64(0.10710421497664109), np.float64(0.11789322001472309), np.float64(0.12912821531482882), np.float64(0.1405728324731193), np.float64(0.15305176327241993), np.float64(0.16573650518975125), np.float64(0.17866219777389641), np.float64(0.19119232686667037), np.float64(0.20407129570446148), np.float64(0.21810994945640486), np.float64(0.2312645618294277), np.float64(0.24396762867819533), np.float64(0.2565884224376418), np.float64(0.2683278146188666), np.float64(0.2799819595889156), np.float64(0.2913743755807562), np.float64(0.30321305214984884), np.float64(0.31514748073360416), np.float64(0.32722881393414416)]","[np.float64(7.859254869615844), np.float64(15.722777729087083), np.float64(23.611261757160474), np.float64(31.535976181445797), np.float64(39.507070220371915), np.float64(47.51830929783112), np.float64(55.60244122849753), np.float64(63.73566726552066), np.float64(71.96852826928254), np.float64(80.31578276402193), np.float64(88.75321390269859), np.float64(97.23423841701957), np.float64(105.83879145910281), np.float64(114.50365076774175), np.float64(123.33699851728142), np.float64(132.27434018453673), np.float64(141.2246319393608), np.float64(150.28149409404628), np.float64(159.43236244169591), np.float64(168.7391149521316), np.float64(178.14796353122958), np.float64(187.6630314061116), np.float64(197.23325801365144), np.float64(206.91820982044814), np.float64(216.7926844096741), np.float64(226.67854010593285), np.float64(236.60813521594397), np.float64(246.61297791162295), np.float64(256.6109150529295), np.float64(266.6763781292044), np.float64(276.7892030310679), np.float64(287.0245586870806), np.float64(297.3462992309553), np.float64(307.76071829387763)]"
197,STATE_B_DEFENSE,SPONTANEOUS,0.4950258654994031,-0.004784632444095652,297.1302022280031,56.12167983738495,"[np.float64(-0.00019774218877717607), np.float64(0.0010267284443140887), np.float64(0.004074573917528518), np.float64(0.007645731851335631), np.float64(0.012947540048615966), np.float64(0.019286243325091056), np.float64(0.025585642579241605), np.float64(0.03269300723797982), np.float64(0.04148434179032178), np.float64(0.05062875883733663), np.float64(0.059702828997075165), np.float64(0.0696516985249903), np.float64(0.07989974488505965), np.float64(0.0905083977756681), np.float64(0.10136397177549057), np.float64(0.11206284804408499), np.float64(0.1243935516826535), np.float64(0.1369922997879026), np.float64(0.14974163853315456), np.float64(0.16325308889632975), np.float64(0.1764535716348062), np.float64(0.18982411812633962), np.float64(0.20324159531432517), np.float64(0.2169937153099222), np.float64(0.23052726776402946), np.float64(0.24432869262472479), np.float64(0.25719587473251054), np.float64(0.26986843337856514), np.float64(0.28283687787414874), np.float64(0.2960868173646231), np.float64(0.3086973099360837), np.float64(0.32174808698862634), np.float64(0.33347317267438487)]","[np.float64(7.796465722512566), np.float64(15.602476954739274), np.float64(23.439317226227832), np.float64(31.307950854234406), np.float64(39.23775929201375), np.float64(47.232403839261984), np.float64(55.274487366228605), np.float64(63.38935348438494), np.float64(71.61592392151475), np.float64(79.92181895838105), np.float64(88.29283244819564), np.float64(96.7705380736115), np.float64(105.33574927933024), np.float64(113.99433255586656), np.float64(122.74319085548198), np.float64(131.5604547285912), np.float64(140.55581307906962), np.float64(149.6552594152106), np.float64(158.8526441323006), np.float64(168.1929624855647), np.float64(177.6018184891999), np.float64(187.11335335691777), np.float64(196.71839467257064), np.float64(206.44108203814295), np.float64(216.23517736905995), np.float64(226.1422052800902), np.float64(236.0510600332969), np.float64(246.02436093652057), np.float64(256.10875988414784), np.float64(266.30481485962986), np.float64(276.51711427076634), np.float64(286.8567282987664), np.float64(297.1302022280031)]"
198,STATE_B_DEFENSE,SPONTANEOUS,0.49621965777954635,-0.0006004952474207055,297.2926542593052,55.207569199948324,"[np.float64(0.0009005392045332797), np.float64(0.0032605625865346996), np.float64(0.0058778993760504675), np.float64(0.00947334770465233), np.float64(0.014149230129852941), np.float64(0.01951855570100892), np.float64(0.026201234913798103), np.float64(0.03276829409692467), np.float64(0.040386785643053195), np.float64(0.048970581588660404), np.float64(0.0574344654556203), np.float64(0.06795317486488688), np.float64(0.07760494204108669), np.float64(0.08817839119800772), np.float64(0.10011578638700021), np.float64(0.11227731709345291), np.float64(0.12370604849897678), np.float64(0.1363948010265255), np.float64(0.14955528996479142), np.float64(0.16236353554963184), np.float64(0.17542380907344476), np.float64(0.18810962717616336), np.float64(0.2006684538700623), np.float64(0.2136019189658801), np.float64(0.2269214692127885), np.float64(0.2397168955714027), np.float64(0.2525013660913958), np.float64(0.26556101836808466), np.float64(0.2777516647763429), np.float64(0.28983868181982503), np.float64(0.30227441140742134), np.float64(0.3157771566724888), np.float64(0.32823172218817415)]","[np.float64(7.820396560411276), np.float64(15.659221976923304), np.float64(23.519452200621053), np.float64(31.415265491666922), np.float64(39.35992402099741), np.float64(47.356776400653025), np.float64(55.43035000934805), np.float64(63.55134549076929), np.float64(71.75848111292535), np.float64(80.0598862475242), np.float64(88.42045192898486), np.float64(96.93724351343053), np.float64(105.48882476751962), np.float64(114.1593267471242), np.float64(122.98262875332969), np.float64(131.9045684571102), np.float64(140.8667824834901), np.float64(149.99280904619152), np.float64(159.23988215898447), np.float64(168.55215081645267), np.float64(177.97125004257384), np.float64(187.44948549584183), np.float64(197.0029368640753), np.float64(206.67249546218753), np.float64(216.46201959117712), np.float64(226.2913338910937), np.float64(236.20342065318212), np.float64(246.22542197660624), np.float64(256.2444926458399), np.float64(266.33133604184593), np.float64(276.5325521534078), np.float64(286.9290126563419), np.float64(297.2926542593052)]"
199,STATE_B_DEFENSE,SPONTANEOUS,0.4974134500596896,0.005669054198569472,296.8507381015417,56.302860671150036,"[np.float64(0.00039150138205236445), np.float64(0.002041777060412379), np.float64(0.0041534381769708344), np.float64(0.007567775894446976), np.float64(0.011872973982371327), np.float64(0.01686755864397179), np.float64(0.0231877703508578), np.float64(0.030149302948054155), np.float64(0.037830214712370636), np.float64(0.04599242005824581), np.float64(0.05513492175123953), np.float64(0.06534478929711277), np.float64(0.07633367421902043), np.float64(0.08713394877642448), np.float64(0.09884589582311953), np.float64(0.110919374991218), np.float64(0.12276320741150722), np.float64(0.13494791175289692), np.float64(0.14812425532451873), np.float64(0.16125171533888288), np.float64(0.17385449393649102), np.float64(0.18612341719358239), np.float64(0.19957314327382644), np.float64(0.21281614488881528), np.float64(0.2265216435960209), np.float64(0.24040312349192758), np.float64(0.2541630847989837), np.float64(0.2672419486650756), np.float64(0.27977044370451487), np.float64(0.292207727388169), np.float64(0.3051084284607788), np.float64(0.3188818293577299), np.float64(0.33177770209278157)]","[np.float64(7.796385775081619), np.float64(15.60562740116455), np.float64(23.433093107961373), np.float64(31.297197438961927), np.float64(39.20498808611174), np.float64(47.1619517978276), np.float64(55.19300422747594), np.float64(63.29193845546496), np.float64(71.46838827851123), np.float64(79.72097330080307), np.float64(88.07547769040926), np.float64(96.54608391147586), np.float64(105.12963094612122), np.float64(113.78313312304712), np.float64(122.56542567634705), np.float64(131.45271998522452), np.float64(140.41106429364382), np.float64(149.475079739459), np.float64(158.69248852355778), np.float64(167.9969911563322), np.float64(177.3514533732589), np.float64(186.76519451254515), np.float64(196.35841897157607), np.float64(206.02363723253995), np.float64(215.81714370338716), np.float64(225.71639073577492), np.float64(235.69430803981422), np.float64(245.6948906936091), np.float64(255.72451256250582), np.float64(265.824952671959), np.float64(276.05353612559975), np.float64(286.4581905880873), np.float64(296.8507381015417)]"
