Replicate,Mission,Mode,pH,Radius_nm,N_particles,Delta_f,Ka_Input_mNm,K_Lo_mNm,K_Ld_mNm,K_Int_mNm,Anionic_Fraction,Percolation,Heterogeneity,Ruptured,Rupture_Strain,Rupture_Tension_mNm,f_crit_kJmolnm,Toughness,Strain_Curve,Tension_Curve,U_bond_kJmol,U_bond_per_N,U_LJ_kJmol,U_dh_kJmol
5,STATE_A_RIPENING,SPONTANEOUS,6.8,20.0,2513,0.0625,120.0,300.0,60.0,100.0,0.053322721846398725,0.005571030640668524,-0.0012446623066165701,True,0.3261178850567407,19.89107659382497,2.6875,5.227840039334,"[np.float64(-0.007608652261686033), np.float64(-0.016272423524078088), np.float64(-0.02195789387045266), np.float64(-0.02783647657599385), np.float64(-0.03229686871533522), np.float64(-0.036801921532393596), np.float64(-0.041172361555002604), np.float64(-0.03855498099565898), np.float64(-0.03621148920937025), np.float64(-0.0376724435933959), np.float64(-0.03780786857239474), np.float64(-0.03230187198087104), np.float64(-0.025967998878159485), np.float64(-0.02495965473645077), np.float64(-0.018318950850549194), np.float64(-0.011882765887924565), np.float64(-0.0032224686026753988), np.float64(0.0048397135943095485), np.float64(0.012060812471592674), np.float64(0.02557809965184654), np.float64(0.03354287385815476), np.float64(0.04475407775824711), np.float64(0.054528417679449805), np.float64(0.06301140534099553), np.float64(0.07222555263787235), np.float64(0.08605674005021831), np.float64(0.09581767225049401), np.float64(0.11103286067647121), np.float64(0.12669588088321504), np.float64(0.13943539910231667), np.float64(0.15489640160603185), np.float64(0.16867241156224333), np.float64(0.18237851973537586), np.float64(0.1972591954389242), np.float64(0.2127055636176082), np.float64(0.23173389851188475), np.float64(0.24523491677479237), np.float64(0.2582766782540974), np.float64(0.2755668807643613), np.float64(0.2897964944023914), np.float64(0.30257355595079893), np.float64(0.3137231971612136), np.float64(0.3261178850567407)]","[np.float64(0.5347359909454481), np.float64(1.0741711228552135), np.float64(1.615933107451426), np.float64(2.1610819236095176), np.float64(2.707570860466809), np.float64(3.2566744498284006), np.float64(3.808102839815549), np.float64(4.346189521394622), np.float64(4.883515127195331), np.float64(5.430245186085312), np.float64(5.973690047698333), np.float64(6.498186863762071), np.float64(7.016776440781491), np.float64(7.55262014810674), np.float64(8.06467658548589), np.float64(8.574259946879721), np.float64(9.070489015715149), np.float64(9.56544127684805), np.float64(10.060769445000412), np.float64(10.520261298977339), np.float64(11.003629186149446), np.float64(11.465593589557102), np.float64(11.931075459666888), np.float64(12.400042678088102), np.float64(12.861091633923007), np.float64(13.290092102616532), np.float64(13.73964508621519), np.float64(14.150620357761472), np.float64(14.55377126111355), np.float64(14.971223753597764), np.float64(15.366362707003992), np.float64(15.768285790329857), np.float64(16.166521141204505), np.float64(16.552581187639518), np.float64(16.930557522488428), np.float64(17.279252626914296), np.float64(17.66269539907423), np.float64(18.045811780853853), np.float64(18.394750011354528), np.float64(18.762050281639873), np.float64(19.136549294238918), np.float64(19.519930022337995), np.float64(19.89107659382497)]",13894.424226440839,5.529018792853497,-37.23301923694089,191.57754349708557
7,STATE_A_RIPENING,SPONTANEOUS,6.8,20.0,2513,0.0625,120.0,300.0,60.0,100.0,0.05769996020692399,0.005571030640668524,0.0117096982964073,True,0.3319807566651619,19.915211227270916,2.6875,5.177678483373822,"[np.float64(-0.009356202852376884), np.float64(-0.017673892070505737), np.float64(-0.02197111874365947), np.float64(-0.024789352009204013), np.float64(-0.027257077117586972), np.float64(-0.02957761497745391), np.float64(-0.03023798728301154), np.float64(-0.030653870464473855), np.float64(-0.0292955853753836), np.float64(-0.027204141241500918), np.float64(-0.0221046619869158), np.float64(-0.01802920353174247), np.float64(-0.012742039281604476), np.float64(-0.00868992283978778), np.float64(-0.007101837305584875), np.float64(0.00043455707870427305), np.float64(0.006446190826293672), np.float64(0.012814620344913806), np.float64(0.014985267761905242), np.float64(0.025939453851084076), np.float64(0.03623269140342083), np.float64(0.04857307265174648), np.float64(0.058771752195034), np.float64(0.07146079714467359), np.float64(0.0858536459474955), np.float64(0.09930302910265122), np.float64(0.11347591016639205), np.float64(0.12514045788888992), np.float64(0.13742399965050392), np.float64(0.15252991016319978), np.float64(0.16734534311667199), np.float64(0.18138213936387), np.float64(0.19527812177682333), np.float64(0.2129557100805177), np.float64(0.22509180601101822), np.float64(0.23903839026776474), np.float64(0.25707411340848824), np.float64(0.26911139901029907), np.float64(0.2795366023904124), np.float64(0.2898562557698356), np.float64(0.3023585889846143), np.float64(0.3168788546059744), np.float64(0.3319807566651619)]","[np.float64(0.5370400498041209), np.float64(1.0786178149955847), np.float64(1.6214772196800424), np.float64(2.1650912795628954), np.float64(2.709794775833656), np.float64(3.255639313264202), np.float64(3.7995388783399586), np.float64(4.343261552064011), np.float64(4.8827494954039), np.float64(5.419442092865269), np.float64(5.945822416979948), np.float64(6.472877629302164), np.float64(6.993482087862782), np.float64(7.516033582454763), np.float64(8.046450468935308), np.float64(8.550491449361886), np.float64(9.057723891747893), np.float64(9.560331706721348), np.float64(10.080664671376411), np.float64(10.554424720977662), np.float64(11.026967301630094), np.float64(11.48388321072724), np.float64(11.947914326732217), np.float64(12.39334488882723), np.float64(12.823890424054696), np.float64(13.25501038658314), np.float64(13.676935162832017), np.float64(14.10977529309914), np.float64(14.534571772865602), np.float64(14.936903973412882), np.float64(15.336542166591217), np.float64(15.736937307819256), np.float64(16.13410546367081), np.float64(16.50144142500286), np.float64(16.902430681786313), np.float64(17.287235810964706), np.float64(17.6395182178598), np.float64(18.030142572608757), np.float64(18.4290813390968), np.float64(18.82585766810841), np.float64(19.20365982290407), np.float64(19.563286497008104), np.float64(19.915211227270916)]",13737.213872343837,5.466459957160301,-39.65121722687036,291.6682457923889
6,STATE_A_RIPENING,SPONTANEOUS,6.8,20.0,2513,0.0625,120.0,300.0,60.0,100.0,0.048149621965777954,0.005173099880620772,-0.0038975127848136413,True,0.3317677756047205,19.90704954749159,2.6875,5.227267740398515,"[np.float64(-0.00902187214775866), np.float64(-0.01588316657076201), np.float64(-0.019212316044625217), np.float64(-0.02391274640045557), np.float64(-0.024822393724713315), np.float64(-0.027399320255654065), np.float64(-0.027487380051086426), np.float64(-0.029527620753178736), np.float64(-0.02976518187563977), np.float64(-0.02872020922212874), np.float64(-0.023899847496287176), np.float64(-0.02089669797686919), np.float64(-0.018130512263480558), np.float64(-0.01186723111413039), np.float64(-0.005789796446734618), np.float64(0.0019985270610661486), np.float64(0.008672938326751665), np.float64(0.014936406392252164), np.float64(0.024165453294683777), np.float64(0.035227781251982344), np.float64(0.043942514999709414), np.float64(0.050973961947551646), np.float64(0.06147017396807139), np.float64(0.07102810997463933), np.float64(0.08307385138566178), np.float64(0.09392862304236739), np.float64(0.10589744296931584), np.float64(0.11903928562440468), np.float64(0.13223574284987133), np.float64(0.1437381072876779), np.float64(0.15494833164605032), np.float64(0.16596303994639527), np.float64(0.18024326933868778), np.float64(0.19446832662581293), np.float64(0.2103977709468527), np.float64(0.22492618187355573), np.float64(0.24179698434462965), np.float64(0.25813170955271714), np.float64(0.2752697215980459), np.float64(0.2887277816968873), np.float64(0.30346402346603174), np.float64(0.31835598474797616), np.float64(0.3317677756047205)]","[np.float64(0.5366864842945641), np.float64(1.0771082647898307), np.float64(1.6184021465990397), np.float64(2.1630589899341315), np.float64(2.705084509156589), np.float64(3.250398874253908), np.float64(3.792303702470701), np.float64(4.338614768062903), np.float64(4.881539124579849), np.float64(5.421013847184541), np.float64(5.948372918845494), np.float64(6.479174568918616), np.float64(7.009211471794188), np.float64(7.5244208414226765), np.float64(8.03720126573576), np.float64(8.539631568189073), np.float64(9.04328940898351), np.float64(9.545656063916475), np.float64(10.030468830523851), np.float64(10.501823850354887), np.float64(10.980792761157238), np.float64(11.465140878117317), np.float64(11.926873998051578), np.float64(12.389777291404645), np.float64(12.834048204724793), np.float64(13.281023583633898), np.float64(13.716996572242968), np.float64(14.141258381871358), np.float64(14.560700214967815), np.float64(14.986860056327714), np.float64(15.411081203258426), np.float64(15.832893091356857), np.float64(16.22859292259699), np.float64(16.620507890712027), np.float64(16.99638967765319), np.float64(17.378017688367482), np.float64(17.73899929851482), np.float64(18.09977746784097), np.float64(18.45084564582606), np.float64(18.8248744657013), np.float64(19.18611420195639), np.float64(19.542748173811514), np.float64(19.90704954749159)]",13856.55051028691,5.513947676198532,-38.45537192793563,152.0814779996872
0,STATE_A_RIPENING,SPONTANEOUS,6.8,20.0,2513,0.0625,120.0,300.0,60.0,100.0,0.0477516912057302,0.003581376840429765,-0.006255815473689249,True,0.3268741690614424,20.303620947809094,2.75,5.153108904454619,"[np.float64(-0.010345875825390698), np.float64(-0.01790804903784619), np.float64(-0.025481254926619904), np.float64(-0.032863998113757335), np.float64(-0.03332276721027354), np.float64(-0.03473352335326858), np.float64(-0.03491965628864258), np.float64(-0.03355708907598682), np.float64(-0.0340789925727194), np.float64(-0.030481092501587426), np.float64(-0.02582278148870589), np.float64(-0.02260952928416542), np.float64(-0.016616467084530826), np.float64(-0.009747180868011709), np.float64(-0.0043177574163339415), np.float64(0.0026667767283620734), np.float64(0.01019945264551007), np.float64(0.02079160085277824), np.float64(0.026243852018056492), np.float64(0.03502361897317294), np.float64(0.044201368534011146), np.float64(0.05350896049832546), np.float64(0.0618960332858588), np.float64(0.07362792609628427), np.float64(0.0872058281340012), np.float64(0.09792004917332438), np.float64(0.10800561662022902), np.float64(0.11906616822028773), np.float64(0.13202387824892176), np.float64(0.14373279359426225), np.float64(0.15797531924346983), np.float64(0.1723526614289071), np.float64(0.18625031721303326), np.float64(0.1985813251792206), np.float64(0.21224525139489517), np.float64(0.2230732724198854), np.float64(0.23528406767667895), np.float64(0.24544703277733312), np.float64(0.2606932987609111), np.float64(0.2748205990358846), np.float64(0.28940382808844084), np.float64(0.29934387765931103), np.float64(0.3145080107819486), np.float64(0.3268741690614424)]","[np.float64(0.5343108222934163), np.float64(1.0727279837728165), np.float64(1.6153321846970958), np.float64(2.161981166279275), np.float64(2.703117657195214), np.float64(3.2461107192841445), np.float64(3.787494362551412), np.float64(4.325512533848704), np.float64(4.867516068660101), np.float64(5.398306621255383), np.float64(5.9239228072179575), np.float64(6.451829560348183), np.float64(6.968151375626851), np.float64(7.478089904894014), np.float64(7.990364079871077), np.float64(8.49331752101248), np.float64(8.990442072687749), np.float64(9.469774801992425), np.float64(9.969284890781983), np.float64(10.449380787274205), np.float64(10.923526230581768), np.float64(11.393030344800405), np.float64(11.863764766288712), np.float64(12.311756916714568), np.float64(12.744412296152069), np.float64(13.189358720556454), np.float64(13.63416273621851), np.float64(14.069084510803744), np.float64(14.487915163615943), np.float64(14.9105841512426), np.float64(15.312557498611792), np.float64(15.709289082243727), np.float64(16.1050270751618), np.float64(16.507482815513175), np.float64(16.896956606192827), np.float64(17.30262331370347), np.float64(17.695139641178542), np.float64(18.099086500477462), np.float64(18.46271539497915), np.float64(18.830902959020676), np.float64(19.19221363562467), np.float64(19.584970799529877), np.float64(19.935288598047677), np.float64(20.303620947809094)]",14046.680303821326,5.5896061694474035,-37.78717660391703,129.942307472229
2,STATE_A_RIPENING,SPONTANEOUS,6.8,20.0,2513,0.0625,120.0,300.0,60.0,100.0,0.05133306804615997,0.007560684440907282,0.005545613162854748,True,0.32982175725558094,20.251516567177394,2.75,5.325205259881569,"[np.float64(-0.01105548579914927), np.float64(-0.01934676373897025), np.float64(-0.027852926672177692), np.float64(-0.03027372867562631), np.float64(-0.03341346149223996), np.float64(-0.035977871345648456), np.float64(-0.03497955428452147), np.float64(-0.0357862651410411), np.float64(-0.03460075785760525), np.float64(-0.031232624138828095), np.float64(-0.029270348977669006), np.float64(-0.027218239686283494), np.float64(-0.02233823581676294), np.float64(-0.016967218567623378), np.float64(-0.011451631333175144), np.float64(-0.006258165148553962), np.float64(-0.0014530209005693708), np.float64(0.005109122076261517), np.float64(0.012411234807981062), np.float64(0.022160122946605364), np.float64(0.03251370187981496), np.float64(0.043819098149277154), np.float64(0.0545649355755382), np.float64(0.06415924259995467), np.float64(0.07522466361556954), np.float64(0.08801978780620703), np.float64(0.10145494773428843), np.float64(0.11280666395061308), np.float64(0.1269025497097742), np.float64(0.14012922291144037), np.float64(0.15169064552945025), np.float64(0.16491390095429417), np.float64(0.1792427938526141), np.float64(0.19007805978793302), np.float64(0.20410038451703702), np.float64(0.21734301402500397), np.float64(0.23466390142459662), np.float64(0.24726793035354172), np.float64(0.2598632161015496), np.float64(0.27085716435697504), np.float64(0.28448105093886883), np.float64(0.2984907309332903), np.float64(0.31150953641854107), np.float64(0.32982175725558094)]","[np.float64(0.5337226446704318), np.float64(1.071948337174292), np.float64(1.6149417432937765), np.float64(2.1559416510108322), np.float64(2.6993004388082933), np.float64(3.243465935219064), np.float64(3.7820857813844095), np.float64(4.324191536510137), np.float64(4.8617276332452), np.float64(5.392520933058173), np.float64(5.9257746214029785), np.float64(6.457659306707432), np.float64(6.978315959746947), np.float64(7.494551143070432), np.float64(8.007443617857808), np.float64(8.51892487182951), np.float64(9.029553229398598), np.float64(9.529442415474325), np.float64(10.022515006991135), np.float64(10.499584688184608), np.float64(10.96914999366411), np.float64(11.429090028293096), np.float64(11.887561172076113), np.float64(12.348366851079655), np.float64(12.796523307162202), np.float64(13.22989944195087), np.float64(13.654694478179524), np.float64(14.088013680331086), np.float64(14.499612947842314), np.float64(14.912340387049342), np.float64(15.331878408625272), np.float64(15.736373562311435), np.float64(16.129240460278794), np.float64(16.542181627893047), np.float64(16.929272242829256), np.float64(17.31799496632219), np.float64(17.673759501572317), np.float64(18.059482896630215), np.float64(18.44185067414991), np.float64(18.832727080321117), np.float64(19.20090054141389), np.float64(19.56281985323311), np.float64(19.928945586208084), np.float64(20.251516567177394)]",14304.90776428143,5.692362819053494,-32.865114440675825,188.6863191127777
1,STATE_A_RIPENING,SPONTANEOUS,6.8,20.0,2513,0.0625,120.0,300.0,60.0,100.0,0.05491444488658973,0.006764822920811779,0.006734577431059984,True,0.33300300493271856,20.27050681087481,2.75,5.436035479158693,"[np.float64(-0.009291844098298174), np.float64(-0.014436319332461726), np.float64(-0.020406665327827592), np.float64(-0.026022337349720672), np.float64(-0.029070614243438035), np.float64(-0.03345495632080827), np.float64(-0.03290990777625179), np.float64(-0.03703118318922402), np.float64(-0.03467008281401029), np.float64(-0.032625352649541015), np.float64(-0.031655516177627706), np.float64(-0.029744865123476676), np.float64(-0.02596752802512864), np.float64(-0.020831654052593483), np.float64(-0.014846576317786629), np.float64(-0.007922420919217544), np.float64(-0.0019079967358356469), np.float64(0.005470754000237784), np.float64(0.01314169411096003), np.float64(0.022663127125552417), np.float64(0.030306824772828096), np.float64(0.03973629532638131), np.float64(0.050511994280922984), np.float64(0.06242875270537629), np.float64(0.07173765612204776), np.float64(0.08516182074324476), np.float64(0.09650169538221817), np.float64(0.10898361625903487), np.float64(0.12081603447328505), np.float64(0.13260089128155186), np.float64(0.14368284416940616), np.float64(0.15561723081164985), np.float64(0.16905161829011597), np.float64(0.18426110289845593), np.float64(0.20005915425599036), np.float64(0.21567031302895215), np.float64(0.22774622823737337), np.float64(0.24368655372853265), np.float64(0.25576382532131003), np.float64(0.27270971648612463), np.float64(0.28709459482431954), np.float64(0.3019385121867732), np.float64(0.3171240283174884), np.float64(0.33300300493271856)]","[np.float64(0.5343854511640623), np.float64(1.0715566731554094), np.float64(1.6122256967305482), np.float64(2.155822438400202), np.float64(2.699004922006348), np.float64(3.246143363852788), np.float64(3.786099890401474), np.float64(4.336220617000101), np.float64(4.872278688232788), np.float64(5.407918578767521), np.float64(5.945730752397648), np.float64(6.479862136878791), np.float64(7.00622579445761), np.float64(7.525352502130226), np.float64(8.038348269713513), np.float64(8.544264030810808), np.float64(9.050886698627135), np.float64(9.548063059916476), np.float64(10.040284098490101), np.float64(10.519405387887982), np.float64(11.004327358690462), np.float64(11.475948045931943), np.float64(11.93589042766333), np.float64(12.384795187556035), np.float64(12.844679094870637), np.float64(13.275582627995325), np.float64(13.714709259539966), np.float64(14.142394942737331), np.float64(14.569958849095348), np.float64(14.9937512025806), np.float64(15.418296232135788), np.float64(15.833264573904177), np.float64(16.233964469760966), np.float64(16.61815018111957), np.float64(16.993945151558425), np.float64(17.366891462516485), np.float64(17.761306742299727), np.float64(18.12406546093175), np.float64(18.51135109252236), np.float64(18.859180034199372), np.float64(19.222333969496248), np.float64(19.578596157313918), np.float64(19.928867247464336), np.float64(20.27050681087481)]",14101.296994602439,5.611339830721225,-36.46531314495951,210.15532553195953
4,STATE_A_RIPENING,SPONTANEOUS,6.8,20.0,2513,0.0625,120.0,300.0,60.0,100.0,0.0469558296856347,0.005571030640668524,0.007962877553479925,True,0.33898383616193023,20.279125828740863,2.75,5.498199289140655,"[np.float64(-0.008279010166945776), np.float64(-0.011623446875726843), np.float64(-0.01915180794408204), np.float64(-0.027705936006287797), np.float64(-0.03349804036195054), np.float64(-0.03683066943040616), np.float64(-0.03701732052439057), np.float64(-0.03683257311367573), np.float64(-0.03487241846117229), np.float64(-0.034672977561187035), np.float64(-0.03302684762124165), np.float64(-0.030382283633242052), np.float64(-0.024262350343867253), np.float64(-0.020428283334272358), np.float64(-0.013852811029548015), np.float64(-0.007781598423875347), np.float64(-0.0026066787504938644), np.float64(0.004338288609138239), np.float64(0.012811599743514555), np.float64(0.023076944980279394), np.float64(0.0323023307398713), np.float64(0.045531309687121733), np.float64(0.05822183462197781), np.float64(0.06959916916423109), np.float64(0.081671821347245), np.float64(0.09106893847334689), np.float64(0.10288948770747708), np.float64(0.11490986327553489), np.float64(0.12639562608686872), np.float64(0.1393042626033691), np.float64(0.15059859291811423), np.float64(0.1637161788695484), np.float64(0.17821404421944587), np.float64(0.19581068842077454), np.float64(0.20965065760223123), np.float64(0.22143816702425384), np.float64(0.2369239437441198), np.float64(0.25073860873764514), np.float64(0.2623025069853487), np.float64(0.2753096896502211), np.float64(0.29302131602568526), np.float64(0.3092779537187912), np.float64(0.3223545521154677), np.float64(0.33898383616193023)]","[np.float64(0.5355369835297692), np.float64(1.0728845694642188), np.float64(1.6154911284671785), np.float64(2.1634426883538036), np.float64(2.7123945028080314), np.float64(3.2604995785873307), np.float64(3.8042848061110908), np.float64(4.34733706766056), np.float64(4.885785165262317), np.float64(5.4280893628970315), np.float64(5.965813845159751), np.float64(6.49927922378617), np.float64(7.018770490667423), np.float64(7.543868991463034), np.float64(8.0557245726765), np.float64(8.566443695056186), np.float64(9.07820350710569), np.float64(9.578923743116164), np.float64(10.068702020461117), np.float64(10.54532738884729), np.float64(11.023006447436757), np.float64(11.474621795515523), np.float64(11.924047504374773), np.float64(12.37613203252121), np.float64(12.819658943861397), np.float64(13.274906552474816), np.float64(13.711405859188652), np.float64(14.142375793877589), np.float64(14.572589820824275), np.float64(14.989447115941287), np.float64(15.412887028796382), np.float64(15.82015239921806), np.float64(16.21384671627057), np.float64(16.58180952986149), np.float64(16.971580251402205), np.float64(17.372046298970442), np.float64(17.742484989913958), np.float64(18.121099256447337), np.float64(18.512586693138687), np.float64(18.89019244163755), np.float64(19.22937793370693), np.float64(19.57571274413626), np.float64(19.94245950884212), np.float64(20.279125828740863)]",14054.501405206634,5.59271842626607,-34.920370302628726,116.30808138847351
8,STATE_A_RIPENING,SPONTANEOUS,6.8,20.0,2513,0.0625,120.0,300.0,60.0,100.0,0.04417031436530044,0.003581376840429765,-0.015043251350351452,True,0.3363185011242079,20.2671256940447,2.75,5.4503214759101075,"[np.float64(-0.006067596124604988), np.float64(-0.013186260260158957), np.float64(-0.0205442947018189), np.float64(-0.02543891509108683), np.float64(-0.03010550337208465), np.float64(-0.033139703612939345), np.float64(-0.036670527779294755), np.float64(-0.03826025678124132), np.float64(-0.03979837889221893), np.float64(-0.03896107523081363), np.float64(-0.037094949980803156), np.float64(-0.037021290048393767), np.float64(-0.035230409290823564), np.float64(-0.02955350574742896), np.float64(-0.02275576549336159), np.float64(-0.0171481301514319), np.float64(-0.008646359032838053), np.float64(0.002772011779878092), np.float64(0.01525451333404521), np.float64(0.023835783723284043), np.float64(0.03417179690916341), np.float64(0.04494881053175985), np.float64(0.060424886556231586), np.float64(0.07197196398118923), np.float64(0.08255161438150962), np.float64(0.09394754908858709), np.float64(0.10831340117224804), np.float64(0.12027716597033511), np.float64(0.1299801268820765), np.float64(0.14070261692169433), np.float64(0.15366524295902412), np.float64(0.16809312667797438), np.float64(0.18325831721177258), np.float64(0.1976766517021668), np.float64(0.21049016049288305), np.float64(0.2208900037847121), np.float64(0.23321083367571913), np.float64(0.2485396711496662), np.float64(0.26120373531681745), np.float64(0.2744951918226077), np.float64(0.2913489468396912), np.float64(0.30914162624253544), np.float64(0.32107691975973474), np.float64(0.3363185011242079)]","[np.float64(0.5340919722222618), np.float64(1.0720298467586284), np.float64(1.6140735829433344), np.float64(2.1574956739082163), np.float64(2.7033497189254714), np.float64(3.249105865466123), np.float64(3.7975639096567018), np.float64(4.343658568435729), np.float64(4.890528195085403), np.float64(5.431552553694818), np.float64(5.9689154620684555), np.float64(6.511295095953331), np.float64(7.0473529763332), np.float64(7.567226145460525), np.float64(8.079494239893325), np.float64(8.593506772859559), np.float64(9.091364984889317), np.float64(9.571188690699097), np.float64(10.040621863985283), np.float64(10.524690140307838), np.float64(10.995561826016557), np.float64(11.459604991056276), np.float64(11.892751801291322), np.float64(12.342808849316235), np.float64(12.79411286891415), np.float64(13.23639056037473), np.float64(13.656108131442624), np.float64(14.086067473200734), np.float64(14.526368940574955), np.float64(14.95648400394827), np.float64(15.367961525378634), np.float64(15.765426318108245), np.float64(16.153574240678193), np.float64(16.542593595096733), np.float64(16.938770644380224), np.float64(17.348371230751656), np.float64(17.740977024434716), np.float64(18.108267382733622), np.float64(18.49125798979096), np.float64(18.866240470441024), np.float64(19.21128989268241), np.float64(19.545664927666884), np.float64(19.92043776231127), np.float64(20.2671256940447)]",14248.393718808125,5.669874141984929,-38.60830350359902,136.96356916427612
9,STATE_A_RIPENING,SPONTANEOUS,6.8,20.0,2513,0.0625,120.0,300.0,60.0,100.0,0.04536410664544369,0.003979307600477517,0.003251171855037481,True,0.3309845343329346,20.249918096405175,2.75,5.310562139502789,"[np.float64(-0.00494186657157118), np.float64(-0.013141464931147009), np.float64(-0.017883954445558986), np.float64(-0.024743662938288787), np.float64(-0.0286408868441065), np.float64(-0.03159654902383155), np.float64(-0.03337770464260809), np.float64(-0.03258714709652747), np.float64(-0.029926069570124933), np.float64(-0.03098349456209766), np.float64(-0.030691134316468263), np.float64(-0.027136125760395566), np.float64(-0.02401787292923303), np.float64(-0.017939502635207487), np.float64(-0.010383855034826736), np.float64(-0.0059530685422123295), np.float64(-0.0028091633197234542), np.float64(0.003778356234537233), np.float64(0.01457003159125003), np.float64(0.022418078634715014), np.float64(0.03300086673815356), np.float64(0.044306677984319344), np.float64(0.05652588271748392), np.float64(0.0666937970000865), np.float64(0.08029670997441368), np.float64(0.0930661256868552), np.float64(0.10569645755629292), np.float64(0.11455974310993434), np.float64(0.12597586973662805), np.float64(0.13758626178562774), np.float64(0.14832174329303885), np.float64(0.16377914791187326), np.float64(0.17952841586023457), np.float64(0.19262631020661752), np.float64(0.20671416682388363), np.float64(0.21862100953507743), np.float64(0.2322152463194512), np.float64(0.24880037543540198), np.float64(0.2592996831315089), np.float64(0.2732437765212505), np.float64(0.28805972742690555), np.float64(0.29974348200387085), np.float64(0.3151209150684757), np.float64(0.3309845343329346)]","[np.float64(0.532271082350437), np.float64(1.0689555437918274), np.float64(1.607300021591364), np.float64(2.150590385541081), np.float64(2.693625370465226), np.float64(3.2372794115708454), np.float64(3.780304080533942), np.float64(4.318581893152639), np.float64(4.851736339122723), np.float64(5.393758678062212), np.float64(5.932239710614372), np.float64(6.459699369851893), np.float64(6.986819425819215), np.float64(7.500945562710781), np.float64(8.005988688460175), np.float64(8.52066787174375), np.float64(9.038927040528417), np.float64(9.539172242792976), np.float64(10.015431962867227), np.float64(10.502019845728665), np.float64(10.970490630262416), np.float64(11.430513799707857), np.float64(11.880777556209528), np.float64(12.338104832658884), np.float64(12.771019882005243), np.float64(13.204052097869937), np.float64(13.633360042813468), np.float64(14.08197127426917), np.float64(14.510773233371374), np.float64(14.934345161299579), np.float64(15.359850858788743), np.float64(15.749682081497452), np.float64(16.13306319560957), np.float64(16.530417525432842), np.float64(16.916983967730513), np.float64(17.31511057025642), np.float64(17.69764723454583), np.float64(18.054862501832705), np.float64(18.45258264245035), np.float64(18.821806719962392), np.float64(19.18107550486834), np.float64(19.56039251114298), np.float64(19.90869128882098), np.float64(20.249918096405175)]",14359.476066058052,5.71407722485398,-34.545267360284925,139.24091601371765
3,STATE_A_RIPENING,SPONTANEOUS,6.8,20.0,2513,0.0625,120.0,300.0,60.0,100.0,0.048547552725825706,0.008754476721050538,-1.944793491126855e-06,True,0.33586357859387533,20.304697001050947,2.75,5.492543415905417,"[np.float64(-0.009775174051603493), np.float64(-0.018817990284427336), np.float64(-0.026214591980498872), np.float64(-0.029210317912568007), np.float64(-0.03175721498120724), np.float64(-0.03425845043843788), np.float64(-0.031394982412646336), np.float64(-0.03576518676756414), np.float64(-0.03422058220064974), np.float64(-0.03379018261609371), np.float64(-0.03157215353873617), np.float64(-0.028554044718510214), np.float64(-0.026842541658584178), np.float64(-0.02648725274071172), np.float64(-0.022856448578767192), np.float64(-0.015086554661479996), np.float64(-0.004601280455267491), np.float64(2.634244280578565e-05), np.float64(0.006456279812440607), np.float64(0.01603682793620941), np.float64(0.027661340013232758), np.float64(0.03826083310233197), np.float64(0.04786252564774534), np.float64(0.05959115016456363), np.float64(0.0714166040030614), np.float64(0.08320531273254889), np.float64(0.09791724616942397), np.float64(0.11058135802539878), np.float64(0.12622675924066634), np.float64(0.13863160404119124), np.float64(0.1508109230006363), np.float64(0.16498699459280503), np.float64(0.18000499593490873), np.float64(0.1923457363206987), np.float64(0.20574683002354666), np.float64(0.22032573814721715), np.float64(0.23563694586811745), np.float64(0.2520573989103815), np.float64(0.26649742393513154), np.float64(0.27894501892842305), np.float64(0.29387823796705387), np.float64(0.3066258584747203), np.float64(0.32110448521687185), np.float64(0.33586357859387533)]","[np.float64(0.5359916031074595), np.float64(1.0769117079520536), np.float64(1.621490896318722), np.float64(2.1653210936327723), np.float64(2.7102088606930224), np.float64(3.256459514754421), np.float64(3.7935828562988934), np.float64(4.345337109672216), np.float64(4.884593506791886), np.float64(5.4261171788097675), np.float64(5.961889769059313), np.float64(6.493768693132584), np.float64(7.028727168545362), np.float64(7.568017116015016), np.float64(8.09351107129949), np.float64(8.598958258709509), np.float64(9.088145548260641), np.float64(9.600451903149665), np.float64(10.101387587103417), np.float64(10.582789601159153), np.float64(11.048903397563867), np.float64(11.515805906742472), np.float64(11.98396612341372), np.float64(12.435606515639236), np.float64(12.882071747686323), np.float64(13.32425232614939), np.float64(13.743705858114184), np.float64(14.171236076681707), np.float64(14.57504714161303), np.float64(14.995278252552652), np.float64(15.412908399712554), np.float64(15.813002186354458), np.float64(16.203055070754978), np.float64(16.607440560253803), np.float64(17.00062434902111), np.float64(17.38159019652386), np.float64(17.75338505425523), np.float64(18.11324945897038), np.float64(18.483633256250435), np.float64(18.865092766918664), np.float64(19.224809441751177), np.float64(19.597404521630224), np.float64(19.953760872402825), np.float64(20.304697001050947)]",13947.256892076968,5.550042535645431,-37.08562174392864,153.846555352211
13,STATE_B_DEFENSE,SPONTANEOUS,6.8,20.0,2513,0.0625,690.0,720.0,210.0,325.16129032258067,0.3971348985276562,0.4982093115797851,-0.013095857474010581,True,0.3252858244078381,54.339423571349904,7.375,9.683142251707132,"[np.float64(-0.006378848224072029), np.float64(-0.010707727597460477), np.float64(-0.007836058976308114), np.float64(-0.0069542471322302625), np.float64(-0.009102751087492648), np.float64(-0.0070638375451612286), np.float64(-0.004187247659383253), np.float64(-0.0032936026703004576), np.float64(-0.00022722796674331595), np.float64(0.0031504854011218495), np.float64(0.0052644350294614815), np.float64(0.01221280366834683), np.float64(0.016257416855902967), np.float64(0.01917400451222728), np.float64(0.022458091493550127), np.float64(0.0263642609720394), np.float64(0.030760553437758503), np.float64(0.03609210443036454), np.float64(0.03997515078085263), np.float64(0.042482861003003025), np.float64(0.0446481358423359), np.float64(0.050512848451434965), np.float64(0.05346842610214516), np.float64(0.05716314657597002), np.float64(0.05878365756552314), np.float64(0.06234774774666677), np.float64(0.06617485646512274), np.float64(0.0688245710853251), np.float64(0.07292775302564715), np.float64(0.07596719067044894), np.float64(0.07977961540144585), np.float64(0.084446234414145), np.float64(0.08791062786280161), np.float64(0.09278744084696001), np.float64(0.09851815955051695), np.float64(0.09688336427431758), np.float64(0.10110559943441487), np.float64(0.10350071867434014), np.float64(0.10780291955852714), np.float64(0.111419704701563), np.float64(0.11548094050679981), np.float64(0.11794970049342585), np.float64(0.1201159975290408), np.float64(0.12574955466825888), np.float64(0.12807094224922902), np.float64(0.12956468433946322), np.float64(0.13175283600404075), np.float64(0.1326744783120849), np.float64(0.13540729533119447), np.float64(0.13733611453949346), np.float64(0.13975570117894706), np.float64(0.14445821607494433), np.float64(0.14579868252482184), np.float64(0.14950464731600796), np.float64(0.15056192766059193), np.float64(0.15252087084348442), np.float64(0.15598507933488043), np.float64(0.1580088441272806), np.float64(0.15949075976937852), np.float64(0.16138676752902073), np.float64(0.16182434732300272), np.float64(0.16397067667752482), np.float64(0.16688879321757627), np.float64(0.17327407790893296), np.float64(0.17476915403914345), np.float64(0.17513325688965933), np.float64(0.18144444706520851), np.float64(0.18253254577060526), np.float64(0.18780557676996543), np.float64(0.18958496121748636), np.float64(0.19353031092597986), np.float64(0.19434573812838696), np.float64(0.198218941267951), np.float64(0.20117655423618286), np.float64(0.20538652613023636), np.float64(0.20557700289445294), np.float64(0.20895878997611023), np.float64(0.21270646595957854), np.float64(0.21463691616792058), np.float64(0.21615313702179798), np.float64(0.21682459032454918), np.float64(0.2190697992332472), np.float64(0.22041343152107432), np.float64(0.2238961237880823), np.float64(0.22645594019931747), np.float64(0.23009440730463282), np.float64(0.23413811636789317), np.float64(0.23495653828275231), np.float64(0.23818420798843987), np.float64(0.23944648797065327), np.float64(0.24219815906956418), np.float64(0.24115346277257427), np.float64(0.2449011125982891), np.float64(0.25006911120919983), np.float64(0.2505629256220365), np.float64(0.2521422836893962), np.float64(0.2552854813756546), np.float64(0.26196619064151694), np.float64(0.2641426453756945), np.float64(0.26707403930440726), np.float64(0.268197303182555), np.float64(0.2694776209401542), np.float64(0.2739044191087792), np.float64(0.27934521551709324), np.float64(0.27815410575323424), np.float64(0.281976399566881), np.float64(0.28351547562163293), np.float64(0.28796355465350004), np.float64(0.2926304161668913), np.float64(0.2925725511615225), np.float64(0.29451134873402407), np.float64(0.29890556671880597), np.float64(0.30140202592093424), np.float64(0.30594995229173344), np.float64(0.3112829026340877), np.float64(0.31636159499633815), np.float64(0.31990284413401987), np.float64(0.3252858244078381)]","[np.float64(0.5318355723314542), np.float64(1.065995775197313), np.float64(1.5966779631886705), np.float64(2.1279585213388343), np.float64(2.662830294428435), np.float64(3.192113924312923), np.float64(3.7187500971501812), np.float64(4.248094412915103), np.float64(4.771771655767457), np.float64(5.2930348366495075), np.float64(5.816213261603991), np.float64(6.323144824886684), np.float64(6.836428631786129), np.float64(7.351765788942796), np.float64(7.864231640544676), np.float64(8.372535898057276), np.float64(8.876828359622234), np.float64(9.374780741637137), np.float64(9.877110579190463), np.float64(10.38444594498215), np.float64(10.892362193624326), np.float64(11.37914922504024), np.float64(11.879683501329383), np.float64(12.3745105545509), np.float64(12.88024696367345), np.float64(13.372967630583274), np.float64(13.862365395366666), np.float64(14.357955828573141), np.float64(14.84227775047083), np.float64(15.332378666646852), np.float64(15.815463631329907), np.float64(16.29047553427186), np.float64(16.772782925142263), np.float64(17.242445647293053), np.float64(17.703218116412074), np.float64(18.222588663644625), np.float64(18.69282906662538), np.float64(19.17719492483614), np.float64(19.643603095690093), np.float64(20.11447683705845), np.float64(20.57977279742034), np.float64(21.05842830957754), np.float64(21.538961094811018), np.float64(21.984651254604803), np.float64(22.461155976197375), np.float64(22.94510634931624), np.float64(23.421238598572575), np.float64(23.909829327016965), np.float64(24.378559270792827), np.float64(24.854978145779807), np.float64(25.32515345706491), np.float64(25.768620473166457), np.float64(26.248803183463394), np.float64(26.700917831388228), np.float64(27.18288114122768), np.float64(27.653583902423076), np.float64(28.105190774239762), np.float64(28.573263853259867), np.float64(29.047326197172918), np.float64(29.515531610547644), np.float64(30.00180572651616), np.float64(30.465510926512074), np.float64(30.91815792608161), np.float64(31.32333767808744), np.float64(31.792515043435273), np.float64(32.27662920783767), np.float64(32.67803594656773), np.float64(33.15050569492397), np.float64(33.563265385742355), np.float64(34.02421418219647), np.float64(34.453188358108854), np.float64(34.92651556486509), np.float64(35.354326309321195), np.float64(35.79448288098578), np.float64(36.214783502487435), np.float64(36.69474812086841), np.float64(37.12553943914038), np.float64(37.549534053463404), np.float64(38.00070459893122), np.float64(38.45773043454404), np.float64(38.927707311685694), np.float64(39.37198965986275), np.float64(39.830191933333225), np.float64(40.25268016943064), np.float64(40.68934945573945), np.float64(41.1071175988804), np.float64(41.51692370331723), np.float64(41.98021238610452), np.float64(42.40188584566435), np.float64(42.85647185240128), np.float64(43.284633823009045), np.float64(43.77870209086005), np.float64(44.18789538919482), np.float64(44.57061613775474), np.float64(45.03587725257744), np.float64(45.481228655680496), np.float64(45.89742042343137), np.float64(46.247686447777745), np.float64(46.679366084141066), np.float64(47.09630113797629), np.float64(47.54619391611845), np.float64(47.99272871939761), np.float64(48.37896787304604), np.float64(48.74468416960814), np.float64(49.23630865243738), np.float64(49.63107092279839), np.float64(50.06924228780601), np.float64(50.449836680395656), np.float64(50.824967393095434), np.float64(51.292399570632384), np.float64(51.7199199321325), np.float64(52.097517571354004), np.float64(52.51223469869831), np.float64(52.884619084212595), np.float64(53.23992527025763), np.float64(53.59918471524743), np.float64(53.98867580908511), np.float64(54.339423571349904)]",32026.72884191516,12.74442054990655,-87.56685176678002,16828.291194200516
14,STATE_B_DEFENSE,SPONTANEOUS,6.8,20.0,2513,0.0625,690.0,720.0,210.0,325.16129032258067,0.4027059291683247,0.4950258654994031,0.006561339900457611,True,0.3234939551131937,54.499366019074984,7.375,9.373285193119598,"[np.float64(-0.003393863610664293), np.float64(-0.005508204870139769), np.float64(-0.004471005884182101), np.float64(-0.003458924339193224), np.float64(-0.005899652319993339), np.float64(-0.007478191381310285), np.float64(-0.0011240162651282633), np.float64(0.0013408085926098579), np.float64(0.005618229550138959), np.float64(0.009125015742522105), np.float64(0.010865865609690462), np.float64(0.012014646500273419), np.float64(0.01786085480324804), np.float64(0.02034032480517679), np.float64(0.026027215723476434), np.float64(0.03226047849154206), np.float64(0.036977342677336704), np.float64(0.04105857867303196), np.float64(0.04804621963386898), np.float64(0.05224165461137596), np.float64(0.05345699146221631), np.float64(0.05721993747674818), np.float64(0.06120885681735329), np.float64(0.06456074722293433), np.float64(0.06792629115822811), np.float64(0.0698494952317209), np.float64(0.07007113817915021), np.float64(0.07204499667135665), np.float64(0.07707840923540002), np.float64(0.08256025100390808), np.float64(0.08632225943167728), np.float64(0.09060482788160933), np.float64(0.09004250417615045), np.float64(0.09614758617680212), np.float64(0.10103346403812562), np.float64(0.10413198866762749), np.float64(0.10830974585630539), np.float64(0.11089872930690403), np.float64(0.11452111043091553), np.float64(0.11702901813002849), np.float64(0.12067508714259506), np.float64(0.12045722530075083), np.float64(0.12302430730069436), np.float64(0.12539685106781603), np.float64(0.1260894554074889), np.float64(0.1265538670352911), np.float64(0.1295469775325913), np.float64(0.13618223805382257), np.float64(0.13659026936617738), np.float64(0.1402277384504946), np.float64(0.14422626514622183), np.float64(0.14903154114395278), np.float64(0.15002873895444718), np.float64(0.15286957724468206), np.float64(0.15719921000762307), np.float64(0.15760939169248928), np.float64(0.1602150249145357), np.float64(0.1644152272342745), np.float64(0.1676343134068212), np.float64(0.16988662292243817), np.float64(0.17238029608407496), np.float64(0.1743496330324196), np.float64(0.17731391688074957), np.float64(0.18018562444884723), np.float64(0.18260027575313892), np.float64(0.18428670360855676), np.float64(0.18808764218420912), np.float64(0.1900193298112419), np.float64(0.19151539826442415), np.float64(0.19340041207141379), np.float64(0.19883044676616968), np.float64(0.20058854036682988), np.float64(0.20446268799840853), np.float64(0.20618212792791513), np.float64(0.2042502822697893), np.float64(0.210403203845988), np.float64(0.21135350050525833), np.float64(0.21439191989895917), np.float64(0.21557194935590102), np.float64(0.2188268584889416), np.float64(0.21981038199679745), np.float64(0.22097062815717794), np.float64(0.22303089489930653), np.float64(0.22218522010435918), np.float64(0.22960672684151404), np.float64(0.23231514341400747), np.float64(0.23569641024046803), np.float64(0.2383740473081619), np.float64(0.23998775876394876), np.float64(0.24386915523492272), np.float64(0.24853120810818305), np.float64(0.24968735289079155), np.float64(0.25115157230164503), np.float64(0.2537878596259111), np.float64(0.25610723402194796), np.float64(0.255383641633481), np.float64(0.2582501208573554), np.float64(0.2605951109469849), np.float64(0.2626902352291211), np.float64(0.26512834598354734), np.float64(0.26826671533627783), np.float64(0.27205484010695113), np.float64(0.2769021130724634), np.float64(0.2764811276457853), np.float64(0.28000072656122205), np.float64(0.28226962248463044), np.float64(0.2876554648664988), np.float64(0.2903248669619561), np.float64(0.29511759986733366), np.float64(0.29809762541820933), np.float64(0.3010523062036908), np.float64(0.30147314598994357), np.float64(0.3055001613046573), np.float64(0.30886510518211285), np.float64(0.3117367706699602), np.float64(0.3160319271909892), np.float64(0.31685714225458017), np.float64(0.3234939551131937)]","[np.float64(0.5322413910559107), np.float64(1.065613754172933), np.float64(1.5975877512974066), np.float64(2.129035059497513), np.float64(2.6645588429633325), np.float64(3.200012282150931), np.float64(3.721454198222282), np.float64(4.247852743956376), np.float64(4.768660063773928), np.float64(5.289296805135466), np.float64(5.813214434276132), np.float64(6.338088091503282), np.float64(6.846515095411798), np.float64(7.364206096627034), np.float64(7.86832414054094), np.float64(8.367500684730665), np.float64(8.870226540988197), np.float64(9.37357687395668), np.float64(9.861291733342613), np.float64(10.359592549442436), np.float64(10.871295827019997), np.float64(11.368690212264427), np.float64(11.86309004914808), np.float64(12.359373059337505), np.float64(12.854044331551542), np.float64(13.356185090090248), np.float64(13.868448013404157), np.float64(14.368847918042084), np.float64(14.847206939221476), np.float64(15.32024252111821), np.float64(15.803481722739702), np.float64(16.281210612624495), np.float64(16.794328640923965), np.float64(17.25499449560245), np.float64(17.723039642624116), np.float64(18.203815641598954), np.float64(18.674181345288545), np.float64(19.156527419545696), np.float64(19.628670354417327), np.float64(20.109357159141705), np.float64(20.57853348789932), np.float64(21.08249828176292), np.float64(21.55977882847819), np.float64(22.037902261578463), np.float64(22.53183134698974), np.float64(23.02779074314733), np.float64(23.497201056549343), np.float64(23.92696771029294), np.float64(24.421061492471445), np.float64(24.87967066973465), np.float64(25.33288454254666), np.float64(25.775541179602726), np.float64(26.259832214089144), np.float64(26.722315938139964), np.float64(27.166209728611257), np.float64(27.65523990048404), np.float64(28.117456826642503), np.float64(28.559097522054348), np.float64(29.01142164434857), np.float64(29.4747266974273), np.float64(29.934086107374398), np.float64(30.399287538044568), np.float64(30.850686640337596), np.float64(31.3022270884435), np.float64(31.75885179664021), np.float64(32.22448110397767), np.float64(32.66036149655825), np.float64(33.12091520153654), np.float64(33.58688173794264), np.float64(34.046727301113485), np.float64(34.45481247685696), np.float64(34.91449972068784), np.float64(35.342446449048325), np.float64(35.80104463689747), np.float64(36.313934756416295), np.float64(36.70447224588968), np.float64(37.17283635438013), np.float64(37.608463636445315), np.float64(38.07213049768954), np.float64(38.50254197490412), np.float64(38.96810440526405), np.float64(39.43044405755187), np.float64(39.877672505472106), np.float64(40.372086610782056), np.float64(40.7292332633121), np.float64(41.16309131833374), np.float64(41.58472023426393), np.float64(42.01720650581482), np.float64(42.46701462218008), np.float64(42.87711777341412), np.float64(43.27251280284694), np.float64(43.72779355243187), np.float64(44.17722270069914), np.float64(44.60527769158932), np.float64(45.03816326059575), np.float64(45.52536373563658), np.float64(45.94715947991676), np.float64(46.37764484149412), np.float64(46.81200121010056), np.float64(47.239264886399475), np.float64(47.65258890681039), np.float64(48.05268709594492), np.float64(48.43160324304167), np.float64(48.90987626482754), np.float64(49.31222685358014), np.float64(49.73780465863503), np.float64(50.1019194005107), np.float64(50.51782521141002), np.float64(50.89115638055127), np.float64(51.29906285588056), np.float64(51.706605109844766), np.float64(52.16399455216445), np.float64(52.548509553525435), np.float64(52.94535085331634), np.float64(53.35128914341335), np.float64(53.72732279700392), np.float64(54.17350734240177), np.float64(54.499366019074984)]",32417.25207293519,12.899821756042654,-85.11485545663163,17782.841328263283
10,STATE_B_DEFENSE,SPONTANEOUS,6.8,20.0,2513,0.0625,690.0,720.0,210.0,325.16129032258067,0.41384799044966175,0.49781138081973736,-0.015331191184538536,True,0.32491080064419275,54.830795947726315,7.4375,9.521362346778172,"[np.float64(-0.0035134773282450476), np.float64(-0.008909030664285479), np.float64(-0.008688940558712296), np.float64(-0.008845622291231942), np.float64(-0.010074389836097014), np.float64(-0.006864821109429051), np.float64(-0.0038767660697867014), np.float64(-0.0009666932251608759), np.float64(0.0033801339094863816), np.float64(0.007122466145047198), np.float64(0.011093728314798598), np.float64(0.012730854063854437), np.float64(0.01565656040857694), np.float64(0.017861743045681135), np.float64(0.021518410846577286), np.float64(0.027410299350861676), np.float64(0.0341667748176939), np.float64(0.038353885919913094), np.float64(0.041088988111440905), np.float64(0.04884236321669074), np.float64(0.05342334594781911), np.float64(0.05810726826724177), np.float64(0.060800006044576735), np.float64(0.0631017037108152), np.float64(0.06759877096821784), np.float64(0.07016372425018601), np.float64(0.07446655105798868), np.float64(0.07995885688447053), np.float64(0.08350309657858361), np.float64(0.08562085856984543), np.float64(0.08428039114538519), np.float64(0.08886494533670833), np.float64(0.09407095329899712), np.float64(0.0959635448352059), np.float64(0.09757677984719848), np.float64(0.10029104004555886), np.float64(0.10459800658253349), np.float64(0.10688493057744189), np.float64(0.11071767510307888), np.float64(0.11458869956148102), np.float64(0.11819376813000965), np.float64(0.12023123354183614), np.float64(0.1226738398740353), np.float64(0.1258694080596589), np.float64(0.12868599011913523), np.float64(0.13092216020921563), np.float64(0.13314242637538853), np.float64(0.13613928725859886), np.float64(0.1364497485395811), np.float64(0.13952086055603946), np.float64(0.14297389207095773), np.float64(0.14733584804854766), np.float64(0.15108383550528628), np.float64(0.15537385784266283), np.float64(0.15669568256047745), np.float64(0.157340167158183), np.float64(0.15837778789536355), np.float64(0.1611798916730149), np.float64(0.1631557947964691), np.float64(0.16600726821320216), np.float64(0.16707055666322426), np.float64(0.17145196871619411), np.float64(0.17694277090423233), np.float64(0.17905221361992282), np.float64(0.18016421731891186), np.float64(0.18530787424758258), np.float64(0.18864094651319815), np.float64(0.19031972533843258), np.float64(0.18951653303438468), np.float64(0.18980945582522252), np.float64(0.19070306373463114), np.float64(0.19410722266622846), np.float64(0.19687308800393194), np.float64(0.20184236524777704), np.float64(0.20546491041757398), np.float64(0.2057915493967843), np.float64(0.20708973372277714), np.float64(0.20841142309058855), np.float64(0.21195870106552905), np.float64(0.21570990007064084), np.float64(0.21652308392266376), np.float64(0.22077062982761403), np.float64(0.22552597359078547), np.float64(0.22892647522181003), np.float64(0.23060794858224085), np.float64(0.23400661207170073), np.float64(0.23466280880894347), np.float64(0.23373038537135973), np.float64(0.23672229095497932), np.float64(0.23993957810294683), np.float64(0.24112868696815729), np.float64(0.2430659858528147), np.float64(0.2470061032576016), np.float64(0.24974579042851086), np.float64(0.25319159616876435), np.float64(0.2560848261575942), np.float64(0.259493787291625), np.float64(0.26038304708222315), np.float64(0.26061835517703674), np.float64(0.2641325711332446), np.float64(0.26895044230472476), np.float64(0.27153226357359866), np.float64(0.27461152473419265), np.float64(0.27754680236814067), np.float64(0.2810539404104428), np.float64(0.2852413409337559), np.float64(0.286212044076206), np.float64(0.28488904793901637), np.float64(0.289069829657316), np.float64(0.2926714314332788), np.float64(0.29561923992122796), np.float64(0.3008634222552403), np.float64(0.30135263442705235), np.float64(0.3067979253590666), np.float64(0.31229479367664875), np.float64(0.31746486494942944), np.float64(0.3218393872883311), np.float64(0.3212731236281901), np.float64(0.32491080064419275)]","[np.float64(0.5312943463951652), np.float64(1.0654771623024977), np.float64(1.5980383163008771), np.float64(2.1308861603962006), np.float64(2.6652603194565345), np.float64(3.193140121452315), np.float64(3.719738538462889), np.float64(4.244933708904004), np.float64(4.765194913827376), np.float64(5.28481473428296), np.float64(5.801868564520326), np.float64(6.324193281635636), np.float64(6.84133445455097), np.float64(7.3596057345174355), np.float64(7.871165953994646), np.float64(8.371801729239278), np.float64(8.865934941773933), np.float64(9.368514170219804), np.float64(9.875988685497935), np.float64(10.357281847604414), np.float64(10.851474006295215), np.float64(11.343021132507948), np.float64(11.843552470044598), np.float64(12.345103740393727), np.float64(12.832370354477133), np.float64(13.329662223212324), np.float64(13.81459709838019), np.float64(14.289773177547156), np.float64(14.775896101760983), np.float64(15.270493566754642), np.float64(15.789260903517665), np.float64(16.26424393271612), np.float64(16.73254898348096), np.float64(17.22470418096327), np.float64(17.718277459098896), np.float64(18.202021446775728), np.float64(18.671125825080164), np.float64(19.155931190311435), np.float64(19.626084968401795), np.float64(20.094332429847505), np.float64(20.563461961785418), np.float64(21.045844681169328), np.float64(21.52348357655151), np.float64(21.9927519671289), np.float64(22.464505119394513), np.float64(22.94100205564481), np.float64(23.416744474219684), np.float64(23.883411293343176), np.float64(24.377651872394896), np.float64(24.84161195742974), np.float64(25.300140334520712), np.float64(25.74713862107572), np.float64(26.199517976503227), np.float64(26.644243908003645), np.float64(27.122145495883018), np.float64(27.607585324858057), np.float64(28.087989507449606), np.float64(28.54625556070138), np.float64(29.013757475825194), np.float64(29.469416089735283), np.float64(29.946921754577218), np.float64(30.380880425761955), np.float64(30.7987993034799), np.float64(31.259668214238673), np.float64(31.733139762388735), np.float64(32.15135346224749), np.float64(32.592702197108736), np.float64(33.05582545289866), np.float64(33.55326281467651), np.float64(34.03535157904522), np.float64(34.50861445014846), np.float64(34.94473432469382), np.float64(35.38911632770928), np.float64(35.799657724949206), np.float64(36.22887814718183), np.float64(36.70695703960909), np.float64(37.16993967137685), np.float64(37.63206939093399), np.float64(38.0587122950732), np.float64(38.48096190209202), np.float64(38.948949699329084), np.float64(39.3611451886237), np.float64(39.7637872521556), np.float64(40.18715343196514), np.float64(40.63778019450903), np.float64(41.05921264526653), np.float64(41.5256059664739), np.float64(42.01878117421201), np.float64(42.44483224772663), np.float64(42.86601951114741), np.float64(43.32154079697279), np.float64(43.763459438734365), np.float64(44.16920354800343), np.float64(44.59518002866754), np.float64(45.00759196213852), np.float64(45.42894566081227), np.float64(45.840002078119724), np.float64(46.29623867984773), np.float64(46.76428413697747), np.float64(47.17094736065837), np.float64(47.552127503113155), np.float64(47.974161054085506), np.float64(48.38594343654871), np.float64(48.799552428702164), np.float64(49.20129116851532), np.float64(49.58889502680761), np.float64(50.03782234584013), np.float64(50.53146053094068), np.float64(50.9165753294718), np.float64(51.31206809451736), np.float64(51.719604317797675), np.float64(52.08025244317954), np.float64(52.53537720743467), np.float64(52.88975342892129), np.float64(53.24183885303441), np.float64(53.59933202879833), np.float64(53.97186515711552), np.float64(54.44482622691362), np.float64(54.830795947726315)]",32512.658277108992,12.937786819382806,-80.48046865686774,17975.746576428413
15,STATE_B_DEFENSE,SPONTANEOUS,6.8,20.0,2513,0.0625,690.0,720.0,210.0,325.16129032258067,0.39594110624751294,0.4942300039793076,-0.011468005174785157,True,0.32447537760478923,55.85612869633531,7.5625,9.424962171630316,"[np.float64(-6.622548364012671e-05), np.float64(-0.003046111083388961), np.float64(-0.006320562985496562), np.float64(-0.005763604825882979), np.float64(-0.006097665987378552), np.float64(-0.006988932764651629), np.float64(-0.0036113385243414214), np.float64(-0.0021234948964287082), np.float64(0.0019202339742217995), np.float64(0.007131069933841479), np.float64(0.012878671231110172), np.float64(0.017278062527977846), np.float64(0.019097498388488066), np.float64(0.02191897802571111), np.float64(0.026108583630153993), np.float64(0.031486909385897606), np.float64(0.03410152125038969), np.float64(0.03684215859997829), np.float64(0.0436575012825967), np.float64(0.045996774415894046), np.float64(0.051350911504051994), np.float64(0.05543410114561189), np.float64(0.059555879811186256), np.float64(0.062293961219431954), np.float64(0.06448249062725446), np.float64(0.06981384351891627), np.float64(0.07314266058644503), np.float64(0.07767454544963937), np.float64(0.08136331799306921), np.float64(0.08372059307338638), np.float64(0.08896868637337398), np.float64(0.09158424802974333), np.float64(0.09735881035431451), np.float64(0.09924910524286278), np.float64(0.10220278183667175), np.float64(0.10344277201815931), np.float64(0.10661981507104423), np.float64(0.1119257226483015), np.float64(0.1126874984119376), np.float64(0.1149254463136768), np.float64(0.1183958284529908), np.float64(0.12006670457615473), np.float64(0.12468799188678698), np.float64(0.12864116838828124), np.float64(0.12926864668784027), np.float64(0.13148948685292783), np.float64(0.13333279147802904), np.float64(0.13779190273312245), np.float64(0.13976012554143777), np.float64(0.14284706402958403), np.float64(0.14322674738024352), np.float64(0.14762664588315727), np.float64(0.14823482756448086), np.float64(0.1539549131003158), np.float64(0.158498250246491), np.float64(0.1621387481392749), np.float64(0.16448143717630154), np.float64(0.16362317575617433), np.float64(0.1651339212456627), np.float64(0.16931183436587058), np.float64(0.17070601803888666), np.float64(0.1736108279407187), np.float64(0.17767939208753164), np.float64(0.17798881661721153), np.float64(0.1789558572346764), np.float64(0.18208743645471973), np.float64(0.185667647733683), np.float64(0.18782842825488993), np.float64(0.19394236650163274), np.float64(0.194019281669794), np.float64(0.1960656137923429), np.float64(0.20167254093708015), np.float64(0.20167944794699869), np.float64(0.20362691755829063), np.float64(0.20874222378019266), np.float64(0.21218856573570924), np.float64(0.21311460637323226), np.float64(0.21562585345499857), np.float64(0.21546892245806085), np.float64(0.21549552671123517), np.float64(0.22136455995348944), np.float64(0.2253752642539333), np.float64(0.2303092195695672), np.float64(0.23102862000639487), np.float64(0.23290145065572238), np.float64(0.23257865069116598), np.float64(0.23413287357338974), np.float64(0.23832555166302263), np.float64(0.24043225352640396), np.float64(0.24597022409796696), np.float64(0.2464070970785356), np.float64(0.24646215572537766), np.float64(0.24522144774215038), np.float64(0.2510579408044203), np.float64(0.2554843646754424), np.float64(0.2568315951483825), np.float64(0.2601084031714072), np.float64(0.26360208534953383), np.float64(0.26575484130140187), np.float64(0.2691477251679658), np.float64(0.27317635306463733), np.float64(0.2744914131756228), np.float64(0.27694992935005325), np.float64(0.2794087296007744), np.float64(0.2804320088557452), np.float64(0.2827779192445578), np.float64(0.28571486832279513), np.float64(0.2888921761002441), np.float64(0.2928149557153393), np.float64(0.2952323732330239), np.float64(0.2990759556279587), np.float64(0.301864267707577), np.float64(0.3042583356030592), np.float64(0.3066795712309065), np.float64(0.3100894641680048), np.float64(0.3093246209315011), np.float64(0.3126482271365933), np.float64(0.3148981577416767), np.float64(0.319077581175396), np.float64(0.3199443891196075), np.float64(0.32447537760478923)]","[np.float64(0.5312779451330338), np.float64(1.0641426900943072), np.float64(1.5988418581030637), np.float64(2.131191960363694), np.float64(2.664437610541513), np.float64(3.198759673827054), np.float64(3.725555675243259), np.float64(4.2546025362372335), np.float64(4.776759126925666), np.float64(5.293761964786243), np.float64(5.806592896348303), np.float64(6.320752903332295), np.float64(6.84136703810947), np.float64(7.357448142602929), np.float64(7.866870571762096), np.float64(8.369423201980277), np.float64(8.881263168096783), np.float64(9.391254017797703), np.float64(9.880570193027701), np.float64(10.388963712853787), np.float64(10.880600213120884), np.float64(11.376653372551285), np.float64(11.870617451169887), np.float64(12.370757444497423), np.float64(12.872952118252767), np.float64(13.354469716044715), np.float64(13.846577494656017), np.float64(14.329189467489783), np.float64(14.815611714032663), np.float64(15.309816946587821), np.float64(15.78197693454014), np.float64(16.2715436148946), np.float64(16.735820870149396), np.float64(17.228134870070768), np.float64(17.71106591114421), np.float64(18.206857787521024), np.float64(18.685723115128077), np.float64(19.144900536742693), np.float64(19.64198653844367), np.float64(20.12539828283131), np.float64(20.596503205049682), np.float64(21.08311380187513), np.float64(21.540701015213767), np.float64(22.00301217243435), np.float64(22.496827842057165), np.float64(22.974177728653427), np.float64(23.454519321546123), np.float64(23.906567481036618), np.float64(24.383540005236174), np.float64(24.847537355769983), np.float64(25.340279104410065), np.float64(25.78757109622161), np.float64(26.27652426021364), np.float64(26.705870939055927), np.float64(27.14703511655313), np.float64(27.59729032919335), np.float64(28.06182920651806), np.float64(28.56467049445149), np.float64(29.03832053329866), np.float64(29.477692500084075), np.float64(29.951137155132464), np.float64(30.404442318981978), np.float64(30.841423721314108), np.float64(31.32685497702281), np.float64(31.803285705881382), np.float64(32.24976401609111), np.float64(32.68893142792867), np.float64(33.14663618350973), np.float64(33.54785949594456), np.float64(34.032964154117344), np.float64(34.489607547545496), np.float64(34.893684830093584), np.float64(35.37821766777189), np.float64(35.8338259761743), np.float64(36.24113772751067), np.float64(36.67211070979204), np.float64(37.14045463123709), np.float64(37.583917407875276), np.float64(38.068219787087315), np.float64(38.54967410049852), np.float64(38.93765279224151), np.float64(39.35380270854445), np.float64(39.75377354435569), np.float64(40.220977155678796), np.float64(40.66887418673206), np.float64(41.15271921373796), np.float64(41.60501649780327), np.float64(42.0119327223814), np.float64(42.453244594452215), np.float64(42.83473494249952), np.float64(43.303085453873614), np.float64(43.777976624755816), np.float64(44.27586541807187), np.float64(44.647438529046916), np.float64(45.042797673087705), np.float64(45.492530452630426), np.float64(45.90660614227336), np.float64(46.315708831876776), np.float64(46.748513125105994), np.float64(47.15755918571543), np.float64(47.55372020928716), np.float64(47.999766111542826), np.float64(48.42366950412412), np.float64(48.8467969463185), np.float64(49.296767691972065), np.float64(49.7207342819021), np.float64(50.1324409449792), np.float64(50.53856055055474), np.float64(50.92906704111831), np.float64(51.348320837974384), np.float64(51.73841414211047), np.float64(52.148590605145436), np.float64(52.5658921049249), np.float64(52.981921761168174), np.float64(53.37707480038817), np.float64(53.85694668221627), np.float64(54.25241683606092), np.float64(54.66928011967355), np.float64(55.04516756472211), np.float64(55.489503031250095), np.float64(55.85612869633531)]",33051.55952031595,13.152232200682828,-84.14204725017771,16913.6207600832
18,STATE_B_DEFENSE,SPONTANEOUS,6.8,20.0,2513,0.0625,690.0,720.0,210.0,325.16129032258067,0.3903700756068444,0.4970155192996419,-0.015099265255621096,True,0.32315550152480704,55.99771301924724,7.5625,9.399566192212287,"[np.float64(-0.003182244114102223), np.float64(-0.004572661744147277), np.float64(-0.005234927384709846), np.float64(-0.008981676866331776), np.float64(-0.00779595591040788), np.float64(-0.0059389384389616955), np.float64(-0.0037660304569268224), np.float64(-0.002335728887873927), np.float64(0.0012100112354183022), np.float64(0.0033089314491872236), np.float64(0.008002240092096092), np.float64(0.014099870403914234), np.float64(0.017551001136269402), np.float64(0.024007328962976082), np.float64(0.028281743602816798), np.float64(0.03232722634629503), np.float64(0.03584596416788501), np.float64(0.04035613170983556), np.float64(0.043628907049056996), np.float64(0.04757005055687352), np.float64(0.053720635855849144), np.float64(0.059908621588033034), np.float64(0.06567484419202549), np.float64(0.06593907292949158), np.float64(0.06679644530473013), np.float64(0.07201368347673046), np.float64(0.07699705544888497), np.float64(0.08088703110868418), np.float64(0.08439368721519158), np.float64(0.08798522372872118), np.float64(0.08848683931793222), np.float64(0.08984319485533153), np.float64(0.09174386345544094), np.float64(0.09736690424653034), np.float64(0.09741254684796492), np.float64(0.10080095170968326), np.float64(0.10355398050520877), np.float64(0.10659340193399117), np.float64(0.1100996775008527), np.float64(0.11514894528007415), np.float64(0.11761738816432203), np.float64(0.1213927124173473), np.float64(0.12622782058010037), np.float64(0.13048995423315204), np.float64(0.1320238966695391), np.float64(0.1334127975118891), np.float64(0.13675295018459976), np.float64(0.13749040510864657), np.float64(0.14130961553889115), np.float64(0.14536126954460418), np.float64(0.14620086257730022), np.float64(0.15040156196831062), np.float64(0.1521085825822448), np.float64(0.15428751070505362), np.float64(0.15601935722952356), np.float64(0.1613215151674068), np.float64(0.1644057378909608), np.float64(0.16724001079076806), np.float64(0.16620226859614942), np.float64(0.1688325281662046), np.float64(0.17067406442377872), np.float64(0.17389503609498957), np.float64(0.1797057962291621), np.float64(0.18518111673405213), np.float64(0.18627624081619587), np.float64(0.18536876288969406), np.float64(0.18734506637424922), np.float64(0.1885153611280262), np.float64(0.19037242000416796), np.float64(0.19370284343137573), np.float64(0.1950372969512663), np.float64(0.19979831773821508), np.float64(0.20570579128182823), np.float64(0.20628743826599868), np.float64(0.2067975253956979), np.float64(0.2081346104559471), np.float64(0.20922518816749078), np.float64(0.20991074626054967), np.float64(0.21277229460157476), np.float64(0.21770059398025624), np.float64(0.22332634070403587), np.float64(0.22408860804706787), np.float64(0.2283827490877895), np.float64(0.22979566723965872), np.float64(0.23080843676061893), np.float64(0.23167604965612074), np.float64(0.23443684816053476), np.float64(0.23889347134365874), np.float64(0.2390454061056585), np.float64(0.2411567696130001), np.float64(0.24269002825600486), np.float64(0.2457956315424048), np.float64(0.2521792594746617), np.float64(0.2521579200617993), np.float64(0.2552239963863917), np.float64(0.25921266079237515), np.float64(0.2635100890134725), np.float64(0.26509219524091227), np.float64(0.2656467503275407), np.float64(0.26946553565518633), np.float64(0.27023725324126296), np.float64(0.2714290622584735), np.float64(0.27542249561212134), np.float64(0.278590402969299), np.float64(0.2790998612031713), np.float64(0.28344473508201645), np.float64(0.2855208175458381), np.float64(0.28588304605335996), np.float64(0.2875068761291872), np.float64(0.2893856042164691), np.float64(0.2917472269855175), np.float64(0.29244685154970423), np.float64(0.29263922710987855), np.float64(0.2956062904660069), np.float64(0.3011590908261152), np.float64(0.306047568265136), np.float64(0.3073425940434525), np.float64(0.31016898824713757), np.float64(0.3132132429473829), np.float64(0.31825268208530905), np.float64(0.32315550152480704)]","[np.float64(0.5331905959231505), np.float64(1.0671256951103325), np.float64(1.6012212838490643), np.float64(2.138993736299955), np.float64(2.672144081822588), np.float64(3.2035763793009164), np.float64(3.7334275725471366), np.float64(4.263714740686755), np.float64(4.788177938614978), np.float64(5.314629874759119), np.float64(5.8324671334189295), np.float64(6.343533622364356), np.float64(6.860497698735471), np.float64(7.364900210913087), np.float64(7.8745466479309405), np.float64(8.383042261247283), np.float64(8.891841156366525), np.float64(9.3944606823319), np.float64(9.900814292668857), np.float64(10.402286775623006), np.float64(10.890477340652806), np.float64(11.375718380608987), np.float64(11.860577689297587), np.float64(12.374720950194861), np.float64(12.885153373158198), np.float64(13.367911052691724), np.float64(13.8499074034254), np.float64(14.33699857128124), np.float64(14.825005774639703), np.float64(15.3108788405184), np.float64(15.817595537501933), np.float64(16.317677050648822), np.float64(16.81295009077903), np.float64(17.277995304786234), np.float64(17.785801760160087), np.float64(18.265790249268743), np.float64(18.749742033688364), np.float64(19.23002824178443), np.float64(19.70488853040253), np.float64(20.164335557886893), np.float64(20.645606491015947), np.float64(21.113527066465117), np.float64(21.569778908673136), np.float64(22.029755971136193), np.float64(22.515162202583095), np.float64(23.001393050741054), np.float64(23.466870492392328), np.float64(23.958395507511064), np.float64(24.41657284766201), np.float64(24.870763704003302), np.float64(25.358886170504608), np.float64(25.808869159154728), np.float64(26.285698809450302), np.float64(26.7563658218032), np.float64(27.231433261293322), np.float64(27.663183311321784), np.float64(28.119853314474707), np.float64(28.57842393025333), np.float64(29.08408694891885), np.float64(29.543739775935478), np.float64(30.012501874356825), np.float64(30.462631717993055), np.float64(30.877636941525914), np.float64(31.295217625228183), np.float64(31.769531042093938), np.float64(32.27063862063047), np.float64(32.73231261607371), np.float64(33.20449478704813), np.float64(33.66650443927206), np.float64(34.10674619928576), np.float64(34.57466512983764), np.float64(34.991997586470866), np.float64(35.390976869607464), np.float64(35.86713444640456), np.float64(36.344142076511595), np.float64(36.80834516995966), np.float64(37.27584492696978), np.float64(37.74924754672935), np.float64(38.18807979744165), np.float64(38.59313793712221), np.float64(38.98559968147365), np.float64(39.45461300602796), np.float64(39.86590262566849), np.float64(40.323031064653655), np.float64(40.78627631197447), np.float64(41.25157803088928), np.float64(41.68455578407074), np.float64(42.08778338836295), np.float64(42.56344379760453), np.float64(43.00505950141632), np.float64(43.45606013504257), np.float64(43.8788047691106), np.float64(44.24254070895243), np.float64(44.71864799832083), np.float64(45.13914746229924), np.float64(45.54199547920653), np.float64(45.93806954308564), np.float64(46.38262793175777), np.float64(46.84565374668908), np.float64(47.24761668214811), np.float64(47.705594758226106), np.float64(48.15534163254423), np.float64(48.5512652334641), np.float64(48.96186845815569), np.float64(49.42281030097667), np.float64(49.808979344751954), np.float64(50.2382594375757), np.float64(50.70063328122651), np.float64(51.137805029180605), np.float64(51.56934796203183), np.float64(51.99056935518888), np.float64(52.44475245684207), np.float64(52.90907166955119), np.float64(53.31613893516234), np.float64(53.66893827854615), np.float64(54.03421611049794), np.float64(54.4730283456257), np.float64(54.87931895844305), np.float64(55.28021178444536), np.float64(55.638098353378446), np.float64(55.99771301924724)]",34062.03525978161,13.554331579698212,-78.86336863134056,15789.186967849731
11,STATE_B_DEFENSE,SPONTANEOUS,6.8,20.0,2513,0.0625,690.0,720.0,210.0,325.16129032258067,0.3963390370075607,0.4954237962594509,-0.0133630539516766,True,0.3228216169895983,57.24022558960135,7.75,9.644974347835705,"[np.float64(-0.0022788841968172354), np.float64(-0.008480457613182708), np.float64(-0.011082612681041227), np.float64(-0.012331086684335872), np.float64(-0.013728875743354307), np.float64(-0.014596517062498518), np.float64(-0.012660090223835364), np.float64(-0.010693683143998139), np.float64(-0.006087065850445242), np.float64(-0.0016898042570291246), np.float64(0.0020789401804432706), np.float64(0.006041137384872167), np.float64(0.011681389370658556), np.float64(0.017814105423969957), np.float64(0.02018030509439671), np.float64(0.02631710727237902), np.float64(0.03156485080555006), np.float64(0.03678724705149789), np.float64(0.04230517318289955), np.float64(0.04642920357783889), np.float64(0.05022725742051694), np.float64(0.056936409903936495), np.float64(0.058494683242848546), np.float64(0.0631900232095601), np.float64(0.06634253672742248), np.float64(0.06806913589162604), np.float64(0.07387337394531515), np.float64(0.07936166240022252), np.float64(0.08192619133754837), np.float64(0.08450693507983094), np.float64(0.0853128069944936), np.float64(0.089387943851369), np.float64(0.09189297063842432), np.float64(0.0976865400206331), np.float64(0.10063290636671934), np.float64(0.1009981796649518), np.float64(0.10290924410055109), np.float64(0.10548363638648191), np.float64(0.10843837999077569), np.float64(0.10956044158668118), np.float64(0.11267469200732258), np.float64(0.1192737810340895), np.float64(0.12168118818279963), np.float64(0.12682497251145455), np.float64(0.12778336431108436), np.float64(0.129944788660459), np.float64(0.13076407421598327), np.float64(0.1349162384608061), np.float64(0.13897476669940165), np.float64(0.1424130319544935), np.float64(0.14274490565210646), np.float64(0.14678264689377135), np.float64(0.1470013315834283), np.float64(0.15085871318247343), np.float64(0.15471804113820603), np.float64(0.15678454071725814), np.float64(0.15735251167333505), np.float64(0.15773146043812222), np.float64(0.16288855621076817), np.float64(0.16535525827197017), np.float64(0.16884724452815), np.float64(0.1676411134319813), np.float64(0.17168550310961098), np.float64(0.17398830391035286), np.float64(0.1753646025034311), np.float64(0.18050673367232817), np.float64(0.18281289529317984), np.float64(0.18425986410359504), np.float64(0.18536694580928356), np.float64(0.18747975415842477), np.float64(0.1913939740702304), np.float64(0.1956842686358653), np.float64(0.19860409394446277), np.float64(0.19843943857865928), np.float64(0.20066806384617925), np.float64(0.20362192738961238), np.float64(0.2068261154935479), np.float64(0.20974374910732888), np.float64(0.21170919963352763), np.float64(0.21355200421315693), np.float64(0.2163740528129034), np.float64(0.21665641195604982), np.float64(0.2212302578362639), np.float64(0.22574296952520523), np.float64(0.23057864685793827), np.float64(0.22876783451518115), np.float64(0.22790417385091064), np.float64(0.23148423315556013), np.float64(0.23264660209764226), np.float64(0.23644360898135144), np.float64(0.24037209650479463), np.float64(0.242645083947565), np.float64(0.24178408731954432), np.float64(0.243436046185549), np.float64(0.2478997197692125), np.float64(0.24984415701662277), np.float64(0.2515335047385438), np.float64(0.25521282132111317), np.float64(0.2583516849699304), np.float64(0.2581845413354837), np.float64(0.25983044100815583), np.float64(0.26288261513198324), np.float64(0.26599540800313853), np.float64(0.2678867914844431), np.float64(0.2707589254969992), np.float64(0.27436038440244065), np.float64(0.27788111374270513), np.float64(0.27936248734834096), np.float64(0.2810653526879525), np.float64(0.2841737020665622), np.float64(0.2889775333125741), np.float64(0.29151621033995967), np.float64(0.29515432245440576), np.float64(0.29888209669774424), np.float64(0.2975492202890787), np.float64(0.3040634345849247), np.float64(0.3049923513042941), np.float64(0.30578095500582175), np.float64(0.30934798253113516), np.float64(0.31079810064898283), np.float64(0.3159700912509176), np.float64(0.3168926885846249), np.float64(0.3187141184444669), np.float64(0.3228216169895983)]","[np.float64(0.5315274663514677), np.float64(1.066374250415255), np.float64(1.6016644695226803), np.float64(2.1369019344260565), np.float64(2.6730195705257156), np.float64(3.209035319666587), np.float64(3.7402013885478005), np.float64(4.270265612074114), np.float64(4.7929029094222075), np.float64(5.313706221296423), np.float64(5.834075039586667), np.float64(6.3519002522592904), np.float64(6.8620166116013195), np.float64(7.367567038579854), np.float64(7.884662072785296), np.float64(8.385124047516127), np.float64(8.886504123147038), np.float64(9.3855121238342), np.float64(9.88067120106752), np.float64(10.380191439612526), np.float64(10.879475163765209), np.float64(11.361313520255349), np.float64(11.868990678493422), np.float64(12.357655630625201), np.float64(12.85351577913882), np.float64(13.356847222513482), np.float64(13.833036413095552), np.float64(14.308853273840622), np.float64(14.802309273086257), np.float64(15.294503427977148), np.float64(15.798451567707716), np.float64(16.27754816874215), np.float64(16.766954971948), np.float64(17.229395519504934), np.float64(17.71238693615968), np.float64(18.21543275547916), np.float64(18.705190211967306), np.float64(19.188354378687407), np.float64(19.667045510480065), np.float64(20.161126851687794), np.float64(20.636215044866475), np.float64(21.077127289354365), np.float64(21.55579430013271), np.float64(22.006690625797475), np.float64(22.497277480520772), np.float64(22.975211242064056), np.float64(23.46616662730177), np.float64(23.92156703109944), np.float64(24.376386201340527), np.float64(24.836404432860455), np.float64(25.32945365547144), np.float64(25.780603558286064), np.float64(26.27387937841568), np.float64(26.724712877294397), np.float64(27.17408985284975), np.float64(27.64343972723709), np.float64(28.13016759550094), np.float64(28.618994371672198), np.float64(29.047800720866555), np.float64(29.50885603015956), np.float64(29.955822567548594), np.float64(30.462622842053122), np.float64(30.900486309719067), np.float64(31.360168109151612), np.float64(31.83151772176343), np.float64(32.250763046913356), np.float64(32.70747895136777), np.float64(33.17536429569108), np.float64(33.647513620535406), np.float64(34.10477795083783), np.float64(34.535117848800596), np.float64(34.958640247404865), np.float64(35.4009792058242), np.float64(35.88838925186125), np.float64(36.33959451334124), np.float64(36.77890880258213), np.float64(37.213341512407624), np.float64(37.651146262773636), np.float64(38.1029132436222), np.float64(38.555921224992645), np.float64(38.9925590389002), np.float64(39.469367874053866), np.float64(39.87581822144808), np.float64(40.28189321106582), np.float64(40.68127272385032), np.float64(41.190193039504514), np.float64(41.683800436533716), np.float64(42.10159385753705), np.float64(42.559940135637326), np.float64(42.972007771211004), np.float64(43.38061370183148), np.float64(43.81719451538177), np.float64(44.308821246598946), np.float64(44.7555007142994), np.float64(45.1506549896427), np.float64(45.5904201035696), np.float64(46.034219818156245), np.float64(46.44058540206038), np.float64(46.855920084992896), np.float64(47.33235582931224), np.float64(47.7744414268567), np.float64(48.18911745019858), np.float64(48.60169914213994), np.float64(49.03694363760117), np.float64(49.452472247216406), np.float64(49.85285414837088), np.float64(50.25379283423135), np.float64(50.69407960413675), np.float64(51.129453217491324), np.float64(51.53604567451469), np.float64(51.907558027048914), np.float64(52.32369254834797), np.float64(52.71667097650282), np.float64(53.10681783017461), np.float64(53.6001756674339), np.float64(53.93105593980947), np.float64(54.37661537778162), np.float64(54.824810026374664), np.float64(55.214063820983434), np.float64(55.64724109450457), np.float64(56.00059663594714), np.float64(56.44362926484876), np.float64(56.866968432656996), np.float64(57.24022558960135)]",33887.94048672865,13.485053914336909,-80.05083299521357,16439.78029036522
17,STATE_B_DEFENSE,SPONTANEOUS,6.8,20.0,2513,0.0625,690.0,720.0,210.0,325.16129032258067,0.3983286908077994,0.4950258654994031,0.004462558294657736,True,0.3279281189315409,57.035175203514044,7.75,9.997790001717346,"[np.float64(-0.006041010834740842), np.float64(-0.009698312400314274), np.float64(-0.00845259119642345), np.float64(-0.010638257495309158), np.float64(-0.00884588187124447), np.float64(-0.009461433307523222), np.float64(-0.005939964678038443), np.float64(-0.003635403732836246), np.float64(-0.0008999561402730119), np.float64(0.004929371237395765), np.float64(0.006420611494798193), np.float64(0.00926320706193165), np.float64(0.009846265363920954), np.float64(0.01327891971111609), np.float64(0.01815725523699231), np.float64(0.02483617532024767), np.float64(0.02766721903091046), np.float64(0.031951617705260914), np.float64(0.03376564862590804), np.float64(0.04057195401865066), np.float64(0.04534528823378359), np.float64(0.05094640676887689), np.float64(0.054031829435422854), np.float64(0.056258860219861914), np.float64(0.057992253472738814), np.float64(0.06337923620117307), np.float64(0.06699216822753402), np.float64(0.06891477664103268), np.float64(0.07499685393511601), np.float64(0.07950822724478097), np.float64(0.08142976636449151), np.float64(0.08588958308414317), np.float64(0.08789534725683057), np.float64(0.09212083838340362), np.float64(0.0938182461348591), np.float64(0.09910984707597423), np.float64(0.10091202361983369), np.float64(0.10337940945482378), np.float64(0.10209214208932484), np.float64(0.10602678923544107), np.float64(0.11096594453595104), np.float64(0.11674876731104233), np.float64(0.1203581091919512), np.float64(0.11999544608567536), np.float64(0.12427567839168832), np.float64(0.12662945757132654), np.float64(0.13129552833115307), np.float64(0.1323533536627351), np.float64(0.13793270912942415), np.float64(0.1383691778568726), np.float64(0.14177236337572227), np.float64(0.14294710748819467), np.float64(0.14661599929980995), np.float64(0.14738582928148877), np.float64(0.15286703234125987), np.float64(0.15366899178131085), np.float64(0.15688399124744398), np.float64(0.1601362403454365), np.float64(0.16371605594852856), np.float64(0.16441683809540428), np.float64(0.163271790390244), np.float64(0.1682531657197796), np.float64(0.1712558980131023), np.float64(0.17341098500169863), np.float64(0.1743933998840222), np.float64(0.1771777971315028), np.float64(0.1792367393017491), np.float64(0.18077776172690785), np.float64(0.18438829239875587), np.float64(0.1868309445411167), np.float64(0.18779837539022906), np.float64(0.19374442067042644), np.float64(0.19652173658599215), np.float64(0.20182644998822225), np.float64(0.20375289468607707), np.float64(0.20611667300958803), np.float64(0.20479995604019138), np.float64(0.20700159141417487), np.float64(0.2092940249997057), np.float64(0.21309898231093877), np.float64(0.21578748287281582), np.float64(0.21815358836927454), np.float64(0.21967647296296397), np.float64(0.22364740384747936), np.float64(0.2255604391780135), np.float64(0.22611923194735212), np.float64(0.23059999132909825), np.float64(0.23259318929127584), np.float64(0.2357539131123752), np.float64(0.23920538866069896), np.float64(0.23784268829376717), np.float64(0.24264148881214073), np.float64(0.24481558177632837), np.float64(0.24602837016107876), np.float64(0.25105278307095563), np.float64(0.25059871766223474), np.float64(0.2540685756881121), np.float64(0.2567724007457824), np.float64(0.2591030040594881), np.float64(0.26387334297976517), np.float64(0.2644767146104492), np.float64(0.26522390062350926), np.float64(0.2673782638048882), np.float64(0.268661711153374), np.float64(0.27155079074777005), np.float64(0.2736585500315715), np.float64(0.27916664199299873), np.float64(0.28117663527334624), np.float64(0.2825960735909815), np.float64(0.2847462726734014), np.float64(0.288207136973681), np.float64(0.2890786843995255), np.float64(0.2892297565181875), np.float64(0.2917324277406662), np.float64(0.2929935210063614), np.float64(0.29604032220024434), np.float64(0.3004305390846256), np.float64(0.30603058638377956), np.float64(0.309318329361862), np.float64(0.31537802215425775), np.float64(0.3143030737549923), np.float64(0.31787810499392777), np.float64(0.31997659681696367), np.float64(0.3279281189315409)]","[np.float64(0.5316479523725871), np.float64(1.0652575342144082), np.float64(1.596882241195325), np.float64(2.1315268782110413), np.float64(2.6619983863167014), np.float64(3.195390458522834), np.float64(3.7213465148368123), np.float64(4.248046106110919), np.float64(4.772505074408732), np.float64(5.28738103077944), np.float64(5.811808587095399), np.float64(6.331219985523476), np.float64(6.85684131474262), np.float64(7.371772266583424), np.float64(7.879382930772013), np.float64(8.377243468535745), np.float64(8.888552626120294), np.float64(9.39185146419261), np.float64(9.904919060638916), np.float64(10.392076040305696), np.float64(10.886738471186277), np.float64(11.374721559300285), np.float64(11.874336487395128), np.float64(12.377542825600909), np.float64(12.882707406597344), np.float64(13.364036047794931), np.float64(13.854521365244), np.float64(14.354724749703411), np.float64(14.825275739708566), np.float64(15.304412222581478), np.float64(15.80050299538663), np.float64(16.276668678616577), np.float64(16.769833804896383), np.float64(17.244553283822214), np.float64(17.73796693284443), np.float64(18.200793812265765), np.float64(18.69105412170406), np.float64(19.17474236643304), np.float64(19.690830442759005), np.float64(20.15976877641835), np.float64(20.617778137016), np.float64(21.06589561870188), np.float64(21.532695701298316), np.float64(22.037023078653394), np.float64(22.494921625539735), np.float64(22.970775582018213), np.float64(23.421688520595254), np.float64(23.90884686838167), np.float64(24.347039923211913), np.float64(24.8391550569876), np.float64(25.298151622959928), np.float64(25.78093450714007), np.float64(26.234648472785945), np.float64(26.720673308485857), np.float64(27.15072667967137), np.float64(27.63476625368635), np.float64(28.08913260608363), np.float64(28.541833952820607), np.float64(28.98924314359211), np.float64(29.47171374727306), np.float64(29.977652100800984), np.float64(30.40406026123688), np.float64(30.85482108410663), np.float64(31.31578318779033), np.float64(31.79178656572828), np.float64(32.24269112158785), np.float64(32.70262998072284), np.float64(33.169063403735414), np.float64(33.605504242265724), np.float64(34.057439028535285), np.float64(34.52990342257789), np.float64(34.928923214028714), np.float64(35.37292247131616), np.float64(35.778260287490625), np.float64(36.23272264451971), np.float64(36.67982966067022), np.float64(37.18276074133751), np.float64(37.631285976514015), np.float64(38.07759551249156), np.float64(38.49907067165424), np.float64(38.93718614733101), np.float64(39.37959146772734), np.float64(39.834938179823595), np.float64(40.249409936454846), np.float64(40.696769587626264), np.float64(41.16617134918912), np.float64(41.568961724066824), np.float64(42.01275570026168), np.float64(42.43579941015923), np.float64(42.85280367510107), np.float64(43.35278908479633), np.float64(43.74448227921415), np.float64(44.1813334211924), np.float64(44.63466367475379), np.float64(45.01882617923812), np.float64(45.500966520982196), np.float64(45.91128728739986), np.float64(46.334676657547334), np.float64(46.76413902530351), np.float64(47.14727552045305), np.float64(47.607385776933846), np.float64(48.064547331090345), np.float64(48.4944988788083), np.float64(48.940544995779305), np.float64(49.35496193981483), np.float64(49.783764778739496), np.float64(50.145110585525224), np.float64(50.57403781695388), np.float64(51.01406407471323), np.float64(51.43898380733369), np.float64(51.83683855342305), np.float64(52.286152770286705), np.float64(52.74990252798992), np.float64(53.1651383801852), np.float64(53.60533870141435), np.float64(54.00787762386684), np.float64(54.381434600725385), np.float64(54.728520993240195), np.float64(55.12298356200486), np.float64(55.4580166552524), np.float64(55.943030245018264), np.float64(56.328811461318494), np.float64(56.74536243770975), np.float64(57.035175203514044)]",34953.908281443684,13.909235289074287,-74.75601487932727,16622.84482753277
19,STATE_B_DEFENSE,SPONTANEOUS,6.8,20.0,2513,0.0625,690.0,720.0,210.0,325.16129032258067,0.40151213688818144,0.4898527656187823,-0.014126539986985301,True,0.3225703996888288,57.1940767544938,7.75,9.627186724372029,"[np.float64(-0.006956796110164913), np.float64(-0.013428987510538646), np.float64(-0.012213267703486961), np.float64(-0.012675422270315626), np.float64(-0.012320308236978904), np.float64(-0.010808101021324443), np.float64(-0.008580896803402035), np.float64(-0.007973781983367302), np.float64(-0.0045401947757519705), np.float64(-0.0029585694855151718), np.float64(0.0011183329448439393), np.float64(0.004549527420485048), np.float64(0.006983274994898426), np.float64(0.014803959563410745), np.float64(0.019792819106843884), np.float64(0.023225893988582547), np.float64(0.029637144282917686), np.float64(0.03315867669631171), np.float64(0.03735155760897089), np.float64(0.04143343385259462), np.float64(0.04592880075344719), np.float64(0.051289563804481915), np.float64(0.05598417569424887), np.float64(0.06183962417194676), np.float64(0.06659389824411163), np.float64(0.0698538215613124), np.float64(0.07239165365697545), np.float64(0.07584791955154509), np.float64(0.07900283688555339), np.float64(0.07906298993666536), np.float64(0.08319105206253595), np.float64(0.0892570314146695), np.float64(0.0935618024140554), np.float64(0.09517570336719793), np.float64(0.09706621858059412), np.float64(0.0986807771033631), np.float64(0.1034847966616024), np.float64(0.10681540153513458), np.float64(0.10671060314354106), np.float64(0.10982116844638767), np.float64(0.10920799044961153), np.float64(0.11359547856511439), np.float64(0.11610336667760936), np.float64(0.11917571507709372), np.float64(0.12313461400023593), np.float64(0.12606092170593872), np.float64(0.1298060090175193), np.float64(0.13547958265785154), np.float64(0.13815726058069083), np.float64(0.1432071404761458), np.float64(0.14312215097862552), np.float64(0.1488209347646317), np.float64(0.14989034589407454), np.float64(0.15330143732085674), np.float64(0.15626177155195536), np.float64(0.15560471690219696), np.float64(0.15948518739896267), np.float64(0.1624769659922785), np.float64(0.16311429442392633), np.float64(0.1665394987147941), np.float64(0.16974346546289348), np.float64(0.1722630094375469), np.float64(0.17730469397909598), np.float64(0.17858385948010133), np.float64(0.18222052971079017), np.float64(0.18303233916961634), np.float64(0.18090829903389571), np.float64(0.18468613373447482), np.float64(0.18789201298725533), np.float64(0.19007885016864828), np.float64(0.19558990650033065), np.float64(0.20016362702423587), np.float64(0.19981516541063793), np.float64(0.20246045804004673), np.float64(0.20513768566994778), np.float64(0.20380846629168486), np.float64(0.20304953876589402), np.float64(0.2075644320646314), np.float64(0.21234761604768082), np.float64(0.21668164838995563), np.float64(0.21632647190892387), np.float64(0.21727739315970565), np.float64(0.22079478723836216), np.float64(0.2211668728940294), np.float64(0.22398298547043966), np.float64(0.22533912142558393), np.float64(0.2299900640671766), np.float64(0.23315251857050182), np.float64(0.23584744512938136), np.float64(0.23920167490918767), np.float64(0.24026151119228836), np.float64(0.24371348591579506), np.float64(0.24934223336378208), np.float64(0.25109780437073154), np.float64(0.25141224937919204), np.float64(0.25159833624442735), np.float64(0.2545751769208233), np.float64(0.258214301760407), np.float64(0.25658442695928274), np.float64(0.2618885259776552), np.float64(0.265200542540313), np.float64(0.26581765306234695), np.float64(0.2694585540998176), np.float64(0.27212499432688825), np.float64(0.2708725538756459), np.float64(0.2726157097093308), np.float64(0.27626967746929415), np.float64(0.2809786391234125), np.float64(0.283579193708997), np.float64(0.2844000301723993), np.float64(0.28705635486462117), np.float64(0.2917188012796521), np.float64(0.29432889571903165), np.float64(0.2944743585984028), np.float64(0.2953399025618508), np.float64(0.300222118679097), np.float64(0.3046213770353393), np.float64(0.3066644089571008), np.float64(0.310800867804519), np.float64(0.3111916369752766), np.float64(0.3150395044397678), np.float64(0.31577265946666333), np.float64(0.3180134705951041), np.float64(0.3225703996888288)]","[np.float64(0.5322978306170761), np.float64(1.0680819806051143), np.float64(1.601136759902778), np.float64(2.1353486031120386), np.float64(2.668705866259589), np.float64(3.1999982650314065), np.float64(3.7291355224386527), np.float64(4.26056484817039), np.float64(4.78486195854315), np.float64(5.312294771874037), np.float64(5.8316136779956365), np.float64(6.350886293650742), np.float64(6.87180760273316), np.float64(7.371837054898585), np.float64(7.879053551770527), np.float64(8.390213065301532), np.float64(8.886803730521514), np.float64(9.393506915123316), np.float64(9.895309611005725), np.float64(10.3956824671616), np.float64(10.891984177065687), np.float64(11.381520166115646), np.float64(11.872383014338732), np.float64(12.354368350605448), np.float64(12.840419995321316), np.float64(13.33367590664804), np.float64(13.830115896806964), np.float64(14.319285794961747), np.float64(14.808991117364304), np.float64(15.319218975835932), np.float64(15.799666863494926), np.float64(16.263857492492487), np.float64(16.739059064798248), np.float64(17.23359112362061), np.float64(17.72516926833528), np.float64(18.218201689831314), np.float64(18.683460364661215), np.float64(19.159526314362054), np.float64(19.66465536747843), np.float64(20.140593179806295), np.float64(20.64981332514751), np.float64(21.111754592741775), np.float64(21.590117926590363), np.float64(22.061869206237795), np.float64(22.523473959876558), np.float64(22.994059778616684), np.float64(23.454959414347762), np.float64(23.894081496767914), np.float64(24.363165276404466), np.float64(24.80540419651461), np.float64(25.302452828594436), np.float64(25.734512231315296), np.float64(26.217207036575864), np.float64(26.672339544166995), np.float64(27.131473070020732), np.float64(27.632624921961778), np.float64(28.078960198259896), np.float64(28.534783605594065), np.float64(29.018808936851826), np.float64(29.46729657750354), np.float64(29.917361495738565), np.float64(30.37511472615097), np.float64(30.79887687725971), np.float64(31.27076438995406), np.float64(31.71048440112085), np.float64(32.18728868926939), np.float64(32.704347093697784), np.float64(33.13950583428693), np.float64(33.581444830885324), np.float64(34.036816984651466), np.float64(34.44339853018857), np.float64(34.8618985004544), np.float64(35.351223934859384), np.float64(35.796048331798666), np.float64(36.23945833028908), np.float64(36.7429196947067), np.float64(37.238119191991395), np.float64(37.651147285307154), np.float64(38.058553494706686), np.float64(38.47160244712156), np.float64(38.95818427375862), np.float64(39.423741826994096), np.float64(39.84699059184362), np.float64(40.32093058216459), np.float64(40.753977686226726), np.float64(41.21061251428518), np.float64(41.610910518432725), np.float64(42.03519273250739), np.float64(42.466487656048066), np.float64(42.88548061519981), np.float64(43.34345501347095), np.float64(43.75890274996459), np.float64(44.134784043985725), np.float64(44.57804216088893), np.float64(45.046616105830765), np.float64(45.51740688491257), np.float64(45.936950043943554), np.float64(46.343361819361654), np.float64(46.846605347430724), np.float64(47.22024893612537), np.float64(47.629986348136406), np.float64(48.089843720278886), np.float64(48.49162405376911), np.float64(48.91107571570968), np.float64(49.405701114529215), np.float64(49.8420610988505), np.float64(50.24019543388655), np.float64(50.61643800503872), np.float64(51.03333281368023), np.float64(51.48506905704029), np.float64(51.89947505532102), np.float64(52.27244330065696), np.float64(52.685958815240674), np.float64(53.14921974037793), np.float64(53.5975250986964), np.float64(53.961993133110774), np.float64(54.33533944243827), np.float64(54.75688629147346), np.float64(55.133729259888455), np.float64(55.58875261096129), np.float64(55.969926756950095), np.float64(56.41676371376339), np.float64(56.830824256375074), np.float64(57.1940767544938)]",34529.113563149745,13.74019640395931,-74.69296490261331,17004.553373217583
12,STATE_B_DEFENSE,SPONTANEOUS,6.8,20.0,2513,0.0625,690.0,720.0,210.0,325.16129032258067,0.40509351372861124,0.4954237962594509,-0.008975910779444877,True,0.32711197894064986,57.5486918055078,7.8125,9.80543721776079,"[np.float64(-0.003731734337252942), np.float64(-0.005145197969348749), np.float64(-0.005202830382447508), np.float64(-0.006313014381350615), np.float64(-0.006379598254228523), np.float64(-0.005358513038808822), np.float64(-0.000817482864887385), np.float64(0.003009159437459302), np.float64(0.004932956444967538), np.float64(0.009401693903554541), np.float64(0.01328344168477705), np.float64(0.017331026721816713), np.float64(0.01868217153846147), np.float64(0.02280877738462227), np.float64(0.026686554548259803), np.float64(0.0303628753249223), np.float64(0.036435717980890625), np.float64(0.03544013806308349), np.float64(0.040115851329128836), np.float64(0.044887188739598745), np.float64(0.04936045492077505), np.float64(0.054440552552984994), np.float64(0.055908090866050475), np.float64(0.05955595425517826), np.float64(0.06384042515691495), np.float64(0.06486166323926917), np.float64(0.0722413287850288), np.float64(0.07589197364209994), np.float64(0.07863608228936235), np.float64(0.08298411783942276), np.float64(0.08467896843290566), np.float64(0.08877436168955918), np.float64(0.08974537550185495), np.float64(0.09172243498305581), np.float64(0.09422922760000935), np.float64(0.09880059782780375), np.float64(0.1022361377497784), np.float64(0.10456548415448685), np.float64(0.10866917741426102), np.float64(0.11300864818147344), np.float64(0.1156793339437488), np.float64(0.11820105190001536), np.float64(0.12270473080335949), np.float64(0.12713196295569493), np.float64(0.12873158859419956), np.float64(0.12851855543223828), np.float64(0.13189629954489757), np.float64(0.134791138090174), np.float64(0.13761947861583954), np.float64(0.1403115767186149), np.float64(0.1429163474193609), np.float64(0.14479188094427725), np.float64(0.15090553436162674), np.float64(0.15306985074049687), np.float64(0.15424736337799033), np.float64(0.157575268029682), np.float64(0.15962186202938178), np.float64(0.16173988315735702), np.float64(0.16343883614783117), np.float64(0.16661791667467665), np.float64(0.17076386013810324), np.float64(0.1721922698746186), np.float64(0.17308087937834848), np.float64(0.1778825457663526), np.float64(0.1785679922080654), np.float64(0.18411521068858103), np.float64(0.18498263346232907), np.float64(0.18391102615262142), np.float64(0.1875491669268171), np.float64(0.18899817607498678), np.float64(0.19183292206751631), np.float64(0.1936853916555578), np.float64(0.19975917744597627), np.float64(0.20146728556006446), np.float64(0.20190649063367824), np.float64(0.20431148564912383), np.float64(0.20370897661300533), np.float64(0.20532139416910214), np.float64(0.20932987891134097), np.float64(0.21100841807810458), np.float64(0.21449575221070266), np.float64(0.21772072725301173), np.float64(0.2179359106826716), np.float64(0.2229425633750294), np.float64(0.22440792728464976), np.float64(0.22856877110262455), np.float64(0.22876107247177624), np.float64(0.232754854729256), np.float64(0.23449148787797292), np.float64(0.23954599031283616), np.float64(0.2412129704756589), np.float64(0.2433157439750953), np.float64(0.24322461533305384), np.float64(0.24405000741972202), np.float64(0.24957083761016055), np.float64(0.2525436051248181), np.float64(0.2554095534290535), np.float64(0.25838821965952313), np.float64(0.25840509525157346), np.float64(0.26131498238246076), np.float64(0.2640161714381188), np.float64(0.26708327523039466), np.float64(0.2707222788302273), np.float64(0.2739353275322662), np.float64(0.27660801517468386), np.float64(0.2751372147458957), np.float64(0.2782321511434613), np.float64(0.2824572314793417), np.float64(0.2835236582869283), np.float64(0.2869652241164549), np.float64(0.2898156525044735), np.float64(0.2885548304368378), np.float64(0.2909578486980101), np.float64(0.2939258944791236), np.float64(0.2955690635381422), np.float64(0.302323394245544), np.float64(0.303902200905762), np.float64(0.3078753761376262), np.float64(0.3117833310795115), np.float64(0.3131753211768551), np.float64(0.3161246623410947), np.float64(0.3168032363759706), np.float64(0.31895574253863823), np.float64(0.32246388141836724), np.float64(0.32711197894064986)]","[np.float64(0.5313627169810509), np.float64(1.063480112224153), np.float64(1.595266376276408), np.float64(2.1282096972352806), np.float64(2.660351253966941), np.float64(3.1907824360748185), np.float64(3.7141107876546275), np.float64(4.236593200258916), np.float64(4.761603100071612), np.float64(5.278945917998701), np.float64(5.795707238323445), np.float64(6.309999552571198), np.float64(6.8312979381943695), np.float64(7.341926624845655), np.float64(7.8514803682525685), np.float64(8.359958254878379), np.float64(8.856394693408346), np.float64(9.381866188512511), np.float64(9.880796861591822), np.float64(10.377064611481702), np.float64(10.8726692077253), np.float64(11.362943785451346), np.float64(11.871183126654579), np.float64(12.36597946195506), np.float64(12.855263749638189), np.float64(13.363061874489505), np.float64(13.829189256345787), np.float64(14.317029666947937), np.float64(14.809478077506153), np.float64(15.289364634604707), np.float64(15.78666203112883), np.float64(16.265232022976555), np.float64(16.766045864805054), np.float64(17.258459462568236), np.float64(17.745699222302186), np.float64(18.214710983371603), np.float64(18.69147734077301), np.float64(19.176400434699005), np.float64(19.64458449926427), np.float64(20.10897569705409), np.float64(20.58701541775623), np.float64(21.06534467404841), np.float64(21.52359971156508), np.float64(21.98085194588197), np.float64(22.46448161889316), np.float64(22.965859674971213), np.float64(23.43007966361644), np.float64(23.898051732286778), np.float64(24.36558245608769), np.float64(24.833473252198804), np.float64(25.301261841914872), np.float64(25.77622420488067), np.float64(26.20204919548093), np.float64(26.671361067613805), np.float64(27.15141521339496), np.float64(27.605310391166263), np.float64(28.07345637518432), np.float64(28.539921307958583), np.float64(29.01078367463925), np.float64(29.462266714306605), np.float64(29.900221694572977), np.float64(30.37186706279202), np.float64(30.850044779791382), np.float64(31.275784220913888), np.float64(31.75523001581221), np.float64(32.16815723700151), np.float64(32.64359922470802), np.float64(33.14580777524341), np.float64(33.58168769350501), np.float64(34.047613252779165), np.float64(34.49291412407718), np.float64(34.95157769000588), np.float64(35.34720243347302), np.float64(35.805931135806), np.float64(36.283163889280225), np.float64(36.73020950164746), np.float64(37.22281406010493), np.float64(37.68099805439333), np.float64(38.10078530072964), np.float64(38.55632508180475), np.float64(38.982191097146675), np.float64(39.411161158696835), np.float64(39.888260903657255), np.float64(40.28612381604351), np.float64(40.74131914274834), np.float64(41.15076778940942), np.float64(41.62600746740695), np.float64(42.036208622249625), np.float64(42.48397886674258), np.float64(42.873645666915465), np.float64(43.320899645247), np.float64(43.75990173866116), np.float64(44.23717405276087), np.float64(44.698007274970905), np.float64(45.073615130793), np.float64(45.49399058249454), np.float64(45.91538677327488), np.float64(46.33380654309672), np.float64(46.80628664104363), np.float64(47.22450888123112), np.float64(47.6457629868179), np.float64(48.059231277334774), np.float64(48.46086144570296), np.float64(48.86961032024088), np.float64(49.28783512433417), np.float64(49.78593092523021), np.float64(50.19473161861328), np.float64(50.5803159031054), np.float64(51.02744064603527), np.float64(51.42668219842607), np.float64(51.83682397881362), np.float64(52.32940519642248), np.float64(52.747470715365516), np.float64(53.15319522136685), np.float64(53.58543778099512), np.float64(53.911050630381), np.float64(54.34287111255238), np.float64(54.72402757150728), np.float64(55.10552378104485), np.float64(55.53913573163945), np.float64(55.93917847569504), np.float64(56.386951477929635), np.float64(56.80273240337283), np.float64(57.18853912783327), np.float64(57.5486918055078)]",35111.344669644706,13.971884070690294,-77.08569279499352,17368.272849321365
16,STATE_B_DEFENSE,SPONTANEOUS,6.8,20.0,2513,0.0625,690.0,720.0,210.0,325.16129032258067,0.3963390370075607,0.49184241941902107,0.006730817541363266,True,0.32459487403296217,58.95344328322786,8.0,9.840889165392209,"[np.float64(-0.006250122751792675), np.float64(-0.006777121899120868), np.float64(-0.01043482360332382), np.float64(-0.009619513209905482), np.float64(-0.010711831643794297), np.float64(-0.007326254712435812), np.float64(-0.0035138386298250615), np.float64(-0.00046046345453186797), np.float64(0.0030269961583252168), np.float64(0.0076360336653675965), np.float64(0.012647193797382108), np.float64(0.014156457449666978), np.float64(0.017608668379330717), np.float64(0.020813828388085185), np.float64(0.022920776315151846), np.float64(0.029511845534223948), np.float64(0.03528849155114497), np.float64(0.037850023609968864), np.float64(0.03941137301109423), np.float64(0.04155534733132209), np.float64(0.045341492999013), np.float64(0.05026917618939946), np.float64(0.057099209550836215), np.float64(0.06296736157032083), np.float64(0.06449360415178393), np.float64(0.06767140826105676), np.float64(0.07188538280896406), np.float64(0.07564300811067483), np.float64(0.07567537795661272), np.float64(0.08056807181992397), np.float64(0.08215827077665148), np.float64(0.08602132633359247), np.float64(0.08841836606179998), np.float64(0.09492515011778067), np.float64(0.09507175103091656), np.float64(0.09875911574685507), np.float64(0.10293165808495819), np.float64(0.10554445796233501), np.float64(0.10800216790633627), np.float64(0.10794981204195667), np.float64(0.11253900317165637), np.float64(0.11416667916396629), np.float64(0.11473812974269358), np.float64(0.11816745403843394), np.float64(0.12076503396463056), np.float64(0.1267943880111956), np.float64(0.12873582697612174), np.float64(0.13182149386306494), np.float64(0.13562073173268255), np.float64(0.1386814228294985), np.float64(0.13963677601328783), np.float64(0.14390687178493117), np.float64(0.1446123827315304), np.float64(0.1474093797703414), np.float64(0.1499358707094364), np.float64(0.15093632856176084), np.float64(0.15366481747974406), np.float64(0.15709401452972166), np.float64(0.16049406519105275), np.float64(0.16404380261467602), np.float64(0.16656028675972698), np.float64(0.16956661349712543), np.float64(0.1715961663999181), np.float64(0.17211620514966894), np.float64(0.1762736600413239), np.float64(0.17770737622403512), np.float64(0.1824864331946739), np.float64(0.18533260011180167), np.float64(0.18622703066625926), np.float64(0.18694849038875758), np.float64(0.18945060930440452), np.float64(0.19279992448089417), np.float64(0.19395883769097405), np.float64(0.19468319832970699), np.float64(0.19934786767006832), np.float64(0.2025873553439111), np.float64(0.20609936384599276), np.float64(0.2063745998110211), np.float64(0.21009862509527913), np.float64(0.21358302329629603), np.float64(0.2150074678321643), np.float64(0.211827123769668), np.float64(0.21683579967984246), np.float64(0.21974415856894405), np.float64(0.22262368858024964), np.float64(0.22367561394080257), np.float64(0.2283051669113392), np.float64(0.2299548284141113), np.float64(0.23188442751962532), np.float64(0.2327854344484474), np.float64(0.23561175848012142), np.float64(0.24036377675119225), np.float64(0.24232467361134316), np.float64(0.24612338709715173), np.float64(0.24829746118867943), np.float64(0.2474971533536168), np.float64(0.24953330415003622), np.float64(0.2502511577945341), np.float64(0.2536469680247224), np.float64(0.25973460416098854), np.float64(0.25997866127267216), np.float64(0.26004582685459277), np.float64(0.26448754501962995), np.float64(0.26924758053087927), np.float64(0.27444286416001845), np.float64(0.2767060466398487), np.float64(0.2766423034334538), np.float64(0.279675150318267), np.float64(0.2850803156287984), np.float64(0.2862170159919273), np.float64(0.2871752885239462), np.float64(0.2893015695642949), np.float64(0.29070891181731073), np.float64(0.28776952246251447), np.float64(0.29306878649313517), np.float64(0.2970533600021197), np.float64(0.30045984539116405), np.float64(0.3015949061930697), np.float64(0.30321737051641), np.float64(0.30681835611327), np.float64(0.30559726421341477), np.float64(0.30761540757702976), np.float64(0.3097535540924249), np.float64(0.31176832347121053), np.float64(0.31354614588969626), np.float64(0.31423371929873445), np.float64(0.3184777120319746), np.float64(0.32459487403296217)]","[np.float64(0.5317435091697729), np.float64(1.0637691214002165), np.float64(1.5985999467944942), np.float64(2.1305890720405767), np.float64(2.664706235105475), np.float64(3.1921899347877343), np.float64(3.7170905891545183), np.float64(4.241610052975251), np.float64(4.763508447440378), np.float64(5.280668395896307), np.float64(5.794344930853843), np.float64(6.31639828895555), np.float64(6.831148001441211), np.float64(7.345062654087008), np.float64(7.8616010417763205), np.float64(8.358821478501556), np.float64(8.856435610980448), np.float64(9.365823013822917), np.float64(9.878718497934052), np.float64(10.387943061863773), np.float64(10.887569527348852), np.float64(11.379236200884957), np.float64(11.857979720872052), np.float64(12.33934247658524), np.float64(12.844263951284827), np.float64(13.33814034992841), np.float64(13.823891968590083), np.float64(14.310825737964247), np.float64(14.821703640502452), np.float64(15.298044874215405), np.float64(15.796360758546912), np.float64(16.276894284273524), np.float64(16.76705351439398), np.float64(17.22373927068699), np.float64(17.72913298917847), np.float64(18.205055048585024), np.float64(18.67532481103943), np.float64(19.15738521232362), np.float64(19.639708759711645), np.float64(20.143766962824884), np.float64(20.604732247727824), np.float64(21.091863335967734), np.float64(21.588514946692328), np.float64(22.056672467895986), np.float64(22.53180419475788), np.float64(22.970806071118435), np.float64(23.449978247490154), np.float64(23.916245903016826), np.float64(24.373627253656352), np.float64(24.837599961043054), np.float64(25.323730888350852), np.float64(25.77203725562778), np.float64(26.259556740834366), np.float64(26.722390321204248), np.float64(27.187333843661822), np.float64(27.66961517451959), np.float64(28.130391262610374), np.float64(28.58146011008847), np.float64(29.031621362787806), np.float64(29.47863231462576), np.float64(29.937600074226815), np.float64(30.389247739485686), np.float64(30.852639155169125), np.float64(31.335409902006035), np.float64(31.76873426277549), np.float64(32.237843250078654), np.float64(32.66009627830968), np.float64(33.107740274075724), np.float64(33.58195103016944), np.float64(34.05829047188119), np.float64(34.508484226692666), np.float64(34.94535335581197), np.float64(35.413505947487046), np.float64(35.887737785940885), np.float64(36.30190542765307), np.float64(36.73635109613102), np.float64(37.1654950710778), np.float64(37.643868853986824), np.float64(38.06777106552091), np.float64(38.49426059645019), np.float64(38.95258523612661), np.float64(39.48519246477045), np.float64(39.884379924431165), np.float64(40.31676283550362), np.float64(40.74865364276248), np.float64(41.21032503588988), np.float64(41.610875600761865), np.float64(42.060926276217494), np.float64(42.50556225701921), np.float64(42.96744240651535), np.float64(43.39514235387246), np.float64(43.78789129846421), np.float64(44.22889960870234), np.float64(44.63628804346962), np.float64(45.07184156083086), np.float64(45.560889327075756), np.float64(45.99795855448063), np.float64(46.458820992804206), np.float64(46.86928286979054), np.float64(47.2281802022626), np.float64(47.695842005098044), np.float64(48.16679426993437), np.float64(48.55351636237072), np.float64(48.93289477162931), np.float64(49.30260372038964), np.float64(49.72801788152917), np.float64(50.198403290873394), np.float64(50.607470254278915), np.float64(50.9685294690718), np.float64(51.41339717133566), np.float64(51.86147606460191), np.float64(52.28552923401978), np.float64(52.72359683879051), np.float64(53.25084717556878), np.float64(53.60777319270833), np.float64(53.990805768649075), np.float64(54.38487436479737), np.float64(54.8257811884895), np.float64(55.25597833212612), np.float64(55.64349164794895), np.float64(56.133419092019416), np.float64(56.553639275501546), np.float64(56.970634971574974), np.float64(57.389687087060345), np.float64(57.813343575727735), np.float64(58.260604114084295), np.float64(58.6284031970596), np.float64(58.95344328322786)]",36207.04353373075,14.407896352459511,-75.76310201268643,16620.01761841774
