Replicate,Mission,Mode,pH,Radius_nm,N_particles,Delta_f,Ka_Input_mNm,K_Lo_mNm,K_Ld_mNm,K_Int_mNm,Anionic_Fraction,Percolation,Heterogeneity,Ruptured,Rupture_Strain,Rupture_Tension_mNm,f_crit_kJmolnm,Toughness,Strain_Curve,Tension_Curve,U_bond_kJmol,U_bond_per_N,U_LJ_kJmol,U_dh_kJmol
5,STATE_A_RIPENING,SEEDED,6.8,20.0,2513,0.25,120.0,300.0,60.0,100.0,0.0477516912057302,0.017508953442101075,0.46378586346010564,True,0.3245788230842543,51.74947244955571,7.0,12.153825767872963,"[np.float64(-0.0006309777144809688), np.float64(-0.00047487842303673436), np.float64(0.0018638201564741012), np.float64(0.004132972384914718), np.float64(0.006709626240680838), np.float64(0.009427350149223624), np.float64(0.013791453673759281), np.float64(0.018982153679334778), np.float64(0.02562310560104898), np.float64(0.03457827194037367), np.float64(0.04309020062266953), np.float64(0.05068548997554518), np.float64(0.06014306614809833), np.float64(0.070485088566056), np.float64(0.08139059331895522), np.float64(0.09462232809603814), np.float64(0.10855153334996837), np.float64(0.12411433120358473), np.float64(0.14092161072137876), np.float64(0.15781046163096743), np.float64(0.17595033384442135), np.float64(0.19488718006601652), np.float64(0.2141127702084781), np.float64(0.2328764131133104), np.float64(0.2554483350026157), np.float64(0.2791158625700988), np.float64(0.3018082544946524), np.float64(0.3245788230842543)]","[np.float64(2.127765963573541), np.float64(4.255199613610298), np.float64(6.375345230893196), np.float64(8.49085015232992), np.float64(10.599971383752939), np.float64(12.702830869032086), np.float64(14.788036924823775), np.float64(16.857512765620733), np.float64(18.903203535121932), np.float64(20.912459966785423), np.float64(22.909655131905144), np.float64(24.901853734958497), np.float64(26.85640718619951), np.float64(28.782235598108564), np.float64(30.682218932122918), np.float64(32.52929346474119), np.float64(34.344545781322765), np.float64(36.11220956109082), np.float64(37.83663425626547), np.float64(39.536485409374876), np.float64(41.19187909033705), np.float64(42.810078993368315), np.float64(44.40021996189241), np.float64(45.97675002985687), np.float64(47.45996190948493), np.float64(48.89958853592562), np.float64(50.33580898127048), np.float64(51.74947244955571)]",14512.698053274658,5.775048966683111,-185.39294347912073,148.01343178749084
4,STATE_A_RIPENING,SEEDED,6.8,20.0,2513,0.25,120.0,300.0,60.0,100.0,0.05212892956625547,0.020294468762435337,0.4920770389087477,True,0.3237278548184497,52.03201329475844,7.0,12.37713027384464,"[np.float64(-0.0015392500014831882), np.float64(-0.002709649467925449), np.float64(-0.0019452900313330038), np.float64(3.872832757193465e-05), np.float64(0.0030047812202485635), np.float64(0.004817823145764641), np.float64(0.009017616220058571), np.float64(0.015313350566602633), np.float64(0.021601462456370405), np.float64(0.029467155862291976), np.float64(0.036986925748682134), np.float64(0.04580648251191722), np.float64(0.055748361596237424), np.float64(0.0669076400726319), np.float64(0.07801206477060672), np.float64(0.09060452150829484), np.float64(0.1066130576952206), np.float64(0.12212840034995828), np.float64(0.1377883622863068), np.float64(0.154085513939856), np.float64(0.17168819010145614), np.float64(0.18995701544690938), np.float64(0.2097229437819386), np.float64(0.2307081169574906), np.float64(0.25274229533352577), np.float64(0.27514190359196383), np.float64(0.29907809663913615), np.float64(0.3237278548184497)]","[np.float64(2.139668309642595), np.float64(4.281846953751458), np.float64(6.420310522645351), np.float64(8.551918133832043), np.float64(10.674080057147664), np.float64(12.797334992456527), np.float64(14.899120025205582), np.float64(16.974691558903274), np.float64(19.037666275668382), np.float64(21.071997462910975), np.float64(23.095001658418866), np.float64(25.088086266006254), np.float64(27.050487561477446), np.float64(28.978545015113454), np.float64(30.88811470645031), np.float64(32.75656012356504), np.float64(34.55118756660353), np.float64(36.329814556677356), np.float64(38.083320733222585), np.float64(39.80365504510725), np.float64(41.47870811634418), np.float64(43.11903144311404), np.float64(44.70919293022794), np.float64(46.25361299212453), np.float64(47.75524654337728), np.float64(49.22730291824001), np.float64(50.64750862178583), np.float64(52.03201329475844)]",14141.319484210653,5.627266010430025,-545.3056531781331,292.6857612133026
9,STATE_A_RIPENING,SEEDED,6.8,20.0,2513,0.25,120.0,300.0,60.0,100.0,0.050537206526064464,0.015121368881814564,0.47690024748585574,True,0.3228286289014991,51.81147559054759,7.0,12.246941497907098,"[np.float64(-0.0008187692870608395), np.float64(-0.0022645880290613524), np.float64(-0.0015658899261478767), np.float64(-0.001435418694126008), np.float64(0.001316815217716225), np.float64(0.005101702173099432), np.float64(0.009707080427922723), np.float64(0.014363285993971226), np.float64(0.019027412664719825), np.float64(0.025771105009731708), np.float64(0.03462672382162644), np.float64(0.04499461812829641), np.float64(0.05577950057235671), np.float64(0.067864636766686), np.float64(0.08034099459024367), np.float64(0.09521622374432198), np.float64(0.10838775796799842), np.float64(0.12347241725534389), np.float64(0.13912775020786952), np.float64(0.15546330263582425), np.float64(0.17273986114311637), np.float64(0.1924915325048777), np.float64(0.2125187708663918), np.float64(0.23332984858147351), np.float64(0.25492807828247893), np.float64(0.2759055485285657), np.float64(0.29869973339124894), np.float64(0.3228286289014991)]","[np.float64(2.129107495377404), np.float64(4.261299164272384), np.float64(6.389711831614304), np.float64(8.519059175993483), np.float64(10.634179143865623), np.float64(12.736965389194923), np.float64(14.825865698384721), np.float64(16.90491333227004), np.float64(18.9744544703546), np.float64(21.01331118052158), np.float64(23.015507824123823), np.float64(24.982962822951187), np.float64(26.92628648409312), np.float64(28.83298830757288), np.float64(30.713587950058084), np.float64(32.537918794556255), np.float64(34.365509231997024), np.float64(36.1419033722489), np.float64(37.88672865747939), np.float64(39.59785306239089), np.float64(41.27035207062906), np.float64(42.8760482907423), np.float64(44.453230071041496), np.float64(45.99295814287602), np.float64(47.495264759235546), np.float64(48.9873342997119), np.float64(50.42304990456099), np.float64(51.81147559054759)]",14040.378187345837,5.587098363448403,-61.48321983683854,254.43522691726685
0,STATE_A_RIPENING,SEEDED,6.8,20.0,2513,0.25,120.0,300.0,60.0,100.0,0.048149621965777954,0.01591723040191007,0.44617236099124763,True,0.3399142162033954,53.14703357872538,7.25,13.329289721982047,"[np.float64(-0.0023050210420337697), np.float64(-0.004134658622235764), np.float64(-0.004717619708701227), np.float64(-0.0025918035517126276), np.float64(0.0002263511352703264), np.float64(0.003484514694105721), np.float64(0.007223534026262319), np.float64(0.012850280836222647), np.float64(0.018921055495135616), np.float64(0.027054420516524073), np.float64(0.0350491501445013), np.float64(0.043950616621369044), np.float64(0.052984285869365634), np.float64(0.06347086890773589), np.float64(0.07549553865367571), np.float64(0.08759024551452974), np.float64(0.10188144085295626), np.float64(0.11751073050911236), np.float64(0.13393456576236468), np.float64(0.15019632179330025), np.float64(0.16688347316472593), np.float64(0.18510042383490696), np.float64(0.204695784583165), np.float64(0.22467854447770977), np.float64(0.24582973282911483), np.float64(0.2698287169068086), np.float64(0.29275838043742664), np.float64(0.3160987309861971), np.float64(0.3399142162033954)]","[np.float64(2.123834324976786), np.float64(4.251568839837557), np.float64(6.379220671771308), np.float64(8.496558534632463), np.float64(10.605725616000884), np.float64(12.70619282177476), np.float64(14.79635138726229), np.float64(16.86307957304581), np.float64(18.91436518471934), np.float64(20.93258197807134), np.float64(22.93674188744831), np.float64(24.914994593322813), np.float64(26.87521430645353), np.float64(28.799487904806572), np.float64(30.683611920262287), np.float64(32.546692410815716), np.float64(34.355875166500155), np.float64(36.121533780334396), np.float64(37.85115469262272), np.float64(39.560660802441944), np.float64(41.24060987362285), np.float64(42.87110058957208), np.float64(44.45377729772538), np.float64(46.0065551672006), np.float64(47.51494071409597), np.float64(48.94634923534836), np.float64(50.376108078166574), np.float64(51.77657575178656), np.float64(53.14703357872538)]",15141.999648999767,6.025467428969266,-56.140787480864674,125.40281391143799
1,STATE_A_RIPENING,SEEDED,6.8,20.0,2513,0.25,120.0,300.0,60.0,100.0,0.04894548348587346,0.012733784321528054,0.4598534259642486,True,0.33739040961825245,53.343166704418344,7.25,13.238846846193782,"[np.float64(-0.0007681509889260879), np.float64(-0.0010436948155236622), np.float64(-0.0005779929442517966), np.float64(0.0014508286928277996), np.float64(0.004795055764784106), np.float64(0.007065082031637997), np.float64(0.010501451758559627), np.float64(0.015233779042137586), np.float64(0.0212241480497812), np.float64(0.028274557970720825), np.float64(0.036505962120438114), np.float64(0.04518703950386912), np.float64(0.052556028876306504), np.float64(0.06261901273582303), np.float64(0.0744880917183482), np.float64(0.0863450054347675), np.float64(0.10017061030491459), np.float64(0.11365769958609266), np.float64(0.12962413455929023), np.float64(0.14609010211824572), np.float64(0.16314955453660793), np.float64(0.18254962766116575), np.float64(0.2033932455141324), np.float64(0.22459090105984314), np.float64(0.2438082025520446), np.float64(0.26608555584924753), np.float64(0.28941026171520284), np.float64(0.31128769516206295), np.float64(0.33739040961825245)]","[np.float64(2.1280251887426833), np.float64(4.256637313842517), np.float64(6.383468194632668), np.float64(8.502665117877104), np.float64(10.610629689261742), np.float64(12.718397073441546), np.float64(14.81287873133711), np.float64(16.8895024435399), np.float64(18.944880487433412), np.float64(20.977578410195235), np.float64(22.98352730994327), np.float64(24.96859680909705), np.float64(26.95446020663029), np.float64(28.89010650354204), np.float64(30.78224950384812), np.float64(32.65472231005203), np.float64(34.47694690958875), np.float64(36.283280091708995), np.float64(38.02738993141651), np.float64(39.740242510113156), np.float64(41.42012580866252), np.float64(43.035107412645054), np.float64(44.59990663298706), np.float64(46.134479577393435), np.float64(47.68405702743594), np.float64(49.15319121745968), np.float64(50.57991571921415), np.float64(52.013842309005994), np.float64(53.343166704418344)]",14257.257584771742,5.673401346904792,-62.422529069241136,158.0199019908905
2,STATE_A_RIPENING,SEEDED,6.8,20.0,2513,0.25,120.0,300.0,60.0,100.0,0.05372065260644648,0.016713091922005572,0.44134588556689686,True,0.34204868921932885,53.203090715165345,7.25,13.339687358834965,"[np.float64(-0.0017450397343392423), np.float64(-0.0016660596477187774), np.float64(-0.0021291605842518645), np.float64(-0.0003545115872971565), np.float64(0.003058295422510145), np.float64(0.007225076909445216), np.float64(0.011629340268853731), np.float64(0.017632045933168437), np.float64(0.023066932662082866), np.float64(0.029425468444736022), np.float64(0.03745526136118227), np.float64(0.046486392026285316), np.float64(0.05593744042976461), np.float64(0.0668242064500551), np.float64(0.07809137476351875), np.float64(0.0905206449292672), np.float64(0.10442299381632761), np.float64(0.1200565629972472), np.float64(0.13464232435618068), np.float64(0.15104373952454692), np.float64(0.16770758609590425), np.float64(0.1876095792090849), np.float64(0.2062221970787025), np.float64(0.2249443603332972), np.float64(0.24605091847927854), np.float64(0.2689670518948646), np.float64(0.29363200093339764), np.float64(0.31784505964722065), np.float64(0.34204868921932885)]","[np.float64(2.1271703074966113), np.float64(4.254172327197662), np.float64(6.382739055154638), np.float64(8.502761292251492), np.float64(10.610355079626931), np.float64(12.706062464808928), np.float64(14.791435779897146), np.float64(16.85456701599667), np.float64(18.91095608829534), np.float64(20.947179114144763), np.float64(22.952552900264276), np.float64(24.930871139604136), np.float64(26.887304056026313), np.float64(28.80743599362331), np.float64(30.703400236579373), np.float64(32.56312207961052), np.float64(34.379867771039045), np.float64(36.14727208837389), np.float64(37.90941754308541), np.float64(39.61932596751916), np.float64(41.30239582975102), np.float64(42.905091793754444), np.float64(44.5079076802966), np.float64(46.08674765931297), np.float64(47.59870250841001), np.float64(49.05363277958799), np.float64(50.45234880918713), np.float64(51.838073788134274), np.float64(53.203090715165345)]",14641.386268996603,5.826257966174533,-55.084763472899795,252.13504540920258
7,STATE_A_RIPENING,SEEDED,6.8,20.0,2513,0.25,120.0,300.0,60.0,100.0,0.05411858336649423,0.013529645841623557,0.4837271848068079,True,0.34105842792281604,53.25455294905144,7.25,13.282685813966927,"[np.float64(-0.0002587497183570191), np.float64(-0.0017729875178536128), np.float64(-0.001295837665247967), np.float64(0.000415992668529239), np.float64(0.0036140883283172446), np.float64(0.0062972541889937455), np.float64(0.011214671748665805), np.float64(0.01500238073029044), np.float64(0.0208908502705829), np.float64(0.027431655326653554), np.float64(0.03645710504555876), np.float64(0.04808837617535966), np.float64(0.05929106014898017), np.float64(0.06862962872490938), np.float64(0.07989281842037534), np.float64(0.09257424469865816), np.float64(0.10482645158919969), np.float64(0.11876342336360193), np.float64(0.13302618077865322), np.float64(0.1502344551021928), np.float64(0.16868546815991892), np.float64(0.18652761881812596), np.float64(0.20651151841941406), np.float64(0.22633345224852847), np.float64(0.24818415915643194), np.float64(0.2710864302014572), np.float64(0.2932016898580896), np.float64(0.3166349805267587), np.float64(0.34105842792281604)]","[np.float64(2.1268594410025123), np.float64(4.256943950553558), np.float64(6.383890366817785), np.float64(8.504568309133303), np.float64(10.61375907179574), np.float64(12.719519394942074), np.float64(14.803314101805904), np.float64(16.88647696250259), np.float64(18.942419444612675), np.float64(20.980030933070218), np.float64(22.97733276946851), np.float64(24.92670587010273), np.float64(26.860759853059854), np.float64(28.800300911956803), np.float64(30.69612310267369), np.float64(32.55195666205315), np.float64(34.39414239452937), np.float64(36.1897823179626), np.float64(37.95912768973742), np.float64(39.656958665919014), np.float64(41.30979769265401), np.float64(42.950314698359016), np.float64(44.529179734308386), np.float64(46.08817904884179), np.float64(47.58644600259881), np.float64(49.04202587442676), np.float64(50.49091345094161), np.float64(51.892898850916275), np.float64(53.25455294905144)]",14835.14968781576,5.903362390694691,-56.48546149022877,209.118265748024
3,STATE_A_RIPENING,SEEDED,6.8,20.0,2513,0.25,120.0,300.0,60.0,100.0,0.050537206526064464,0.024273776362912853,0.452226775967656,True,0.3435958302814471,53.20366275024698,7.25,13.342591579349964,"[np.float64(-0.0020392149531673507), np.float64(-0.0016798030842986318), np.float64(-7.217565537549212e-05), np.float64(0.0014472536761857271), np.float64(0.002995164999512087), np.float64(0.005935011857359174), np.float64(0.011342548173945477), np.float64(0.015609634003554692), np.float64(0.022171796216130968), np.float64(0.031167435233031525), np.float64(0.03837169639804675), np.float64(0.04699740547198365), np.float64(0.056173498898749175), np.float64(0.06584432767104471), np.float64(0.07815930203425456), np.float64(0.09130145778887899), np.float64(0.10538813492527058), np.float64(0.12047821607807205), np.float64(0.13686500959515424), np.float64(0.154231266549334), np.float64(0.17229195859084834), np.float64(0.19004948458689516), np.float64(0.21005562778742293), np.float64(0.23077950496819974), np.float64(0.2536616114449574), np.float64(0.2749555178786383), np.float64(0.29680495905500265), np.float64(0.3198778288720123), np.float64(0.3435958302814471)]","[np.float64(2.1287326419365558), np.float64(4.256698835740176), np.float64(6.379913429095854), np.float64(8.500095576882206), np.float64(10.616917490806475), np.float64(12.721670591037144), np.float64(14.802216713862084), np.float64(16.881243670676216), np.float64(18.93034026256682), np.float64(20.941764093036397), np.float64(22.95588930829831), np.float64(24.93941723338671), np.float64(26.900080329407555), np.float64(28.83759274081746), np.float64(30.72045541589942), np.float64(32.570578524191674), np.float64(34.385027794550275), np.float64(36.1616846006448), np.float64(37.89457220336337), np.float64(39.58780624613351), np.float64(41.245755161257655), np.float64(42.88624558300034), np.float64(44.463436525671085), np.float64(46.004357692233825), np.float64(47.48185775090865), np.float64(48.967021619349964), np.float64(50.42016824437688), np.float64(51.828545624879595), np.float64(53.20366275024698)]",14874.29022432051,5.918937614134704,-184.30292567238212,195.32220315933228
6,STATE_A_RIPENING,SEEDED,6.8,20.0,2513,0.25,120.0,300.0,60.0,100.0,0.05133306804615997,0.023079984082769598,0.4465435062675213,True,0.34686594281516003,53.30355582837427,7.25,13.447937513639204,"[np.float64(-0.0002688348618667731), np.float64(0.0003076326512031194), np.float64(0.0006136237886275846), np.float64(0.0011015231859061439), np.float64(0.0038753353253858794), np.float64(0.006176134760840117), np.float64(0.009763386753752289), np.float64(0.015118027295947191), np.float64(0.021448421278346053), np.float64(0.029991049457406473), np.float64(0.03938567549008269), np.float64(0.049464626341990794), np.float64(0.06021618596963134), np.float64(0.07215857722700408), np.float64(0.08476583290042211), np.float64(0.09826136857423598), np.float64(0.11088033115950983), np.float64(0.12444801337044836), np.float64(0.13962168684117224), np.float64(0.1559777605960548), np.float64(0.17397930458534802), np.float64(0.1925236233334724), np.float64(0.21158911233232777), np.float64(0.2318336954588069), np.float64(0.2524871298933151), np.float64(0.2751089541541915), np.float64(0.29895915551165436), np.float64(0.3214801293872512), np.float64(0.34686594281516003)]","[np.float64(2.1334317485961907), np.float64(4.265633844140093), np.float64(6.397472357119529), np.float64(8.527884297186828), np.float64(10.645118038755037), np.float64(12.759528122149526), np.float64(14.859650654690808), np.float64(16.937608331475623), np.float64(18.99567181833613), np.float64(21.01859315016027), np.float64(23.01572663702999), np.float64(24.987206898744905), np.float64(26.931869807946544), np.float64(28.841569670416312), np.float64(30.721585787806184), np.float64(32.56773068481863), np.float64(34.406116206561116), np.float64(36.2095546621863), np.float64(37.96589283133798), np.float64(39.68036198284059), np.float64(41.34370977790038), np.float64(42.97437354172135), np.float64(44.57286234548734), np.float64(46.127038354878295), np.float64(47.651189018556096), np.float64(49.11566961791382), np.float64(50.53431528967244), np.float64(51.95748033300306), np.float64(53.30355582837427)]",14482.40273913207,5.7629935293004655,-57.87425988446921,271.34085953235626
8,STATE_A_RIPENING,SEEDED,6.8,20.0,2513,0.25,120.0,300.0,60.0,100.0,0.04536410664544369,0.02626343016315161,0.46987458017051625,True,0.34352209781799664,53.27765285831571,7.25,13.301352771268906,"[np.float64(-0.002733281050876251), np.float64(-0.002347644184731027), np.float64(-0.002316034489813117), np.float64(-0.0014098746689158548), np.float64(0.0028108697860146025), np.float64(0.006329814145453879), np.float64(0.01121059830037615), np.float64(0.01819693809325263), np.float64(0.025550348144252364), np.float64(0.03202729931733048), np.float64(0.04069089233495629), np.float64(0.04970427481211004), np.float64(0.060111696490764074), np.float64(0.07131509729346315), np.float64(0.08344573083797815), np.float64(0.09692227455406364), np.float64(0.11063036404144944), np.float64(0.12579371511899132), np.float64(0.1405406273388187), np.float64(0.1561709513171087), np.float64(0.17296624685817139), np.float64(0.19114778914134006), np.float64(0.20885550194111094), np.float64(0.2285189792787559), np.float64(0.24910429610638352), np.float64(0.2704890643848678), np.float64(0.2934115128945967), np.float64(0.3185635140684336), np.float64(0.34352209781799664)]","[np.float64(2.132376216269301), np.float64(4.263928094924286), np.float64(6.395790820821825), np.float64(8.523851022077327), np.float64(10.632367538033337), np.float64(12.736513887329108), np.float64(14.823362406732565), np.float64(16.882765434137752), np.float64(18.92489632938451), np.float64(20.96157445971813), np.float64(22.961555272014024), np.float64(24.941194893115405), np.float64(26.88667094522286), np.float64(28.803079025394155), np.float64(30.68719341465692), np.float64(32.5313096674867), np.float64(34.350545870970386), np.float64(36.12539363827111), np.float64(37.8850368352865), np.float64(39.60850602371915), np.float64(41.29010906701943), np.float64(42.92490564478063), np.float64(44.54614569431626), np.float64(46.109434873956765), np.float64(47.633243005692485), np.float64(49.11988882863674), np.float64(50.555090927924425), np.float64(51.925058811166146), np.float64(53.27765285831571)]",14482.410438694951,5.762996593193375,-63.99258082965389,180.8098667860031
13,STATE_A_RIPENING,SEEDED,6.8,20.0,2513,0.25,120.0,300.0,60.0,100.0,0.05451651412654198,0.026661360923199363,0.47683308331042257,True,0.32269538806893716,52.01018762472141,7.0,12.129805539868718,"[np.float64(-0.000791928241788137), np.float64(-0.0008225785313742335), np.float64(0.0005664222221006113), np.float64(0.0014671221792790768), np.float64(0.004779721985082283), np.float64(0.009381076064891485), np.float64(0.013396661554517696), np.float64(0.018304333122830925), np.float64(0.02516319086376089), np.float64(0.032927971627205496), np.float64(0.042208863131232274), np.float64(0.051535319929043574), np.float64(0.06235538326874403), np.float64(0.0715232916038833), np.float64(0.08257914295595763), np.float64(0.09599812114138354), np.float64(0.11057281664101556), np.float64(0.12597169138736602), np.float64(0.14111327236077403), np.float64(0.1577132002861733), np.float64(0.1754528175197822), np.float64(0.19362556150272336), np.float64(0.2127468126166273), np.float64(0.2336090139405556), np.float64(0.2547789460259318), np.float64(0.27584326613876886), np.float64(0.29820294524820395), np.float64(0.32269538806893716)]","[np.float64(2.1371368949967047), np.float64(4.274339347281812), np.float64(6.407057200669849), np.float64(8.538900482056988), np.float64(10.65601644932028), np.float64(12.75804060379068), np.float64(14.854861744951751), np.float64(16.936025536962582), np.float64(18.989184586438533), np.float64(21.019640773337418), np.float64(23.018425448372138), np.float64(24.99940212770331), np.float64(26.944414422901986), np.float64(28.892660640757768), np.float64(30.797945064691852), np.float64(32.64941368049058), np.float64(34.46162169323275), np.float64(36.2384053001971), np.float64(37.9970194678358), np.float64(39.70907877711393), np.float64(41.37871530097863), np.float64(43.01787311741536), np.float64(44.617278249200005), np.float64(46.16180514329475), np.float64(47.67785471576129), np.float64(49.17393851344918), np.float64(50.62357108567111), np.float64(52.01018762472141)]",13526.900072980683,5.382769627131191,-62.77486462565139,247.88446521759033
18,STATE_A_RIPENING,SEEDED,6.8,20.0,2513,0.25,120.0,300.0,60.0,100.0,0.05769996020692399,0.015121368881814564,0.4666935052501472,True,0.33022972636091813,51.791325054477994,7.0,12.402119388698472,"[np.float64(-0.0018752677176854607), np.float64(-0.0018985727576849851), np.float64(-0.0013284449805276567), np.float64(0.0004822371860290248), np.float64(0.0027417993581390606), np.float64(0.0064529221318061205), np.float64(0.011848820372647761), np.float64(0.01779911814611137), np.float64(0.024969385088565818), np.float64(0.03224189150811692), np.float64(0.041574920236060735), np.float64(0.0513766729677086), np.float64(0.061409561797079446), np.float64(0.07370578153564672), np.float64(0.08598492311794752), np.float64(0.09943274695108001), np.float64(0.1129457955534416), np.float64(0.12823586620486838), np.float64(0.14451767818567057), np.float64(0.16146548455487036), np.float64(0.1799530392611345), np.float64(0.19857644131740473), np.float64(0.21806239321237011), np.float64(0.23826419612749125), np.float64(0.2609247932405838), np.float64(0.2847009311755609), np.float64(0.30829885046645844), np.float64(0.33022972636091813)]","[np.float64(2.1353541179691247), np.float64(4.27075809482161), np.float64(6.404308293636585), np.float64(8.531347173952874), np.float64(10.652161941121467), np.float64(12.759005750905278), np.float64(14.84576359456746), np.float64(16.916918897452657), np.float64(18.96484851299811), np.float64(20.997692688824664), np.float64(22.993746733069322), np.float64(24.96688684121485), np.float64(26.919325250429498), np.float64(28.823565687073167), np.float64(30.707303149130457), np.float64(32.55352061971391), np.float64(34.377495205022846), np.float64(36.152211547057775), np.float64(37.888260241535605), np.float64(39.59033319891602), np.float64(41.24290506348181), np.float64(42.86986615727153), np.float64(44.45855918391972), np.float64(46.01155376842151), np.float64(47.496076117645615), np.float64(48.93669595665811), np.float64(50.35847844150711), np.float64(51.791325054477994)]",14133.345533436246,5.624092930137782,-64.55096280667931,233.13588905334473
11,STATE_A_RIPENING,SEEDED,6.8,20.0,2513,0.25,120.0,300.0,60.0,100.0,0.04456824512534819,0.020692399522483088,0.4319291232150386,True,0.3396585005897846,53.24402563407584,7.25,13.201916757825618,"[np.float64(-0.0012549844026022636), np.float64(-0.0032458089058225318), np.float64(-0.0021865474983812794), np.float64(-0.0006157452778500391), np.float64(0.0033219480466143056), np.float64(0.008348990408779521), np.float64(0.012515579366401354), np.float64(0.017147239432680966), np.float64(0.024064925592733277), np.float64(0.031063819022494055), np.float64(0.03941926017879466), np.float64(0.04715170963630568), np.float64(0.057083112272030466), np.float64(0.06710369932116102), np.float64(0.07802243655425309), np.float64(0.09233577005578061), np.float64(0.10481842193579041), np.float64(0.11882238026757282), np.float64(0.13530183155810196), np.float64(0.15058794888729946), np.float64(0.16816347051110922), np.float64(0.18652566377011573), np.float64(0.2055148293434678), np.float64(0.22627198511557223), np.float64(0.24708089973232886), np.float64(0.2696804739504949), np.float64(0.29177139313043776), np.float64(0.314500439277408), np.float64(0.3396585005897846)]","[np.float64(2.1263885526257393), np.float64(4.257022038251481), np.float64(6.382142771952272), np.float64(8.50283355890377), np.float64(10.60766476002956), np.float64(12.697427873079503), np.float64(14.783154674065957), np.float64(16.856523589452312), np.float64(18.899429800313218), np.float64(20.927972905210844), np.float64(22.92805649896454), np.float64(24.919904923450865), np.float64(26.869446671689992), np.float64(28.8001441165828), np.float64(30.700630677831793), np.float64(32.53208085087862), np.float64(34.369515170331915), np.float64(36.16278510069925), np.float64(37.89377479488812), np.float64(39.622331139064165), np.float64(41.28929068255002), np.float64(42.91944039520462), np.float64(44.51552457458823), np.float64(46.05616543201103), np.float64(47.57322933320456), np.float64(49.03385806949012), np.float64(50.48250196699387), np.float64(51.89763909946237), np.float64(53.24402563407584)]",14390.021452788162,5.726232173811445,-55.43765575066209,145.305490732193
12,STATE_A_RIPENING,SEEDED,6.8,20.0,2513,0.25,120.0,300.0,60.0,100.0,0.048547552725825706,0.017111022682053324,0.43909888987835266,True,0.34089865081264964,53.25468879747053,7.25,13.250517175957759,"[np.float64(-0.001063895905526005), np.float64(-0.001550288942479441), np.float64(-0.0004921287869169504), np.float64(0.0006260463531080405), np.float64(0.0026647786047868456), np.float64(0.006996599555581049), np.float64(0.01061544415398296), np.float64(0.017168256727089933), np.float64(0.023604509576395205), np.float64(0.030993218979772728), np.float64(0.03837527278278176), np.float64(0.04785769117422795), np.float64(0.05642624897120382), np.float64(0.06749670764923905), np.float64(0.0798571567667164), np.float64(0.09326705469409273), np.float64(0.10689996066917817), np.float64(0.12091781200192415), np.float64(0.13671116893458013), np.float64(0.15316580004988678), np.float64(0.169287238835552), np.float64(0.18776315097554885), np.float64(0.20569039394041108), np.float64(0.22501259514715166), np.float64(0.24655741962085317), np.float64(0.2692444033083353), np.float64(0.2922281019083743), np.float64(0.31538748396271515), np.float64(0.34089865081264964)]","[np.float64(2.1275950694178163), np.float64(4.256226466870405), np.float64(6.380959315291623), np.float64(8.503190714266744), np.float64(10.618176859197801), np.float64(12.714376817705386), np.float64(14.806857771901441), np.float64(16.867527151702397), np.float64(18.916215122075126), np.float64(20.942567588442678), np.float64(22.95479119034294), np.float64(24.92802798207376), np.float64(26.89562189243937), np.float64(28.81393643135168), np.float64(30.694879567713013), np.float64(32.539785242551645), np.float64(34.35995335029198), np.float64(36.15292581933249), np.float64(37.895388824282506), np.float64(39.60426418836709), np.float64(41.29681136168431), np.float64(42.92552219860096), np.float64(44.54180023051743), np.float64(46.110389935640974), np.float64(47.614770436525816), np.float64(49.07480127058285), np.float64(50.507050061006794), np.float64(51.91453984434295), np.float64(53.25468879747053)]",14993.057485657511,5.966198760707327,-116.47784860199317,233.6127414703369
10,STATE_A_RIPENING,SEEDED,6.8,20.0,2513,0.25,120.0,300.0,60.0,100.0,0.05173099880620772,0.014723438121766812,0.46158903675571317,True,0.33902596066607504,53.42829668393868,7.25,13.216909685983465,"[np.float64(-0.0019447431342888984), np.float64(-0.0037233040778705314), np.float64(-0.0023084799557322806), np.float64(0.001021560810339712), np.float64(0.0032965040982595476), np.float64(0.004988590267290572), np.float64(0.009344702551969179), np.float64(0.0147296497921217), np.float64(0.020886391865602153), np.float64(0.02793139384087414), np.float64(0.03643337652829608), np.float64(0.04668911347727886), np.float64(0.057453029776279016), np.float64(0.06834322942480614), np.float64(0.07960312359755412), np.float64(0.09354254426615263), np.float64(0.10740709843031371), np.float64(0.12144229570583989), np.float64(0.13620989001815909), np.float64(0.15184795046571914), np.float64(0.16940054905653823), np.float64(0.18799744145637012), np.float64(0.20710159840394748), np.float64(0.22741007484543646), np.float64(0.246895931479751), np.float64(0.26915015155018823), np.float64(0.291505333854944), np.float64(0.3151860297162702), np.float64(0.33902596066607504)]","[np.float64(2.133980940931184), np.float64(4.271769782599698), np.float64(6.403109721621472), np.float64(8.523267228233419), np.float64(10.641998280048167), np.float64(12.759642730909071), np.float64(14.854092209962799), np.float64(16.93100123358359), np.float64(18.989854254671123), np.float64(21.02740911685965), np.float64(23.035085023763926), np.float64(25.005769410643694), np.float64(26.951357132819492), np.float64(28.876228131187492), np.float64(30.777052290010392), np.float64(32.618949489654725), np.float64(34.439996562756185), np.float64(36.23696936377651), np.float64(38.00074822906681), np.float64(39.72832438518272), np.float64(41.40048964663509), np.float64(43.03113068222716), np.float64(44.62967796145991), np.float64(46.18322210032461), np.float64(47.73014286507092), np.float64(49.20221728144204), np.float64(50.65047139887885), np.float64(52.05138230815614), np.float64(53.42829668393868)]",14168.475241915668,5.638072121733255,-59.00363729009405,142.52706825733185
14,STATE_A_RIPENING,SEEDED,6.8,20.0,2513,0.25,120.0,300.0,60.0,100.0,0.046159968165539196,0.01870274572224433,0.4378465672421977,True,0.3431540943968346,53.217859934046785,7.25,13.326813327546484,"[np.float64(-0.0018431392852569417), np.float64(-0.0019843282259862376), np.float64(-0.0001610798287501439), np.float64(0.001110728875666062), np.float64(0.00400653709496259), np.float64(0.0065894621893161556), np.float64(0.009601722751373967), np.float64(0.015490776346775191), np.float64(0.021259038058965552), np.float64(0.02802677153032294), np.float64(0.036805724820350084), np.float64(0.047338592821133334), np.float64(0.05751545958220959), np.float64(0.06770807079898726), np.float64(0.07946989256081272), np.float64(0.09268620686173903), np.float64(0.10715038053653618), np.float64(0.12265455921277675), np.float64(0.1392484600297534), np.float64(0.15504785172664812), np.float64(0.1721050767797082), np.float64(0.19036944083870788), np.float64(0.21033824895550912), np.float64(0.2297461217624808), np.float64(0.24929732525955384), np.float64(0.27226632206885776), np.float64(0.29562015078540815), np.float64(0.3181365065222513), np.float64(0.3431540943968346)]","[np.float64(2.1287415169509063), np.float64(4.257784175596549), np.float64(6.380850419636681), np.float64(8.5023946972075), np.float64(10.612655396418807), np.float64(12.718836631630118), np.float64(14.816489818870927), np.float64(16.883960360014843), np.float64(18.940737330016265), np.float64(20.975876440632398), np.float64(22.97557136001479), np.float64(24.937908147534426), np.float64(26.88576004450006), np.float64(28.81536342087664), np.float64(30.704944765809792), np.float64(32.55326702318536), np.float64(34.3611699831717), np.float64(36.13031611005485), np.float64(37.858787806295425), np.float64(39.57786253215557), np.float64(41.253267187744214), np.float64(42.8848726411468), np.float64(44.46279763764164), np.float64(46.02839583790747), np.float64(47.56959259850687), np.float64(49.023764884993085), np.float64(50.448382422484435), np.float64(51.86807923719151), np.float64(53.217859934046785)]",14704.117182935499,5.8512205264367285,-58.94489789567888,122.35355019569397
15,STATE_A_RIPENING,SEEDED,6.8,20.0,2513,0.25,120.0,300.0,60.0,100.0,0.0469558296856347,0.029048945483485872,0.482780120313988,True,0.34037851422546644,53.37397517896788,7.25,13.384263989530691,"[np.float64(-0.0006843884719098498), np.float64(-0.0014540773607360257), np.float64(-0.001942044732012147), np.float64(-0.00024096158800627563), np.float64(0.001680471996957748), np.float64(0.0046749805322253354), np.float64(0.009788043850263982), np.float64(0.013429054004694244), np.float64(0.020068668517249096), np.float64(0.026423480863243413), np.float64(0.033735727920946014), np.float64(0.042686437148860536), np.float64(0.05117580765247997), np.float64(0.06313304682803829), np.float64(0.07533420464811767), np.float64(0.0872193745389857), np.float64(0.10143508599675656), np.float64(0.1174196451878318), np.float64(0.1339340889500831), np.float64(0.1500027095871304), np.float64(0.16737774145462075), np.float64(0.18532015600902307), np.float64(0.20655921927809695), np.float64(0.22621572905223872), np.float64(0.2474246931966831), np.float64(0.26907513422345963), np.float64(0.29148673515137563), np.float64(0.3153358213323497), np.float64(0.34037851422546644)]","[np.float64(2.1315422442670875), np.float64(4.2647271854936), np.float64(6.398654409941542), np.float64(8.524277945474996), np.float64(10.645122928843806), np.float64(12.755096159440676), np.float64(14.843222861262742), np.float64(16.93318260527801), np.float64(18.98773165905238), np.float64(21.03206866441593), np.float64(23.053305317901827), np.float64(25.040884442971766), np.float64(27.01786043508749), np.float64(28.932069978339484), np.float64(30.822283391323865), np.float64(32.69690695091402), np.float64(34.51554603146363), np.float64(36.28353848105194), np.float64(38.019375195102), np.float64(39.73981528236712), np.float64(41.41511492376494), np.float64(43.057630478681794), np.float64(44.61683866869474), np.float64(46.18203654705237), np.float64(47.695578478059275), np.float64(49.178464068813774), np.float64(50.62488730596338), np.float64(52.02175360266501), np.float64(53.37397517896788)]",14412.720707794582,5.735264905608668,-62.621952884830534,160.97974860668182
16,STATE_A_RIPENING,SEEDED,6.8,20.0,2513,0.25,120.0,300.0,60.0,100.0,0.04496617588539594,0.01910067648229208,0.4759146817107784,True,0.3382320367294452,53.29137983735558,7.25,13.159618791387334,"[np.float64(-0.0002971243795382202), np.float64(-0.0013422984250426335), np.float64(-0.0021363312089884515), np.float64(0.00022461266382447695), np.float64(0.003205576323556612), np.float64(0.005521019472323572), np.float64(0.010066035662641425), np.float64(0.015536189426235126), np.float64(0.020884093121481723), np.float64(0.027967335710765755), np.float64(0.03638860645804396), np.float64(0.04550001920961476), np.float64(0.05643442003403947), np.float64(0.06665686895003707), np.float64(0.0792541227024527), np.float64(0.09118305797823306), np.float64(0.10477840512850803), np.float64(0.11837627872498868), np.float64(0.13433288035722915), np.float64(0.15142519834097978), np.float64(0.16889178002971575), np.float64(0.1876285015033592), np.float64(0.20779398751475042), np.float64(0.22608531475094498), np.float64(0.24688915110641413), np.float64(0.2685653661169893), np.float64(0.2912021894590395), np.float64(0.31466048793417795), np.float64(0.3382320367294452)]","[np.float64(2.1261270257961806), np.float64(4.2544786293086165), np.float64(6.3842565099874955), np.float64(8.502289753611093), np.float64(10.612060425411215), np.float64(12.719802035848918), np.float64(14.80634398220821), np.float64(16.87590078271566), np.float64(18.935595584425432), np.float64(20.96693849266814), np.float64(22.969738386151743), np.float64(24.948469141378684), np.float64(26.88727317309144), np.float64(28.816441346695797), np.float64(30.69404175122045), np.float64(32.560859033136666), np.float64(34.38238600125302), np.float64(36.18288653368583), np.float64(37.9234656906272), np.float64(39.62203794247636), np.float64(41.291135025417645), np.float64(42.91479612651577), np.float64(44.489352287854544), np.float64(46.07608544301516), np.float64(47.593841961970085), np.float64(49.07288618747479), np.float64(50.51162215559087), np.float64(51.91297342908062), np.float64(53.29137983735558)]",14882.607555680563,5.922247336124379,-258.89281379105523,204.2570037841797
17,STATE_A_RIPENING,SEEDED,6.8,20.0,2513,0.25,120.0,300.0,60.0,100.0,0.04894548348587346,0.02825308396339037,0.49297020433574834,True,0.3406518250840891,53.249111712676196,7.25,13.300923944438727,"[np.float64(-0.0020252179432552727), np.float64(-0.0021844547013313118), np.float64(-0.0008554577549535419), np.float64(0.0004017426998072391), np.float64(0.002244799232140619), np.float64(0.00594751754510304), np.float64(0.009650830116288625), np.float64(0.014410674513804109), np.float64(0.02129696187792364), np.float64(0.029063273226894865), np.float64(0.037953810269814245), np.float64(0.04697276222683696), np.float64(0.05773956312518896), np.float64(0.06776940000081547), np.float64(0.08001050529476433), np.float64(0.09219700395250206), np.float64(0.10443259531539328), np.float64(0.11956631561248783), np.float64(0.13398273346647038), np.float64(0.15096260849054016), np.float64(0.16845639127545872), np.float64(0.18650456523866127), np.float64(0.20389623438687676), np.float64(0.22374572870581572), np.float64(0.24547560892909062), np.float64(0.2667579492133803), np.float64(0.29031957799416963), np.float64(0.31470766633377417), np.float64(0.3406518250840891)]","[np.float64(2.128200729721186), np.float64(4.256741075583881), np.float64(6.380863670676706), np.float64(8.502470678171754), np.float64(10.618311703690175), np.float64(12.71850192724781), np.float64(14.81101453138158), np.float64(16.887114695000665), np.float64(18.933846888609985), np.float64(20.958072192566213), np.float64(22.954933701027507), np.float64(24.933653838569384), np.float64(26.873630980109997), np.float64(28.804588258282404), np.float64(30.686661340893423), np.float64(32.549315772234586), np.float64(34.391544883046365), np.float64(36.16762280655748), np.float64(37.93348566744776), np.float64(39.63435177030614), np.float64(41.30336277913016), np.float64(42.93983244032934), np.float64(44.566207637147535), np.float64(46.125174117471275), np.float64(47.62607226550472), np.float64(49.11327559028566), np.float64(50.53444403539063), np.float64(51.91774308555998), np.float64(53.249111712676196)]",14761.2997625185,5.8739752337916835,-55.627579091116786,186.3284468650818
19,STATE_A_RIPENING,SEEDED,6.8,20.0,2513,0.25,120.0,300.0,60.0,100.0,0.048149621965777954,0.016713091922005572,0.42849558428666423,True,0.3397878799593952,53.25742475536184,7.25,13.189730166616844,"[np.float64(-0.0018560022434819775), np.float64(-0.00211581661810309), np.float64(-0.0014228581959934298), np.float64(0.0004948992703730848), np.float64(0.002224532487986491), np.float64(0.007342289260285119), np.float64(0.011896614074565421), np.float64(0.016429326263022858), np.float64(0.023650461142943148), np.float64(0.03026286030761532), np.float64(0.03777937753617546), np.float64(0.0467281895791894), np.float64(0.0565469708510175), np.float64(0.0686063900982715), np.float64(0.0807962327223477), np.float64(0.09333095854702823), np.float64(0.10697305704694988), np.float64(0.12167242499894816), np.float64(0.13745201857315031), np.float64(0.1549495769966954), np.float64(0.17063242022959632), np.float64(0.18771098927927998), np.float64(0.2062372600004649), np.float64(0.2253254213209059), np.float64(0.24674473525110346), np.float64(0.2689703405563968), np.float64(0.29049852003938276), np.float64(0.31315711113217304), np.float64(0.3397878799593952)]","[np.float64(2.127666654167107), np.float64(4.255887242761346), np.float64(6.381615463397839), np.float64(8.50066181498688), np.float64(10.616654314190159), np.float64(12.707581510101814), np.float64(14.792110947901358), np.float64(16.867533464418024), np.float64(18.908925604400423), np.float64(20.942386227498154), np.float64(22.95304742148608), np.float64(24.932422214750705), np.float64(26.884324860318983), np.float64(28.78852003471961), np.float64(30.670406696783296), np.float64(32.52702524404387), np.float64(34.34634935180772), np.float64(36.12764646081886), np.float64(37.869297172242895), np.float64(39.55930658989944), np.float64(41.25809845265674), np.float64(42.91088586668221), np.float64(44.51554073949126), np.float64(46.08777126057398), np.float64(47.59391428441358), np.float64(49.06228818554802), np.float64(50.52254224027202), np.float64(51.939752202528226), np.float64(53.25742475536184)]",14605.257335565024,5.811881152234391,-58.596271430607885,176.0864269733429
20,STATE_A_RIPENING,SEEDED,6.8,20.0,2513,0.25,120.0,300.0,60.0,100.0,0.04218066056506168,0.02347791484281735,0.46704082519401063,True,0.34310989432679195,53.365416316647696,7.25,13.36284189063943,"[np.float64(-0.0011666008883099237), np.float64(-0.0005590798162654209), np.float64(-0.00022925469622973033), np.float64(0.0012056722520611051), np.float64(0.003052693624303938), np.float64(0.006351524578455141), np.float64(0.010904172023924057), np.float64(0.017302931635567995), np.float64(0.02306123543131647), np.float64(0.030450774052696188), np.float64(0.0386761516659997), np.float64(0.048466181127999476), np.float64(0.0589338582278749), np.float64(0.06899456200052849), np.float64(0.08111082588101458), np.float64(0.0941535361371842), np.float64(0.10713560847732112), np.float64(0.11987914812571174), np.float64(0.13410483509614965), np.float64(0.15143444446221752), np.float64(0.16967361604571954), np.float64(0.18876469346400593), np.float64(0.2085980931257799), np.float64(0.22875873121202356), np.float64(0.2498796285694495), np.float64(0.2720620235238148), np.float64(0.2942559775365316), np.float64(0.31817315599472495), np.float64(0.34310989432679195)]","[np.float64(2.1338856858931017), np.float64(4.266474068906172), np.float64(6.398655381530567), np.float64(8.525424619022331), np.float64(10.646964553984768), np.float64(12.755399758256479), np.float64(14.847752640407503), np.float64(16.91540954499735), np.float64(18.976205418015788), np.float64(21.008935766006942), np.float64(23.0181429687369), np.float64(24.99319115893498), np.float64(26.941800327095258), np.float64(28.87739183711939), np.float64(30.766197886065523), np.float64(32.62109437239245), np.float64(34.45610561640775), np.float64(36.274764707028545), np.float64(38.04912536436008), np.float64(39.74917006453789), np.float64(41.40994235899976), np.float64(43.032087065415475), np.float64(44.61743111443047), np.float64(46.173799357123336), np.float64(47.68959035850577), np.float64(49.16283089333783), np.float64(50.614080626919396), np.float64(52.01031425799941), np.float64(53.365416316647696)]",14628.375023937067,5.821080391538825,-143.16408260632306,114.37584090232849
22,STATE_A_RIPENING,SEEDED,6.8,20.0,2513,0.25,120.0,300.0,60.0,100.0,0.04974134500596896,0.02347791484281735,0.4662835997297588,True,0.3342916180567134,53.340762110068894,7.25,13.168330136790228,"[np.float64(-0.0026401489845896543), np.float64(-0.0026637422948053526), np.float64(-0.003131021279415305), np.float64(-0.0012196903291754367), np.float64(0.001517752690792773), np.float64(0.0035348373462951795), np.float64(0.008145776374958634), np.float64(0.011684725865611036), np.float64(0.01899032376247152), np.float64(0.02695562045452289), np.float64(0.034645554416689664), np.float64(0.04300774232695351), np.float64(0.05378172225580813), np.float64(0.06350058195761388), np.float64(0.07532098721250988), np.float64(0.08801149028187047), np.float64(0.10097121479064035), np.float64(0.11441609726724718), np.float64(0.12925046402666487), np.float64(0.14553082783621082), np.float64(0.16224182415039787), np.float64(0.18057099668221233), np.float64(0.19878988002366302), np.float64(0.2188377171598758), np.float64(0.23926553213686494), np.float64(0.2616820046967852), np.float64(0.2846214104922503), np.float64(0.3093375329236087), np.float64(0.3342916180567134)]","[np.float64(2.1274563421516173), np.float64(4.25496301180333), np.float64(6.383940217161843), np.float64(8.503771907270025), np.float64(10.615177872901182), np.float64(12.725405232932786), np.float64(14.81231604794303), np.float64(16.898726916951894), np.float64(18.942795764602156), np.float64(20.96576720996791), np.float64(22.97647942257302), np.float64(24.964569273548594), np.float64(26.906339575879887), np.float64(28.8433544638424), np.float64(30.733271703530608), np.float64(32.590411128889784), np.float64(34.42290645252119), np.float64(36.22725384372381), np.float64(37.98788018286286), np.float64(39.702074732138435), np.float64(41.38639917683071), np.float64(43.019288516083044), np.float64(44.631645552634495), np.float64(46.18754688529036), np.float64(47.71384558270463), np.float64(49.17959987536158), np.float64(50.6130819779919), np.float64(51.98988060623346), np.float64(53.340762110068894)]",14448.361716818004,5.749447559418227,-58.442270854022354,191.21170830726624
21,STATE_A_RIPENING,SEEDED,6.8,20.0,2513,0.25,120.0,300.0,60.0,100.0,0.05730202944687624,0.029844807003581376,0.4821874186579596,True,0.3408505174734275,53.35495847970218,7.25,13.307494157981385,"[np.float64(-0.0017078683097172791), np.float64(-0.0021046186170926404), np.float64(-0.0008466822033415444), np.float64(0.0023380670252950253), np.float64(0.003721194777755526), np.float64(0.0067484188402297095), np.float64(0.011749108521203548), np.float64(0.016677130587837704), np.float64(0.022704043210169108), np.float64(0.029299486573615363), np.float64(0.03757639384709437), np.float64(0.04716540795069749), np.float64(0.056080172671294455), np.float64(0.06628254844428336), np.float64(0.07841834087193404), np.float64(0.09135502353761543), np.float64(0.10410609873262655), np.float64(0.1200330139063367), np.float64(0.1356341766762808), np.float64(0.15167307289525322), np.float64(0.1687782905762401), np.float64(0.18696288503040817), np.float64(0.2044857001512421), np.float64(0.2241776018170099), np.float64(0.24604543095333453), np.float64(0.2687803095801453), np.float64(0.29271754961244095), np.float64(0.31598775367343307), np.float64(0.3408505174734275)]","[np.float64(2.1322501139464234), np.float64(4.26534789873473), np.float64(6.393993017231038), np.float64(8.511769404427053), np.float64(10.63237846723152), np.float64(12.739657215241989), np.float64(14.826157015046682), np.float64(16.90306377579543), np.float64(18.959832372195343), np.float64(20.998878091697346), np.float64(23.006450215113595), np.float64(24.982769023385973), np.float64(26.950192904133125), np.float64(28.884101029733653), np.float64(30.772628700360176), np.float64(32.62901225853903), np.float64(34.46755579874343), np.float64(36.23464939236068), np.float64(37.984056587634534), np.float64(39.70382606437442), np.float64(41.38283095595961), np.float64(43.02006691140708), np.float64(44.64717475270319), np.float64(46.21213117988452), np.float64(47.71336435287053), np.float64(49.17530964561374), np.float64(50.59165796727999), np.float64(51.9994892320085), np.float64(53.35495847970218)]",14860.515495517957,5.913456225832852,-76.36252390081063,255.7167205810547
23,STATE_A_RIPENING,SEEDED,6.8,20.0,2513,0.25,120.0,300.0,60.0,100.0,0.048149621965777954,0.013927576601671309,0.47096798525261246,True,0.3430973323341358,53.36164684293683,7.25,13.325087590434945,"[np.float64(-0.002484718701302792), np.float64(-0.002605998807793852), np.float64(-0.0012059239431254551), np.float64(0.0003433339731757368), np.float64(0.0032079818999954505), np.float64(0.007524224750051118), np.float64(0.011855105251825036), np.float64(0.01708280549365176), np.float64(0.023295568409885427), np.float64(0.029933447958840217), np.float64(0.037191671041576155), np.float64(0.04643121081175956), np.float64(0.05723492911654755), np.float64(0.06884299616888696), np.float64(0.08130562806068821), np.float64(0.09425225656315311), np.float64(0.10734579550965025), np.float64(0.12211894582439074), np.float64(0.13749946360637327), np.float64(0.15502163180901996), np.float64(0.17333914692031227), np.float64(0.19166397145982952), np.float64(0.2116691731249394), np.float64(0.2309728294894993), np.float64(0.2516263690344115), np.float64(0.273313364686237), np.float64(0.29652048823678867), np.float64(0.32006252282541486), np.float64(0.3430973323341358)]","[np.float64(2.135134268120096), np.float64(4.270528154244427), np.float64(6.401300948290703), np.float64(8.528456128492392), np.float64(10.645338716727908), np.float64(12.747014255328407), np.float64(14.839656423943664), np.float64(16.915965878967594), np.float64(18.97260357525374), np.float64(21.012628794032018), np.float64(23.03287467209643), np.float64(25.01559709442068), np.float64(26.961408118875333), np.float64(28.87726427672463), np.float64(30.76110959224964), np.float64(32.61716622101696), np.float64(34.45024069054363), np.float64(36.23581445661768), np.float64(37.98944687746745), np.float64(39.684408026285105), np.float64(41.34209532997648), np.float64(42.97647052614323), np.float64(44.55749594247203), np.float64(46.12878096779751), np.float64(47.65271244509673), np.float64(49.13496701905988), np.float64(50.56605139551799), np.float64(51.96916635132504), np.float64(53.36164684293683)]",14925.160079206995,5.939180294153202,-153.5486537637189,223.9328875541687
29,STATE_A_RIPENING,SEEDED,6.8,20.0,2513,0.25,120.0,300.0,60.0,100.0,0.04496617588539594,0.017906884202148827,0.47446493323312267,True,0.32317559487828046,51.747428633047484,7.0,12.179566864411736,"[np.float64(-0.0009445277499817554), np.float64(-0.0018222626074899492), np.float64(-0.0013723840300749884), np.float64(-0.0015677534626963965), np.float64(-0.00034733742661871363), np.float64(0.003560855336008006), np.float64(0.006844927160585968), np.float64(0.012573754438766287), np.float64(0.01954559003668904), np.float64(0.027707492698116683), np.float64(0.037429705750811886), np.float64(0.04774049323154548), np.float64(0.05859779605201869), np.float64(0.06957518697844987), np.float64(0.08220158577633678), np.float64(0.09668323841113603), np.float64(0.11103138978260324), np.float64(0.12583560645098857), np.float64(0.14253917203854374), np.float64(0.15806136891545186), np.float64(0.17666282902548178), np.float64(0.19550199107857097), np.float64(0.21596367141552353), np.float64(0.23585932059570605), np.float64(0.25608812163831657), np.float64(0.2776949912928824), np.float64(0.29977488590317397), np.float64(0.32317559487828046)]","[np.float64(2.126888301117652), np.float64(4.255646443360762), np.float64(6.382031636635221), np.float64(8.510208015942977), np.float64(10.631264534941806), np.float64(12.732652246433307), np.float64(14.830514942729536), np.float64(16.901145388470578), np.float64(18.948667195025028), np.float64(20.970303814155603), np.float64(22.958992668539906), np.float64(24.922629741208517), np.float64(26.860701059333735), np.float64(28.77808294545217), np.float64(30.6532593710844), np.float64(32.48021263031386), np.float64(34.286664728431), np.float64(36.06405021761231), np.float64(37.78831574168925), np.float64(39.50969638613598), np.float64(41.15596237667795), np.float64(42.77470399460069), np.float64(44.34115688864163), np.float64(45.89508800734257), np.float64(47.420861354407435), np.float64(48.89891645261575), np.float64(50.346487579863094), np.float64(51.747428633047484)]",14015.085316457848,5.577033552112156,-281.61078664520755,129.5904061794281
24,STATE_A_RIPENING,SEEDED,6.8,20.0,2513,0.25,120.0,300.0,60.0,100.0,0.04417031436530044,0.03064066852367688,0.49087685861173325,True,0.33952576524507055,53.24964098483478,7.25,13.217283380295944,"[np.float64(-0.0020350158159082995), np.float64(-0.0009594027206056813), np.float64(-3.753300373522107e-05), np.float64(0.0010617702952502495), np.float64(0.0029657209042000593), np.float64(0.0053031895935646564), np.float64(0.009538835410007534), np.float64(0.014803202112592905), np.float64(0.020375832325375064), np.float64(0.027929886803315852), np.float64(0.03631125679412444), np.float64(0.04538956059238434), np.float64(0.055346999719898524), np.float64(0.06559142138592262), np.float64(0.07775525176714806), np.float64(0.09111997530678115), np.float64(0.1041766568437221), np.float64(0.11958772882936478), np.float64(0.1343020393014302), np.float64(0.15074136994996978), np.float64(0.16794705037338584), np.float64(0.18869965356107488), np.float64(0.20840199165001855), np.float64(0.2278921466404016), np.float64(0.2498173281201088), np.float64(0.2708350628054794), np.float64(0.2919926137097785), np.float64(0.315409801020354), np.float64(0.33952576524507055)]","[np.float64(2.127338354601979), np.float64(4.252385701987803), np.float64(6.375637655461275), np.float64(8.496181374702704), np.float64(10.61014163170986), np.float64(12.717359317485515), np.float64(14.805761417335585), np.float64(16.876923990492752), np.float64(18.9346224330771), np.float64(20.96102303736272), np.float64(22.96369654610583), np.float64(24.942293683627646), np.float64(26.893042259805274), np.float64(28.82218489286403), np.float64(30.706152824313282), np.float64(32.552020571047194), np.float64(34.381424181542876), np.float64(36.15244400540574), np.float64(37.91259105995711), np.float64(39.62190517732888), np.float64(41.29542494714667), np.float64(42.88257290813108), np.float64(44.46479984720058), np.float64(46.02834427201685), np.float64(47.523778140088055), np.float64(49.01431929096439), np.float64(50.481002465876905), np.float64(51.882598174684375), np.float64(53.24964098483478)]",14970.286535021387,5.957137499013684,-94.25683058332652,151.8222210407257
25,STATE_A_RIPENING,SEEDED,6.8,20.0,2513,0.25,120.0,300.0,60.0,100.0,0.050537206526064464,0.027855153203342618,0.5027625450853865,True,0.33129141845382387,53.451805674058605,7.25,13.07397052577964,"[np.float64(-0.001910543845434168), np.float64(-0.002516156011386344), np.float64(-0.0024043722849912065), np.float64(-0.002369574975576424), np.float64(0.0005456083857415951), np.float64(0.00413669190622814), np.float64(0.007575198263924977), np.float64(0.013000781132600604), np.float64(0.01974131665629656), np.float64(0.02638192037880669), np.float64(0.03410645546638359), np.float64(0.041702297816929725), np.float64(0.05143600630224065), np.float64(0.061417955589392725), np.float64(0.07214893068443273), np.float64(0.08394662362640191), np.float64(0.09627244919718952), np.float64(0.11164203048333078), np.float64(0.12824547525160765), np.float64(0.14418854587184807), np.float64(0.16103525533617286), np.float64(0.18005964548348866), np.float64(0.19825229872741426), np.float64(0.21871746850658666), np.float64(0.23999441793344034), np.float64(0.2619892811737912), np.float64(0.2845926451165857), np.float64(0.30765690982304905), np.float64(0.33129141845382387)]","[np.float64(2.1287086031597218), np.float64(4.25870943397616), np.float64(6.387706239602013), np.float64(8.51679311621494), np.float64(10.63047103539228), np.float64(12.733734226360076), np.float64(14.830652360348536), np.float64(16.903866185166383), np.float64(18.95389414048268), np.float64(20.991644001248027), np.float64(23.00440525770415), np.float64(25.0040514689029), np.float64(26.962048083607456), np.float64(28.899196621293306), np.float64(30.808081172329654), np.float64(32.682628952582384), np.float64(34.52952631886067), np.float64(36.307050971131346), np.float64(38.04107226621291), np.float64(39.76327501857718), np.float64(41.447423650206886), np.float64(43.06968054273607), np.float64(44.68426819938772), np.float64(46.233915280035994), np.float64(47.74535126707646), np.float64(49.22055020415125), np.float64(50.66196118066822), np.float64(52.07293709074661), np.float64(53.451805674058605)]",14771.799346896414,5.878153341383372,-244.91875033592805,173.48209393024445
26,STATE_A_RIPENING,SEEDED,6.8,20.0,2513,0.25,120.0,300.0,60.0,100.0,0.04934341424592121,0.021886191802626343,0.4733430108696469,True,0.3395705991419395,53.389458567470655,7.25,13.13125442438734,"[np.float64(-0.0013700993911078226), np.float64(-0.00041911246520371243), np.float64(-0.0001285384675003218), np.float64(0.0010919977736298413), np.float64(0.0029924585000556335), np.float64(0.006019588261651552), np.float64(0.010790499302279244), np.float64(0.01649911039187878), np.float64(0.024117415121386893), np.float64(0.03195644461282446), np.float64(0.041849526676586805), np.float64(0.05189974100605316), np.float64(0.06174412960380553), np.float64(0.07290282557163913), np.float64(0.08441742586657767), np.float64(0.09746092994449128), np.float64(0.11036196956542066), np.float64(0.12290387654980472), np.float64(0.13744901454374686), np.float64(0.15396638532173623), np.float64(0.17081273224492088), np.float64(0.1872696369438512), np.float64(0.2058683011169273), np.float64(0.22576741478902893), np.float64(0.24634726321288297), np.float64(0.26938930374215), np.float64(0.2916569618491788), np.float64(0.31554501491717657), np.float64(0.3395705991419395)]","[np.float64(2.132249589953841), np.float64(4.26247010549389), np.float64(6.392776049081938), np.float64(8.51850374490455), np.float64(10.638036909693348), np.float64(12.74642380348975), np.float64(14.835691255220786), np.float64(16.9073992357663), np.float64(18.949945095791364), np.float64(20.97537038957824), np.float64(22.963099521684292), np.float64(24.930695493658877), np.float64(26.88275291347939), np.float64(28.799713235382242), np.float64(30.692575824957114), np.float64(32.54361330697549), np.float64(34.37612772905936), np.float64(36.19441292965244), np.float64(37.96015296724971), np.float64(39.671053970850124), np.float64(41.353845292359004), np.float64(43.0217747805989), np.float64(44.62910924481282), np.float64(46.189953807524034), np.float64(47.71564499258858), np.float64(49.17181658372454), np.float64(50.620973382803804), np.float64(52.017023436166596), np.float64(53.389458567470655)]",14557.885020267924,5.793030250802994,-195.44051701761782,256.7646207809448
28,STATE_A_RIPENING,SEEDED,6.8,20.0,2513,0.25,120.0,300.0,60.0,100.0,0.048547552725825706,0.015121368881814564,0.4654300903163595,True,0.34080229350654523,53.441878076026796,7.25,13.248611141506299,"[np.float64(-0.0009377898350975648), np.float64(-0.0007251535599283515), np.float64(-0.0010675303682755879), np.float64(-0.0008225368744368304), np.float64(0.0018649639906541818), np.float64(0.0076431556724411995), np.float64(0.01218373932509827), np.float64(0.016688818134544026), np.float64(0.02392511713733877), np.float64(0.031795347817101166), np.float64(0.04071949503565613), np.float64(0.04845835999387394), np.float64(0.057045956219870075), np.float64(0.06921391531709534), np.float64(0.08168971963237676), np.float64(0.09398584290422889), np.float64(0.1077066470017362), np.float64(0.1226254995565319), np.float64(0.1368073266497401), np.float64(0.15357484349901288), np.float64(0.1707076339314851), np.float64(0.18864494571268997), np.float64(0.20716601631861048), np.float64(0.22706280206172333), np.float64(0.24757970854470987), np.float64(0.26961952940160805), np.float64(0.29241670142058895), np.float64(0.3175868361050447), np.float64(0.34080229350654523)]","[np.float64(2.1348620645550285), np.float64(4.26926982640183), np.float64(6.405002091373035), np.float64(8.53895574056766), np.float64(10.659368979236392), np.float64(12.754515232137157), np.float64(14.846854349210442), np.float64(16.930198478722915), np.float64(18.97905119435933), np.float64(21.007254813997637), np.float64(23.008691771635743), np.float64(25.007584137293538), np.float64(26.981277199566488), np.float64(28.89094986387624), np.float64(30.77556211318273), np.float64(32.64225985745698), np.float64(34.46693193821169), np.float64(36.25109587241935), np.float64(38.02561572680462), np.float64(39.7349978103276), np.float64(41.415332809337315), np.float64(43.058876394865635), np.float64(44.66943112457863), np.float64(46.23213316318956), np.float64(47.76083858127727), np.float64(49.23825316301933), np.float64(50.679062156097736), np.float64(52.05164915308516), np.float64(53.441878076026796)]",14801.462336063556,5.889957157207941,-276.3417090633884,213.27063190937042
27,STATE_A_RIPENING,SEEDED,6.8,20.0,2513,0.25,120.0,300.0,60.0,100.0,0.04974134500596896,0.01830481496219658,0.45356327443833055,True,0.34424543847664296,53.27059016758651,7.25,13.48433936008774,"[np.float64(-0.0012132400460152064), np.float64(-0.002610862768724955), np.float64(-0.002425204058124766), np.float64(-0.0014113604788758079), np.float64(0.0030242408963632216), np.float64(0.006662186177624038), np.float64(0.01098167988856427), np.float64(0.01697952311482876), np.float64(0.023071828418629543), np.float64(0.030816071032760923), np.float64(0.0378560094822395), np.float64(0.045324233167445833), np.float64(0.05537334871449511), np.float64(0.06759987312211536), np.float64(0.07895389989347472), np.float64(0.09057400286939263), np.float64(0.10502400315200192), np.float64(0.120141808139331), np.float64(0.13416986626916647), np.float64(0.1508701461207681), np.float64(0.1681957442052016), np.float64(0.1849982093832235), np.float64(0.20445751486973207), np.float64(0.2253642683614368), np.float64(0.24731625069002422), np.float64(0.27068347438093515), np.float64(0.2938697076420698), np.float64(0.31911376148811293), np.float64(0.34424543847664296)]","[np.float64(2.1310439556163008), np.float64(4.265073057834143), np.float64(6.397014229279848), np.float64(8.525021380675994), np.float64(10.632688378730439), np.float64(12.736150101404117), np.float64(14.827065058415085), np.float64(16.89517438654305), np.float64(18.950393939577477), np.float64(20.976750158563423), np.float64(22.996033307927465), np.float64(24.996806757385222), np.float64(26.950640252710393), np.float64(28.857092725631688), np.float64(30.755203891957517), np.float64(32.630310642368975), np.float64(34.44227750039796), np.float64(36.22136374273561), np.float64(37.9964782017157), np.float64(39.70503922962087), np.float64(41.37998042585798), np.float64(43.042018498383314), np.float64(44.63349437194083), np.float64(46.17505609124137), np.float64(47.67388169363435), np.float64(49.12283839654618), np.float64(50.553041239630915), np.float64(51.9213172260408), np.float64(53.27059016758651)]",14561.411329541219,5.79443347773228,-54.4441416724585,252.4990518093109
30,STATE_A_RIPENING,SEEDED,6.8,20.0,2513,0.25,120.0,300.0,60.0,100.0,0.04735376044568245,0.015121368881814564,0.4364216912086612,True,0.33607863808674454,53.369446944357776,7.25,13.202306743351421,"[np.float64(-0.0015988897539531168), np.float64(-0.0012873250517407126), np.float64(-0.0023239455804701333), np.float64(-0.002953714727211955), np.float64(-0.000641672974073408), np.float64(0.002518525964675958), np.float64(0.007252906413451383), np.float64(0.012040621861926643), np.float64(0.018230839028283128), np.float64(0.02582202281375271), np.float64(0.033547000223609375), np.float64(0.04347139794118021), np.float64(0.052336096828656954), np.float64(0.06390826242095354), np.float64(0.07592966996891269), np.float64(0.08858035432746453), np.float64(0.1022359025762291), np.float64(0.11695917440410133), np.float64(0.13279215429333074), np.float64(0.15009866672499692), np.float64(0.16732771782213937), np.float64(0.18480850013238276), np.float64(0.20407015200313355), np.float64(0.2229013034826591), np.float64(0.24333083650928602), np.float64(0.2647205034021439), np.float64(0.2879263599725824), np.float64(0.3117098754419706), np.float64(0.33607863808674454)]","[np.float64(2.1289143382347544), np.float64(4.257164475125192), np.float64(6.389063359157713), np.float64(8.521441090750237), np.float64(10.639472617395146), np.float64(12.747228227903435), np.float64(14.836774294548558), np.float64(16.91615785576353), np.float64(18.972741993520245), np.float64(21.00267951244372), np.float64(23.016447052616886), np.float64(24.98916162401865), np.float64(26.957327390400188), np.float64(28.87265087425222), np.float64(30.761678700636637), np.float64(32.62123892247986), np.float64(34.44469626577921), np.float64(36.229685984777106), np.float64(37.97424948615993), np.float64(39.67100111895212), np.float64(41.34601048332292), np.float64(42.99414479981662), np.float64(44.587452046498505), np.float64(46.16642575044715), np.float64(47.693299732769866), np.float64(49.17980279168754), np.float64(50.609140622733776), np.float64(52.005568929840685), np.float64(53.369446944357776)]",14652.348801512606,5.830620295070675,-101.14894721889868,135.90548956394196
32,STATE_A_RIPENING,SEEDED,6.8,20.0,2513,0.25,120.0,300.0,60.0,100.0,0.048149621965777954,0.03183446080382014,0.5003433239434542,True,0.3351817198737919,53.34040890944017,7.25,13.014687005749952,"[np.float64(-0.001183130794817009), np.float64(-0.0012478644415731001), np.float64(-0.00038310987075124625), np.float64(0.001082470428822559), np.float64(0.0034562088804786745), np.float64(0.005773925768724976), np.float64(0.011122398757943857), np.float64(0.016417976426066436), np.float64(0.022448059822144126), np.float64(0.029315546482882166), np.float64(0.036878294380235765), np.float64(0.046350903080178515), np.float64(0.05590046594765995), np.float64(0.06623053528757046), np.float64(0.07738127407018686), np.float64(0.09077970367448303), np.float64(0.10547614279794337), np.float64(0.1195762564211576), np.float64(0.1346423903503415), np.float64(0.15098654934177774), np.float64(0.16901335309112092), np.float64(0.18728336965250503), np.float64(0.20630665059674563), np.float64(0.22554957658151661), np.float64(0.245066350826188), np.float64(0.2656932180629953), np.float64(0.2868807263154686), np.float64(0.30907083075695796), np.float64(0.3351817198737919)]","[np.float64(2.1265989609273404), np.float64(4.253335754126039), np.float64(6.377243408211456), np.float64(8.496764760517616), np.float64(10.608386244694488), np.float64(12.715387382165208), np.float64(14.7953316978769), np.float64(16.86484483987437), np.float64(18.916919403429237), np.float64(20.948564365446526), np.float64(22.95923034231772), np.float64(24.932802734938043), np.float64(26.88811724504405), np.float64(28.815821773778257), np.float64(30.71390801721052), np.float64(32.55966966791318), np.float64(34.36392525751206), np.float64(36.155485443972104), np.float64(37.90989924632051), np.float64(39.62081485244305), np.float64(41.2798480903356), np.float64(42.911532042829535), np.float64(44.50691647664992), np.float64(46.075953491844786), np.float64(47.61812517307711), np.float64(49.11765825542995), np.float64(50.58516228015477), np.float64(52.01217200215899), np.float64(53.34040890944017)]",14567.38140471793,5.79680915428489,-65.05812091007829,215.70770931243896
31,STATE_A_RIPENING,SEEDED,6.8,20.0,2513,0.25,120.0,300.0,60.0,100.0,0.055312375646637484,0.01830481496219658,0.46309808880841874,True,0.3309781781305044,53.427544167737445,7.25,13.017503076548303,"[np.float64(7.997364303306644e-05), np.float64(-0.001805721459301706), np.float64(-0.0002797277049700033), np.float64(0.002333520448744103), np.float64(0.0031462726113282422), np.float64(0.004403308199687899), np.float64(0.008413983083112923), np.float64(0.012550132291099246), np.float64(0.018462811985472817), np.float64(0.02399461592595182), np.float64(0.031544911714183804), np.float64(0.04090689273223699), np.float64(0.04946166653230346), np.float64(0.061269955245146945), np.float64(0.07328587255462722), np.float64(0.08555587088910023), np.float64(0.09758322394183057), np.float64(0.11246801363121324), np.float64(0.12964350585406817), np.float64(0.1459160339262952), np.float64(0.16429745783210215), np.float64(0.18160450195062458), np.float64(0.200089398404695), np.float64(0.21901688306858086), np.float64(0.2401043159219647), np.float64(0.26084094302959354), np.float64(0.28289821245372815), np.float64(0.306451237441393), np.float64(0.3309781781305044)]","[np.float64(2.1253737691004866), np.float64(4.254760700754153), np.float64(6.377268274722502), np.float64(8.491932741445686), np.float64(10.610614936869569), np.float64(12.724767761493741), np.float64(14.816011011333789), np.float64(16.89796480740323), np.float64(18.95494825478899), np.float64(21.0040887700747), np.float64(23.019786757251996), np.float64(24.99930790173419), np.float64(26.971974726859674), np.float64(28.884694769704108), np.float64(30.774161903779223), np.float64(32.639731243914525), np.float64(34.4891803134776), np.float64(36.27282832330588), np.float64(37.99579865629748), np.float64(39.71058447564589), np.float64(41.36566417172341), np.float64(43.01691823739373), np.float64(44.62453648065345), np.float64(46.201817800882864), np.float64(47.71595066219816), np.float64(49.214817397519056), np.float64(50.6664348086916), np.float64(52.06718649206907), np.float64(53.427544167737445)]",14435.644969943976,5.74438717466931,-196.32309619663283,261.5734190940857
33,STATE_A_RIPENING,SEEDED,6.8,20.0,2513,0.25,120.0,300.0,60.0,100.0,0.05491444488658973,0.019896538002387585,0.47001220085208456,True,0.343732856985182,53.37506914850921,7.25,13.473000682580281,"[np.float64(-0.0015601703845522356), np.float64(-0.002599626056535294), np.float64(-0.0028049400060911165), np.float64(-0.002059656237667568), np.float64(0.000854699993673101), np.float64(0.004924425223441978), np.float64(0.009385951749017962), np.float64(0.015168228853420252), np.float64(0.02140615934524551), np.float64(0.0275356678420438), np.float64(0.036793710919913396), np.float64(0.04518182540586578), np.float64(0.05558987357515752), np.float64(0.06628900653943691), np.float64(0.07823175612791812), np.float64(0.09040533810093644), np.float64(0.10458653839041011), np.float64(0.12021975896602961), np.float64(0.13485935319138487), np.float64(0.1513046951773482), np.float64(0.16982013032077714), np.float64(0.18939398937975974), np.float64(0.2090573907767182), np.float64(0.22896969108708085), np.float64(0.2502131785997379), np.float64(0.2724447233918924), np.float64(0.2962124244969202), np.float64(0.32003422476107574), np.float64(0.343732856985182)]","[np.float64(2.1351872741276425), np.float64(4.272599186051953), np.float64(6.409558513893378), np.float64(8.542886223098295), np.float64(10.663049099167143), np.float64(12.769722816457469), np.float64(14.865048587805928), np.float64(16.94017526915146), np.float64(18.99941348111698), np.float64(21.047400644484952), np.float64(23.048540466715895), np.float64(25.042762948522853), np.float64(26.995580188451484), np.float64(28.925940661839), np.float64(30.81996355993713), np.float64(32.69060208118997), np.float64(34.51008026575312), np.float64(36.28422170049917), np.float64(38.05217640321049), np.float64(39.76781949483113), np.float64(41.42444234012861), np.float64(43.03846090870859), np.float64(44.62737056338777), np.float64(46.18889543389519), np.float64(47.70291226172431), np.float64(49.17572896968262), np.float64(50.59674694253311), np.float64(51.9950926916311), np.float64(53.37506914850921)]",14427.393037729078,5.7411034770111735,-60.791107152588665,186.31296622753143
35,STATE_A_RIPENING,SEEDED,6.8,20.0,2513,0.25,120.0,300.0,60.0,100.0,0.045762037405491444,0.015121368881814564,0.4539007321381978,True,0.33613667570294375,53.382125349620374,7.25,13.322470611284936,"[np.float64(-0.0024919530944987867), np.float64(-0.0043201291449168075), np.float64(-0.005721808442239847), np.float64(-0.0045227120903188495), np.float64(-0.0021759762889460915), np.float64(0.0002792921035231173), np.float64(0.005260294100392021), np.float64(0.009466453872888676), np.float64(0.01535451724199709), np.float64(0.024011646784778268), np.float64(0.0322565126345163), np.float64(0.04234750138557232), np.float64(0.052304495085126475), np.float64(0.06330555120024117), np.float64(0.0744192134376663), np.float64(0.0867274110001068), np.float64(0.1004606464521718), np.float64(0.11402669303745061), np.float64(0.1302664032904717), np.float64(0.1457498371160421), np.float64(0.1641746619754171), np.float64(0.18223714639818825), np.float64(0.20166656847436737), np.float64(0.22129324760406638), np.float64(0.24171210638340335), np.float64(0.2631053648463763), np.float64(0.28627222373326205), np.float64(0.31087576887674107), np.float64(0.33613667570294375)]","[np.float64(2.130419367048869), np.float64(4.264748620806663), np.float64(6.401630501063248), np.float64(8.530365088019275), np.float64(10.650410123984459), np.float64(12.764797123277425), np.float64(14.855322376184228), np.float64(16.942104133843348), np.float64(19.00452250149471), np.float64(21.026687358513005), np.float64(23.036801214799503), np.float64(25.009112871442507), np.float64(26.964721861447877), np.float64(28.88832095141855), np.float64(30.791275636129797), np.float64(32.6575031394302), np.float64(34.48140619647649), np.float64(36.28674493432464), np.float64(38.02651250036086), np.float64(39.756523352145706), np.float64(41.41269833077718), np.float64(43.05203510816597), np.float64(44.64359421688199), np.float64(46.20878709570788), np.float64(47.73675090371394), np.float64(49.223995628814876), np.float64(50.65480220367583), np.float64(52.03560027517779), np.float64(53.382125349620374)]",14244.124205075863,5.668175171140415,-54.95549246342853,178.89628076553345
36,STATE_A_RIPENING,SEEDED,6.8,20.0,2513,0.25,120.0,300.0,60.0,100.0,0.05212892956625547,0.03103859928372463,0.4831275562150231,True,0.3457232657477961,53.15191473997422,7.25,13.403206728296881,"[np.float64(-0.0009572811771301145), np.float64(-0.001674691065302726), np.float64(-0.0009907187190975142), np.float64(0.0010034175532801246), np.float64(0.0026360086026168614), np.float64(0.007022199037925523), np.float64(0.011305267696524542), np.float64(0.01620803030335976), np.float64(0.021833447878261216), np.float64(0.02972398266966691), np.float64(0.03820493278165706), np.float64(0.047574419951348826), np.float64(0.057287339006725994), np.float64(0.06739176596752997), np.float64(0.08012020114212402), np.float64(0.09422273494781516), np.float64(0.10848672558659887), np.float64(0.12281914347550599), np.float64(0.14009720507658624), np.float64(0.15812082728911694), np.float64(0.17582168183041208), np.float64(0.1928465708392553), np.float64(0.21040547798780232), np.float64(0.2298195530779593), np.float64(0.25145238674945986), np.float64(0.27402275713933544), np.float64(0.296771363968099), np.float64(0.32094816972203755), np.float64(0.3457232657477961)]","[np.float64(2.127192373011742), np.float64(4.255913100322322), np.float64(6.381683916074669), np.float64(8.500432202328106), np.float64(10.616885951095556), np.float64(12.712487089113294), np.float64(14.799795074111378), np.float64(16.873200703789976), np.float64(18.93002767453732), np.float64(20.95262222642017), np.float64(22.953553947247503), np.float64(24.928009421643825), np.float64(26.881013140579196), np.float64(28.811436236639384), np.float64(30.6869701863793), np.float64(32.52115133079174), np.float64(34.33068505483602), np.float64(36.117393221009856), np.float64(37.83393009726244), np.float64(39.51407832398041), np.float64(41.176303780405696), np.float64(42.82813710175107), np.float64(44.448917877686796), np.float64(46.01393148902674), np.float64(47.51509915178276), np.float64(48.97602701514247), np.float64(50.41164334227496), np.float64(51.798113063617585), np.float64(53.15191473997422)]",15150.646471242737,6.028908265516409,-60.088834166526794,246.45769548416138
34,STATE_A_RIPENING,SEEDED,6.8,20.0,2513,0.25,120.0,300.0,60.0,100.0,0.043374452845204935,0.020294468762435337,0.4614676635433936,True,0.34283300517753895,53.318622032310365,7.25,13.437688795461925,"[np.float64(-0.0015963405532675487), np.float64(-0.0016525074989252179), np.float64(-0.0008613124196639846), np.float64(1.3358252388123884e-05), np.float64(0.0019367235171851077), np.float64(0.0042074239707281), np.float64(0.009698314970328662), np.float64(0.014991223856326471), np.float64(0.021868481411584748), np.float64(0.029066404388075503), np.float64(0.035590861666816256), np.float64(0.04516687725723601), np.float64(0.05460170598797859), np.float64(0.06602422065311497), np.float64(0.07787970489500186), np.float64(0.09021240940513789), np.float64(0.10442845878718192), np.float64(0.12005403533694813), np.float64(0.13467028646865004), np.float64(0.15112184407741072), np.float64(0.16779981368170466), np.float64(0.18638339379686122), np.float64(0.2055344535031533), np.float64(0.22654056190258354), np.float64(0.24835983834008118), np.float64(0.27069957592517735), np.float64(0.2932441077048142), np.float64(0.31739615931346987), np.float64(0.34283300517753895)]","[np.float64(2.1322535225755845), np.float64(4.264627003867172), np.float64(6.394407208732991), np.float64(8.522146845477486), np.float64(10.642453946826086), np.float64(12.756497819695454), np.float64(14.842058769177426), np.float64(16.918067993985247), np.float64(18.96867213892274), np.float64(21.00246272304273), np.float64(23.029817853325543), np.float64(25.008079986421006), np.float64(26.970626834649085), np.float64(28.889260312613295), np.float64(30.7820850861331), np.float64(32.647982181770324), np.float64(34.46450533785255), np.float64(36.23639125416066), np.float64(38.00237004106943), np.float64(39.715613044321955), np.float64(41.40254296804175), np.float64(43.03304462802147), np.float64(44.63031429777152), np.float64(46.170247949452566), np.float64(47.671853430698825), np.float64(49.140981687528644), np.float64(50.58426367631959), np.float64(51.974672024670014), np.float64(53.318622032310365)]",14522.189760622256,5.778826009002091,-61.232728123664856,133.72328686714172
37,STATE_A_RIPENING,SEEDED,6.8,20.0,2513,0.25,120.0,300.0,60.0,100.0,0.04536410664544369,0.013927576601671309,0.46545808975462755,True,0.3388265227633224,53.19261018960012,7.25,13.202339185901804,"[np.float64(-0.0007900231510923099), np.float64(-0.002148185667696579), np.float64(-0.00242618934585199), np.float64(-3.7387226868536163e-06), np.float64(0.002901284815518037), np.float64(0.005981801942412773), np.float64(0.010391859974794807), np.float64(0.01451096975623656), np.float64(0.02017639654317595), np.float64(0.026601884785587043), np.float64(0.035560273179578605), np.float64(0.044293623078185886), np.float64(0.05475392616220719), np.float64(0.06652580159538547), np.float64(0.07867587666802395), np.float64(0.09167768941259301), np.float64(0.10552168705663913), np.float64(0.11921633638840291), np.float64(0.13418759034326605), np.float64(0.15172906151662238), np.float64(0.16690558465940947), np.float64(0.18490746645705053), np.float64(0.20361123138755768), np.float64(0.22401123633089948), np.float64(0.245967599855991), np.float64(0.2686148328798715), np.float64(0.29217944017116015), np.float64(0.31601164169455187), np.float64(0.3388265227633224)]","[np.float64(2.1231812821673692), np.float64(4.249251414806746), np.float64(6.37476519576914), np.float64(8.489385610840438), np.float64(10.596351792236097), np.float64(12.69613833653296), np.float64(14.779800717433643), np.float64(16.856875179275406), np.float64(18.9112541642419), np.float64(20.946642907599337), np.float64(22.94142825684935), np.float64(24.922143407446878), np.float64(26.86477667479688), np.float64(28.77118901246434), np.float64(30.652170566402898), np.float64(32.5003638440786), np.float64(34.314742618916796), np.float64(36.110287192550885), np.float64(37.864010600569145), np.float64(39.55216771057054), np.float64(41.25882857219345), np.float64(42.89393807273916), np.float64(44.493869619475134), np.float64(46.039860290518014), np.float64(47.53375154347421), np.float64(48.991858330828805), np.float64(50.410128962373726), np.float64(51.80165360397767), np.float64(53.19261018960012)]",14940.914037968221,5.945449278936817,-99.1205825842917,165.36541199684143
38,STATE_A_RIPENING,SEEDED,6.8,20.0,2513,0.25,120.0,300.0,60.0,100.0,0.04934341424592121,0.01830481496219658,0.4989550618156663,True,0.33546775931865164,53.231529614800124,7.25,13.239755607618017,"[np.float64(-0.0027639724296253765), np.float64(-0.004497656540602129), np.float64(-0.00430157470146213), np.float64(-0.003967768367675443), np.float64(-0.002233697441906494), np.float64(0.00018408048356627325), np.float64(0.005049905522941387), np.float64(0.010829489885322278), np.float64(0.016431779064283777), np.float64(0.02259396926474082), np.float64(0.031155365938568137), np.float64(0.04034459371814142), np.float64(0.04994508428636267), np.float64(0.060387048011374414), np.float64(0.07353322268606709), np.float64(0.08564619761520219), np.float64(0.09941410255698169), np.float64(0.11499115034918474), np.float64(0.1291568606673631), np.float64(0.1473899123166271), np.float64(0.16597943476679955), np.float64(0.18419457329001773), np.float64(0.20264402330547693), np.float64(0.22221100324133147), np.float64(0.24342448893811056), np.float64(0.2649495919098962), np.float64(0.2882130179743622), np.float64(0.31173345739216857), np.float64(0.33546775931865164)]","[np.float64(2.124167069756012), np.float64(4.25203180308267), np.float64(6.377419662603894), np.float64(8.501801228469656), np.float64(10.618012687896249), np.float64(12.726205544150986), np.float64(14.81125565619971), np.float64(16.878688066427777), np.float64(18.936122037700944), np.float64(20.976645475268295), np.float64(22.978320569618656), np.float64(24.956305340593886), np.float64(26.91210768444521), np.float64(28.83921802495263), np.float64(30.70938833822516), np.float64(32.57342882157469), np.float64(34.391880373339376), np.float64(36.159669033425686), np.float64(37.928364326466024), np.float64(39.60610494296459), np.float64(41.25356656743666), np.float64(42.884346797705035), np.float64(44.48841560513909), np.float64(46.049593299983215), np.float64(47.557383457840345), np.float64(49.03705614768816), np.float64(50.46120001417562), np.float64(51.85885041124144), np.float64(53.231529614800124)]",14945.666729791174,5.947340521206197,-62.06847877940163,132.69527101516724
39,STATE_A_RIPENING,SEEDED,6.8,20.0,2513,0.25,120.0,300.0,60.0,100.0,0.05212892956625547,0.022682053322721846,0.44918740001364915,True,0.3395482606195471,53.39509606175385,7.25,13.253994218083479,"[np.float64(-0.002501109475158211), np.float64(-0.0033285363323346507), np.float64(-0.002142266475339934), np.float64(2.155393759557972e-06), np.float64(0.0023123577000498116), np.float64(0.00491393936774328), np.float64(0.00871779184418515), np.float64(0.013861891435434337), np.float64(0.02008426357297207), np.float64(0.029079801098957414), np.float64(0.0366972260165334), np.float64(0.04569951021237992), np.float64(0.0557182539650598), np.float64(0.06715203828984892), np.float64(0.07899662252066529), np.float64(0.09227383417432368), np.float64(0.10618386515847743), np.float64(0.12151339465878665), np.float64(0.1370612934913643), np.float64(0.1531976017788603), np.float64(0.16966326785885424), np.float64(0.18774083098918679), np.float64(0.2070374750378913), np.float64(0.22732636613100618), np.float64(0.24826447349970926), np.float64(0.2700552668347012), np.float64(0.29053997231318085), np.float64(0.31477776723904427), np.float64(0.3395482606195471)]","[np.float64(2.133665554068687), np.float64(4.269102088831381), np.float64(6.399845616667302), np.float64(8.523973285768992), np.float64(10.64268035318401), np.float64(12.75467426381349), np.float64(14.85236987717048), np.float64(16.93102082959606), np.float64(18.989216331200943), np.float64(21.00670950291481), np.float64(23.022329938254558), np.float64(25.006928387509912), np.float64(26.961986913570705), np.float64(28.880016912933698), np.float64(30.77257034191889), np.float64(32.62396738651819), np.float64(34.444336096036054), np.float64(36.22036557148308), np.float64(37.97031671017732), np.float64(39.68813461328227), np.float64(41.37818391895385), np.float64(43.01742342094513), np.float64(44.61182765273265), np.float64(46.1650984799857), np.float64(47.68362459182534), np.float64(49.163703940991766), np.float64(50.64780057782976), np.float64(52.03725895944126), np.float64(53.39509606175385)]",14447.660759595201,5.749168626977796,-60.73083827504888,181.98562848567963
40,STATE_A_RIPENING,SEEDED,6.8,20.0,2513,0.25,120.0,300.0,60.0,100.0,0.043374452845204935,0.012733784321528054,0.44899206810683245,True,0.34470061711339006,53.30916637096824,7.25,13.481366705943747,"[np.float64(-0.0018350465051159895), np.float64(-0.0034060836119528177), np.float64(-0.0035642437218167075), np.float64(-0.0022874310594055247), np.float64(-3.0225478261264738e-05), np.float64(0.004523969584715245), np.float64(0.00967264645155987), np.float64(0.015221294135565782), np.float64(0.021727256474823226), np.float64(0.029905934119752762), np.float64(0.03700388030092405), np.float64(0.045539541377107334), np.float64(0.055881543936013287), np.float64(0.06683288726278962), np.float64(0.07846416144278173), np.float64(0.09154405499716549), np.float64(0.10669566077926122), np.float64(0.12117651677294074), np.float64(0.13659222641102384), np.float64(0.15270111214425944), np.float64(0.17063552909969745), np.float64(0.19090426782311823), np.float64(0.21120325443424434), np.float64(0.23007215239308657), np.float64(0.251485112056876), np.float64(0.2730647299542426), np.float64(0.2959465773314049), np.float64(0.31977925875846114), np.float64(0.34470061711339006)]","[np.float64(2.133612449533647), np.float64(4.270587015063071), np.float64(6.406388891829939), np.float64(8.536384431333927), np.float64(10.65843063722205), np.float64(12.761090649426965), np.float64(14.84993114940272), np.float64(16.92490825578851), np.float64(18.979803652239156), np.float64(21.004769263678394), np.float64(23.026036559005433), np.float64(25.016566931547615), np.float64(26.968230305293474), np.float64(28.89325919133311), np.float64(30.78967435882257), np.float64(32.644952706815964), np.float64(34.44700858192806), np.float64(36.23699734197411), np.float64(37.98988296937914), np.float64(39.708943744553906), np.float64(41.37377417831089), np.float64(42.97352216132789), np.float64(44.54880070402901), np.float64(46.12778956935311), np.float64(47.63694043052368), np.float64(49.12072863133836), np.float64(50.55765361279473), np.float64(51.954608593056655), np.float64(53.30916637096824)]",14626.836669754348,5.820468233089673,-57.60112241981551,193.3486284017563
41,STATE_A_RIPENING,SEEDED,6.8,20.0,2513,0.25,120.0,300.0,60.0,100.0,0.05451651412654198,0.0238758456028651,0.4930878118501258,True,0.3427354542640711,53.314542090420595,7.25,13.353966210257562,"[np.float64(-0.0010737565296078967), np.float64(-0.0022986587658945464), np.float64(-0.0014299334134882644), np.float64(-0.0003359275754362879), np.float64(0.0023340281644914185), np.float64(0.0061690054510779736), np.float64(0.0110727641180911), np.float64(0.01603487489906347), np.float64(0.02116752836491054), np.float64(0.028756461806259195), np.float64(0.036856274540485366), np.float64(0.045940863036637726), np.float64(0.0569821817767168), np.float64(0.06908134227607417), np.float64(0.08114662405184683), np.float64(0.09313842318802508), np.float64(0.10771036594379178), np.float64(0.12276355654138091), np.float64(0.1377075692033468), np.float64(0.15419367660755987), np.float64(0.17060297852824546), np.float64(0.18917376632906002), np.float64(0.20851469281767301), np.float64(0.22743049219551553), np.float64(0.24766146125122263), np.float64(0.27101680507353837), np.float64(0.29325988610399506), np.float64(0.31770300712083016), np.float64(0.3427354542640711)]","[np.float64(2.131455167887975), np.float64(4.265526372501815), np.float64(6.39550579526741), np.float64(8.522673735152068), np.float64(10.639143848641538), np.float64(12.742618959993576), np.float64(14.830293564757953), np.float64(16.907468742284237), np.float64(18.97304011736292), np.float64(21.00325599431717), np.float64(23.013163281848524), np.float64(24.996004524534865), np.float64(26.937198896088773), np.float64(28.84466997270071), np.float64(30.732074304576006), np.float64(32.60057923708702), np.float64(34.409528779730756), np.float64(36.18855690998836), np.float64(37.947327111731724), np.float64(39.658251638687965), np.float64(41.34827500741), np.float64(42.97767670690933), np.float64(44.57022047243673), np.float64(46.14829939337067), np.float64(47.67981286652416), np.float64(49.129304421414716), np.float64(50.57824717021381), np.float64(51.962755938214066), np.float64(53.314542090420595)]",14692.981336720808,5.846789230688742,-248.42974959500134,226.57914996147156
42,STATE_A_RIPENING,SEEDED,6.8,20.0,2513,0.25,120.0,300.0,60.0,100.0,0.05968961400716275,0.03183446080382014,0.46559834643561826,True,0.33418350661282836,53.39724011097648,7.25,13.09416906169761,"[np.float64(-0.0017839769262668124), np.float64(-0.0022972207903589085), np.float64(-0.0008456537884841865), np.float64(0.0006142012127314888), np.float64(0.0024887603076296032), np.float64(0.005551280304653353), np.float64(0.009612584783567215), np.float64(0.014950406560437852), np.float64(0.020234600228513474), np.float64(0.02726014803909251), np.float64(0.03410307978326698), np.float64(0.04271268394446396), np.float64(0.051907729474783386), np.float64(0.062192676706148864), np.float64(0.07299660467382929), np.float64(0.0860163202868647), np.float64(0.09932915428787512), np.float64(0.11302492724323394), np.float64(0.12907748349259082), np.float64(0.1451972242962747), np.float64(0.16402267380340996), np.float64(0.18480866576951707), np.float64(0.2049971838112813), np.float64(0.22532133058364953), np.float64(0.2473690683017297), np.float64(0.267755871248034), np.float64(0.28922944848867144), np.float64(0.3106442410536719), np.float64(0.33418350661282836)]","[np.float64(2.128709156053299), np.float64(4.258513233823912), np.float64(6.383128102393931), np.float64(8.504626722659635), np.float64(10.620839473224095), np.float64(12.725584388154596), np.float64(14.81662396177044), np.float64(16.88869810835628), np.float64(18.95051783867083), np.float64(20.9840047754917), np.float64(23.005907321536792), np.float64(24.993525144251006), np.float64(26.95771798462606), np.float64(28.89049485556129), np.float64(30.797870019598793), np.float64(32.653549992679714), np.float64(34.48368308075325), np.float64(36.28679875942124), np.float64(38.02947449201987), np.float64(39.748289918451576), np.float64(41.39683814031297), np.float64(42.98601306670211), np.float64(44.56187094961184), np.float64(46.11209366859204), np.float64(47.60703344969851), np.float64(49.11160520851807), np.float64(50.57399393723312), np.float64(52.01687001929219), np.float64(53.39724011097648)]",14637.19013676045,5.82458819608454,-59.409880948252976,288.79314494132996
43,STATE_A_RIPENING,SEEDED,6.8,20.0,2513,0.25,120.0,300.0,60.0,100.0,0.05889375248706725,0.010346199761241544,0.4421415851862665,True,0.33555158917815714,53.36974953800598,7.25,12.91427749253768,"[np.float64(-0.0003397960126597957), np.float64(7.991477007914704e-05), np.float64(0.0005858821590057723), np.float64(0.0020425701323577945), np.float64(0.004127546910068541), np.float64(0.008501407579757115), np.float64(0.011623472311144975), np.float64(0.015746801182735134), np.float64(0.02195493455958525), np.float64(0.03070960944633784), np.float64(0.037541374397134335), np.float64(0.04809866729107645), np.float64(0.05852336408493617), np.float64(0.06990954061391838), np.float64(0.081835322707588), np.float64(0.0946305612847154), np.float64(0.10858549355554319), np.float64(0.12344313146904212), np.float64(0.13951607443246192), np.float64(0.15556104985176578), np.float64(0.171950481550696), np.float64(0.19034435866094163), np.float64(0.20931461651802008), np.float64(0.22907183097255576), np.float64(0.24734753691273834), np.float64(0.267815137015593), np.float64(0.28924728251253795), np.float64(0.31203902079334217), np.float64(0.33555158917815714)]","[np.float64(2.127165591351495), np.float64(4.25343836602584), np.float64(6.378544214335274), np.float64(8.498541631724562), np.float64(10.612142292588548), np.float64(12.706925890716557), np.float64(14.80185318427054), np.float64(16.88203344606761), np.float64(18.934512934219118), np.float64(20.948809065833043), np.float64(22.967698265078482), np.float64(24.929161015126446), np.float64(26.873277026573497), np.float64(28.78604543715001), np.float64(30.671723564362875), np.float64(32.52472993066508), np.float64(34.339330743730066), np.float64(36.118063683724635), np.float64(37.85479285440382), np.float64(39.56954434600025), np.float64(41.25647939094094), np.float64(42.88583524286349), np.float64(44.48214136847551), np.float64(46.04156847572697), np.float64(47.60732424575299), np.float64(49.11033341651379), np.float64(50.57351656893153), np.float64(51.989082924739655), np.float64(53.36974953800598)]",14560.484757101964,5.7940647660572875,-134.9427802944556,250.7213852405548
45,STATE_A_RIPENING,SEEDED,6.8,20.0,2513,0.25,120.0,300.0,60.0,100.0,0.0469558296856347,0.020692399522483088,0.4743673048900233,True,0.33652923773334087,53.41760123890213,7.25,13.164282493785871,"[np.float64(-0.0016885956515164723), np.float64(-0.002382939516028992), np.float64(-0.0009894437777244881), np.float64(0.001490374913209801), np.float64(0.0033285103632250896), np.float64(0.006128432290352001), np.float64(0.009434255280353241), np.float64(0.013957089838420372), np.float64(0.020375280755296207), np.float64(0.027320392206139233), np.float64(0.03445589467856857), np.float64(0.04347611955232407), np.float64(0.05332100472552701), np.float64(0.06478604514239554), np.float64(0.07676749150814385), np.float64(0.0884757143998013), np.float64(0.10377546694251996), np.float64(0.11934232480345479), np.float64(0.13439914482444584), np.float64(0.15131306146285714), np.float64(0.16761943433974877), np.float64(0.18508406753246678), np.float64(0.20364652289622903), np.float64(0.22395098750378295), np.float64(0.24532361983864184), np.float64(0.26705708304647946), np.float64(0.28880245994970416), np.float64(0.31206756722337303), np.float64(0.33652923773334087)]","[np.float64(2.1312902568244994), np.float64(4.264063638754819), np.float64(6.3916330217819946), np.float64(8.511619820462114), np.float64(10.629774303567986), np.float64(12.737968048091592), np.float64(14.836608486539335), np.float64(16.918264663098146), np.float64(18.97309410101672), np.float64(21.0098359483601), np.float64(23.03097434554831), np.float64(25.015869609638354), np.float64(26.973580297505176), np.float64(28.891658714196108), np.float64(30.782643104492564), np.float64(32.65774747654968), np.float64(34.457532039179995), np.float64(36.22986018173061), np.float64(37.987986193356555), np.float64(39.692540407748695), np.float64(41.385123259090236), np.float64(43.035189222068894), np.float64(44.643061427702726), np.float64(46.1960501287522), np.float64(47.70616563935195), np.float64(49.18706095749553), np.float64(50.64612257433118), np.float64(52.0541724977363), np.float64(53.41760123890213)]",14126.016883204145,5.621176634780798,-146.65855775261298,141.30121886730194
44,STATE_A_RIPENING,SEEDED,6.8,20.0,2513,0.25,120.0,300.0,60.0,100.0,0.05013927576601671,0.01432550736171906,0.47724761204991784,True,0.34386455366337454,53.30565108330743,7.25,13.422069341423244,"[np.float64(-0.0016852304776854758), np.float64(-0.0027026773446250747), np.float64(-0.0008361307899767645), np.float64(0.00035520756866144114), np.float64(0.0023902376908481494), np.float64(0.005909681049004393), np.float64(0.010599192354341794), np.float64(0.01542778890009586), np.float64(0.02134050570866009), np.float64(0.027267366216239538), np.float64(0.0351338536791886), np.float64(0.04472193730659682), np.float64(0.05627549600840795), np.float64(0.0695763991755092), np.float64(0.08050434456510122), np.float64(0.0932921184548084), np.float64(0.10675075490685337), np.float64(0.12073539594271851), np.float64(0.1377823454878201), np.float64(0.15479891503686255), np.float64(0.1705576866276109), np.float64(0.18879073988499798), np.float64(0.20868428237042264), np.float64(0.22893929863266335), np.float64(0.25049550527406167), np.float64(0.27223676945320063), np.float64(0.2940011750121706), np.float64(0.31812101375636614), np.float64(0.34386455366337454)]","[np.float64(2.1326483728799137), np.float64(4.267471927838418), np.float64(6.395226021198666), np.float64(8.521889067161903), np.float64(10.641542748017288), np.float64(12.747492357664012), np.float64(14.837528646201049), np.float64(16.916809884082276), np.float64(18.97624309434688), np.float64(21.023802007281834), np.float64(23.03814104815863), np.float64(25.0169230541514), np.float64(26.953039866848382), np.float64(28.845304895096707), np.float64(30.74900054347864), np.float64(32.60655210161376), np.float64(34.4331703996076), np.float64(36.23046973230444), np.float64(37.955700358233806), np.float64(39.65790936681911), np.float64(41.35955791248276), np.float64(42.99549743969364), np.float64(44.57839237776654), np.float64(46.1316543629902), np.float64(47.637827226279995), np.float64(49.118192884975066), np.float64(50.576576941929744), np.float64(51.96768769886693), np.float64(53.30565108330743)]",14842.606851729146,5.906329825598546,-57.28330054087564,194.64822435379028
46,STATE_A_RIPENING,SEEDED,6.8,20.0,2513,0.25,120.0,300.0,60.0,100.0,0.05252686032630322,0.019896538002387585,0.4861391808823647,True,0.33160510934076887,53.53030543359914,7.25,13.03698372576104,"[np.float64(-0.002939886816848851), np.float64(-0.0034705995594944447), np.float64(-0.0032205295036117913), np.float64(-0.0020089077089777275), np.float64(0.001354998004411463), np.float64(0.005090680403616037), np.float64(0.010245906267938965), np.float64(0.015370748764928622), np.float64(0.02249154057681998), np.float64(0.028357710030474412), np.float64(0.0349764210557446), np.float64(0.043225331641535615), np.float64(0.0539965349341457), np.float64(0.06361500334273981), np.float64(0.07603910571417674), np.float64(0.08925101207510082), np.float64(0.10132057778665941), np.float64(0.114051352753835), np.float64(0.12954476594641778), np.float64(0.1451875885648559), np.float64(0.16246080876106692), np.float64(0.18014933316275347), np.float64(0.19869291200915795), np.float64(0.22023351121251677), np.float64(0.24090658012967123), np.float64(0.26082914553085634), np.float64(0.28329236274573955), np.float64(0.3070585327985292), np.float64(0.33160510934076887)]","[np.float64(2.133186263807818), np.float64(4.267508428315561), np.float64(6.400459624069656), np.float64(8.528764227693545), np.float64(10.64303326004884), np.float64(12.747883246940814), np.float64(14.834535093541632), np.float64(16.910915246473824), np.float64(18.958418134430964), np.float64(21.004741718569864), np.float64(23.03121805726595), np.float64(25.02543492371072), np.float64(26.972003705857464), np.float64(28.915137255830675), np.float64(30.801132255840717), np.float64(32.65468107317343), np.float64(34.5049573026096), np.float64(36.32531172435944), np.float64(38.079507878524446), np.float64(39.80898726396313), np.float64(41.487721554769365), np.float64(43.13637520564175), np.float64(44.74693749215927), np.float64(46.278494007845865), np.float64(47.80352417150627), np.float64(49.32131851605063), np.float64(50.76804144010052), np.float64(52.16749258087542), np.float64(53.53030543359914)]",14354.67223791903,5.71216563387148,-60.051001843530685,255.33875513076782
47,STATE_A_RIPENING,SEEDED,6.8,20.0,2513,0.25,120.0,300.0,60.0,100.0,0.04934341424592121,0.02347791484281735,0.4726937878709087,True,0.33362088990078304,53.34442745204933,7.25,13.016098507133451,"[np.float64(-0.003025097537056578), np.float64(-0.003522127544179535), np.float64(-0.003112424007998523), np.float64(-0.0015631850378379991), np.float64(0.0013119593510233808), np.float64(0.005709755152543568), np.float64(0.010485679267535871), np.float64(0.016252129697722488), np.float64(0.02276581097277935), np.float64(0.029724295191187695), np.float64(0.038304768156030164), np.float64(0.046101828808391906), np.float64(0.055999453332615926), np.float64(0.06535304612594668), np.float64(0.07664165096167626), np.float64(0.08884263135100882), np.float64(0.1024678753722852), np.float64(0.11694376778899868), np.float64(0.1334777314598749), np.float64(0.14915659132449713), np.float64(0.16575469608991944), np.float64(0.1841114154949507), np.float64(0.2027718552230721), np.float64(0.22149829683197098), np.float64(0.24124752503986896), np.float64(0.26268582010043673), np.float64(0.28531569380556127), np.float64(0.31024200362553833), np.float64(0.33362088990078304)]","[np.float64(2.1274783160276654), np.float64(4.256017657862138), np.float64(6.382714489792626), np.float64(8.503680868800975), np.float64(10.61432931795523), np.float64(12.709315888296292), np.float64(14.792453530247954), np.float64(16.857629622501992), np.float64(18.904346266716185), np.float64(20.933737565220557), np.float64(22.931766769977862), np.float64(24.92306903870536), np.float64(26.8731614150315), np.float64(28.813002361119363), np.float64(30.708805640294354), np.float64(32.57201900926721), np.float64(34.393249067299124), np.float64(36.17962870800628), np.float64(37.91005023642078), np.float64(39.63215106015827), np.float64(41.3164465879976), np.float64(42.94708106401952), np.float64(44.54956447061714), np.float64(46.128790121397415), np.float64(47.66702702978857), np.float64(49.15106713801491), np.float64(50.59016712648214), np.float64(51.9624389809928), np.float64(53.34442745204933)]",14895.21186398722,5.927262978108723,-147.33295338088647,231.7635439634323
48,STATE_A_RIPENING,SEEDED,6.8,20.0,2513,0.25,120.0,300.0,60.0,100.0,0.04735376044568245,0.013529645841623557,0.4394161202057447,True,0.34203743586908425,53.120258953972304,7.25,13.30548231174312,"[np.float64(-0.0008900690182110393), np.float64(-0.002212369768220401), np.float64(-0.001852190582659533), np.float64(0.0004822919594884657), np.float64(0.004028691282211626), np.float64(0.007077442343515039), np.float64(0.011220799867565518), np.float64(0.014785794703116112), np.float64(0.02128229802825329), np.float64(0.029189538833637986), np.float64(0.03704979696733152), np.float64(0.045884240422956135), np.float64(0.05662145968963816), np.float64(0.06803220333455803), np.float64(0.07926204537103983), np.float64(0.09224459047075084), np.float64(0.1051575424725795), np.float64(0.12005967016492369), np.float64(0.13545781199154702), np.float64(0.15189105639046063), np.float64(0.16922493467813807), np.float64(0.18714488567281584), np.float64(0.20631440307529592), np.float64(0.22621814084369063), np.float64(0.2476296657259302), np.float64(0.2699157511534375), np.float64(0.2928667833904119), np.float64(0.31659087816154585), np.float64(0.34203743586908425)]","[np.float64(2.1229406988317328), np.float64(4.248693856519413), np.float64(6.371890832972991), np.float64(8.485936723694069), np.float64(10.588670729520892), np.float64(12.687157086318814), np.float64(14.771328068728694), np.float64(16.851838882669185), np.float64(18.897924437792398), np.float64(20.916875877752748), np.float64(22.921201583199572), np.float64(24.8991165111544), np.float64(26.836639961665835), np.float64(28.74619469455337), np.float64(30.63883922635693), np.float64(32.486620286283106), np.float64(34.314788484094656), np.float64(36.09079311381691), np.float64(37.83664327981576), np.float64(39.5429252137492), np.float64(41.211152624763855), np.float64(42.84649676840107), np.float64(44.43672873141777), np.float64(45.99089637336512), np.float64(47.49431881264431), np.float64(48.958758216165684), np.float64(50.388493741516925), np.float64(51.78179622392423), np.float64(53.120258953972304)]",14910.78324425842,5.933459309295034,-56.03209891682491,220.664733171463
49,STATE_A_RIPENING,SEEDED,6.8,20.0,2513,0.25,120.0,300.0,60.0,100.0,0.058097890966971745,0.01830481496219658,0.46794025505009734,True,0.3392059535301477,53.34900287919577,7.25,13.266450880874242,"[np.float64(-0.0023193755905571026), np.float64(-0.002666700818290215), np.float64(-0.0025090246504825414), np.float64(-0.0005748361433141735), np.float64(0.0018085257195226258), np.float64(0.005625865436299404), np.float64(0.010075554435460978), np.float64(0.014740436254641357), np.float64(0.021105320215282632), np.float64(0.027662632932823727), np.float64(0.03571415546913531), np.float64(0.04453395412127052), np.float64(0.05328526802036665), np.float64(0.06521715252090571), np.float64(0.07660848287271017), np.float64(0.08888993443642518), np.float64(0.10282134991116405), np.float64(0.11745982809455752), np.float64(0.13408786614880439), np.float64(0.15083804208039683), np.float64(0.16889018065161637), np.float64(0.18837004064654905), np.float64(0.20666247872130597), np.float64(0.2264377367633417), np.float64(0.24748909649389664), np.float64(0.2699744577041763), np.float64(0.2929937611928566), np.float64(0.3162809873810042), np.float64(0.3392059535301477)]","[np.float64(2.13135712631167), np.float64(4.263456441478626), np.float64(6.394679189944544), np.float64(8.517984504994232), np.float64(10.634807595513958), np.float64(12.737524348732148), np.float64(14.827676562300622), np.float64(16.9069200118434), np.float64(18.96091251299866), np.float64(21.000358647426207), np.float64(23.01042942352469), np.float64(24.99608308152984), np.float64(26.966360853210617), np.float64(28.877590568159146), np.float64(30.77615458867324), np.float64(32.64224239452722), np.float64(34.46262332180129), np.float64(36.25004414346454), np.float64(37.98238603625746), np.float64(39.689432148320165), np.float64(41.3508493081398), np.float64(42.96341831292368), np.float64(44.57454576131108), np.float64(46.136057918416284), np.float64(47.651176072996805), np.float64(49.116549473019155), np.float64(50.549579110214495), np.float64(51.95600161209763), np.float64(53.34900287919577)]",14526.673998428154,5.780610425160427,-68.76278654718772,242.540940284729
56,STATE_B_DEFENSE,SEEDED,6.8,20.0,2513,0.25,690.0,720.0,210.0,325.16129032258067,0.4042976522085157,0.3378432152805412,0.5764721217680547,True,0.32451541214272017,69.5843449340138,9.5,14.03642723784872,"[np.float64(0.0006813378751334614), np.float64(0.0017685351682400566), np.float64(0.0040021637105283215), np.float64(0.006431105682711251), np.float64(0.00906653386379116), np.float64(0.01299784368525893), np.float64(0.018639372012451576), np.float64(0.024638997742446923), np.float64(0.031155193776615953), np.float64(0.03867314572271909), np.float64(0.045493416917824145), np.float64(0.05439147199009052), np.float64(0.06409600329751898), np.float64(0.07277354699455928), np.float64(0.08196394748867547), np.float64(0.09199459742439779), np.float64(0.10041053203841635), np.float64(0.1113092842008144), np.float64(0.12006155772461212), np.float64(0.13113535597211728), np.float64(0.14155077470749375), np.float64(0.15269472459394282), np.float64(0.16270504003664046), np.float64(0.17417351340298573), np.float64(0.18615707714599977), np.float64(0.19708169297737477), np.float64(0.20664233653228473), np.float64(0.21646465195453593), np.float64(0.22676051058944025), np.float64(0.23739836679377885), np.float64(0.24801067724551693), np.float64(0.2582443866235456), np.float64(0.26823182265982726), np.float64(0.2789491773611441), np.float64(0.2900508561586533), np.float64(0.30141589187770085), np.float64(0.3129376397890758), np.float64(0.32451541214272017)]","[np.float64(2.1067284217846334), np.float64(4.211169837007745), np.float64(6.309724322567109), np.float64(8.402807616598402), np.float64(10.489784289647531), np.float64(12.56329172917494), np.float64(14.616529433562276), np.float64(16.655627564786002), np.float64(18.678282828458343), np.float64(20.678403377411183), np.float64(22.671929815409783), np.float64(24.62843174536485), np.float64(26.55885824284827), np.float64(28.485933908318668), np.float64(30.390743059734117), np.float64(32.26756491254105), np.float64(34.15293305131213), np.float64(35.984169882516206), np.float64(37.83459676159163), np.float64(39.63046440414798), np.float64(41.42172039662382), np.float64(43.18391204257368), np.float64(44.95205113414894), np.float64(46.67685179403081), np.float64(48.37548822017664), np.float64(50.08041372208559), np.float64(51.8001406857459), np.float64(53.50134979966764), np.float64(55.1790931483943), np.float64(56.8359259937918), np.float64(58.48022003023966), np.float64(60.120686655207145), np.float64(61.7548500181425), np.float64(63.359060407050784), np.float64(64.94131572768373), np.float64(66.50448007243767), np.float64(68.05125347953636), np.float64(69.5843449340138)]",39114.45544160502,15.564844982731804,-156.52302190987393,25422.754668712616
50,STATE_B_DEFENSE,SEEDED,6.8,20.0,2513,0.25,690.0,720.0,210.0,325.16129032258067,0.39434938320732194,0.3696776760843613,0.5829266267362452,True,0.3225731535700676,72.95239430393922,10.0,14.513461344786919,"[np.float64(-0.0010159498515476782), np.float64(-0.0005448431232102309), np.float64(0.0009002392483698702), np.float64(0.003488979401581766), np.float64(0.006340928496902437), np.float64(0.010746138199597511), np.float64(0.01642787668007343), np.float64(0.022104174146235254), np.float64(0.02804727716363366), np.float64(0.0344662318868219), np.float64(0.04159370576590295), np.float64(0.04895101834766715), np.float64(0.056754172791004774), np.float64(0.06675697104366664), np.float64(0.07513031310114889), np.float64(0.08462213144876375), np.float64(0.09493168211225142), np.float64(0.10471950374660585), np.float64(0.11366412559906555), np.float64(0.12355648106061358), np.float64(0.1339895524472323), np.float64(0.1445124585552247), np.float64(0.15318905575193456), np.float64(0.16267235575142006), np.float64(0.17238372514910233), np.float64(0.18244406198428006), np.float64(0.19322945604997735), np.float64(0.2030786086470712), np.float64(0.21187191253789137), np.float64(0.22164320624476005), np.float64(0.23208424604984537), np.float64(0.2434185668733024), np.float64(0.2559982419320983), np.float64(0.26601321645085385), np.float64(0.2747822122189816), np.float64(0.28459024141155354), np.float64(0.29325714038026457), np.float64(0.3026805679413418), np.float64(0.31206365224883587), np.float64(0.3225731535700676)]","[np.float64(2.0985056024630193), np.float64(4.196021929289901), np.float64(6.289487645097798), np.float64(8.375159715180295), np.float64(10.454104727052705), np.float64(12.517558081327218), np.float64(14.56294356071646), np.float64(16.597084924047376), np.float64(18.617672052776477), np.float64(20.62202223961957), np.float64(22.60647881425357), np.float64(24.574973135102564), np.float64(26.524412710566), np.float64(28.43051331948056), np.float64(30.342413027532636), np.float64(32.22331092628745), np.float64(34.07570268793647), np.float64(35.91996497320148), np.float64(37.762948483457876), np.float64(39.575093645791654), np.float64(41.36225218742092), np.float64(43.13222168887982), np.float64(44.9228178413859), np.float64(46.68442118225609), np.float64(48.42777637772303), np.float64(50.15017534046324), np.float64(51.843127310140844), np.float64(53.542721139326375), np.float64(55.25340517983109), np.float64(56.929644624757344), np.float64(58.57750930909262), np.float64(60.19088299942119), np.float64(61.76021998892377), np.float64(63.379558188912135), np.float64(65.01887594212464), np.float64(66.62076290182856), np.float64(68.24152001371057), np.float64(69.83192906900248), np.float64(71.41288277809524), np.float64(72.95239430393922)]",41374.59872900367,16.464225518903174,-146.11885503213853,23837.826397657394
51,STATE_B_DEFENSE,SEEDED,6.8,20.0,2513,0.25,690.0,720.0,210.0,325.16129032258067,0.38838042180660565,0.4265817747711898,0.6181635934344287,True,0.323547033455344,71.31644226100887,9.75,14.299178408570029,"[np.float64(-0.0006975627018767077), np.float64(-0.0001572332375938405), np.float64(0.001166399148376579), np.float64(0.0033569460898579184), np.float64(0.0063204034097743235), np.float64(0.011251544826197328), np.float64(0.01602215126989461), np.float64(0.022285168751701542), np.float64(0.029049461508683462), np.float64(0.03645025392774048), np.float64(0.04167454992553437), np.float64(0.04897153045370258), np.float64(0.05804392468459379), np.float64(0.06642246535507307), np.float64(0.07511432979015963), np.float64(0.08245421952804854), np.float64(0.09259693349917679), np.float64(0.10318422133899544), np.float64(0.11452405507953725), np.float64(0.1242887098114067), np.float64(0.13462368068339853), np.float64(0.14561619596801476), np.float64(0.15677964640184297), np.float64(0.16773480947679675), np.float64(0.17790173311314633), np.float64(0.18969271894841377), np.float64(0.20050689309358793), np.float64(0.21263595298127255), np.float64(0.2231411583630335), np.float64(0.23426451292122427), np.float64(0.24553823337696984), np.float64(0.2566417521251521), np.float64(0.2672746381318748), np.float64(0.27711963089029484), np.float64(0.2879719583449904), np.float64(0.29633563270359836), np.float64(0.30540916797590467), np.float64(0.31446688934788325), np.float64(0.323547033455344)]","[np.float64(2.1044871518449004), np.float64(4.207836854759619), np.float64(6.30758154694916), np.float64(8.400923162638), np.float64(10.485680419257921), np.float64(12.552100370581702), np.float64(14.609696826433648), np.float64(16.64557143673959), np.float64(18.66461932026129), np.float64(20.664291561532682), np.float64(22.673648534410773), np.float64(24.648707281754174), np.float64(26.588035832794105), np.float64(28.52056632833338), np.float64(30.433975441675837), np.float64(32.35265792289072), np.float64(34.21477471328958), np.float64(36.05315173149995), np.float64(37.86200685187997), np.float64(39.68129372116943), np.float64(41.475165243816036), np.float64(43.24121222104538), np.float64(44.98806031509065), np.float64(46.723339988376416), np.float64(48.45964521967521), np.float64(50.147662937911186), np.float64(51.841336233136545), np.float64(53.49184323522611), np.float64(55.16383613781902), np.float64(56.808312078935536), np.float64(58.435654705720296), np.float64(60.05359181746122), np.float64(61.66991078441797), np.float64(63.29332027831233), np.float64(64.87981345485477), np.float64(66.51789900376386), np.float64(68.12760893584291), np.float64(69.7274082897488), np.float64(71.31644226100887)]",39722.28698559169,15.806719851011415,-143.54843462072313,23439.992968320847
54,STATE_B_DEFENSE,SEEDED,6.8,20.0,2513,0.25,690.0,720.0,210.0,325.16129032258067,0.4042976522085157,0.47393553521687226,0.597227752775437,True,0.32260040422662944,71.23690598495499,9.75,14.167781891439574,"[np.float64(0.00017224703861813085), np.float64(-0.0003101676792023998), np.float64(0.002041725002336801), np.float64(0.0035138556871007337), np.float64(0.006004362257992756), np.float64(0.00938263786655771), np.float64(0.01489153878762207), np.float64(0.021870569226572316), np.float64(0.02873180882037789), np.float64(0.03573315206715264), np.float64(0.042877424250191296), np.float64(0.051579932393209384), np.float64(0.059455307826665076), np.float64(0.06749081432198742), np.float64(0.07688527251689187), np.float64(0.08638314699734914), np.float64(0.0974354679538781), np.float64(0.10846255426806037), np.float64(0.11872961132512039), np.float64(0.1291853342814659), np.float64(0.13887545618020555), np.float64(0.14862356742897248), np.float64(0.16076737100153818), np.float64(0.17081678832339686), np.float64(0.18182471328509456), np.float64(0.19148391005540458), np.float64(0.20088682955905116), np.float64(0.2117930183440304), np.float64(0.22321525519033641), np.float64(0.23277432211271568), np.float64(0.24295015724684685), np.float64(0.25383655334471217), np.float64(0.2624809564969185), np.float64(0.27318958844927016), np.float64(0.2828003037309428), np.float64(0.2928292078199086), np.float64(0.30377055875459263), np.float64(0.3124884040510403), np.float64(0.32260040422662944)]","[np.float64(2.1004742767931877), np.float64(4.201962045428213), np.float64(6.295541902207332), np.float64(8.387896670919199), np.float64(10.471884403340578), np.float64(12.545214818293353), np.float64(14.59630706924607), np.float64(16.624431716976993), np.float64(18.640012199452098), np.float64(20.641004492506653), np.float64(22.6272001897276), np.float64(24.58186720933369), np.float64(26.531194221263735), np.float64(28.464314514709873), np.float64(30.364162528284993), np.float64(32.246548722745594), np.float64(34.08899459087113), np.float64(35.91424648656572), np.float64(37.735125729115985), np.float64(39.53685758189342), np.float64(41.336713521769845), np.float64(43.120976436115946), np.float64(44.84458479186012), np.float64(46.593092676157816), np.float64(48.30790928940398), np.float64(50.03616593622131), np.float64(51.75680873182679), np.float64(53.43164874544589), np.float64(55.08093713922236), np.float64(56.75893421895105), np.float64(58.410322504304105), np.float64(60.032203154679145), np.float64(61.6958978844371), np.float64(63.297585621246256), np.float64(64.91473438769064), np.float64(66.5099605581638), np.float64(68.07002440550535), np.float64(69.6771897500224), np.float64(71.23690598495499)]",40667.30335953267,16.18277093495132,-143.8236152618192,25088.19136106968
57,STATE_B_DEFENSE,SEEDED,6.8,20.0,2513,0.25,690.0,720.0,210.0,325.16129032258067,0.40071627536808596,0.18424194190210905,0.5916601223490611,True,0.3251785317977821,71.15077728195217,9.75,14.33866249781671,"[np.float64(-0.0008539123070036433), np.float64(-0.002474541235059937), np.float64(-0.0009579843151275579), np.float64(0.0021793210070426886), np.float64(0.006942729696331249), np.float64(0.011557679829655556), np.float64(0.016775327013720396), np.float64(0.023482979534533564), np.float64(0.03052289568573587), np.float64(0.03620747965730848), np.float64(0.045287960699786134), np.float64(0.05359384606798495), np.float64(0.06106824509747003), np.float64(0.0687413791791676), np.float64(0.07787116112449716), np.float64(0.08699327938979885), np.float64(0.09698331205906092), np.float64(0.10709438301246596), np.float64(0.11662381381509286), np.float64(0.1265908184574799), np.float64(0.1355132922764095), np.float64(0.14657944597501568), np.float64(0.15591197254918707), np.float64(0.1675208908414596), np.float64(0.17946948954966682), np.float64(0.19091512106117386), np.float64(0.20229302722998985), np.float64(0.2136257448250158), np.float64(0.22404483458773097), np.float64(0.23371609629883947), np.float64(0.24301601111818238), np.float64(0.2535488385919501), np.float64(0.2642308496249058), np.float64(0.27399320799335336), np.float64(0.284861081796461), np.float64(0.2953670745331653), np.float64(0.3059731088048584), np.float64(0.31569287047636185), np.float64(0.3251785317977821)]","[np.float64(2.101056549714114), np.float64(4.205525193947028), np.float64(6.30349794686645), np.float64(8.39149828862159), np.float64(10.46453311596569), np.float64(12.528762082917039), np.float64(14.579337112186172), np.float64(16.607410179182303), np.float64(18.619410397515995), np.float64(20.631408409038244), np.float64(22.595759759200106), np.float64(24.55256508935935), np.float64(26.504763366186907), np.float64(28.440940974714362), np.float64(30.34310853382671), np.float64(32.22988759096657), np.float64(34.087970752910586), np.float64(35.927948463039904), np.float64(37.76177461394307), np.float64(39.57301407836267), np.float64(41.38809346469631), np.float64(43.149209359662834), np.float64(44.92806274547453), np.float64(46.647798153168175), np.float64(48.344702358857774), np.float64(50.036299206060555), np.float64(51.71432228022644), np.float64(53.37868599035455), np.float64(55.04927108203127), np.float64(56.723873110876), np.float64(58.394987537792105), np.float64(60.02491953315534), np.float64(61.63863117335475), np.float64(63.262681797762134), np.float64(64.84734424073369), np.float64(66.42909125957465), np.float64(67.99654473360516), np.float64(69.57585846340803), np.float64(71.15077728195217)]",40134.53263999855,15.970765077595921,-145.43765562819317,24536.72589790821
52,STATE_B_DEFENSE,SEEDED,6.8,20.0,2513,0.25,690.0,720.0,210.0,325.16129032258067,0.4003183446080382,0.2574612017508953,0.5923072922017415,True,0.32952828246824084,72.77978544690546,10.0,14.85415399329673,"[np.float64(-0.0004709258358885464), np.float64(0.0002886499487879291), np.float64(0.0011749860581670227), np.float64(0.003587497325958978), np.float64(0.006078331375290038), np.float64(0.011592802931112655), np.float64(0.016649658283829357), np.float64(0.021869809651918093), np.float64(0.026620856699243505), np.float64(0.03333330011399138), np.float64(0.039852410427438534), np.float64(0.04768791678818099), np.float64(0.0568724367442503), np.float64(0.06419902728516291), np.float64(0.07392857707762528), np.float64(0.08436444584394083), np.float64(0.09446306296301199), np.float64(0.10470228084885731), np.float64(0.11504569495676871), np.float64(0.12500561810484923), np.float64(0.13576818029419574), np.float64(0.14656248518724618), np.float64(0.1569638613752768), np.float64(0.16853074709674432), np.float64(0.17901009318284308), np.float64(0.19037464824838599), np.float64(0.19976267291132221), np.float64(0.20783760473151516), np.float64(0.21768586677738214), np.float64(0.22852694216810418), np.float64(0.23828436631659913), np.float64(0.24724639002221702), np.float64(0.25861324828043436), np.float64(0.26942107250127445), np.float64(0.2784940054272159), np.float64(0.2882368882314634), np.float64(0.2980371402050653), np.float64(0.307701825114829), np.float64(0.31799689315244156), np.float64(0.32952828246824084)]","[np.float64(2.098465599419266), np.float64(4.195337412522725), np.float64(6.290219915739217), np.float64(8.376873168872061), np.float64(10.458121340598312), np.float64(12.515492801106678), np.float64(14.565049009232858), np.float64(16.603198974359977), np.float64(18.635327850935514), np.float64(20.638558333634954), np.float64(22.63113855475065), np.float64(24.596020609595694), np.float64(26.529657074820754), np.float64(28.471882102682653), np.float64(30.367086695308664), np.float64(32.23531494505821), np.float64(34.09164336420138), np.float64(35.92935737348065), np.float64(37.74912053958817), np.float64(39.559629893517695), np.float64(41.3403373107485), np.float64(43.10457691413754), np.float64(44.86085112336295), np.float64(46.579062086434135), np.float64(48.30374655370264), np.float64(49.99551924660328), np.float64(51.7148966313938), np.float64(53.45069145461351), np.float64(55.13532450515569), np.float64(56.784326864190554), np.float64(58.445498698441476), np.float64(60.113694557506584), np.float64(61.71167867952104), np.float64(63.310484218450235), np.float64(64.94089446788762), np.float64(66.54328017706158), np.float64(68.13303488837377), np.float64(69.71541251335617), np.float64(71.2700368850799), np.float64(72.77978544690546)]",42571.44412479911,16.940487116911704,-139.83764260495082,24372.131094694138
53,STATE_B_DEFENSE,SEEDED,6.8,20.0,2513,0.25,690.0,720.0,210.0,325.16129032258067,0.3947473139673697,0.4552327894946279,0.6221419331717495,True,0.3255168071028454,72.96467456025125,10.0,14.527063707770147,"[np.float64(-0.0014176946927725938), np.float64(0.0006078892169888268), np.float64(0.00370727159189148), np.float64(0.006452436688232791), np.float64(0.008790044006262137), np.float64(0.013483708932020328), np.float64(0.016593345429055537), np.float64(0.022041879033267733), np.float64(0.02752435962628402), np.float64(0.03483011491204065), np.float64(0.04331237338385276), np.float64(0.04941176242912566), np.float64(0.05687629000113988), np.float64(0.06537198475066154), np.float64(0.07450940624543664), np.float64(0.08449953909035267), np.float64(0.09473832904101148), np.float64(0.10471327526861068), np.float64(0.11551127292367414), np.float64(0.1270788319778998), np.float64(0.13717696912231525), np.float64(0.1478445444644701), np.float64(0.15689951860615042), np.float64(0.16667168152441109), np.float64(0.17746520013569964), np.float64(0.18745144449551102), np.float64(0.1976527012333693), np.float64(0.20873852873819637), np.float64(0.2195459483279447), np.float64(0.22969137227547923), np.float64(0.24043821663599502), np.float64(0.25000402878849615), np.float64(0.25985178994035124), np.float64(0.26945346540924264), np.float64(0.27895510628139164), np.float64(0.28997269140544585), np.float64(0.2996183263439002), np.float64(0.3070074776032066), np.float64(0.31577415143386844), np.float64(0.3255168071028454)]","[np.float64(2.1016158963935254), np.float64(4.198975224363752), np.float64(6.28873069714149), np.float64(8.373531170686288), np.float64(10.454779760830144), np.float64(12.51665097518389), np.float64(14.58040832513554), np.float64(16.618848125005552), np.float64(18.64625950001123), np.float64(20.64480325711813), np.float64(22.616780543479916), np.float64(24.601045261669277), np.float64(26.556849513518433), np.float64(28.4854232870807), np.float64(30.39005080091402), np.float64(32.26640454959785), np.float64(34.12235816777501), np.float64(35.9660709330603), np.float64(37.77999508251581), np.float64(39.56381176027656), np.float64(41.35714445463095), np.float64(43.124733220087), np.float64(44.9081633478522), np.float64(46.66402448858702), np.float64(48.385055804113136), np.float64(50.10841847568141), np.float64(51.81357909467098), np.float64(53.48563132259659), np.float64(55.14983175550445), np.float64(56.81571410026347), np.float64(58.45469552035991), np.float64(60.10900648615779), np.float64(61.744672160388326), np.float64(63.37468330974422), np.float64(64.99585663854624), np.float64(66.56677552833159), np.float64(68.16149204047755), np.float64(69.80553152502968), np.float64(71.40345223380723), np.float64(72.96467456025125)]",41697.50505051493,16.59271987684637,-152.74144270643592,24187.245695590973
58,STATE_B_DEFENSE,SEEDED,6.8,20.0,2513,0.25,690.0,720.0,210.0,325.16129032258067,0.3963390370075607,0.20254675686430562,0.5752886544255705,True,0.3251394261687379,72.94934822590405,10.0,14.571534525076357,"[np.float64(-0.00028494944820018324), np.float64(0.0010324355351135715), np.float64(0.0023425917576244378), np.float64(0.005028685582854958), np.float64(0.009003806518234295), np.float64(0.015177703472559954), np.float64(0.01978329025749793), np.float64(0.026145914356508353), np.float64(0.03086692859170552), np.float64(0.036598808501575694), np.float64(0.043954530820777174), np.float64(0.05110348429093132), np.float64(0.058752826285124723), np.float64(0.06722838280428609), np.float64(0.07630683317050496), np.float64(0.08516926396307126), np.float64(0.09437143655183973), np.float64(0.1029225608400737), np.float64(0.11399500029127023), np.float64(0.12538070610572874), np.float64(0.1352140455167989), np.float64(0.14496479749350127), np.float64(0.1563849944750546), np.float64(0.16848766290861414), np.float64(0.17781998678222444), np.float64(0.18751073438348784), np.float64(0.196539632341239), np.float64(0.205467142885973), np.float64(0.2159961088411147), np.float64(0.225075990178211), np.float64(0.23556306942598487), np.float64(0.24508590823357143), np.float64(0.25355054741658273), np.float64(0.26251296594220247), np.float64(0.2726272191538453), np.float64(0.28352113992157574), np.float64(0.29333895621685013), np.float64(0.30493356889790296), np.float64(0.3160955111143069), np.float64(0.3251394261687379)]","[np.float64(2.0996847657414177), np.float64(4.196605381447326), np.float64(6.290792707915647), np.float64(8.37650737019355), np.float64(10.449988546193168), np.float64(12.501796561110572), np.float64(14.552456396099187), np.float64(16.579737079366854), np.float64(18.60944487808653), np.float64(20.619914481125118), np.float64(22.601856114183263), np.float64(24.572577903340814), np.float64(26.523954448254713), np.float64(28.45060884283974), np.float64(30.35396455969565), np.float64(32.245079562100614), np.float64(34.11605132859636), np.float64(35.982572346531384), np.float64(37.79237562869421), np.float64(39.57969794019325), np.float64(41.378298594195485), np.float64(43.16371597086896), np.float64(44.90232455830504), np.float64(46.611318541199196), np.float64(48.360720352596445), np.float64(50.08951059060454), np.float64(51.81940625313716), np.float64(53.53928352365204), np.float64(55.210809869669504), np.float64(56.902579334153316), np.float64(58.549264903824714), np.float64(60.20638227881896), np.float64(61.87785163988265), np.float64(63.52624803767351), np.float64(65.13428541567282), np.float64(66.71034707683634), np.float64(68.30268196664662), np.float64(69.83636198025131), np.float64(71.36957581205291), np.float64(72.94934822590405)]",41229.1384091393,16.406342383262754,-135.16152885183692,23853.85288786888
59,STATE_B_DEFENSE,SEEDED,6.8,20.0,2513,0.25,690.0,720.0,210.0,325.16129032258067,0.4011142061281337,0.22682053322721846,0.5998378550945376,True,0.32876936548690644,72.8666406217945,10.0,14.593929850576949,"[np.float64(-0.00016914548210185588), np.float64(0.0015849250135888207), np.float64(0.0012424809463328743), np.float64(0.002591926813448122), np.float64(0.006806512064718385), np.float64(0.011252850966286386), np.float64(0.015595357750729982), np.float64(0.0215558308745368), np.float64(0.028053120356199293), np.float64(0.03588907786120387), np.float64(0.043788892512449676), np.float64(0.05164118850352938), np.float64(0.06004605488073764), np.float64(0.06778430413543597), np.float64(0.07737466945867548), np.float64(0.0867893940832366), np.float64(0.0976996491778502), np.float64(0.10819438430553015), np.float64(0.11909474742323467), np.float64(0.13003509630508212), np.float64(0.1410589663448625), np.float64(0.1510034860184638), np.float64(0.15982335214290136), np.float64(0.16898713558685902), np.float64(0.1806694545639506), np.float64(0.1903766421874024), np.float64(0.20129957748977784), np.float64(0.21282644458370958), np.float64(0.22502576977623515), np.float64(0.23585189794054343), np.float64(0.2454339735737113), np.float64(0.25501795324760823), np.float64(0.26342319269443254), np.float64(0.27286132749825653), np.float64(0.2818163213576982), np.float64(0.2915096147572917), np.float64(0.3009794007519223), np.float64(0.310343634179214), np.float64(0.3195670475058069), np.float64(0.32876936548690644)]","[np.float64(2.100053179150508), np.float64(4.196426934391801), np.float64(6.29571675323213), np.float64(8.388637925092826), np.float64(10.463827130588077), np.float64(12.528957345916812), np.float64(14.585833318925822), np.float64(16.620821802752165), np.float64(18.639243909831364), np.float64(20.63179114605582), np.float64(22.608924807915294), np.float64(24.57202860480148), np.float64(26.513956846214732), np.float64(28.449840057446938), np.float64(30.345998962987835), np.float64(32.22855595092177), np.float64(34.07224253550735), np.float64(35.905261361880264), np.float64(37.714967005081625), np.float64(39.50732177071946), np.float64(41.28181759559308), np.float64(43.06038625555089), np.float64(44.846181629081464), np.float64(46.61223588793484), np.float64(48.31360059300985), np.float64(50.040853629593585), np.float64(51.72871162303085), np.float64(53.3890585003617), np.float64(55.01979214834891), np.float64(56.667179905091714), np.float64(58.3303925898447), np.float64(59.98167217389154), np.float64(61.64999947204093), np.float64(63.28225274903769), np.float64(64.91554470507121), np.float64(66.51923389130138), np.float64(68.11771541371016), np.float64(69.70831015643769), np.float64(71.29226881740759), np.float64(72.8666406217945)]",41774.270905725905,16.62326737195619,-150.4425570834428,24793.548191547394
55,STATE_B_DEFENSE,SEEDED,6.8,20.0,2513,0.25,690.0,720.0,210.0,325.16129032258067,0.3995224830879427,0.39912455232789495,0.5891936373104115,True,0.3302903712914034,74.54317923650751,10.25,15.067190153704766,"[np.float64(-0.0006413500177355296), np.float64(0.0007044637995140535), np.float64(0.0018816017449344127), np.float64(0.005888716626308569), np.float64(0.008998148727691368), np.float64(0.013180441988224594), np.float64(0.017995520643426896), np.float64(0.023292162304102398), np.float64(0.028432456114151673), np.float64(0.03482376711085922), np.float64(0.04131493840699953), np.float64(0.049154371461477844), np.float64(0.058394894799315214), np.float64(0.06754219835081843), np.float64(0.0753613955951777), np.float64(0.08331053763965314), np.float64(0.09325867714105247), np.float64(0.10244821268998988), np.float64(0.11229271081828118), np.float64(0.1236112113688406), np.float64(0.13400209852225567), np.float64(0.1444778602207863), np.float64(0.15399641581256313), np.float64(0.16355767781587996), np.float64(0.17454543551256976), np.float64(0.1852238243376704), np.float64(0.19588729919031667), np.float64(0.2052162910527853), np.float64(0.2138632102230456), np.float64(0.22240345164809247), np.float64(0.2309802386141143), np.float64(0.24201209283917746), np.float64(0.2524018095193891), np.float64(0.2617690157209801), np.float64(0.27175616707802264), np.float64(0.28260224468397066), np.float64(0.2933744515774226), np.float64(0.30283580095773005), np.float64(0.3108694607676821), np.float64(0.3195917826276), np.float64(0.3302903712914034)]","[np.float64(2.0976672145838924), np.float64(4.192512397863674), np.float64(6.285073088347591), np.float64(8.363389080594558), np.float64(10.438115498176247), np.float64(12.4998594537838), np.float64(14.548639575310052), np.float64(16.583929448797686), np.float64(18.61023686983103), np.float64(20.6140858806961), np.float64(22.60470867000899), np.float64(24.567379082460388), np.float64(26.498223725163083), np.float64(28.414026983501774), np.float64(30.332717237191872), np.float64(32.23597254575032), np.float64(34.09453198562046), np.float64(35.949320393755016), np.float64(37.778206290352), np.float64(39.565735383649084), np.float64(41.353249721725184), np.float64(43.123724352869296), np.float64(44.897574983970394), np.float64(46.656758425075004), np.float64(48.37292804816171), np.float64(50.08070570227033), np.float64(51.77450027508873), np.float64(53.48386858327791), np.float64(55.19635533122693), np.float64(56.899866750531466), np.float64(58.59134015284997), np.float64(60.21217906902656), np.float64(61.83571332103343), np.float64(63.47259673616274), np.float64(65.08237555031378), np.float64(66.6582305906627), np.float64(68.22395048823664), np.float64(69.81295692884811), np.float64(71.43024874648833), np.float64(73.01926691859335), np.float64(74.54317923650751)]",43059.014312630585,17.134506292332105,-140.17727555753663,24303.75944006443
60,STATE_B_DEFENSE,SEEDED,6.8,20.0,2513,0.25,690.0,720.0,210.0,325.16129032258067,0.408674890569041,0.1993633107839236,0.6009987426967953,True,0.32685514849917024,72.75768420044922,10.0,14.643202156284122,"[np.float64(-0.00017293591439581157), np.float64(-0.0006695020627297368), np.float64(0.0009558450075928673), np.float64(0.0027431496743276352), np.float64(0.006407965266037648), np.float64(0.011256100497602816), np.float64(0.016549445545607715), np.float64(0.022604618194565), np.float64(0.029869978253651997), np.float64(0.03638856020791287), np.float64(0.043591154707562994), np.float64(0.05052669884980778), np.float64(0.05873109145361939), np.float64(0.06736968587906153), np.float64(0.07626389182436218), np.float64(0.08631671539656391), np.float64(0.09526136994077433), np.float64(0.1052411205109307), np.float64(0.11529319544320273), np.float64(0.12741296447220554), np.float64(0.13771004856931424), np.float64(0.1472702618300065), np.float64(0.1553360209185699), np.float64(0.16583037677187673), np.float64(0.17498768677666543), np.float64(0.1845897692622291), np.float64(0.19482401087825807), np.float64(0.20532809925385798), np.float64(0.21675447986350743), np.float64(0.2272679715833972), np.float64(0.2379644977150284), np.float64(0.24803536899212464), np.float64(0.2592129304154878), np.float64(0.2685968140505125), np.float64(0.2772661439155732), np.float64(0.2858543296985321), np.float64(0.29670881104702335), np.float64(0.3071237591004115), np.float64(0.31716579184260524), np.float64(0.32685514849917024)]","[np.float64(2.095406027932329), np.float64(4.191853131342666), np.float64(6.282672590413358), np.float64(8.369427903342718), np.float64(10.442719310628732), np.float64(12.501188571024352), np.float64(14.546697885033746), np.float64(16.57550410246673), np.float64(18.581550220260173), np.float64(20.58113530670563), np.float64(22.560988469202243), np.float64(24.53060910179091), np.float64(26.47165852211278), np.float64(28.392343239742356), np.float64(30.294410580185566), np.float64(32.16417265353743), np.float64(34.034601452545495), np.float64(35.87357188676382), np.float64(37.69551732204455), np.float64(39.46563695507258), np.float64(41.25096673587634), np.float64(43.034865077899696), np.float64(44.83367220136355), np.float64(46.571925204347764), np.float64(48.323010641610836), np.float64(50.05183363117279), np.float64(51.75382185009816), np.float64(53.43625625729516), np.float64(55.084213648599416), np.float64(56.739066674875914), np.float64(58.37652403808011), np.float64(60.016016304027985), np.float64(61.616210600510755), np.float64(63.248137621021456), np.float64(64.88704210416401), np.float64(66.51770367947262), np.float64(68.07867996603106), np.float64(69.63953705355715), np.float64(71.19918437614936), np.float64(72.75768420044922)]",42693.85319924272,16.98919745294179,-131.83955850731581,25731.12611579895
64,STATE_B_DEFENSE,SEEDED,6.8,20.0,2513,0.25,690.0,720.0,210.0,325.16129032258067,0.39315559092717867,0.36012733784321527,0.6129846123693437,True,0.32267177215323933,71.42468730542872,9.75,14.164074704158905,"[np.float64(-0.0009533762320119683), np.float64(0.00023365591275279496), np.float64(0.0029789810855054624), np.float64(0.004799991005696776), np.float64(0.00937318294212868), np.float64(0.013933365227653899), np.float64(0.018779023935238275), np.float64(0.024469079382200554), np.float64(0.030272033817676878), np.float64(0.03673572810002127), np.float64(0.04421417039809959), np.float64(0.05197537180361697), np.float64(0.06024695392619689), np.float64(0.06917842799102351), np.float64(0.07819031074066062), np.float64(0.08961186049798035), np.float64(0.09852402002219976), np.float64(0.10768157503208806), np.float64(0.11660363244303372), np.float64(0.12770161668749916), np.float64(0.1372503032711914), np.float64(0.14780517506681348), np.float64(0.15798235852169365), np.float64(0.16852039334194638), np.float64(0.1789249785588581), np.float64(0.18989494983893007), np.float64(0.2011226484987867), np.float64(0.2109532280005202), np.float64(0.22336916722726854), np.float64(0.23420886870950441), np.float64(0.24422632325244104), np.float64(0.2536493611087717), np.float64(0.26305892904359), np.float64(0.2748312644447449), np.float64(0.285449505342997), np.float64(0.29473039358127295), np.float64(0.3049078340570922), np.float64(0.31378838428818884), np.float64(0.32267177215323933)]","[np.float64(2.1072540880738737), np.float64(4.212006639735381), np.float64(6.309357297166601), np.float64(8.40484992817174), np.float64(10.48223535327719), np.float64(12.550364130153156), np.float64(14.607228603275486), np.float64(16.64755056771815), np.float64(18.675676267356792), np.float64(20.685963332423412), np.float64(22.672931566622083), np.float64(24.642697338719323), np.float64(26.59191530457345), np.float64(28.517583712727482), np.float64(30.426593334887), np.float64(32.284484406126836), np.float64(34.162836768933595), np.float64(36.022580659645506), np.float64(37.87161852832189), np.float64(39.66821673467637), np.float64(41.476399347939), np.float64(43.25122125466554), np.float64(45.018046739711835), np.float64(46.7630551380562), np.float64(48.496088015558556), np.float64(50.202901786395266), np.float64(51.88954581391119), np.float64(53.59251399128586), np.float64(55.22414692368117), np.float64(56.87700331264714), np.float64(58.53583050849263), np.float64(60.1965663805618), np.float64(61.84604277173077), np.float64(63.425273325314926), np.float64(65.02050180208212), np.float64(66.63810101410863), np.float64(68.22155089979091), np.float64(69.82817167971486), np.float64(71.42468730542872)]",39144.30670022061,15.576723716761085,-168.8262857911177,23686.70156311989
61,STATE_B_DEFENSE,SEEDED,6.8,20.0,2513,0.25,690.0,720.0,210.0,325.16129032258067,0.40469558296856345,0.1333068046159968,0.5975281110979352,True,0.3248845116747872,72.93037849646156,10.0,14.423585159365027,"[np.float64(-0.00030085164496335896), np.float64(0.001104855348422461), np.float64(0.003333940213194908), np.float64(0.006261654298066164), np.float64(0.0087711465627177), np.float64(0.013437686994330619), np.float64(0.018310057274706446), np.float64(0.023974438269517596), np.float64(0.02950663801762757), np.float64(0.03648899017916092), np.float64(0.04468220515537111), np.float64(0.05242271742937774), np.float64(0.05989465946231618), np.float64(0.06840535893169017), np.float64(0.07737958644600307), np.float64(0.08705420726544498), np.float64(0.09589066238639915), np.float64(0.10532562932717714), np.float64(0.11623449380088642), np.float64(0.12631756190804547), np.float64(0.13634485045038813), np.float64(0.1474154930808623), np.float64(0.15700276589776982), np.float64(0.1654510967736101), np.float64(0.17672713560836048), np.float64(0.1870644843711863), np.float64(0.1989969478800856), np.float64(0.20907201364389388), np.float64(0.21999509294572517), np.float64(0.22888842565487777), np.float64(0.2393485777338642), np.float64(0.25132806444642725), np.float64(0.2614964550925771), np.float64(0.269691007392167), np.float64(0.2797617273921288), np.float64(0.28909251528107616), np.float64(0.29786233026463815), np.float64(0.30599515930721843), np.float64(0.31530919727911483), np.float64(0.3248845116747872)]","[np.float64(2.0989535447417564), np.float64(4.194958796770958), np.float64(6.285444423007949), np.float64(8.368392033648368), np.float64(10.447470803283545), np.float64(12.508067401581608), np.float64(14.557792041428097), np.float64(16.591395537928467), np.float64(18.61510205559165), np.float64(20.613661542865692), np.float64(22.585935018172105), np.float64(24.548424614851484), np.float64(26.50022053013841), np.float64(28.424805033089207), np.float64(30.328042183846545), np.float64(32.205635233669895), np.float64(34.08025187484738), np.float64(35.93063335996073), np.float64(37.740997042977796), np.float64(39.54914102801631), np.float64(41.34297342991709), np.float64(43.10223730852323), np.float64(44.8743452684645), np.float64(46.65537687633712), np.float64(48.36593769934192), np.float64(50.08107930827249), np.float64(51.74783837846025), np.float64(53.440367334347904), np.float64(55.1006146767063), np.float64(56.79400763671038), np.float64(58.43895551884708), np.float64(60.03463486406594), np.float64(61.66069426748949), np.float64(63.323860411999306), np.float64(64.92933771431125), np.float64(66.54232100678107), np.float64(68.15926492071085), np.float64(69.78310680340016), np.float64(71.36547590588032), np.float64(72.93037849646156)]",41866.09883107383,16.6598085280835,-149.70255938638002,25482.73789000511
62,STATE_B_DEFENSE,SEEDED,6.8,20.0,2513,0.25,690.0,720.0,210.0,325.16129032258067,0.39434938320732194,0.475925189017111,0.6088225987967305,True,0.3289862392776945,72.80000112444627,10.0,14.703859753934681,"[np.float64(-0.001017986403762684), np.float64(5.7925581368511206e-05), np.float64(0.0014477884957273333), np.float64(0.003770763475480014), np.float64(0.007588300565952924), np.float64(0.012165519723943858), np.float64(0.01884602892552161), np.float64(0.023863588692957072), np.float64(0.029324920340673185), np.float64(0.0356574669834198), np.float64(0.04292634607137555), np.float64(0.05112967994162521), np.float64(0.057942310273456706), np.float64(0.06520687840243215), np.float64(0.07460025003841471), np.float64(0.08427972551285282), np.float64(0.09472930943341323), np.float64(0.10520691965539386), np.float64(0.11562023066295024), np.float64(0.12660246504118894), np.float64(0.13724549533837668), np.float64(0.14861931320874677), np.float64(0.15889476736157201), np.float64(0.16959287477604934), np.float64(0.18039821147270566), np.float64(0.190632607187607), np.float64(0.2008662219562561), np.float64(0.21108357266772), np.float64(0.2207051062980562), np.float64(0.23140940617921915), np.float64(0.2415881433193531), np.float64(0.2516048552160797), np.float64(0.2603045807012828), np.float64(0.2702862147142383), np.float64(0.27916928033522237), np.float64(0.28982898825890174), np.float64(0.3001548664942341), np.float64(0.3085863247204808), np.float64(0.3186950990224538), np.float64(0.3289862392776945)]","[np.float64(2.0991950919942752), np.float64(4.196131157893515), np.float64(6.289827508564403), np.float64(8.376726907891905), np.float64(10.45105379121077), np.float64(12.512875338062623), np.float64(14.550415603234367), np.float64(16.588250095581223), np.float64(18.612208223326228), np.float64(20.61690958766939), np.float64(22.599430887748742), np.float64(24.557532827477715), np.float64(26.518197205735095), np.float64(28.460510863613777), np.float64(30.359836416358323), np.float64(32.238954613373764), np.float64(34.09001444828429), np.float64(35.92380614891553), np.float64(37.742185701132286), np.float64(39.53450303045605), np.float64(41.31652800664989), np.float64(43.0691460007187), np.float64(44.826772578220314), np.float64(46.5613454736747), np.float64(48.2789008442783), np.float64(49.993794264859744), np.float64(51.69494604260142), np.float64(53.382955131202976), np.float64(55.071163757116516), np.float64(56.72201601659058), np.float64(58.37199711142613), np.float64(60.01336731970683), np.float64(61.67480986209721), np.float64(63.293594632791645), np.float64(64.92854496712904), np.float64(66.50710915673841), np.float64(68.08255066044758), np.float64(69.69699353399027), np.float64(71.25642797376283), np.float64(72.80000112444627)]",41737.37672830046,16.608586043891947,-147.06054477626458,23874.555208206177
63,STATE_B_DEFENSE,SEEDED,6.8,20.0,2513,0.25,690.0,720.0,210.0,325.16129032258067,0.3983286908077994,0.3804218066056506,0.5807843910232026,True,0.33005639228686356,72.86414337919315,10.0,14.931892266901912,"[np.float64(-0.0008029227826256181), np.float64(-0.0011068181128201548), np.float64(0.00016964789271271228), np.float64(0.002324137422272561), np.float64(0.003680632392600678), np.float64(0.007533441253579027), np.float64(0.014271592845970214), np.float64(0.020055862245151754), np.float64(0.027697297537614764), np.float64(0.03434616449101388), np.float64(0.0416626974227821), np.float64(0.04823495457612359), np.float64(0.05683331051969114), np.float64(0.06578581191634324), np.float64(0.0751071117106576), np.float64(0.08467433927804532), np.float64(0.0950503207450571), np.float64(0.10542983197342798), np.float64(0.11555097128997897), np.float64(0.12573091227090621), np.float64(0.1352795211809696), np.float64(0.14585806802730586), np.float64(0.1555563278429634), np.float64(0.16444774556838157), np.float64(0.1753247756971862), np.float64(0.18655325942630455), np.float64(0.19799387178367692), np.float64(0.20960508586396148), np.float64(0.21917777502105645), np.float64(0.22799254772829206), np.float64(0.23756060642478266), np.float64(0.24773310876447424), np.float64(0.25762290490811396), np.float64(0.2682464551878351), np.float64(0.28033760390361184), np.float64(0.2902786439866463), np.float64(0.30118272547303104), np.float64(0.3104390635257222), np.float64(0.3197447846388591), np.float64(0.33005639228686356)]","[np.float64(2.101664178726321), np.float64(4.203967702451022), np.float64(6.301926285219748), np.float64(8.393532887884149), np.float64(10.484823692699182), np.float64(12.557709003641472), np.float64(14.601914747234419), np.float64(16.640520577900027), np.float64(18.65085740757602), np.float64(20.656462332149726), np.float64(22.642169055499053), np.float64(24.622992159373027), np.float64(26.5661735324658), np.float64(28.489312433114183), np.float64(30.391650853050013), np.float64(32.274475952117356), np.float64(34.12878147247083), np.float64(35.96630429832126), np.float64(37.79181858742008), np.float64(39.60058479154276), np.float64(41.4053816793597), np.float64(43.17637399128464), np.float64(44.94911812329443), np.float64(46.72401332176353), np.float64(48.44511182138366), np.float64(50.14396009984373), np.float64(51.82333591735822), np.float64(53.484153778444536), np.float64(55.17640222597277), np.float64(56.87380553264082), np.float64(58.541973004029764), np.float64(60.183581414926984), np.float64(61.819803487458735), np.float64(63.425805009587386), np.float64(64.98224233288141), np.float64(66.58089760732273), np.float64(68.14303603672626), np.float64(69.73713170554245), np.float64(71.31953934366992), np.float64(72.86414337919315)]",41691.58440579813,16.590363870194242,-139.37958451919258,23942.615779399872
65,STATE_B_DEFENSE,SEEDED,6.8,20.0,2513,0.25,690.0,720.0,210.0,325.16129032258067,0.39434938320732194,0.3147632311977716,0.5960587552180834,True,0.3252220713320238,72.96174608373303,10.0,14.710970971102547,"[np.float64(-0.001333000421401134), np.float64(0.0004612310635690817), np.float64(0.0017474089469310026), np.float64(0.0046520034006862125), np.float64(0.007808597245792834), np.float64(0.01059999159194857), np.float64(0.014983160927397056), np.float64(0.020532769848902045), np.float64(0.02670272414913185), np.float64(0.032139053160124206), np.float64(0.03740101866735763), np.float64(0.0451691026320285), np.float64(0.05389782339660355), np.float64(0.061616872281140316), np.float64(0.07207598940122574), np.float64(0.08126335751718043), np.float64(0.08963062883124576), np.float64(0.10030389122263518), np.float64(0.11135143613651115), np.float64(0.12152878147948469), np.float64(0.13102345915312877), np.float64(0.14318549495642055), np.float64(0.15326129875131178), np.float64(0.16321849954994874), np.float64(0.1733785831016491), np.float64(0.1837846246383986), np.float64(0.19588553679994505), np.float64(0.20555858418586964), np.float64(0.21685971904933132), np.float64(0.22769765603619688), np.float64(0.23840316159985217), np.float64(0.2488426195304968), np.float64(0.25890231202348063), np.float64(0.2689044155798601), np.float64(0.27851803260248137), np.float64(0.28763003490773903), np.float64(0.2962562014678704), np.float64(0.30572311781363426), np.float64(0.3145638099139768), np.float64(0.3252220713320238)]","[np.float64(2.1012087859029442), np.float64(4.1986475638648875), np.float64(6.2939269564033), np.float64(8.379762724691393), np.float64(10.458286441593547), np.float64(12.532599545154456), np.float64(14.589761048201654), np.float64(16.62861457836111), np.float64(18.65089640709119), np.float64(20.6685710542957), np.float64(22.677694879643393), np.float64(24.647196207695323), np.float64(26.590325649872014), np.float64(28.531439729775673), np.float64(30.419917501669353), np.float64(32.30976486668775), np.float64(34.19706451880617), np.float64(36.03261142550718), np.float64(37.844907758351106), np.float64(39.655583235725764), np.float64(41.463221895231676), np.float64(43.205982535051845), np.float64(44.9721379885045), np.float64(46.72616616766901), np.float64(48.461905651537286), np.float64(50.17837099261887), np.float64(51.84400156111921), np.float64(53.54802149677052), np.float64(55.20231588579688), np.float64(56.853224203562604), np.float64(58.493852468589324), np.float64(60.127850713843934), np.float64(61.75860561198345), np.float64(63.378801201216234), np.float64(64.99712889340488), np.float64(66.61722061187913), np.float64(68.23950346982585), np.float64(69.82928698445778), np.float64(71.42550648283122), np.float64(72.96174608373303)]",41386.53376577448,16.46897483715658,-140.9969635871239,24307.6778151989
66,STATE_B_DEFENSE,SEEDED,6.8,20.0,2513,0.25,690.0,720.0,210.0,325.16129032258067,0.40469558296856345,0.1886191802626343,0.5649976380917593,True,0.32912916231700484,72.97169420597447,10.0,14.696517376839562,"[np.float64(0.0008942385790819879), np.float64(0.0015577839623410379), np.float64(0.002156087551122216), np.float64(0.0039024122457412065), np.float64(0.006449832729803349), np.float64(0.01128251736485759), np.float64(0.015011172037967523), np.float64(0.02221754446272861), np.float64(0.02909545235225378), np.float64(0.03437402983473896), np.float64(0.04137850522992221), np.float64(0.04931774102450766), np.float64(0.05826819214972128), np.float64(0.06631507388110164), np.float64(0.07514682458141526), np.float64(0.08453267206129476), np.float64(0.09500128138137318), np.float64(0.10506399319504185), np.float64(0.1150979738539387), np.float64(0.12591377009749466), np.float64(0.13794438414363103), np.float64(0.14954963913386038), np.float64(0.15966117460671816), np.float64(0.16944444405741105), np.float64(0.179974853973047), np.float64(0.1909180786475945), np.float64(0.20164572121886004), np.float64(0.21147365032837676), np.float64(0.22264831889834738), np.float64(0.2322579530350984), np.float64(0.24260477786121237), np.float64(0.25210662947265106), np.float64(0.2635850531188475), np.float64(0.2748418882605956), np.float64(0.28401713872377177), np.float64(0.29438402934884544), np.float64(0.3045090454120298), np.float64(0.31298473131438537), np.float64(0.32018129626027075), np.float64(0.32912916231700484)]","[np.float64(2.1022479467668123), np.float64(4.203102895486457), np.float64(6.302772071328368), np.float64(8.396383646418318), np.float64(10.482188612818842), np.float64(12.548535173516997), np.float64(14.613042939179435), np.float64(16.641648831239294), np.float64(18.65918676003028), np.float64(20.679461604535945), np.float64(22.670777371786485), np.float64(24.638018097253703), np.float64(26.57807438031629), np.float64(28.514337982456635), np.float64(30.42533735849104), np.float64(32.31295638188256), np.float64(34.168006366088235), np.float64(36.01279448196976), np.float64(37.84209043518602), np.float64(39.64199131010321), np.float64(41.40347641975308), np.float64(43.155569065532106), np.float64(44.92005807266138), np.float64(46.676628169516775), np.float64(48.40404590845875), np.float64(50.10838845932338), np.float64(51.80284045243464), np.float64(53.50311609696413), np.float64(55.16012631495297), np.float64(56.8392673737123), np.float64(58.48886797935596), np.float64(60.14608344449816), np.float64(61.74328492692009), np.float64(63.332814179898214), np.float64(64.96219124354602), np.float64(66.55013786942192), np.float64(68.13279547278285), np.float64(69.748005064505), np.float64(71.38810453110754), np.float64(72.97169420597447)]",41764.444412143625,16.619357107896388,-138.27001401083544,25022.71570277214
68,STATE_B_DEFENSE,SEEDED,6.8,20.0,2513,0.25,690.0,720.0,210.0,325.16129032258067,0.3939514524472742,0.3056108237166733,0.6105764474221094,True,0.32563942816801267,71.28957972865915,9.75,14.169129606912918,"[np.float64(0.00014460784939609076), np.float64(0.0009914588966949828), np.float64(0.002326209114389853), np.float64(0.00415643655308098), np.float64(0.007529063017716395), np.float64(0.012762841684702113), np.float64(0.018061392573654852), np.float64(0.023824400891333322), np.float64(0.030297199665810074), np.float64(0.03861249369358293), np.float64(0.04640082874539992), np.float64(0.055664801518821215), np.float64(0.06343754598994511), np.float64(0.07037499569660213), np.float64(0.07977183308757661), np.float64(0.09103985535183294), np.float64(0.10097450650940298), np.float64(0.11026037071174535), np.float64(0.12110678158153408), np.float64(0.13163204031810316), np.float64(0.14017547070756642), np.float64(0.1521738595670223), np.float64(0.1633141980409491), np.float64(0.17441424753633367), np.float64(0.18509662612599018), np.float64(0.19510078285425214), np.float64(0.20550971099961135), np.float64(0.2176442528733522), np.float64(0.22859648984141334), np.float64(0.2378196150431274), np.float64(0.2477360599997373), np.float64(0.2580908707928191), np.float64(0.26765236315032626), np.float64(0.2778229676349654), np.float64(0.28752162540496545), np.float64(0.2966208342576326), np.float64(0.3074125995631228), np.float64(0.31633860539412734), np.float64(0.32563942816801267)]","[np.float64(2.1044700762949424), np.float64(4.207159368381596), np.float64(6.306535797020339), np.float64(8.401047822255421), np.float64(10.4837188788553), np.float64(12.547913749017395), np.float64(14.601087705082945), np.float64(16.6399264678921), np.float64(18.661021081389894), np.float64(20.65129937273428), np.float64(22.631732510599946), np.float64(24.580594315090263), np.float64(26.531482106488316), np.float64(28.479621412467615), np.float64(30.380814689105627), np.float64(32.238425917392654), np.float64(34.09843475611673), np.float64(35.95292589638228), np.float64(37.76628488952761), np.float64(39.56867719536679), np.float64(41.391160374806866), np.float64(43.135796901274105), np.float64(44.88006481831988), np.float64(46.60953173930463), np.float64(48.33227986556105), np.float64(50.054743047752154), np.float64(51.755029603177064), np.float64(53.403776966850685), np.float64(55.063969574328176), np.float64(56.75011269217382), np.float64(58.408289006084345), np.float64(60.04379404404648), np.float64(61.68619870030666), np.float64(63.30204289393201), np.float64(64.91797016709882), np.float64(66.53806343291183), np.float64(68.1035177123908), np.float64(69.7066065836933), np.float64(71.28957972865915)]",39917.61993756145,15.884448841051116,-156.98023660248145,24138.472693562508
67,STATE_B_DEFENSE,SEEDED,6.8,20.0,2513,0.25,690.0,720.0,210.0,325.16129032258067,0.40469558296856345,0.39315559092717867,0.552883571067737,True,0.3277520207290255,72.9182996970278,10.0,14.712712759308634,"[np.float64(-0.0008211249531887537), np.float64(-0.0002234069051171055), np.float64(0.0011691071631987416), np.float64(0.00417944001176826), np.float64(0.007192573455072251), np.float64(0.011135024924323162), np.float64(0.016379160492819143), np.float64(0.022038425406014462), np.float64(0.028362329914529416), np.float64(0.036316646327361174), np.float64(0.04479323917002732), np.float64(0.052718079144704943), np.float64(0.06090400682869743), np.float64(0.06893864744443218), np.float64(0.07654000156240334), np.float64(0.08632290314986937), np.float64(0.09554018032407567), np.float64(0.10521847017731023), np.float64(0.11388005011944625), np.float64(0.12345931822686121), np.float64(0.1345442471906054), np.float64(0.14556211308619327), np.float64(0.15536522266934408), np.float64(0.16437237070658378), np.float64(0.17450178210975842), np.float64(0.18518267046127987), np.float64(0.1961530676382166), np.float64(0.20891139821131138), np.float64(0.21905730190126346), np.float64(0.2284894151828314), np.float64(0.23933000363589463), np.float64(0.2487651390379929), np.float64(0.2593101414303046), np.float64(0.26803169242677327), np.float64(0.27815519539389294), np.float64(0.2892197677053641), np.float64(0.30039738468687754), np.float64(0.3092309384675977), np.float64(0.31871268117190926), np.float64(0.3277520207290255)]","[np.float64(2.1014226343586495), np.float64(4.201588741975116), np.float64(6.297998633421273), np.float64(8.384735288121634), np.float64(10.465229924573368), np.float64(12.533769415745542), np.float64(14.584958292867391), np.float64(16.62231095163795), np.float64(18.6425131075463), np.float64(20.63425485891073), np.float64(22.60541767480974), np.float64(24.56745859405641), np.float64(26.51186837616163), np.float64(28.443738253907167), np.float64(30.3676510683719), np.float64(32.245977167703415), np.float64(34.11691815143526), np.float64(35.96528163397515), np.float64(37.81546242895382), np.float64(39.63568312971226), np.float64(41.41365899816551), np.float64(43.17659474103678), np.float64(44.94725957797535), np.float64(46.71972990636735), np.float64(48.456070897656396), np.float64(50.16672256102293), np.float64(51.85676403208655), np.float64(53.49286055695469), np.float64(55.17228427966755), np.float64(56.85524989582725), np.float64(58.49291154252734), np.float64(60.15124526332983), np.float64(61.770713374440355), np.float64(63.42330806144), np.float64(65.0296290968405), np.float64(66.5999725609728), np.float64(68.15515468805093), np.float64(69.7606461076262), np.float64(71.33859360041338), np.float64(72.9182996970278)]",41495.33080339668,16.512268525028524,-137.14486212609336,24848.32653939724
69,STATE_B_DEFENSE,SEEDED,6.8,20.0,2513,0.25,690.0,720.0,210.0,325.16129032258067,0.3987266215678472,0.3501790688420215,0.6121502756940447,True,0.33096571381555734,72.74815399057944,10.0,14.693189068742758,"[np.float64(9.29204186043978e-05), np.float64(0.0013272805494632114), np.float64(0.003075448575942718), np.float64(0.006382585037515157), np.float64(0.009830368163745534), np.float64(0.014572577267738552), np.float64(0.019317798359740346), np.float64(0.02547460344193998), np.float64(0.03153614136171002), np.float64(0.038661917311001416), np.float64(0.04539808268427688), np.float64(0.05373433184409564), np.float64(0.06206048503095814), np.float64(0.07143303906904583), np.float64(0.08112115208907253), np.float64(0.08974651937015878), np.float64(0.09935838018940456), np.float64(0.1086653615621786), np.float64(0.11797839997909434), np.float64(0.12681430070797312), np.float64(0.1383338505312072), np.float64(0.1490866855767834), np.float64(0.15924066862623684), np.float64(0.16980277867012933), np.float64(0.18155201742429314), np.float64(0.19193019955308846), np.float64(0.20077681413153495), np.float64(0.21089591755089823), np.float64(0.22133505777091775), np.float64(0.23181009806828234), np.float64(0.24117033407771957), np.float64(0.2527511175903862), np.float64(0.2625564574647623), np.float64(0.2724446704218475), np.float64(0.28191727978018216), np.float64(0.29092723299312984), np.float64(0.30072176596132466), np.float64(0.31078946706439703), np.float64(0.32122326142236907), np.float64(0.33096571381555734)]","[np.float64(2.0980954581766262), np.float64(4.193603746248399), np.float64(6.284921744031484), np.float64(8.366115480024131), np.float64(10.439776736303932), np.float64(12.498419883447985), np.float64(14.547509730919156), np.float64(16.575741012185237), np.float64(18.59283885220353), np.float64(20.587722978201917), np.float64(22.5734144660218), np.float64(24.527941466922385), np.float64(26.46757467232668), np.float64(28.3785981716815), np.float64(30.269099221593432), np.float64(32.15900901922191), np.float64(34.019246949859756), np.float64(35.868869233663695), np.float64(37.703556188300894), np.float64(39.53204132877774), np.float64(41.298082692143225), np.float64(43.06175291466731), np.float64(44.821506729018736), np.float64(46.558645535354835), np.float64(48.25685401540748), np.float64(49.968159864120715), np.float64(51.69851131240362), np.float64(53.38878579615927), np.float64(55.058706756708254), np.float64(56.71458973779868), np.float64(58.38367394003278), np.float64(59.98780886019623), np.float64(61.62173986031236), np.float64(63.24189628779591), np.float64(64.8609736321551), np.float64(66.48092286765801), np.float64(68.06987300122385), np.float64(69.6406065858151), np.float64(71.19048005569243), np.float64(72.74815399057944)]",42850.55029924789,17.051552049044126,-143.4260996216908,24325.975561976433
71,STATE_B_DEFENSE,SEEDED,6.8,20.0,2513,0.25,690.0,720.0,210.0,325.16129032258067,0.4003183446080382,0.24273776362912852,0.5824554538932062,True,0.3228510248087251,71.35503752806126,9.75,14.21380149997524,"[np.float64(9.704411779044439e-05), np.float64(0.0015007366602824265), np.float64(0.001711255658675621), np.float64(0.003310386860263277), np.float64(0.00630252792087228), np.float64(0.00965927455561305), np.float64(0.014903929953234984), np.float64(0.020767993550749632), np.float64(0.025828460753977347), np.float64(0.032481438415010555), np.float64(0.0405330470292081), np.float64(0.04764580359578787), np.float64(0.05683655115498219), np.float64(0.06531313243294647), np.float64(0.07415860944759743), np.float64(0.08546093923019578), np.float64(0.09612331962681485), np.float64(0.10627452458565731), np.float64(0.11632657391795723), np.float64(0.12762249766941106), np.float64(0.13948945463219467), np.float64(0.1498447487390984), np.float64(0.15866130769602954), np.float64(0.17074444830773902), np.float64(0.181397339838605), np.float64(0.19175973346077313), np.float64(0.20344077711870254), np.float64(0.21413645291801284), np.float64(0.2247711798083617), np.float64(0.2344682026252949), np.float64(0.24477776169539445), np.float64(0.25618449530149806), np.float64(0.26616686678991974), np.float64(0.2759339909532442), np.float64(0.2867541143731824), np.float64(0.29628754323862955), np.float64(0.30495338053721693), np.float64(0.3138192258790045), np.float64(0.3228510248087251)]","[np.float64(2.1042359160949657), np.float64(4.205521523868244), np.float64(6.307619378681266), np.float64(8.403454212017792), np.float64(10.488689363909089), np.float64(12.565487191465328), np.float64(14.621807897998917), np.float64(16.662569190717964), np.float64(18.699097165788817), np.float64(20.709727025726792), np.float64(22.69239043093475), np.float64(24.671156492817094), np.float64(26.610616775239084), np.float64(28.543346932990648), np.float64(30.455978212439728), np.float64(32.31680246656841), np.float64(34.16919235351677), np.float64(36.01277189885022), np.float64(37.84194675322395), np.float64(39.63360990771104), np.float64(41.39802671472154), np.float64(43.173631329241296), np.float64(44.964015073848685), np.float64(46.67622117862471), np.float64(48.401354481749316), np.float64(50.118088083305665), np.float64(51.79250344444979), np.float64(53.473644321284624), np.float64(55.142445117793386), np.float64(56.81942071517664), np.float64(58.46975637666906), np.float64(60.081223051914726), np.float64(61.71403869223258), np.float64(63.34032892821209), np.float64(64.92855871063178), np.float64(66.53763002247634), np.float64(68.15845330587563), np.float64(69.76398677652007), np.float64(71.35503752806126)]",40273.145275356306,16.025923308936054,-148.51916553033516,25137.882442474365
72,STATE_B_DEFENSE,SEEDED,6.8,20.0,2513,0.25,690.0,720.0,210.0,325.16129032258067,0.39912455232789495,0.2379625945085555,0.5614775503066829,True,0.3235440762251768,73.07655794131843,10.0,14.528301958447804,"[np.float64(0.0002763376253821288), np.float64(0.00048138631533400006), np.float64(0.0029922051719932534), np.float64(0.0065862922591534085), np.float64(0.009008052738070855), np.float64(0.012439755965222503), np.float64(0.016917191251642944), np.float64(0.02183468285284064), np.float64(0.02744172430665717), np.float64(0.033644519336938565), np.float64(0.04041952747554442), np.float64(0.04945479028547053), np.float64(0.057491870723816514), np.float64(0.06564763156753614), np.float64(0.07232318221464193), np.float64(0.08282985506359812), np.float64(0.0925275025790028), np.float64(0.10213671168131887), np.float64(0.11261665402590058), np.float64(0.12246114318477877), np.float64(0.13404531051511268), np.float64(0.1437857984004482), np.float64(0.1559913053059709), np.float64(0.16642153136528307), np.float64(0.17600551333413722), np.float64(0.18531489913862648), np.float64(0.19522866825036028), np.float64(0.20533252116560458), np.float64(0.2166624409649761), np.float64(0.22710846448674707), np.float64(0.23742475690762455), np.float64(0.24776482960722804), np.float64(0.25731168785670533), np.float64(0.2670579227118026), np.float64(0.27561189041785333), np.float64(0.2851463044992001), np.float64(0.2945381584869196), np.float64(0.30499802427361544), np.float64(0.31403005803873724), np.float64(0.3235440762251768)]","[np.float64(2.1014898575113206), np.float64(4.2025489925434165), np.float64(6.295928274505164), np.float64(8.379570928097783), np.float64(10.461886019524094), np.float64(12.532968585986534), np.float64(14.589571655245875), np.float64(16.63362718605437), np.float64(18.66170011347367), np.float64(20.67291375660855), np.float64(22.666044324480538), np.float64(24.619922124999515), np.float64(26.570035184885207), np.float64(28.504177883475872), np.float64(30.444981012351917), np.float64(32.316712002166675), np.float64(34.183775540192656), np.float64(36.03645541010433), np.float64(37.858911112721984), np.float64(39.67634278937441), np.float64(41.44683643186617), np.float64(43.23521538350962), np.float64(44.96119526765946), np.float64(46.70579553315046), np.float64(48.45321798928561), np.float64(50.193071458231806), np.float64(51.90695579627407), np.float64(53.60334479481367), np.float64(55.25864650513788), np.float64(56.92028615691367), np.float64(58.5719373926173), np.float64(60.2103156820535), np.float64(61.85570476344646), np.float64(63.484540218039825), np.float64(65.13224696045776), np.float64(66.74419675962633), np.float64(68.34890980961528), np.float64(69.9142922329182), np.float64(71.50711444571803), np.float64(73.07655794131843)]",40969.743212285095,16.303121055425823,-138.06950344145298,24553.235904216766
73,STATE_B_DEFENSE,SEEDED,6.8,20.0,2513,0.25,690.0,720.0,210.0,325.16129032258067,0.38838042180660565,0.3800238758456029,0.5798362738713735,True,0.32460766419643655,73.09420976572127,10.0,14.482385450578839,"[np.float64(-0.000580806484473356), np.float64(0.00018053260109680591), np.float64(0.003138477077481789), np.float64(0.006593061033645962), np.float64(0.010607841626502907), np.float64(0.015324014861904246), np.float64(0.02078277430811177), np.float64(0.02709068858715794), np.float64(0.03258686664294053), np.float64(0.038434220120402124), np.float64(0.045743238144181346), np.float64(0.053359347931622315), np.float64(0.06135639671753118), np.float64(0.0693830106673812), np.float64(0.07746140095722379), np.float64(0.08630236526000236), np.float64(0.09531445836375572), np.float64(0.10484136293091732), np.float64(0.11307181287321488), np.float64(0.12424174807967707), np.float64(0.13452536372240007), np.float64(0.1432352736002048), np.float64(0.15353839428874838), np.float64(0.1645935936379435), np.float64(0.17644195790069772), np.float64(0.18623738258351138), np.float64(0.19547703157464724), np.float64(0.20644430340867373), np.float64(0.21715126116944447), np.float64(0.22797624094824673), np.float64(0.23899223913092807), np.float64(0.2501569755137413), np.float64(0.25949416913179013), np.float64(0.2686799650800737), np.float64(0.27775635078443034), np.float64(0.2862206608919312), np.float64(0.2949976365306883), np.float64(0.30443374873528695), np.float64(0.3135389944563544), np.float64(0.32460766419643655)]","[np.float64(2.1037434307738545), np.float64(4.205885183689894), np.float64(6.299519519739086), np.float64(8.384933852618516), np.float64(10.460327648609255), np.float64(12.52320635469268), np.float64(14.57128958579392), np.float64(16.601686428049987), np.float64(18.627124898917216), np.float64(20.638452019245808), np.float64(22.622821472424974), np.float64(24.5900597987124), np.float64(26.538681791282478), np.float64(28.47265797790371), np.float64(30.391841406169497), np.float64(32.28577648098373), np.float64(34.162223277004664), np.float64(36.01547594081243), np.float64(37.87552175307423), np.float64(39.670416218074685), np.float64(41.4647265491034), np.float64(43.273446776809216), np.float64(45.0379303164722), np.float64(46.77250811530332), np.float64(48.47539668772606), np.float64(50.20583108659866), np.float64(51.934955229008146), np.float64(53.61311097109903), np.float64(55.283093476298205), np.float64(56.93677815302005), np.float64(58.57253445255758), np.float64(60.19138267660385), np.float64(61.841850269645384), np.float64(63.48476143669961), np.float64(65.11943681907283), np.float64(66.75923873290586), np.float64(68.3807487429997), np.float64(69.9744025427207), np.float64(71.56649330538505), np.float64(73.09420976572127)]",40630.58569107497,16.16815984523477,-142.8840638245456,23243.731239438057
74,STATE_B_DEFENSE,SEEDED,6.8,20.0,2513,0.25,690.0,720.0,210.0,325.16129032258067,0.3971348985276562,0.49025069637883006,0.5775482705305305,True,0.32624920220473314,72.95514264638462,10.0,14.64132172186966,"[np.float64(0.0011559541839023955), np.float64(0.0028449245677778707), np.float64(0.004677191900405512), np.float64(0.006129003327990076), np.float64(0.008877426071129483), np.float64(0.01233857665848702), np.float64(0.01727303907275851), np.float64(0.021971024348765383), np.float64(0.026664060868164863), np.float64(0.03294254774272628), np.float64(0.03860993455839139), np.float64(0.047178845541101445), np.float64(0.05546468407453071), np.float64(0.06315585352379323), np.float64(0.07213552063781462), np.float64(0.08174307380108121), np.float64(0.09106833914833129), np.float64(0.10401580888651545), np.float64(0.1142771828341644), np.float64(0.12373645068972479), np.float64(0.13396177868155826), np.float64(0.14351826552932714), np.float64(0.15492111243187592), np.float64(0.1662749579884151), np.float64(0.17641533041373972), np.float64(0.1879590277041315), np.float64(0.19932889957743316), np.float64(0.20894440326642305), np.float64(0.21796703374833076), np.float64(0.22817916974715358), np.float64(0.23878805025298758), np.float64(0.24990588878208733), np.float64(0.2603016997984516), np.float64(0.2700281052630014), np.float64(0.2813947637252152), np.float64(0.28992842514193445), np.float64(0.2986231851204572), np.float64(0.3079813678041538), np.float64(0.31726116140201344), np.float64(0.32624920220473314)]","[np.float64(2.0992183796430415), np.float64(4.194899809887781), np.float64(6.286609299746904), np.float64(8.376095967972233), np.float64(10.455848681708344), np.float64(12.5255511423208), np.float64(14.577658101029787), np.float64(16.621843278236977), np.float64(18.65678544600162), np.float64(20.666665206335523), np.float64(22.67122235371685), np.float64(24.630844552663962), np.float64(26.578470586875238), np.float64(28.519247081753967), np.float64(30.428104853625733), np.float64(32.31219108988791), np.float64(34.1846731694956), np.float64(35.98266672928916), np.float64(37.80641259636188), np.float64(39.62837362481733), np.float64(41.42176247455769), np.float64(43.21252216044746), np.float64(44.95315349788356), np.float64(46.67875389027605), np.float64(48.413687039260836), np.float64(50.10500436604815), np.float64(51.78489526646331), np.float64(53.488861518705924), np.float64(55.193599586318484), np.float64(56.858955640034644), np.float64(58.50212987128613), np.float64(60.1201158350927), np.float64(61.74263590152717), np.float64(63.36956684668885), np.float64(64.94340563770785), np.float64(66.57760706808729), np.float64(68.19752840368072), np.float64(69.78969579979761), np.float64(71.37352576852962), np.float64(72.95514264638462)]",41284.93326919825,16.42854487433277,-140.17128651821986,24237.757088422775
70,STATE_B_DEFENSE,SEEDED,6.8,20.0,2513,0.25,690.0,720.0,210.0,325.16129032258067,0.3995224830879427,0.4241941902109033,0.5924963605215613,True,0.33007148423297616,74.61768727791488,10.25,15.156473542546603,"[np.float64(0.0003395163785951873), np.float64(0.0007334497057365851), np.float64(0.001986734587327714), np.float64(0.0037727457810062363), np.float64(0.006450100090960665), np.float64(0.010408479804662758), np.float64(0.014331738649179512), np.float64(0.020269236300478343), np.float64(0.02751913530168092), np.float64(0.03345649170666617), np.float64(0.03943074815907761), np.float64(0.04725044887374473), np.float64(0.05502016295774073), np.float64(0.06306296076899694), np.float64(0.07217121203969933), np.float64(0.08076509428727985), np.float64(0.0899650604996204), np.float64(0.10025520086039688), np.float64(0.11054190549053575), np.float64(0.12186808410588507), np.float64(0.13212959092202473), np.float64(0.14057067081228966), np.float64(0.1506991072714826), np.float64(0.16188515621473987), np.float64(0.17303207774806237), np.float64(0.1849970981580124), np.float64(0.19523435999203517), np.float64(0.20518460148715334), np.float64(0.21402445341916793), np.float64(0.2232670164503384), np.float64(0.23354181490881817), np.float64(0.244334157818096), np.float64(0.25436722610240914), np.float64(0.26274717198610864), np.float64(0.27265445806317323), np.float64(0.2820450939319756), np.float64(0.29236594123023535), np.float64(0.30178512959554665), np.float64(0.3119036687420695), np.float64(0.3211489401133496), np.float64(0.33007148423297616)]","[np.float64(2.0985615253083765), np.float64(4.19629688187424), np.float64(6.29050754537417), np.float64(8.379878278542261), np.float64(10.460905996964147), np.float64(12.528474057921006), np.float64(14.588258538247361), np.float64(16.62371214062699), np.float64(18.635582365200438), np.float64(20.646636893014954), np.float64(22.64593852693885), np.float64(24.6122539386752), np.float64(26.564912594103024), np.float64(28.49994101430658), np.float64(30.405672039044966), np.float64(32.30351242765872), np.float64(34.17732371666363), np.float64(36.018133951432), np.float64(37.84265028388342), np.float64(39.632778309157345), np.float64(41.425393516064425), np.float64(43.237144059544164), np.float64(45.00309336534772), np.float64(46.73315039704937), np.float64(48.448516481331296), np.float64(50.13143350325815), np.float64(51.83613929529137), np.float64(53.53362632453605), np.float64(55.2433109224842), np.float64(56.93194756165984), np.float64(58.584155615010715), np.float64(60.21114495479669), np.float64(61.843919980877374), np.float64(63.50620099946248), np.float64(65.11907331079618), np.float64(66.73386355938273), np.float64(68.31316245709135), np.float64(69.9051806464135), np.float64(71.46757606741463), np.float64(73.04315435020882), np.float64(74.61768727791488)]",43154.89421350288,17.172659854159523,-136.0349161378108,24653.8900359869
75,STATE_B_DEFENSE,SEEDED,6.8,20.0,2513,0.25,690.0,720.0,210.0,325.16129032258067,0.405491444488659,0.41822522881018703,0.6197350462730042,True,0.32803926643054054,72.91968103520351,10.0,14.747467416204628,"[np.float64(-3.058850655629495e-05), np.float64(0.00042130507216708006), np.float64(0.00011258810466088697), np.float64(0.003169629012473627), np.float64(0.006584269329793107), np.float64(0.009768443595962215), np.float64(0.015350895042102812), np.float64(0.020480311358016458), np.float64(0.02678954284675434), np.float64(0.034011647252887536), np.float64(0.04105560711292697), np.float64(0.0478322383281366), np.float64(0.056250770724200344), np.float64(0.06525738527138736), np.float64(0.07584836061787985), np.float64(0.08568159140197622), np.float64(0.09610059054963647), np.float64(0.10686244727978131), np.float64(0.11693901196772749), np.float64(0.12675330889885314), np.float64(0.13618011622787948), np.float64(0.14786968844744341), np.float64(0.1588962577792445), np.float64(0.16995928652097944), np.float64(0.17912974903905152), np.float64(0.18736428927021506), np.float64(0.19712013770679707), np.float64(0.2057150921700511), np.float64(0.2169428271045291), np.float64(0.22870926477986703), np.float64(0.23896676021882904), np.float64(0.24920462590790815), np.float64(0.25914460386583604), np.float64(0.26899460333731673), np.float64(0.27922703196540793), np.float64(0.28838562919639926), np.float64(0.29792807685123496), np.float64(0.3082670046686068), np.float64(0.31849898581864405), np.float64(0.32803926643054054)]","[np.float64(2.100858824882302), np.float64(4.200768577768685), np.float64(6.3021253185216), np.float64(8.390020667495108), np.float64(10.46972228238596), np.float64(12.543842148399232), np.float64(14.594196487716127), np.float64(16.637110418414444), np.float64(18.65915695861029), np.float64(20.659866537368945), np.float64(22.648839197480825), np.float64(24.62779869231138), np.float64(26.573579588743183), np.float64(28.49646479634612), np.float64(30.38127213737117), np.float64(32.259599594942635), np.float64(34.11253093609721), np.float64(35.9431309778251), np.float64(37.768444434455176), np.float64(39.582735255310716), np.float64(41.389094912308806), np.float64(43.138656358393305), np.float64(44.88443707695609), np.float64(46.61397020624876), np.float64(48.367031919912655), np.float64(50.126984960503705), np.float64(51.842402903160746), np.float64(53.57052589628388), np.float64(55.227214256148244), np.float64(56.85738940246892), np.float64(58.5089215750029), np.float64(60.148307793158814), np.float64(61.78262586316659), np.float64(63.407299410139174), np.float64(65.01064236824644), np.float64(66.62999670449385), np.float64(68.22862788703888), np.float64(69.79521179493535), np.float64(71.3534430250032), np.float64(72.91968103520351)]",42099.152816341404,16.752547877573182,-149.7618521549739,25929.973092079163
76,STATE_B_DEFENSE,SEEDED,6.8,20.0,2513,0.25,690.0,720.0,210.0,325.16129032258067,0.40310385992837244,0.44846796657381616,0.5965792899601499,True,0.3270602307323376,72.88425075224372,10.0,14.56641965915175,"[np.float64(0.0007941833216561814), np.float64(0.0010094421097211722), np.float64(0.002528544679980793), np.float64(0.00432381799700316), np.float64(0.00895849853236899), np.float64(0.014355895511366765), np.float64(0.01939415611764828), np.float64(0.025761717152934738), np.float64(0.032310819112539496), np.float64(0.03860134320325303), np.float64(0.0456706064792648), np.float64(0.05505815711585611), np.float64(0.06335609847090068), np.float64(0.07166526870416377), np.float64(0.07951372325427315), np.float64(0.08836726601482824), np.float64(0.09734195520373724), np.float64(0.10605806131534816), np.float64(0.11715356130034478), np.float64(0.12657361904799408), np.float64(0.13593862193483033), np.float64(0.14456165183630607), np.float64(0.15541260741065846), np.float64(0.16502984477379773), np.float64(0.17560213656477064), np.float64(0.1854773481960794), np.float64(0.19657829067676047), np.float64(0.2071575934988112), np.float64(0.21726271090723762), np.float64(0.22680696570201958), np.float64(0.2379242407537607), np.float64(0.2495232533775142), np.float64(0.25882469564120486), np.float64(0.26835456159760274), np.float64(0.2793686644153204), np.float64(0.2887138377873131), np.float64(0.2991222565113491), np.float64(0.3089504976061517), np.float64(0.31864343849307925), np.float64(0.3270602307323376)]","[np.float64(2.0981987947983716), np.float64(4.195946365068279), np.float64(6.289149242518593), np.float64(8.378034215802586), np.float64(10.448462117527505), np.float64(12.504752230887975), np.float64(14.552780862349014), np.float64(16.58004722504212), np.float64(18.59329198687591), np.float64(20.596554697601455), np.float64(22.579496559988392), np.float64(24.52234881907826), np.float64(26.46202093836012), np.float64(28.386867927853825), np.float64(30.303737457314092), np.float64(32.19224516451812), np.float64(34.0641023376437), np.float64(35.92547854988779), np.float64(37.732552354006444), np.float64(39.5520708104902), np.float64(41.3581287950245), np.float64(43.1640418430234), np.float64(44.9136452587572), np.float64(46.672572152834114), np.float64(48.398159316807075), np.float64(50.12400186560616), np.float64(51.80983677315983), np.float64(53.4927673059113), np.float64(55.172778845592056), np.float64(56.85283915149273), np.float64(58.483543659815375), np.float64(60.0892559582496), np.float64(61.737683815769124), np.float64(63.36910873516068), np.float64(64.95150358968363), np.float64(66.56459199312407), np.float64(68.13899629344641), np.float64(69.71737149576238), np.float64(71.28857563704936), np.float64(72.88425075224372)]",41509.780408019215,16.518018467178358,-148.77939660986885,24773.43004834652
77,STATE_B_DEFENSE,SEEDED,6.8,20.0,2513,0.25,690.0,720.0,210.0,325.16129032258067,0.40350179068842024,0.43016315161161955,0.6020238016309252,True,0.3269307635277051,72.87290773014927,10.0,14.716833413105686,"[np.float64(-0.0006235075612156641), np.float64(0.0003669760341932957), np.float64(0.0016984278748775846), np.float64(0.0033964741605658263), np.float64(0.00833271862386245), np.float64(0.011852489517135866), np.float64(0.01756747980564115), np.float64(0.02263542065595138), np.float64(0.027226714234454483), np.float64(0.03289821176325685), np.float64(0.03929800874830225), np.float64(0.04722566621055716), np.float64(0.05527817270785691), np.float64(0.06481003077809121), np.float64(0.07477958492873167), np.float64(0.08428312104955572), np.float64(0.09476028559779656), np.float64(0.1036305665117745), np.float64(0.11267173156192886), np.float64(0.12248229914426276), np.float64(0.13412799397996455), np.float64(0.14406576293358525), np.float64(0.15484763112233432), np.float64(0.16538045226225997), np.float64(0.17620684968517072), np.float64(0.18770284584092115), np.float64(0.1984465249965264), np.float64(0.2083887219658359), np.float64(0.22026907545423105), np.float64(0.23038535606659719), np.float64(0.23849298201106867), np.float64(0.24694419827745628), np.float64(0.25750842191507795), np.float64(0.2663384779783125), np.float64(0.27764554530125385), np.float64(0.28780217847011813), np.float64(0.2966123510174557), np.float64(0.30598461902489726), np.float64(0.3165774119512718), np.float64(0.3269307635277051)]","[np.float64(2.099257309776067), np.float64(4.1964355876398995), np.float64(6.290468581696786), np.float64(8.38019153709843), np.float64(10.44956744775544), np.float64(12.51765238537117), np.float64(14.562859832248094), np.float64(16.60197709503414), np.float64(18.635437616929313), np.float64(20.649116578129505), np.float64(22.643985936936204), np.float64(24.608851532182015), np.float64(26.557678771080283), np.float64(28.47227749981442), np.float64(30.364196530428437), np.float64(32.24622448143541), np.float64(34.097272719457365), np.float64(35.957615478359855), np.float64(37.800740940077524), np.float64(39.615987321238954), np.float64(41.382669110802546), np.float64(43.16457062393557), np.float64(44.9154475046913), np.float64(46.65601222525021), np.float64(48.375826221692726), np.float64(50.06678315032214), np.float64(51.758856486948275), np.float64(53.454582097659916), np.float64(55.093508993072604), np.float64(56.758500963089816), np.float64(58.45816217810496), np.float64(60.13906999813808), np.float64(61.757360727027084), np.float64(63.40656910311777), np.float64(64.98200253289345), np.float64(66.57453810681561), np.float64(68.19097277549793), np.float64(69.78222366656094), np.float64(71.32990507518367), np.float64(72.87290773014927)]",41951.653261916945,16.69385326777435,-147.38580785878003,25315.267515063286
78,STATE_B_DEFENSE,SEEDED,6.8,20.0,2513,0.25,690.0,720.0,210.0,325.16129032258067,0.3955431754874652,0.2530839633903701,0.5781921510807746,True,0.32846692482643247,73.04853008108816,10.0,14.465343598951337,"[np.float64(-0.0010095320413205148), np.float64(-0.0016156355909415338), np.float64(0.00013593522141446996), np.float64(0.004154296978570807), np.float64(0.00836832563794593), np.float64(0.012545876528342223), np.float64(0.017210112115236008), np.float64(0.022879772485356123), np.float64(0.03031801127008539), np.float64(0.03746558485454584), np.float64(0.04535880536311863), np.float64(0.05495471818993618), np.float64(0.06394762024846269), np.float64(0.07261267694809327), np.float64(0.08150026433006018), np.float64(0.08997335820581064), np.float64(0.09959419992766773), np.float64(0.11045087762363678), np.float64(0.12218479659362787), np.float64(0.13205006397190397), np.float64(0.14225768220348806), np.float64(0.15263522616790898), np.float64(0.16370752768757238), np.float64(0.17367429482513505), np.float64(0.18444679088899862), np.float64(0.19418115036659178), np.float64(0.20554549631772187), np.float64(0.21628803212904005), np.float64(0.2264227881377581), np.float64(0.23534703892515813), np.float64(0.2457133652557974), np.float64(0.2544148670872913), np.float64(0.2640316485899684), np.float64(0.2738177616429297), np.float64(0.28403315148411584), np.float64(0.29339173650497996), np.float64(0.30242144696229667), np.float64(0.3114353356453116), np.float64(0.32005946627381154), np.float64(0.32846692482643247)]","[np.float64(2.1059409563692792), np.float64(4.213160202613504), np.float64(6.314203894768691), np.float64(8.402076449665564), np.float64(10.480627113715078), np.float64(12.550781205516717), np.float64(14.608969036382268), np.float64(16.649628773636778), np.float64(18.66309756787706), np.float64(20.665219066323036), np.float64(22.645757754383265), np.float64(24.591849915175764), np.float64(26.52834100969598), np.float64(28.45335195658891), np.float64(30.360212508288623), np.float64(32.25810894209097), np.float64(34.123970999510576), np.float64(35.95420516290152), np.float64(37.75272231500757), np.float64(39.56617266286023), np.float64(41.358436641366644), np.float64(43.13239758446066), np.float64(44.87792590564943), np.float64(46.629881116925496), np.float64(48.351404499394654), np.float64(50.08009051024915), np.float64(51.76054311865745), np.float64(53.44002807532292), np.float64(55.11943473862135), np.float64(56.81377257210292), np.float64(58.46278429659782), np.float64(60.13900591913743), np.float64(61.78198091327171), np.float64(63.40917897194032), np.float64(65.01398535055347), np.float64(66.62915765473281), np.float64(68.24216830518465), np.float64(69.84527297162504), np.float64(71.44876430322891), np.float64(73.04853008108816)]",41005.73131574162,16.317441828786958,-139.43888721428812,24309.669956564903
79,STATE_B_DEFENSE,SEEDED,6.8,20.0,2513,0.25,690.0,720.0,210.0,325.16129032258067,0.4003183446080382,0.18384401114206128,0.5900959864584803,True,0.33031713097351234,74.61316934775337,10.25,15.196502310349846,"[np.float64(-0.0009052451366453564), np.float64(-0.000798870411866504), np.float64(-0.0004427294259413012), np.float64(0.001611934857123823), np.float64(0.0052168284399134665), np.float64(0.008789397963071929), np.float64(0.01347021727165533), np.float64(0.019071741835097064), np.float64(0.02509389472256131), np.float64(0.03229853031957209), np.float64(0.039075817961775644), np.float64(0.04604013149871678), np.float64(0.05380528062013839), np.float64(0.062328104882050164), np.float64(0.07099152708601231), np.float64(0.08107003636395757), np.float64(0.09069718966911954), np.float64(0.09985833952582815), np.float64(0.1092441101831836), np.float64(0.11936199213988671), np.float64(0.13015199418032716), np.float64(0.14133534548852378), np.float64(0.15140895002400231), np.float64(0.16175003980703162), np.float64(0.17203221731823462), np.float64(0.18213365451317917), np.float64(0.19167604981596537), np.float64(0.2022471022129728), np.float64(0.21468182721497198), np.float64(0.22503952482866585), np.float64(0.23509951384637898), np.float64(0.24429751050258222), np.float64(0.2559871783516909), np.float64(0.2665852127479976), np.float64(0.27782507131553524), np.float64(0.2861231153956963), np.float64(0.2946778135431577), np.float64(0.3037949766674777), np.float64(0.3146038684102131), np.float64(0.32238684994807476), np.float64(0.33031713097351234)]","[np.float64(2.0999351522506093), np.float64(4.199646739932663), np.float64(6.298347763317957), np.float64(8.389179153421752), np.float64(10.467653835380132), np.float64(12.538922519276932), np.float64(14.594921644492276), np.float64(16.63400510808259), np.float64(18.658207088324744), np.float64(20.658870274294777), np.float64(22.650525869540886), np.float64(24.627271361391244), np.float64(26.581065775317406), np.float64(28.51070280751928), np.float64(30.423380183654864), np.float64(32.29998276139017), np.float64(34.166937038791716), np.float64(36.02577664224915), np.float64(37.865984981667495), np.float64(39.67838074740007), np.float64(41.46293968566701), np.float64(43.22403143817108), np.float64(44.99064906150037), np.float64(46.737353489083645), np.float64(48.47071842017139), np.float64(50.193708045155034), np.float64(51.915122330181575), np.float64(53.60069055878202), np.float64(55.23011581408111), np.float64(56.89255358720686), np.float64(58.54906196804726), np.float64(60.21394551583509), np.float64(61.805988956008356), np.float64(63.41192443274062), np.float64(64.98925596981026), np.float64(66.63009797986008), np.float64(68.25431214449763), np.float64(69.85349946827176), np.float64(71.39641037307942), np.float64(73.01127850107432), np.float64(74.61316934775337)]",42491.8672976895,16.90882104961779,-132.78027860168368,24384.54870545864
80,STATE_B_DEFENSE,SEEDED,6.8,20.0,2513,0.25,690.0,720.0,210.0,325.16129032258067,0.405491444488659,0.2184639872662157,0.6306106346971766,True,0.3307331790935223,72.6732566823597,10.0,14.75134295122336,"[np.float64(-0.0009046108591060218), np.float64(-9.080872464521086e-05), np.float64(0.002282201519466292), np.float64(0.006027737080800909), np.float64(0.009465271383772244), np.float64(0.012954920833015545), np.float64(0.018905212147103938), np.float64(0.023887846784295504), np.float64(0.03081302937651193), np.float64(0.037117390836346215), np.float64(0.04369356976484438), np.float64(0.05092881145859552), np.float64(0.06003384203027467), np.float64(0.0680607049862827), np.float64(0.07733640522508303), np.float64(0.08642419020484424), np.float64(0.09623969586439056), np.float64(0.10689708332635225), np.float64(0.11699528206927948), np.float64(0.12629383809766773), np.float64(0.1366859513416259), np.float64(0.14696623155826732), np.float64(0.15817153606211623), np.float64(0.1684547978705556), np.float64(0.1794510997060014), np.float64(0.18966407447515513), np.float64(0.20044199402613877), np.float64(0.21163075455165042), np.float64(0.22158424640910257), np.float64(0.23175007020916705), np.float64(0.24282938483581815), np.float64(0.2521056849502498), np.float64(0.26033797461270614), np.float64(0.27090257102967047), np.float64(0.2813963610407576), np.float64(0.2913765126331478), np.float64(0.3026226283815797), np.float64(0.3115722711639387), np.float64(0.31963290631515634), np.float64(0.3307331790935223)]","[np.float64(2.096798254836069), np.float64(4.191889628440526), np.float64(6.280386471512612), np.float64(8.358245780756858), np.float64(10.430003085468526), np.float64(12.494426164395533), np.float64(14.534204679849797), np.float64(16.57005373392905), np.float64(18.578587131228915), np.float64(20.58003767353509), np.float64(22.56660904795478), np.float64(24.533229448791797), np.float64(26.463276277347763), np.float64(28.3916211245503), np.float64(30.288356962671113), np.float64(32.17217282237164), np.float64(34.029556031451484), np.float64(35.8574174596509), np.float64(37.678018532111885), np.float64(39.497014137049135), np.float64(41.28185198239935), np.float64(43.05340343309771), np.float64(44.79210950447588), np.float64(46.53346660987725), np.float64(48.24587226468566), np.float64(49.959869849443145), np.float64(51.647974965457024), np.float64(53.31298641926924), np.float64(54.99160686291674), np.float64(56.65263060734934), np.float64(58.27953274751532), np.float64(59.93625569503671), np.float64(61.607069751910856), np.float64(63.20958103130067), np.float64(64.80170384327482), np.float64(66.39512348469331), np.float64(67.94422336081033), np.float64(69.54206894824844), np.float64(71.15381045961867), np.float64(72.6732566823597)]",42601.224558581205,16.952337667561164,-140.18784028338268,25883.296263337135
81,STATE_B_DEFENSE,SEEDED,6.8,20.0,2513,0.25,690.0,720.0,210.0,325.16129032258067,0.3995224830879427,0.43294866693195383,0.5432418452338893,True,0.32413299151637404,71.50105241051283,9.75,14.40842856504236,"[np.float64(8.613141806945589e-05), np.float64(0.001394746941603962), np.float64(0.0031165453422313237), np.float64(0.00422746963039586), np.float64(0.006570438678465118), np.float64(0.009363243957701474), np.float64(0.014288666381036347), np.float64(0.020117187143832573), np.float64(0.0255308624019516), np.float64(0.030936636938481053), np.float64(0.03903518258578848), np.float64(0.04711421588347378), np.float64(0.05668208781219212), np.float64(0.06597232722687194), np.float64(0.0748060832922281), np.float64(0.08570694367765047), np.float64(0.09511072685932655), np.float64(0.10510961693299221), np.float64(0.11652473788736324), np.float64(0.12923215608024408), np.float64(0.14049214488602804), np.float64(0.15062333425454977), np.float64(0.16016274961711147), np.float64(0.16964867547052967), np.float64(0.17973045567617965), np.float64(0.19058628990822893), np.float64(0.2002125613834063), np.float64(0.2105767094585195), np.float64(0.22205342788998356), np.float64(0.23194819616150006), np.float64(0.24211985908744915), np.float64(0.2522419035129709), np.float64(0.2612561947513123), np.float64(0.27286448883483966), np.float64(0.2830971877104657), np.float64(0.2938316446965597), np.float64(0.3043851946719439), np.float64(0.3137682630707929), np.float64(0.32413299151637404)]","[np.float64(2.1095747950637236), np.float64(4.216391911586109), np.float64(6.319157619902558), np.float64(8.420881834723602), np.float64(10.513844482562993), np.float64(12.599146846650825), np.float64(14.663271772658932), np.float64(16.71008214912493), np.float64(18.749158153250765), np.float64(20.777708233509067), np.float64(22.766233654271165), np.float64(24.739894795971825), np.float64(26.6799376193636), np.float64(28.606761865492693), np.float64(30.523886601906316), np.float64(32.394949351737914), np.float64(34.27153330801212), np.float64(36.12297048674927), np.float64(37.93438576669832), np.float64(39.705622356302094), np.float64(41.484587478137996), np.float64(43.26828907618714), np.float64(45.04867355142312), np.float64(46.816307322159204), np.float64(48.55816241409497), np.float64(50.26972850397348), np.float64(51.99341106763116), np.float64(53.68778721890319), np.float64(55.34348857751924), np.float64(57.021503207098036), np.float64(58.680468352759796), np.float64(60.32807843643532), np.float64(61.99061058746916), np.float64(63.57720949755334), np.float64(65.18563463907229), np.float64(66.76936509829761), np.float64(68.34589326553528), np.float64(69.94196729313755), np.float64(71.50105241051283)]",38842.65172666967,15.456685923863775,-145.68589851725847,24244.239555239677
82,STATE_B_DEFENSE,SEEDED,6.8,20.0,2513,0.25,690.0,720.0,210.0,325.16129032258067,0.3939514524472742,0.32908873855949067,0.5776810781225831,True,0.32857838120078015,72.91393422932488,10.0,14.728045567397881,"[np.float64(-0.0009188706735355934), np.float64(0.0006613586231694579), np.float64(0.0029069203793806076), np.float64(0.005564251335921634), np.float64(0.008388728299868958), np.float64(0.011388466015649171), np.float64(0.015309365532604268), np.float64(0.01982012537214304), np.float64(0.026112291649863922), np.float64(0.03411066882247351), np.float64(0.04117641468110983), np.float64(0.04944583385809855), np.float64(0.05816888932079948), np.float64(0.06822183960379959), np.float64(0.07772069953721598), np.float64(0.08692778840294392), np.float64(0.09541432766045221), np.float64(0.10392556786140457), np.float64(0.11382980766091923), np.float64(0.12524597202269003), np.float64(0.13586961635994893), np.float64(0.14683592229639558), np.float64(0.15741976595480778), np.float64(0.16860023654995832), np.float64(0.1801448191941498), np.float64(0.18917961109417938), np.float64(0.2006863192805782), np.float64(0.211504646699406), np.float64(0.22132333379668587), np.float64(0.23118894862720835), np.float64(0.24009822685312152), np.float64(0.24985233515336797), np.float64(0.2597284044469336), np.float64(0.2692550398767864), np.float64(0.28022615990616556), np.float64(0.28935725962665326), np.float64(0.2999924024734579), np.float64(0.3095759853135341), np.float64(0.31879931989665783), np.float64(0.32857838120078015)]","[np.float64(2.102053443073812), np.float64(4.200786043539988), np.float64(6.2941207751562915), np.float64(8.381065023557602), np.float64(10.46164899226682), np.float64(12.535347666319224), np.float64(14.596306535177856), np.float64(16.644560395886216), np.float64(18.66763049478458), np.float64(20.661441698318622), np.float64(22.650336364256198), np.float64(24.611912567968098), np.float64(26.552779519211594), np.float64(28.460428907675137), np.float64(30.358637632815817), np.float64(32.245102967169494), np.float64(34.12745041454369), np.float64(35.99537815986798), np.float64(37.82581676299499), np.float64(39.61415473631948), np.float64(41.39988977905955), np.float64(43.163451823740324), np.float64(44.918631872588065), np.float64(46.64685714272725), np.float64(48.35222772357245), np.float64(50.094927477331105), np.float64(51.77178208481173), np.float64(53.44900449112425), np.float64(55.13492677363668), np.float64(56.80715399507905), np.float64(58.489482929718264), np.float64(60.14018459779545), np.float64(61.77597526159181), np.float64(63.408663620604806), np.float64(64.99333570780969), np.float64(66.61315402863518), np.float64(68.1828967766537), np.float64(69.76898049231592), np.float64(71.35417369762402), np.float64(72.91393422932488)]",41432.814998345835,16.487391563209645,-143.63277217699215,23519.515662431717
83,STATE_B_DEFENSE,SEEDED,6.8,20.0,2513,0.25,690.0,720.0,210.0,325.16129032258067,0.38838042180660565,0.40469558296856345,0.5887114528309475,True,0.3229252101088124,73.27267618749191,10.0,14.34587348577189,"[np.float64(0.00029029824503057144), np.float64(0.001322528949607342), np.float64(0.0025322013071384683), np.float64(0.005804997214272155), np.float64(0.010060604943058812), np.float64(0.01505392831347529), np.float64(0.0196344422651641), np.float64(0.024445903635460304), np.float64(0.030883063946063487), np.float64(0.03799496157656707), np.float64(0.04472422252268363), np.float64(0.05329383132054756), np.float64(0.060459508065430684), np.float64(0.06834069866338369), np.float64(0.07608707443389587), np.float64(0.0866477461815812), np.float64(0.09721714859013592), np.float64(0.10846019120686223), np.float64(0.11773699151513584), np.float64(0.126476746271316), np.float64(0.13743951317358927), np.float64(0.14750223249397376), np.float64(0.15785943425034896), np.float64(0.1674910400589543), np.float64(0.17700365019636344), np.float64(0.18560868997025487), np.float64(0.19561800862473122), np.float64(0.20829420690564718), np.float64(0.2180502544818994), np.float64(0.22970951139628074), np.float64(0.23979086177016654), np.float64(0.2494687599023212), np.float64(0.25891926438289764), np.float64(0.2681846558725946), np.float64(0.27658144377007005), np.float64(0.2855708155255688), np.float64(0.2958486990721909), np.float64(0.3051422397926604), np.float64(0.3143871500706117), np.float64(0.3229252101088124)]","[np.float64(2.1066223162270257), np.float64(4.21107242432491), np.float64(6.312796622673378), np.float64(8.403356836827278), np.float64(10.482044443607437), np.float64(12.547476791811247), np.float64(14.605805072536699), np.float64(16.65310348048244), np.float64(18.676156988246042), np.float64(20.68007388724062), np.float64(22.674700631943672), np.float64(24.635205223640124), np.float64(26.597818367963672), np.float64(28.537955596551548), np.float64(30.466127864880836), np.float64(32.33890419252657), np.float64(34.19419128838863), np.float64(36.02153068408984), np.float64(37.8646108452727), np.float64(39.702567150687884), np.float64(41.486313805622416), np.float64(43.27086929374719), np.float64(45.0349438429383), np.float64(46.79874129797778), np.float64(48.551294372975526), np.float64(50.30977440326221), np.float64(52.02561815239003), np.float64(53.6687392838998), np.float64(55.36242479029987), np.float64(56.99932300267493), np.float64(58.65934201884541), np.float64(60.31661852861228), np.float64(61.96760467547599), np.float64(63.61175516996443), np.float64(65.26697576576434), np.float64(66.89662492397224), np.float64(68.4816608264301), np.float64(70.08166039563255), np.float64(71.6725181923208), np.float64(73.27267618749191)]",39890.08318265359,15.873491119241379,-146.1507426048629,23496.158488750458
84,STATE_B_DEFENSE,SEEDED,6.8,20.0,2513,0.25,690.0,720.0,210.0,325.16129032258067,0.3879824910465579,0.38121766812574615,0.5922312890340182,True,0.3262312169046536,72.95559601414655,10.0,14.768729132890572,"[np.float64(-0.0017471887126126213), np.float64(-0.0023221217963430222), np.float64(-0.0006444273705991109), np.float64(0.0018187507190771922), np.float64(0.00377580786051192), np.float64(0.007215949754136789), np.float64(0.012099936562262943), np.float64(0.01761297213393717), np.float64(0.0231734280142959), np.float64(0.03165822575207428), np.float64(0.04025551519665473), np.float64(0.04946745018056204), np.float64(0.058323022198893494), np.float64(0.06701235988965756), np.float64(0.07452863355108712), np.float64(0.08425216094520678), np.float64(0.0926964873879306), np.float64(0.10162147030340421), np.float64(0.11021125950765562), np.float64(0.12056653198954838), np.float64(0.13158692738613992), np.float64(0.1428559279581462), np.float64(0.15491183497994088), np.float64(0.16644377826568618), np.float64(0.17592057257691862), np.float64(0.18611255292819523), np.float64(0.19615957222305083), np.float64(0.206723918764216), np.float64(0.21806895059499554), np.float64(0.22818667313602797), np.float64(0.23802542655554026), np.float64(0.24734017992642388), np.float64(0.2572444177869412), np.float64(0.26842810337010614), np.float64(0.27778613988570805), np.float64(0.28771341526022237), np.float64(0.29753535082429083), np.float64(0.30708569773089334), np.float64(0.315380908996259), np.float64(0.3262312169046536)]","[np.float64(2.1022674718882306), np.float64(4.205746245607987), np.float64(6.303321763842603), np.float64(8.394090648437789), np.float64(10.482379619669477), np.float64(12.557355655270241), np.float64(14.614857417490992), np.float64(16.657388360183347), np.float64(18.688572278106655), np.float64(20.67951356813471), np.float64(22.65327062116948), np.float64(24.603959358320886), np.float64(26.542539481159913), np.float64(28.467645703385564), np.float64(30.394185112637945), np.float64(32.274764052867575), np.float64(34.159176274824105), np.float64(36.02172868803061), np.float64(37.875557036037634), np.float64(39.68436300374696), np.float64(41.46518195378169), np.float64(43.22501769286983), np.float64(44.95330859826222), np.float64(46.67534941305521), np.float64(48.42384335679053), np.float64(50.14396116309494), np.float64(51.85342478194931), np.float64(53.538020830954686), np.float64(55.19125923908093), np.float64(56.85874975906483), np.float64(58.520112617505895), np.float64(60.18188184876864), np.float64(61.81762609987497), np.float64(63.40948569847809), np.float64(65.03500820505369), np.float64(66.63480516801027), np.float64(68.22607167737287), np.float64(69.81356359035736), np.float64(71.42447904060968), np.float64(72.95559601414655)]",41184.09589869992,16.38841858284915,-137.2267037536949,23313.114246606827
87,STATE_B_DEFENSE,SEEDED,6.8,20.0,2513,0.25,690.0,720.0,210.0,325.16129032258067,0.40787902904894546,0.3334659769200159,0.5911094997349591,True,0.32449547144614344,71.21340947680179,9.75,14.127262481047115,"[np.float64(-0.00047325535441006305), np.float64(0.0011459851069417473), np.float64(0.0039176984236809235), np.float64(0.008661443738979386), np.float64(0.0116681830860385), np.float64(0.016363151913441044), np.float64(0.021704549166843647), np.float64(0.026676157623181863), np.float64(0.0322780698286681), np.float64(0.038514116116954225), np.float64(0.04503096909338994), np.float64(0.05173708519853956), np.float64(0.0579686035834852), np.float64(0.06898031122072912), np.float64(0.07891042732483743), np.float64(0.08861486354023843), np.float64(0.09876466902613856), np.float64(0.1091938255304764), np.float64(0.11952975032428766), np.float64(0.1288448380075534), np.float64(0.13921924355596635), np.float64(0.1498905616586273), np.float64(0.15969522784409682), np.float64(0.17099531806420457), np.float64(0.18225198806008536), np.float64(0.1935810876472284), np.float64(0.2055128224015353), np.float64(0.21598146594737536), np.float64(0.22616427748843895), np.float64(0.23720486063894394), np.float64(0.24744974605490502), np.float64(0.25631259421162184), np.float64(0.26611646857338184), np.float64(0.2763069888903517), np.float64(0.28681714833433924), np.float64(0.2951846769904015), np.float64(0.30454165845603326), np.float64(0.3154489092027019), np.float64(0.32449547144614344)]","[np.float64(2.1019636493042513), np.float64(4.20052623424596), np.float64(6.292085424487836), np.float64(8.369696153877044), np.float64(10.446561594828255), np.float64(12.506886408874438), np.float64(14.553176191045104), np.float64(16.591882347685416), np.float64(18.61515126810291), np.float64(20.621307991171168), np.float64(22.61260078577792), np.float64(24.589520665862988), np.float64(26.560079659238678), np.float64(28.45545886409704), np.float64(30.347364055447677), np.float64(32.22591546977459), np.float64(34.08152262749359), np.float64(35.91626723027951), np.float64(37.73620236884434), np.float64(39.5580869535583), np.float64(41.34643308107368), np.float64(43.11385303340648), np.float64(44.8826314793742), np.float64(46.60752843094495), np.float64(48.31782682830141), np.float64(50.01149007274914), np.float64(51.67735271739579), np.float64(53.36014049686154), np.float64(55.03590077239467), np.float64(56.67908841103753), np.float64(58.32739427614984), np.float64(59.99617073614238), np.float64(61.63104361014073), np.float64(63.24464426708193), np.float64(64.83836206745485), np.float64(66.47510969781351), np.float64(68.07617699714325), np.float64(69.62561027377157), np.float64(71.21340947680179)]",40656.54294696971,16.178489035801714,-148.682529930491,25345.096007227898
85,STATE_B_DEFENSE,SEEDED,6.8,20.0,2513,0.25,690.0,720.0,210.0,325.16129032258067,0.39912455232789495,0.3788300835654596,0.6273835865735035,True,0.3289572799422382,72.70163666949634,10.0,14.629267190605434,"[np.float64(7.962373018183517e-05), np.float64(0.0002888223009148586), np.float64(0.001803719604461525), np.float64(0.004175378581669397), np.float64(0.007609624202310041), np.float64(0.010528061475238446), np.float64(0.015671221347141395), np.float64(0.02214646964556436), np.float64(0.029454408943954388), np.float64(0.035633224956807985), np.float64(0.04450426316656289), np.float64(0.053346461427078995), np.float64(0.06255523052084545), np.float64(0.07132692901560544), np.float64(0.08051219185195937), np.float64(0.08957349358721531), np.float64(0.09984000158219633), np.float64(0.10999541234951078), np.float64(0.11845043842555078), np.float64(0.12788957866548498), np.float64(0.13839591457104228), np.float64(0.1485856498774231), np.float64(0.16003081485861187), np.float64(0.1699257669810215), np.float64(0.17923553659386718), np.float64(0.1879531702923746), np.float64(0.19854150633600864), np.float64(0.2106078680084375), np.float64(0.22120167621317197), np.float64(0.23047310811710942), np.float64(0.24116685641463925), np.float64(0.2509208397879281), np.float64(0.2614870603327881), np.float64(0.26885385659864536), np.float64(0.2789483476729941), np.float64(0.2885112199428663), np.float64(0.29784865074781225), np.float64(0.3077498846981235), np.float64(0.3186355977435786), np.float64(0.3289572799422382)]","[np.float64(2.0951851988871946), np.float64(4.189932191669834), np.float64(6.280144573109795), np.float64(8.363631965212894), np.float64(10.43670859505933), np.float64(12.505952309334905), np.float64(14.553289657351815), np.float64(16.57956483124226), np.float64(18.585688639686047), np.float64(20.589069487486093), np.float64(22.551596038327013), np.float64(24.498265248058143), np.float64(26.42453188024711), np.float64(28.34044933868403), np.float64(30.23542865470692), np.float64(32.1167376936581), np.float64(33.96439418951874), np.float64(35.79741116332329), np.float64(37.64306136732185), np.float64(39.458121930806165), np.float64(41.239399930406464), np.float64(43.01111435350931), np.float64(44.743791221904026), np.float64(46.49131126569298), np.float64(48.23690519097699), np.float64(49.98197285831847), np.float64(51.67457717152079), np.float64(53.32071839460777), np.float64(54.98497207630789), np.float64(56.66630543840851), np.float64(58.302384291955384), np.float64(59.94801002451378), np.float64(61.56193281896936), np.float64(63.24305225789141), np.float64(64.84570982626597), np.float64(66.45047738207938), np.float64(68.05019999382391), np.float64(69.62431866000453), np.float64(71.16097927694247), np.float64(72.70163666949634)]",42398.65767281242,16.871730072746686,-151.8677302650176,24261.375427365303
86,STATE_B_DEFENSE,SEEDED,6.8,20.0,2513,0.25,690.0,720.0,210.0,325.16129032258067,0.3987266215678472,0.45284520493434144,0.6340067801403659,True,0.3254359452648173,72.92983409852671,10.0,14.465708185671648,"[np.float64(-0.0004500199012308728), np.float64(-0.00019313870348767028), np.float64(0.0017395266253849866), np.float64(0.005418933902821489), np.float64(0.009488821908946251), np.float64(0.015304631690979615), np.float64(0.020866966886265433), np.float64(0.02658655375701466), np.float64(0.03223982283313176), np.float64(0.038383376547311394), np.float64(0.046011156348315305), np.float64(0.05373552613183189), np.float64(0.062126892758199236), np.float64(0.07039970763061607), np.float64(0.07876452565152263), np.float64(0.08641258998925698), np.float64(0.09620065802493456), np.float64(0.10607020736731247), np.float64(0.1172520735866151), np.float64(0.12621073740610173), np.float64(0.13701216421960355), np.float64(0.14803753576446715), np.float64(0.1578163431051831), np.float64(0.16742575078441896), np.float64(0.177166138902677), np.float64(0.18769588072954854), np.float64(0.19628541557670875), np.float64(0.20601653379717805), np.float64(0.21628176088210527), np.float64(0.2266171792368835), np.float64(0.23665067044904475), np.float64(0.24707007116184088), np.float64(0.25751467509984083), np.float64(0.26817217105794183), np.float64(0.2773896764476537), np.float64(0.28876088245507814), np.float64(0.2988914414636509), np.float64(0.3073145623325206), np.float64(0.31537402418511545), np.float64(0.3254359452648173)]","[np.float64(2.099531278243694), np.float64(4.1985230875385176), np.float64(6.291706511195884), np.float64(8.373577958973266), np.float64(10.445851645909212), np.float64(12.499069218408657), np.float64(14.542466461112024), np.float64(16.573598268160058), np.float64(18.594170590008943), np.float64(20.598981283551925), np.float64(22.57611108361294), np.float64(24.53804967660076), np.float64(26.47766945432816), np.float64(28.404009630503072), np.float64(30.31464851991661), np.float64(32.22160683974906), np.float64(34.082268901286355), np.float64(35.92574345605827), np.float64(37.73137419589188), np.float64(39.558951325461706), np.float64(41.33913125886367), np.float64(43.09920341688926), np.float64(44.86757574912834), np.float64(46.625254334412666), np.float64(48.36661953814464), np.float64(50.0778101424258), np.float64(51.81684502668339), np.float64(53.518755611652765), np.float64(55.195733266223165), np.float64(56.857968654861835), np.float64(58.51440342990661), np.float64(60.149103188789645), np.float64(61.77062781196352), np.float64(63.37448076410157), np.float64(65.00263318823971), np.float64(66.56423335555701), np.float64(68.14592687896872), np.float64(69.7618764385776), np.float64(71.37803417472995), np.float64(72.92983409852671)]",41774.97812049583,16.6235487944671,-154.54330870555714,24675.786985516548
89,STATE_B_DEFENSE,SEEDED,6.8,20.0,2513,0.25,690.0,720.0,210.0,325.16129032258067,0.4130521289295663,0.4488658973338639,0.617266353573548,True,0.3232477248067118,71.06595932177615,9.75,14.334144580817673,"[np.float64(-0.0013535538071979957), np.float64(-0.0008520657007198316), np.float64(0.0007719413841519156), np.float64(0.004139593037964295), np.float64(0.007827562879678332), np.float64(0.010908335260429362), np.float64(0.01596881627767333), np.float64(0.02231715849751029), np.float64(0.028800351470946506), np.float64(0.03556314214480286), np.float64(0.0435638713157623), np.float64(0.050518810633497536), np.float64(0.057936917846130455), np.float64(0.06722753109841068), np.float64(0.07571027404308128), np.float64(0.08513007957515739), np.float64(0.09395581888505979), np.float64(0.1032876584842017), np.float64(0.11267807149190938), np.float64(0.12146281518120675), np.float64(0.13228888175563366), np.float64(0.1442430815652569), np.float64(0.1530818832885419), np.float64(0.1636206261170629), np.float64(0.17512294698013606), np.float64(0.18649139521117825), np.float64(0.19868326025885455), np.float64(0.20901578355671446), np.float64(0.22084470935833425), np.float64(0.23196052208858559), np.float64(0.2406181120091522), np.float64(0.2519823496462118), np.float64(0.26274541385006817), np.float64(0.27261622244797784), np.float64(0.2824024404980572), np.float64(0.29279846318549274), np.float64(0.30224506707196525), np.float64(0.3126312134127034), np.float64(0.3232477248067118)]","[np.float64(2.0975470607709177), np.float64(4.194041197453784), np.float64(6.285955299544122), np.float64(8.367207503530436), np.float64(10.43985537695766), np.float64(12.50872242955827), np.float64(14.557119423418643), np.float64(16.58497250574792), np.float64(18.59921228649724), np.float64(20.5982014686811), np.float64(22.57099795764684), np.float64(24.541263771796253), np.float64(26.492995147114755), np.float64(28.40646026172841), np.float64(30.315252834906506), np.float64(32.195611298906144), np.float64(34.06956777781807), np.float64(35.920776723320344), np.float64(37.756039372439886), np.float64(39.587233299990935), np.float64(41.367403950704684), np.float64(43.11030814395509), np.float64(44.89679665034224), np.float64(46.63619721653988), np.float64(48.34103550379005), np.float64(50.03324207779063), np.float64(51.692690614671314), np.float64(53.377673390735076), np.float64(55.01553986981035), np.float64(56.655288191952174), np.float64(58.339167726761836), np.float64(59.947140109382616), np.float64(61.55645963956449), np.float64(63.17536844378266), np.float64(64.78485190696462), np.float64(66.36738120065105), np.float64(67.96306515950421), np.float64(69.52321174720797), np.float64(71.06595932177615)]",41753.493135059834,16.614999257882943,-151.24271956272423,26313.425956845284
88,STATE_B_DEFENSE,SEEDED,6.8,20.0,2513,0.25,690.0,720.0,210.0,325.16129032258067,0.3971348985276562,0.4552327894946279,0.5500585005482235,True,0.3296213648159576,74.75772882847305,10.25,15.043540654613755,"[np.float64(-0.00027632106962071663), np.float64(-0.0003004233091308362), np.float64(0.0007662711437967335), np.float64(0.004332279441464909), np.float64(0.0073233063970131506), np.float64(0.011718990262314414), np.float64(0.016677809141986914), np.float64(0.022202111720210783), np.float64(0.028539061305796528), np.float64(0.03436024136063451), np.float64(0.04046580980887938), np.float64(0.0500429620143201), np.float64(0.058715867860157936), np.float64(0.06687203367260142), np.float64(0.0747155306035668), np.float64(0.08324916714607696), np.float64(0.09242331786513372), np.float64(0.10120482094916848), np.float64(0.11149958368315925), np.float64(0.12394376531718328), np.float64(0.1339846916649486), np.float64(0.14376423148861142), np.float64(0.15488543604464805), np.float64(0.16386614466256372), np.float64(0.1732361754601182), np.float64(0.18426547958439377), np.float64(0.19510769989301183), np.float64(0.20566105722173408), np.float64(0.215516190644142), np.float64(0.22522478130667165), np.float64(0.23460806736565715), np.float64(0.2451448944386657), np.float64(0.2552130628797706), np.float64(0.26511564991475073), np.float64(0.2746577360839694), np.float64(0.2844188899901861), np.float64(0.2942084715155579), np.float64(0.30237808655109844), np.float64(0.31116917658845517), np.float64(0.32021156583559635), np.float64(0.3296213648159576)]","[np.float64(2.102791656906616), np.float64(4.205634010726445), np.float64(6.305088101101881), np.float64(8.391846190111664), np.float64(10.474222561226306), np.float64(12.54173251303058), np.float64(14.596294000654847), np.float64(16.63634180530833), np.float64(18.658140072966027), np.float64(20.67284865378501), np.float64(22.673314540361755), np.float64(24.621468183137353), np.float64(26.56378006008345), np.float64(28.49758808923481), np.float64(30.421507502124097), np.float64(32.32153927371068), np.float64(34.19713124447668), np.float64(36.06406587690714), np.float64(37.89092289490415), np.float64(39.66376524124545), np.float64(41.462160973594266), np.float64(43.25045293871945), np.float64(44.99814577426807), np.float64(46.77307887578115), np.float64(48.52700860178195), np.float64(50.23252944565995), np.float64(51.92738785621531), np.float64(53.614424572499786), np.float64(55.30365803664076), np.float64(56.98356331330133), np.float64(58.658826869024224), np.float64(60.294301296619814), np.float64(61.92862668880828), np.float64(63.555046023852995), np.float64(65.1789689031864), np.float64(66.78599387220173), np.float64(68.38106170779216), np.float64(70.00858357974816), np.float64(71.6096376282754), np.float64(73.19382770040822), np.float64(74.75772882847305)]",42312.45970165824,16.83742924857073,-135.57903705863282,23629.71035194397
90,STATE_B_DEFENSE,SEEDED,6.8,20.0,2513,0.25,690.0,720.0,210.0,325.16129032258067,0.40191006764822923,0.45244727417429365,0.5818379351626034,True,0.3250070804444511,73.03632004895265,10.0,14.566831215599255,"[np.float64(0.00020513598835278092), np.float64(0.00017833551152599106), np.float64(0.0013738067282200827), np.float64(0.0035567435741171824), np.float64(0.00765275586879641), np.float64(0.012381052518047235), np.float64(0.016593866248144584), np.float64(0.02183937875351992), np.float64(0.026396919124810604), np.float64(0.032807437236089775), np.float64(0.040387746447436076), np.float64(0.04855839562319561), np.float64(0.0571295391672378), np.float64(0.06555888744881974), np.float64(0.07462294606372885), np.float64(0.08603997084562987), np.float64(0.09551039603880965), np.float64(0.10415957615383564), np.float64(0.11504626720276476), np.float64(0.1246239573316899), np.float64(0.13401538469046073), np.float64(0.14368214915766273), np.float64(0.15460744043078598), np.float64(0.16526740484490712), np.float64(0.17660424080890225), np.float64(0.18775986056933705), np.float64(0.1977799627610953), np.float64(0.2077310735985545), np.float64(0.21789216058611563), np.float64(0.22919560540133013), np.float64(0.2397741494609183), np.float64(0.2505777993341909), np.float64(0.2602527600922953), np.float64(0.27026505936607725), np.float64(0.2789193976461746), np.float64(0.2883235492113113), np.float64(0.2976841917802914), np.float64(0.3051100524786505), np.float64(0.3150931288406076), np.float64(0.3250070804444511)]","[np.float64(2.101568020060201), np.float64(4.203192352725589), np.float64(6.3010239788070805), np.float64(8.392223004971056), np.float64(10.468936054075373), np.float64(12.53335201113267), np.float64(14.591914918880006), np.float64(16.63361559505392), np.float64(18.67122578625094), np.float64(20.68132278412809), np.float64(22.66642680235367), np.float64(24.63048288400287), np.float64(26.574630783819135), np.float64(28.505410466431414), np.float64(30.412435120771217), np.float64(32.26896746607471), np.float64(34.137260088265094), np.float64(36.00348780309649), np.float64(37.817703113119734), np.float64(39.63823622087068), np.float64(41.44744965839006), np.float64(43.23724371226991), np.float64(44.98820353938845), np.float64(46.728994244215194), np.float64(48.440966005771806), np.float64(50.14146479236647), np.float64(51.85172792788762), np.float64(53.550175982381774), np.float64(55.23083023700164), np.float64(56.87203212051239), np.float64(58.516507360558265), np.float64(60.14265722723126), np.float64(61.78358468643835), np.float64(63.404448905227184), np.float64(65.04807493468623), np.float64(66.66195089387713), np.float64(68.26611817788859), np.float64(69.91140343582667), np.float64(71.4783212312677), np.float64(73.03632004895265)]",41080.23171322544,16.34708782858155,-144.290406269487,25368.21243071556
94,STATE_B_DEFENSE,SEEDED,6.8,20.0,2513,0.25,690.0,720.0,210.0,325.16129032258067,0.3983286908077994,0.22960604854755273,0.5751240495536503,True,0.3242322616236514,71.27062591411546,9.75,14.325944548055022,"[np.float64(-0.0005150625135168764), np.float64(0.00020612555823418727), np.float64(0.001753759069684691), np.float64(0.004117204660880021), np.float64(0.006981289713433105), np.float64(0.011245390762785027), np.float64(0.015945281254240946), np.float64(0.021876437343623236), np.float64(0.02744582337869253), np.float64(0.033633725685265146), np.float64(0.04124348527320944), np.float64(0.04853656090627065), np.float64(0.05719087319844215), np.float64(0.06553406317714972), np.float64(0.07555462542163983), np.float64(0.0856244867372469), np.float64(0.09592191132191916), np.float64(0.10592620544243128), np.float64(0.11619509550398512), np.float64(0.12708995487908034), np.float64(0.1395711479807178), np.float64(0.15140178974484736), np.float64(0.16154775211026198), np.float64(0.1715216075386862), np.float64(0.18142177262825512), np.float64(0.19081966183746601), np.float64(0.20169018646363018), np.float64(0.21247423197311072), np.float64(0.22337378386989382), np.float64(0.2319874408781444), np.float64(0.24111904988313088), np.float64(0.2515977792741105), np.float64(0.26275476273119486), np.float64(0.2730699751605123), np.float64(0.2831683471836402), np.float64(0.2936099631386913), np.float64(0.3050534046643276), np.float64(0.3150674793426032), np.float64(0.3242322616236514)]","[np.float64(2.1034874302614606), np.float64(4.205457889610963), np.float64(6.3033121160289065), np.float64(8.394519360599695), np.float64(10.47821611702417), np.float64(12.547321347073341), np.float64(14.604642454662192), np.float64(16.642510603718456), np.float64(18.672010884110115), np.float64(20.684485000637018), np.float64(22.669637966566967), np.float64(24.64435776436795), np.float64(26.588552683116095), np.float64(28.52150344995797), np.float64(30.416068027755095), np.float64(32.29298682272793), np.float64(34.1497213453635), np.float64(35.99461051272742), np.float64(37.819135218307196), np.float64(39.61674171184028), np.float64(41.369152139803674), np.float64(43.115882397143245), np.float64(44.87839840035225), np.float64(46.62986285020875), np.float64(48.36882879334336), np.float64(50.10469208426242), np.float64(51.79592040691514), np.float64(53.47488022649043), np.float64(55.137422587611475), np.float64(56.838965166061), np.float64(58.517130426134834), np.float64(60.15138538634063), np.float64(61.75647233941683), np.float64(63.36957977557242), np.float64(64.97619466698119), np.float64(66.5623846998881), np.float64(68.11074490021876), np.float64(69.68473061586566), np.float64(71.27062591411546)]",40170.05412891593,15.984900170678841,-148.18766424804926,24465.131130456924
92,STATE_B_DEFENSE,SEEDED,6.8,20.0,2513,0.25,690.0,720.0,210.0,325.16129032258067,0.3995224830879427,0.40986868284918426,0.5928814954801243,True,0.32854690055283187,72.9249142933941,10.0,14.596053086900586,"[np.float64(9.198062412235145e-07), np.float64(0.0009703142392359927), np.float64(0.003003496619261157), np.float64(0.005662207771225386), np.float64(0.00782197214952595), np.float64(0.011233973800714694), np.float64(0.01646126927188441), np.float64(0.023758134760391562), np.float64(0.030172153036453712), np.float64(0.03665979264658131), np.float64(0.04312679085957032), np.float64(0.05091960042717942), np.float64(0.059815145657142965), np.float64(0.06734114563240277), np.float64(0.07749644261916377), np.float64(0.08721702564990338), np.float64(0.09671492242771183), np.float64(0.10701820531993199), np.float64(0.11724277475832111), np.float64(0.12834650316439178), np.float64(0.1391848652941507), np.float64(0.14963291020451508), np.float64(0.15894462625342165), np.float64(0.16993353981397638), np.float64(0.1817950197290391), np.float64(0.19193990517152082), np.float64(0.2017181367179002), np.float64(0.2126032075263629), np.float64(0.22309981094361056), np.float64(0.23098071192855366), np.float64(0.24141400133864993), np.float64(0.2518509106005457), np.float64(0.26214143014792696), np.float64(0.2726598869790047), np.float64(0.2832808450963762), np.float64(0.29308390737627504), np.float64(0.30173394298966844), np.float64(0.3119507233574618), np.float64(0.3211077926072683), np.float64(0.32854690055283187)]","[np.float64(2.1013780019983), np.float64(4.20072042157439), np.float64(6.294690951194568), np.float64(8.381819567770208), np.float64(10.466042029287323), np.float64(12.538044466842146), np.float64(14.590057509855107), np.float64(16.614821715960886), np.float64(18.633394881775832), np.float64(20.638886087907718), np.float64(22.63229090302007), np.float64(24.59806140719291), np.float64(26.535829789727405), np.float64(28.47611847653953), np.float64(30.366009102647567), np.float64(32.245286618273205), np.float64(34.11194056657826), np.float64(35.95005050891064), np.float64(37.77323711802466), np.float64(39.56517885687193), np.float64(41.345340490155024), np.float64(43.11689401305223), np.float64(44.8952996211012), np.float64(46.62673734678935), np.float64(48.325161296759944), np.float64(50.04383106690763), np.float64(51.756730940935384), np.float64(53.43220003398027), np.float64(55.10251604567507), np.float64(56.81984072620696), np.float64(58.46658874671731), np.float64(60.10049581625981), np.float64(61.72545639907772), np.float64(63.33257126370771), np.float64(64.9249419159176), np.float64(66.52632431502049), np.float64(68.14672522180287), np.float64(69.71547909985745), np.float64(71.30169616447826), np.float64(72.9249142933941)]",41549.905720000505,16.533985563072225,-144.5291518443264,24618.551452994347
91,STATE_B_DEFENSE,SEEDED,6.8,20.0,2513,0.25,690.0,720.0,210.0,325.16129032258067,0.39912455232789495,0.46836450457620377,0.5964119777967437,True,0.3302220629660243,74.72440181293668,10.25,14.993421897875578,"[np.float64(-0.0006912034098295749), np.float64(-0.0006421796436422841), np.float64(0.0015516141140382528), np.float64(0.004099436136082377), np.float64(0.008013776120704488), np.float64(0.011629638725719036), np.float64(0.017289770822202278), np.float64(0.023368358059466177), np.float64(0.02906796912834882), np.float64(0.03442905256627462), np.float64(0.041672075979579955), np.float64(0.04882382367971456), np.float64(0.05756450032614825), np.float64(0.06714444036277913), np.float64(0.07566131820117142), np.float64(0.08361549673247098), np.float64(0.09166010528799431), np.float64(0.10201541423921164), np.float64(0.11323691881265842), np.float64(0.12383822443453064), np.float64(0.1335959020102253), np.float64(0.14410994872181584), np.float64(0.1552014127240895), np.float64(0.1663040625957278), np.float64(0.1759965370345314), np.float64(0.1865894514342776), np.float64(0.19667069917723265), np.float64(0.20657766693086424), np.float64(0.21731095307897122), np.float64(0.22676098560708982), np.float64(0.23842431678994996), np.float64(0.249283037731898), np.float64(0.2587305064767755), np.float64(0.2687473704199576), np.float64(0.2777424906977373), np.float64(0.28847368922991123), np.float64(0.29702031912708454), np.float64(0.3045205412093831), np.float64(0.31260977655402), np.float64(0.3213078453413951), np.float64(0.3302220629660243)]","[np.float64(2.1027653334356793), np.float64(4.205427513888307), np.float64(6.301228822613692), np.float64(8.390972416993614), np.float64(10.46833071358032), np.float64(12.539526619191909), np.float64(14.588692319971868), np.float64(16.623201083258547), np.float64(18.649240211567584), np.float64(20.667612438363903), np.float64(22.655196729530847), np.float64(24.630353102682854), np.float64(26.572387920324186), np.float64(28.48768092230267), np.float64(30.40143945377501), np.float64(32.30896477130504), np.float64(34.20155605738531), np.float64(36.04286741333372), np.float64(37.853013913080325), np.float64(39.65689977387652), np.float64(41.4601457841238), np.float64(43.2344027119567), np.float64(44.98209144217991), np.float64(46.71388758002629), np.float64(48.45935741560874), np.float64(50.17227223641316), np.float64(51.882046575113094), np.float64(53.5822632615226), np.float64(55.250714259428484), np.float64(56.9353428989637), np.float64(58.55549034487583), np.float64(60.18111369206826), np.float64(61.828430858455775), np.float64(63.45005504675274), np.float64(65.08591871075434), np.float64(66.66615184800632), np.float64(68.2918688948036), np.float64(69.9356795804561), np.float64(71.55458272496577), np.float64(73.14735862762382), np.float64(74.72440181293668)]",42689.340484542285,16.987401704951168,-136.10546875,24408.234883904457
93,STATE_B_DEFENSE,SEEDED,6.8,20.0,2513,0.25,690.0,720.0,210.0,325.16129032258067,0.3879824910465579,0.4313569438917628,0.6539765539244851,True,0.33195737955730575,72.85102361798286,10.0,14.980975997409743,"[np.float64(-0.00017940261038250794), np.float64(0.0018182865390885732), np.float64(0.002631152776320172), np.float64(0.005322257129837616), np.float64(0.00880763203540432), np.float64(0.01221478368803051), np.float64(0.01754787337022013), np.float64(0.024104994759824496), np.float64(0.03103505757462067), np.float64(0.0368438304484855), np.float64(0.04319066959759281), np.float64(0.05049134082161289), np.float64(0.057727097550822934), np.float64(0.06532476608763241), np.float64(0.0754354490982896), np.float64(0.0848791945167576), np.float64(0.0946256805444149), np.float64(0.10469827780213461), np.float64(0.11500666163633923), np.float64(0.125008851824822), np.float64(0.13580303664660145), np.float64(0.14494123984555035), np.float64(0.15420246511022115), np.float64(0.16552313474717048), np.float64(0.17612347188683009), np.float64(0.18659885266796203), np.float64(0.1982026501627054), np.float64(0.2085842929519972), np.float64(0.2181669728400261), np.float64(0.22876240265565975), np.float64(0.23842208734824602), np.float64(0.2502410147250994), np.float64(0.2603573948097696), np.float64(0.26968969611628385), np.float64(0.2812619273305478), np.float64(0.2921097207385686), np.float64(0.3024624083475963), np.float64(0.31118554469913823), np.float64(0.3208756948348205), np.float64(0.33195737955730575)]","[np.float64(2.102131071145186), np.float64(4.200068267964514), np.float64(6.297548033418556), np.float64(8.38548475473004), np.float64(10.463733158560606), np.float64(12.535329193790844), np.float64(14.586175871534847), np.float64(16.616462663277066), np.float64(18.63059068029436), np.float64(20.64258859898794), np.float64(22.63766711352206), np.float64(24.609672758315266), np.float64(26.569132108392758), np.float64(28.510698350015875), np.float64(30.40324339847327), np.float64(32.28866756144945), np.float64(34.153635268204226), np.float64(35.99743016269597), np.float64(37.82123457127345), np.float64(39.63445192748018), np.float64(41.417951307405566), np.float64(43.216730984192566), np.float64(44.99949794809783), np.float64(46.72740075220922), np.float64(48.45452954066268), np.float64(50.169782371094236), np.float64(51.84650162773265), np.float64(53.535318361374365), np.float64(55.228776054447444), np.float64(56.88635781568257), np.float64(58.552869108232926), np.float64(60.155305748379384), np.float64(61.78569186023358), np.float64(63.423608934344905), np.float64(64.99349848556244), np.float64(66.56924556534717), np.float64(68.14593528497258), np.float64(69.75451950529919), np.float64(71.3270830572947), np.float64(72.85102361798286)]",42108.55090998051,16.75628766811799,-151.19332582177594,23745.32235598564
97,STATE_B_DEFENSE,SEEDED,6.8,20.0,2513,0.25,690.0,720.0,210.0,325.16129032258067,0.403899721448468,0.26740947075208915,0.5939147251019848,True,0.3269176934062472,71.3358742415022,9.75,14.309074995482659,"[np.float64(0.00021509928492661774), np.float64(0.0024763482801457197), np.float64(0.00571251824864697), np.float64(0.007136361224635081), np.float64(0.010216474286936476), np.float64(0.01451839504908598), np.float64(0.019051259500279596), np.float64(0.024163299862331167), np.float64(0.030475455953145113), np.float64(0.03729688958710104), np.float64(0.044787222445503184), np.float64(0.053088491791586756), np.float64(0.061279321008311224), np.float64(0.07022635396794348), np.float64(0.0787013902529945), np.float64(0.08730781883534874), np.float64(0.09788235700971634), np.float64(0.10901966615430873), np.float64(0.11958439892965725), np.float64(0.1290264609337331), np.float64(0.1398050899145623), np.float64(0.15053618330494997), np.float64(0.16140860370511415), np.float64(0.17190058872620614), np.float64(0.18355428038220295), np.float64(0.19350717355013367), np.float64(0.20328681744949817), np.float64(0.21497951909541804), np.float64(0.22783475535246356), np.float64(0.23766095656364117), np.float64(0.24838730305666992), np.float64(0.25838738661772004), np.float64(0.2688985204224291), np.float64(0.2781568039780443), np.float64(0.28852990161411834), np.float64(0.2968845176235761), np.float64(0.30701837544718236), np.float64(0.3179416520929628), np.float64(0.3269176934062472)]","[np.float64(2.1067774942832145), np.float64(4.208800125271903), np.float64(6.303034732916668), np.float64(8.398103582727414), np.float64(10.481613817233534), np.float64(12.551240776343576), np.float64(14.61051076240483), np.float64(16.656001679337685), np.float64(18.68052411282163), np.float64(20.687777455252085), np.float64(22.674834838786133), np.float64(24.638495568131013), np.float64(26.588502305439896), np.float64(28.51383214372621), np.float64(30.430284546561552), np.float64(32.33025281209759), np.float64(34.18506357513518), np.float64(36.01374248847757), np.float64(37.83472271665109), np.float64(39.65914150900259), np.float64(41.444735494505494), np.float64(43.215337957726234), np.float64(44.96770156959494), np.float64(46.71229759240292), np.float64(48.41849566167507), np.float64(50.144834775716205), np.float64(51.86143843943071), np.float64(53.52281247580937), np.float64(55.14338351119779), np.float64(56.81797911954394), np.float64(58.45913647250198), np.float64(60.104663989469245), np.float64(61.72567785353498), np.float64(63.365406087837655), np.float64(64.9660059062964), np.float64(66.60659329273928), np.float64(68.1908730723073), np.float64(69.74304074259486), np.float64(71.3358742415022)]",40313.805575694976,16.04210329315359,-158.53740859776735,25458.38842332363
95,STATE_B_DEFENSE,SEEDED,6.8,20.0,2513,0.25,690.0,720.0,210.0,325.16129032258067,0.3955431754874652,0.18145642658177477,0.5920188141022333,True,0.3284951743676836,72.91397554126092,10.0,14.65530040301997,"[np.float64(-0.00040843278460239154), np.float64(0.00021669799026627107), np.float64(0.002817841248118771), np.float64(0.005841755370872777), np.float64(0.009769769665644456), np.float64(0.013126618475033835), np.float64(0.017556917384933902), np.float64(0.02498623596098991), np.float64(0.03078403689612862), np.float64(0.03704441889649786), np.float64(0.04390248904473619), np.float64(0.052560916093494774), np.float64(0.05978666971132968), np.float64(0.0681342352384112), np.float64(0.07777788640332332), np.float64(0.08744188326381426), np.float64(0.09669857831223752), np.float64(0.10640706691770162), np.float64(0.11674788637888392), np.float64(0.12803264519350693), np.float64(0.137995574869229), np.float64(0.14630267675458056), np.float64(0.15578779000341317), np.float64(0.16545310512179173), np.float64(0.1764293807635835), np.float64(0.1869081200020094), np.float64(0.19835047615978166), np.float64(0.21016040792687585), np.float64(0.22145902964889602), np.float64(0.2319485345448573), np.float64(0.24130859985759784), np.float64(0.2512801040245496), np.float64(0.26113247500121006), np.float64(0.2719854425899373), np.float64(0.28163280500424054), np.float64(0.28963641003525864), np.float64(0.2998316727331711), np.float64(0.3096755546203426), np.float64(0.31870554713937227), np.float64(0.3284951743676836)]","[np.float64(2.1014520537035115), np.float64(4.201590504385971), np.float64(6.294206777406727), np.float64(8.379651141219583), np.float64(10.45417099688936), np.float64(12.52420492034626), np.float64(14.57972934931308), np.float64(16.602051157214188), np.float64(18.624706809786492), np.float64(20.631561472595074), np.float64(22.620046643211158), np.float64(24.574710123976292), np.float64(26.531689343400654), np.float64(28.460720850910732), np.float64(30.356898760431733), np.float64(32.23648878725459), np.float64(34.106413938907956), np.float64(35.95388393224446), np.float64(37.77520317459324), np.float64(39.56397684645339), np.float64(41.35992909886284), np.float64(43.17216269769936), np.float64(44.94895116981699), np.float64(46.70835986489511), np.float64(48.42703225249187), np.float64(50.14129831228351), np.float64(51.820621258776896), np.float64(53.47703729459639), np.float64(55.13016892618496), np.float64(56.78789224585309), np.float64(58.45916249710421), np.float64(60.104015284168064), np.float64(61.73967838022713), np.float64(63.338623963167564), np.float64(64.95566214843913), np.float64(66.60389619741207), np.float64(68.18501557144982), np.float64(69.76418312982373), np.float64(71.35451655203586), np.float64(72.91397554126092)]",41429.334719467966,16.486006653190596,-137.75652716401964,23614.554129719734
96,STATE_B_DEFENSE,SEEDED,6.8,20.0,2513,0.25,690.0,720.0,210.0,325.16129032258067,0.40708316752885,0.290091524074811,0.6120708296076117,True,0.3271078678531458,72.75472484748703,10.0,14.743888673543836,"[np.float64(-0.0013335689879195953), np.float64(0.0006748960338272717), np.float64(0.0014934764265183966), np.float64(0.0035860912866371763), np.float64(0.006661570177235921), np.float64(0.010874477651633881), np.float64(0.016666447379212457), np.float64(0.022705875353520515), np.float64(0.027868758877473452), np.float64(0.032453139631876536), np.float64(0.038317001907362244), np.float64(0.04619861851585877), np.float64(0.05347697970450251), np.float64(0.0617913753802276), np.float64(0.07080040689584274), np.float64(0.08071257852092192), np.float64(0.09056804176687618), np.float64(0.10198269861248847), np.float64(0.11241280421984075), np.float64(0.12332394416613958), np.float64(0.1330123335325018), np.float64(0.14464839756260836), np.float64(0.1570387566122027), np.float64(0.1683384196931739), np.float64(0.17792738627667518), np.float64(0.18765525201031924), np.float64(0.19602559713302362), np.float64(0.20665651275819225), np.float64(0.21822296817524353), np.float64(0.2277513004777785), np.float64(0.23835629756067178), np.float64(0.2486821138262755), np.float64(0.25746493427130496), np.float64(0.2671713062709774), np.float64(0.27805432064805474), np.float64(0.2877201361865824), np.float64(0.2981004898733776), np.float64(0.3087716157087715), np.float64(0.3180267155069107), np.float64(0.3271078678531458)]","[np.float64(2.0967376676227825), np.float64(4.189264837407345), np.float64(6.281328628988897), np.float64(8.366368660215873), np.float64(10.441973406060908), np.float64(12.50423012532392), np.float64(14.546654292404364), np.float64(16.575587667766236), np.float64(18.600644800955315), np.float64(20.62144758257612), np.float64(22.61944921756392), np.float64(24.582638697040366), np.float64(26.539036426614036), np.float64(28.468380524108994), np.float64(30.37325375572804), np.float64(32.2492190905971), np.float64(34.1096184296298), np.float64(35.928529313592634), np.float64(37.74634757366272), np.float64(39.53955805780808), np.float64(41.33865090442748), np.float64(43.08647368882937), np.float64(44.80311458820797), np.float64(46.524448722355345), np.float64(48.265306936405636), np.float64(49.98992375774386), np.float64(51.73063984753559), np.float64(53.40974739201114), np.float64(55.0540064542282), np.float64(56.73099184466291), np.float64(58.37047245357137), np.float64(60.003744908148654), np.float64(61.66238542819418), np.float64(63.28715532613816), np.float64(64.87056957663314), np.float64(66.47312262535947), np.float64(68.04588868681994), np.float64(69.59947858751252), np.float64(71.17980987526013), np.float64(72.75472484748703)]",43047.277474114904,17.129835843261006,-142.9934286433272,25388.25576734543
98,STATE_B_DEFENSE,SEEDED,6.8,20.0,2513,0.25,690.0,720.0,210.0,325.16129032258067,0.3979307600477517,0.27815360127337846,0.6064134666840386,True,0.33014691365182536,72.86457966776511,10.0,15.020561185379325,"[np.float64(-0.0006236908469026954), np.float64(7.506867660810618e-05), np.float64(0.0027091289773648725), np.float64(0.004369850450244623), np.float64(0.007037903524617156), np.float64(0.010458215044734872), np.float64(0.015320693568309066), np.float64(0.02003898545108699), np.float64(0.02534146839833412), np.float64(0.032560272638895826), np.float64(0.03948090711468895), np.float64(0.046560220185954855), np.float64(0.05448543523526195), np.float64(0.06258561959300284), np.float64(0.07277585522320355), np.float64(0.08200460701286472), np.float64(0.09163130111008944), np.float64(0.10086932789517282), np.float64(0.11182241302048652), np.float64(0.12217528560222653), np.float64(0.13232675549367953), np.float64(0.14246991161477934), np.float64(0.15247158835681301), np.float64(0.1625572465255604), np.float64(0.17375184843174557), np.float64(0.1860916944684361), np.float64(0.19759392321260857), np.float64(0.2080574244146485), np.float64(0.21772090062869384), np.float64(0.22889701681776636), np.float64(0.23776098345702618), np.float64(0.24790389198498494), np.float64(0.2581516475396388), np.float64(0.2691677358480155), np.float64(0.2790365908539199), np.float64(0.2886751352288581), np.float64(0.2991297512579414), np.float64(0.30868120190376225), np.float64(0.319075626081684), np.float64(0.33014691365182536)]","[np.float64(2.101559803703929), np.float64(4.201650976129146), np.float64(6.294192895482373), np.float64(8.38531604188676), np.float64(10.467750772490856), np.float64(12.540023460858386), np.float64(14.594952950183925), np.float64(16.64132413846066), np.float64(18.673018459522535), np.float64(20.675145392591894), np.float64(22.66682569378784), np.float64(24.643671591296602), np.float64(26.59679694724456), np.float64(28.533322611981742), np.float64(30.425872570937372), np.float64(32.31556145723942), np.float64(34.18355368656599), np.float64(36.042167231275855), np.float64(37.856648859960195), np.float64(39.66485983648678), np.float64(41.46099194211749), np.float64(43.2420797480826), np.float64(45.01103510230013), np.float64(46.76385939874645), np.float64(48.4795011388704), np.float64(50.15572283101455), np.float64(51.83406279108386), np.float64(53.52054412745703), np.float64(55.21160801257695), np.float64(56.85514715047884), np.float64(58.539576682477914), np.float64(60.181871199489784), np.float64(61.80928541846274), np.float64(63.40531779490163), np.float64(65.01788499987653), np.float64(66.6249742901705), np.float64(68.19958593663546), np.float64(69.78674504632156), np.float64(71.3404817011447), np.float64(72.86457966776511)]",41639.39590041861,16.569596458582815,-146.52329116594046,24489.82448709011
99,STATE_B_DEFENSE,SEEDED,6.8,20.0,2513,0.25,690.0,720.0,210.0,325.16129032258067,0.3971348985276562,0.40907282132908873,0.5955028637972732,True,0.32380178741218535,73.0067599754913,10.0,14.480262364824233,"[np.float64(-0.0013636396016518824), np.float64(-0.0002661318276868633), np.float64(0.0007544600605872671), np.float64(0.0030945126463511603), np.float64(0.006861930097861135), np.float64(0.011584646190883363), np.float64(0.015251907652325552), np.float64(0.022048934167419865), np.float64(0.028258563323207076), np.float64(0.03485959663216629), np.float64(0.0421914315328449), np.float64(0.050036139532378315), np.float64(0.05852037798207506), np.float64(0.06677989809970035), np.float64(0.07650336680977171), np.float64(0.08666017400373296), np.float64(0.09668322029591107), np.float64(0.1074484554695204), np.float64(0.11721876568700855), np.float64(0.12602994459619984), np.float64(0.13506264420921182), np.float64(0.14487470498789262), np.float64(0.15547117610743438), np.float64(0.165487882502907), np.float64(0.17580575151950328), np.float64(0.18601323496166494), np.float64(0.1963317372896294), np.float64(0.20675583010343787), np.float64(0.21723564436017284), np.float64(0.22876972985101662), np.float64(0.2396894500117245), np.float64(0.24948059824437913), np.float64(0.2578403502263003), np.float64(0.2666843441280255), np.float64(0.2756871781170405), np.float64(0.2842322621460654), np.float64(0.29429014551045374), np.float64(0.30480090517001424), np.float64(0.3143699851940959), np.float64(0.32380178741218535)]","[np.float64(2.101410402876488), np.float64(4.200513244068336), np.float64(6.2975562132014735), np.float64(8.386941798428696), np.float64(10.464045259257063), np.float64(12.527508355961384), np.float64(14.589005839745498), np.float64(16.61761555255035), np.float64(18.63828323464311), np.float64(20.643049288739878), np.float64(22.6273399272433), np.float64(24.591990815151387), np.float64(26.53434099047729), np.float64(28.46460681096711), np.float64(30.35974559940463), np.float64(32.23203104054545), np.float64(34.08967707616307), np.float64(35.91908867849111), np.float64(37.748444055242864), np.float64(39.57943505558658), np.float64(41.39271797593328), np.float64(43.17757686468746), np.float64(44.932733836497015), np.float64(46.68441549402641), np.float64(48.41576337192524), np.float64(50.13524544822997), np.float64(51.83851085917698), np.float64(53.52576631824022), np.float64(55.198240255209924), np.float64(56.8329982231922), np.float64(58.46821111141895), np.float64(60.11734400186839), np.float64(61.789651239371906), np.float64(63.43943126101113), np.float64(65.07445121780422), np.float64(66.71066624461689), np.float64(68.29681752209225), np.float64(69.85959075660095), np.float64(71.4365308230426), np.float64(73.0067599754913)]",41343.66040139155,16.451914206681874,-137.00248889392242,24418.701235175133
102,STATE_A_RIPENING,SPONTANEOUS,6.8,20.0,2513,0.25,120.0,300.0,60.0,100.0,0.05372065260644648,0.005571030640668524,0.00888085349123285,True,0.32439952356267965,51.7925695029631,7.0,12.198870274181585,"[np.float64(-0.0019506156236337347), np.float64(-0.0017451951118366226), np.float64(-0.0014543668406095478), np.float64(0.000704707414035257), np.float64(0.003658982312432707), np.float64(0.008863841418349037), np.float64(0.013838955085720622), np.float64(0.018979095147126493), np.float64(0.026283108100367287), np.float64(0.0339066387675537), np.float64(0.04166402023417474), np.float64(0.05034442573224294), np.float64(0.06081198448720717), np.float64(0.07117526449355449), np.float64(0.08379025306879956), np.float64(0.09597077722831754), np.float64(0.11048379406547057), np.float64(0.12484090005388539), np.float64(0.1402369619030463), np.float64(0.15682190794517223), np.float64(0.1746832884305234), np.float64(0.19255798589232442), np.float64(0.21089566510585947), np.float64(0.23225934852530197), np.float64(0.25363929678936115), np.float64(0.2769568575355946), np.float64(0.3002638760310587), np.float64(0.32439952356267965)]","[np.float64(2.1308011306106733), np.float64(4.261163763177635), np.float64(6.39081477308367), np.float64(8.511889049330263), np.float64(10.624190530697204), np.float64(12.716099165827368), np.float64(14.799003980244036), np.float64(16.870435117134726), np.float64(18.911581694780278), np.float64(20.935255818265208), np.float64(22.94287227960889), np.float64(24.92495096969545), np.float64(26.868478723667444), np.float64(28.79497475199098), np.float64(30.6716805766856), np.float64(32.53414737139065), np.float64(34.34090554181041), np.float64(36.128163825565096), np.float64(37.87694798645498), np.float64(39.58363537006587), np.float64(41.245619754015095), np.float64(42.884649256263764), np.float64(44.493176034722694), np.float64(46.02344406167425), np.float64(47.53052859693697), np.float64(48.978352181928535), np.float64(50.40422594497569), np.float64(51.7925695029631)]",14061.510823521508,5.5955076894236,-38.88493222789839,225.25131177902222
100,STATE_A_RIPENING,SPONTANEOUS,6.8,20.0,2513,0.25,120.0,300.0,60.0,100.0,0.055312375646637484,0.005173099880620772,0.005078381282816284,True,0.34684014623796666,53.21298340886282,7.25,13.491004700379769,"[np.float64(-0.0013997099099088434), np.float64(-0.0018294767104329495), np.float64(-0.0010550947413362091), np.float64(0.000839672358375392), np.float64(0.0023665558917866348), np.float64(0.006116017546602725), np.float64(0.011158886074261545), np.float64(0.015418183878748389), np.float64(0.02240810897224951), np.float64(0.029798872097495755), np.float64(0.038661117884133185), np.float64(0.048490096351512586), np.float64(0.05815677243732548), np.float64(0.06808501911240049), np.float64(0.07912423554529449), np.float64(0.09261590088020676), np.float64(0.10625487886932292), np.float64(0.12194549467285795), np.float64(0.13788548048690924), np.float64(0.15529863955232517), np.float64(0.17369416514741398), np.float64(0.1927594006498082), np.float64(0.21207787759645394), np.float64(0.23234568286911447), np.float64(0.2522518916570837), np.float64(0.2753658091519255), np.float64(0.2983725373022445), np.float64(0.32183174293264116), np.float64(0.34684014623796666)]","[np.float64(2.130991872282931), np.float64(4.262901153946436), np.float64(6.391872800067623), np.float64(8.514425945294608), np.float64(10.634923190461587), np.float64(12.738105927471656), np.float64(14.824019440444872), np.float64(16.90616705410732), np.float64(18.954311079177675), np.float64(20.9846355647791), np.float64(22.98441133517066), np.float64(24.956099986727086), np.float64(26.912000464200197), np.float64(28.84713992052031), np.float64(30.749154113728537), np.float64(32.59596641248416), np.float64(34.419056331147594), np.float64(36.187973437824674), np.float64(37.929922931505665), np.float64(39.62419953354269), np.float64(41.278077223256936), np.float64(42.89670102450955), np.float64(44.48772637259038), np.float64(46.038652617943946), np.float64(47.574233269222034), np.float64(49.026805942701884), np.float64(50.45936036033263), np.float64(51.861799292039755), np.float64(53.21298340886282)]",14836.019149884136,5.903708376396393,-34.145989808719605,293.7903586626053
101,STATE_A_RIPENING,SPONTANEOUS,6.8,20.0,2513,0.25,120.0,300.0,60.0,100.0,0.05372065260644648,0.005571030640668524,-0.008532466585565671,True,0.3408703612706233,53.34766503323625,7.25,13.19659480379329,"[np.float64(-0.0023163342885631306), np.float64(-0.003565621656809719), np.float64(-0.0033026956578777883), np.float64(-0.0006511265037209458), np.float64(0.0031413158194048114), np.float64(0.00662291700824313), np.float64(0.012124053521852205), np.float64(0.017165016249890093), np.float64(0.02273730786014586), np.float64(0.030732725775375593), np.float64(0.0402770757521945), np.float64(0.04984826763414619), np.float64(0.059864045612889376), np.float64(0.07144625290035012), np.float64(0.08123613797113825), np.float64(0.09287038581072982), np.float64(0.10821247192173675), np.float64(0.12158021240581143), np.float64(0.138516563127864), np.float64(0.15633940604975188), np.float64(0.17426030505658527), np.float64(0.1928771756759467), np.float64(0.21111548016496173), np.float64(0.22997370511129492), np.float64(0.249034983593364), np.float64(0.2713456715199734), np.float64(0.29358189960411807), np.float64(0.3159730590925444), np.float64(0.3408703612706233)]","[np.float64(2.132624441969585), np.float64(4.267921840907649), np.float64(6.401038306161947), np.float64(8.523387651457897), np.float64(10.634075973110782), np.float64(12.738804040718232), np.float64(14.821493921276641), np.float64(16.89682448324163), np.float64(18.957072605236153), np.float64(20.98156026334483), np.float64(22.97359625440048), np.float64(24.94760110579817), np.float64(26.89856340113085), np.float64(28.81068962080159), np.float64(30.728530791863566), np.float64(32.60216695240284), np.float64(34.399190128753325), np.float64(36.20496642743648), np.float64(37.93103888793586), np.float64(39.618510706618856), np.float64(41.28078221199735), np.float64(42.90773894332587), np.float64(44.51904830242334), np.float64(46.09715700042263), np.float64(47.65006755965863), np.float64(49.11931898395037), np.float64(50.568213673261), np.float64(51.993056083790364), np.float64(53.34766503323625)]",14478.422123896566,5.761409520054344,-34.7559854099527,166.71838474273682
103,STATE_A_RIPENING,SPONTANEOUS,6.8,20.0,2513,0.25,120.0,300.0,60.0,100.0,0.05133306804615997,0.005173099880620772,0.010582799268450033,True,0.34136153485657694,53.28670918771525,7.25,13.336349560174975,"[np.float64(-0.00033747885645952716), np.float64(-0.0008774038703031697), np.float64(-0.0010896784847090877), np.float64(0.001354330400646418), np.float64(0.004979518724676725), np.float64(0.006769561484505896), np.float64(0.009409201145502828), np.float64(0.01463482138041935), np.float64(0.020196854895015288), np.float64(0.026847792811038995), np.float64(0.03562502445485863), np.float64(0.045192483464231735), np.float64(0.05552769668267058), np.float64(0.06661525483443172), np.float64(0.07844216234986516), np.float64(0.09072981011655186), np.float64(0.10337300077038383), np.float64(0.1181974998032756), np.float64(0.13377084971213005), np.float64(0.15094803127737597), np.float64(0.16924318656027634), np.float64(0.1879627516820778), np.float64(0.20779986419956825), np.float64(0.2271755813820369), np.float64(0.24742419372259422), np.float64(0.26852853571197016), np.float64(0.29158847945701954), np.float64(0.316589716265743), np.float64(0.34136153485657694)]","[np.float64(2.128467982455818), np.float64(4.258086031873219), np.float64(6.387807663949797), np.float64(8.506676706337919), np.float64(10.614150115151924), np.float64(12.725651884184861), np.float64(14.827168981455035), np.float64(16.901643313860884), np.float64(18.96244551679074), np.float64(21.00103940116695), np.float64(23.003040488710372), np.float64(24.97910846654531), np.float64(26.927892337265895), np.float64(28.848149964522815), np.float64(30.7387821108575), np.float64(32.60282388375234), np.float64(34.44146146625773), np.float64(36.22488983279451), np.float64(37.97386344367265), np.float64(39.67308430747344), np.float64(41.329551983230125), np.float64(42.95513573400108), np.float64(44.5373296769321), np.float64(46.105391687477116), np.float64(47.635064095299946), np.float64(49.12663913573673), np.float64(50.55865471696669), np.float64(51.93099320621282), np.float64(53.28670918771525)]",14729.136148821533,5.861176342547367,-34.403739595320076,213.63086676597595
105,STATE_A_RIPENING,SPONTANEOUS,6.8,20.0,2513,0.25,120.0,300.0,60.0,100.0,0.04257859132510943,0.005571030640668524,0.0040028485732865205,True,0.33979729769305106,53.48879535637585,7.25,13.502288730389123,"[np.float64(-0.000997234158550249), np.float64(-0.0018637899970462095), np.float64(-0.002571948701151194), np.float64(-0.0028748930547903262), np.float64(-0.0009292316424495808), np.float64(0.0009476858541040001), np.float64(0.005723109723630342), np.float64(0.011291056514877293), np.float64(0.018441478022358845), np.float64(0.024858235590931383), np.float64(0.03245546777645451), np.float64(0.04143739938074667), np.float64(0.0503783945933456), np.float64(0.06126706808818503), np.float64(0.07370173996208058), np.float64(0.0856764484556502), np.float64(0.10037444023304817), np.float64(0.11554837137928706), np.float64(0.13076677155244115), np.float64(0.14886585669333519), np.float64(0.16626364908220273), np.float64(0.18330917175729292), np.float64(0.20265277557778766), np.float64(0.2224890634122087), np.float64(0.24345768454688385), np.float64(0.2647101626464224), np.float64(0.28775874140203916), np.float64(0.3128186232929783), np.float64(0.33979729769305106)]","[np.float64(2.1359988897652338), np.float64(4.2738517957713285), np.float64(6.4130530670526715), np.float64(8.552036257196727), np.float64(10.679630971644995), np.float64(12.803536043174905), np.float64(14.901953131950638), np.float64(16.983854933027295), np.float64(19.0396446295334), np.float64(21.088829238491403), np.float64(23.11220541749639), np.float64(25.10435277413279), np.float64(27.080384737834404), np.float64(29.013495804912555), np.float64(30.90535941053309), np.float64(32.783411284737745), np.float64(34.59895981532686), np.float64(36.384186553447776), np.float64(38.14621479775157), np.float64(39.83636493357621), np.float64(41.51502396324198), np.float64(43.177543799059734), np.float64(44.77566812996773), np.float64(46.3418234538742), np.float64(47.86398693590992), np.float64(49.35852939701583), np.float64(50.79615956869141), np.float64(52.172306240905634), np.float64(53.48879535637585)]",14370.138018485604,5.718319943687069,-38.083878688979894,170.9373893737793
104,STATE_A_RIPENING,SPONTANEOUS,6.8,20.0,2513,0.25,120.0,300.0,60.0,100.0,0.055312375646637484,0.007560684440907282,0.013940514643677305,True,0.33414106148699246,53.434688299213114,7.25,13.02200895877958,"[np.float64(-0.0007831211203169135), np.float64(-0.00039787318620462293), np.float64(0.0002327752794769138), np.float64(0.002276455151213688), np.float64(0.004777768631050843), np.float64(0.007613597427213803), np.float64(0.009665174568223005), np.float64(0.013998239084562797), np.float64(0.021523666312905535), np.float64(0.02843152589560698), np.float64(0.036498214739435264), np.float64(0.0457630066358408), np.float64(0.05638634716833116), np.float64(0.06688949314358812), np.float64(0.0793268226031289), np.float64(0.0919613334346485), np.float64(0.10519800280153596), np.float64(0.11898087216125547), np.float64(0.1328715941875472), np.float64(0.14903545210257396), np.float64(0.16534664210655717), np.float64(0.18261532691694593), np.float64(0.20155678879037575), np.float64(0.22093290593782614), np.float64(0.24209034607787694), np.float64(0.2634540864939518), np.float64(0.2863819367602165), np.float64(0.3101722160187885), np.float64(0.33414106148699246)]","[np.float64(2.129101064592036), np.float64(4.257381491843001), np.float64(6.384058705627975), np.float64(8.503395619920736), np.float64(10.616005955804367), np.float64(12.72126789683839), np.float64(14.826393061979815), np.float64(16.9082065488765), np.float64(18.951537579768107), np.float64(20.986425179036747), np.float64(22.995060887013967), np.float64(24.974152914590935), np.float64(26.918950281640047), np.float64(28.846589507465193), np.float64(30.72846965462373), np.float64(32.586859674305224), np.float64(34.4155752858079), np.float64(36.21490344291611), np.float64(37.99176018287884), np.float64(39.70904471276117), np.float64(41.40167273259698), np.float64(43.05534634220728), np.float64(44.656208116095534), np.float64(46.226551918927406), np.float64(47.740786933282585), np.float64(49.22885940877692), np.float64(50.664639345392374), np.float64(52.061897949272165), np.float64(53.434688299213114)]",14454.794443442846,5.75200733921323,-35.72666949639097,302.2287666797638
106,STATE_A_RIPENING,SPONTANEOUS,6.8,20.0,2513,0.25,120.0,300.0,60.0,100.0,0.053322721846398725,0.0031834460803820135,-0.006918362023910196,True,0.3410051773110612,53.26931455016401,7.25,13.159434517954926,"[np.float64(-0.0008707770323648247), np.float64(-0.0002284729179029892), np.float64(0.00033890426437740507), np.float64(0.0017823880872821823), np.float64(0.004750808992970937), np.float64(0.007833831012779112), np.float64(0.011467005858981963), np.float64(0.016133780100323934), np.float64(0.02288089428601692), np.float64(0.02949488587453003), np.float64(0.03715777926270506), np.float64(0.04661814009683318), np.float64(0.05768964366929616), np.float64(0.06867721195735804), np.float64(0.08092763164283896), np.float64(0.09444864810793556), np.float64(0.10893714479327424), np.float64(0.1237076207273605), np.float64(0.1398936577211876), np.float64(0.15595810059649567), np.float64(0.17266399800086235), np.float64(0.19204831180400775), np.float64(0.21131420377637375), np.float64(0.2310824207366768), np.float64(0.2515533079590584), np.float64(0.27390976381214505), np.float64(0.29525568737006624), np.float64(0.31776363227936955), np.float64(0.3410051773110612)]","[np.float64(2.1280582285011738), np.float64(4.25474906442845), np.float64(6.380313417668453), np.float64(8.500953352237138), np.float64(10.610483147786436), np.float64(12.713090011613671), np.float64(14.805276329007592), np.float64(16.881416317367222), np.float64(18.928853669666438), np.float64(20.96439052189706), np.float64(22.975480798060687), np.float64(24.95062650030218), np.float64(26.88800400642459), np.float64(28.807070744166165), np.float64(30.689321545854817), np.float64(32.532439135928236), np.float64(34.33917000623693), np.float64(36.119371099124024), np.float64(37.85434798605756), np.float64(39.56883712887898), np.float64(41.250273897423725), np.float64(42.861768882268386), np.float64(44.45225213347722), np.float64(46.011036271242084), np.float64(47.53458102229635), np.float64(49.000256419610864), np.float64(50.46384620277928), np.float64(51.884019078836886), np.float64(53.26931455016401)]",14776.272755084332,5.8799334481035945,-33.29756971914321,235.27278351783752
107,STATE_A_RIPENING,SPONTANEOUS,6.8,20.0,2513,0.25,120.0,300.0,60.0,100.0,0.04934341424592121,0.004377238360525269,-0.01010827884142783,True,0.34690035032101,53.14922339808894,7.25,13.600265689298078,"[np.float64(-0.0007672682706978333), np.float64(-0.0030012591770241684), np.float64(-0.004267953760197755), np.float64(-0.002883296549272486), np.float64(-0.0019536559947234823), np.float64(0.002131794919694639), np.float64(0.005644106805734982), np.float64(0.011654755465954179), np.float64(0.019628403184010972), np.float64(0.02828327726776139), np.float64(0.03817761442080668), np.float64(0.04745664087134769), np.float64(0.05717459265945731), np.float64(0.06790694781457697), np.float64(0.08101870119558417), np.float64(0.09316634803022752), np.float64(0.10546264093476734), np.float64(0.11932507086382362), np.float64(0.13484105173372365), np.float64(0.1523358496590463), np.float64(0.171195878094163), np.float64(0.189395470152662), np.float64(0.20808050314065107), np.float64(0.22828815579375927), np.float64(0.25064708373788086), np.float64(0.27241668271377834), np.float64(0.2961586289144237), np.float64(0.3210918816301132), np.float64(0.34690035032101)]","[np.float64(2.127812384525638), np.float64(4.260389924195119), np.float64(6.394648402421526), np.float64(8.520275813452574), np.float64(10.645383424517128), np.float64(12.74839431166488), np.float64(14.847131043172084), np.float64(16.917667359370014), np.float64(18.957811694687653), np.float64(20.97540096974278), np.float64(22.962729675866413), np.float64(24.939048334670606), np.float64(26.89283900318408), np.float64(28.815621291322497), np.float64(30.686072984100363), np.float64(32.549439455542185), np.float64(34.39090024530878), np.float64(36.18770552468864), np.float64(37.93610514292194), np.float64(39.62845285193999), np.float64(41.273489219902686), np.float64(42.906807207612715), np.float64(44.50886876865517), np.float64(46.06040664799324), np.float64(47.548769171650065), np.float64(49.02587220991085), np.float64(50.44305076908107), np.float64(51.81531916673372), np.float64(53.14922339808894)]",14884.846470605135,5.923138269241996,-34.16562182735652,129.34346413612366
109,STATE_A_RIPENING,SPONTANEOUS,6.8,20.0,2513,0.25,120.0,300.0,60.0,100.0,0.05491444488658973,0.006764822920811779,-0.001200263946615867,True,0.3246932647092777,52.019677294097654,7.0,12.340786601914154,"[np.float64(-0.0007713631005975024), np.float64(-0.00042287738420786295), np.float64(0.0006736495128592352), np.float64(0.0001029578485915277), np.float64(0.0006546317599233911), np.float64(0.004453418114289166), np.float64(0.009843327442286123), np.float64(0.016621497953179826), np.float64(0.02265889156550975), np.float64(0.030363594395254517), np.float64(0.037960630227120935), np.float64(0.0480973567518845), np.float64(0.05815220730197048), np.float64(0.0694963185582165), np.float64(0.08080578416347334), np.float64(0.09408558794496127), np.float64(0.10776976378364024), np.float64(0.12329569327377664), np.float64(0.13919250603183825), np.float64(0.1553889844713513), np.float64(0.17481415088566218), np.float64(0.1935838516435234), np.float64(0.2125443377772268), np.float64(0.23251004802038563), np.float64(0.25461695395115097), np.float64(0.2769477258710037), np.float64(0.3000896889296644), np.float64(0.3246932647092777)]","[np.float64(2.13911853331456), np.float64(4.277491233995173), np.float64(6.412720467443789), np.float64(8.552733148244872), np.float64(10.687969008381891), np.float64(12.801287057202034), np.float64(14.894925192046685), np.float64(16.965928359785746), np.float64(19.030245745341798), np.float64(21.0655127059362), np.float64(23.087107815693038), np.float64(25.063846358054825), np.float64(27.02318706860193), np.float64(28.947140906464877), np.float64(30.852098936860862), np.float64(32.70857474922987), np.float64(34.53754424712261), np.float64(36.315559926725825), np.float64(38.06469267203339), np.float64(39.786264985102065), np.float64(41.42876591408283), np.float64(43.05895642236288), np.float64(44.66283724163864), np.float64(46.225678441451336), np.float64(47.7256354019067), np.float64(49.198750702477426), np.float64(50.63425141344965), np.float64(52.019677294097654)]",13483.598242143546,5.36553849667471,-43.71838620537892,212.99248027801514
108,STATE_A_RIPENING,SPONTANEOUS,6.8,20.0,2513,0.25,120.0,300.0,60.0,100.0,0.05690409868682849,0.007560684440907282,0.01334201554739008,True,0.3419668765352181,53.170389382805126,7.25,13.342744225452837,"[np.float64(-0.0027068668478140907), np.float64(-0.0031636299398563822), np.float64(-0.002751390748869306), np.float64(0.0002660778208300504), np.float64(0.00278233422286307), np.float64(0.0061932257084800525), np.float64(0.010630513000178123), np.float64(0.016176168070282698), np.float64(0.02288238565445641), np.float64(0.027996836681442365), np.float64(0.03660952488376026), np.float64(0.04486241311652735), np.float64(0.05585308161027627), np.float64(0.06760577919906822), np.float64(0.07903304142533304), np.float64(0.09107431600513356), np.float64(0.10429146704974263), np.float64(0.11888898018904746), np.float64(0.1334218557125275), np.float64(0.14960222998287645), np.float64(0.16862693764634612), np.float64(0.18720090799525047), np.float64(0.20601299954235755), np.float64(0.22769495317788827), np.float64(0.2485291665567585), np.float64(0.2704082597920928), np.float64(0.29351107521263187), np.float64(0.31628201215638496), np.float64(0.3419668765352181)]","[np.float64(2.126822894633349), np.float64(4.254620214932811), np.float64(6.38061111587887), np.float64(8.49463968100594), np.float64(10.604969117946537), np.float64(12.704374778234008), np.float64(14.789196452196439), np.float64(16.855755591943225), np.float64(18.90046114684938), np.float64(20.94820676909785), np.float64(22.947101082505256), np.float64(24.934142309569747), np.float64(26.87103208474261), np.float64(28.77831213578011), np.float64(30.670201436248067), np.float64(32.53385730177646), np.float64(34.359734890569364), np.float64(36.14279612024366), np.float64(37.90535345114139), np.float64(39.61858295251381), np.float64(41.25951222454594), np.float64(42.88479238086748), np.float64(44.48305259961101), np.float64(46.005393266735695), np.float64(47.52076283710062), np.float64(48.994173374340335), np.float64(50.42215805932943), np.float64(51.83538149923841), np.float64(53.170389382805126)]",15066.639584693155,5.995479341302489,-33.50719235651195,224.06487822532654
110,STATE_A_RIPENING,SPONTANEOUS,6.8,20.0,2513,0.25,120.0,300.0,60.0,100.0,0.04456824512534819,0.00477516912057302,0.0019949526322527267,True,0.33477089976454555,53.36555780943889,7.25,13.176276352590232,"[np.float64(-0.0024235697722923047), np.float64(-0.00416263633605382), np.float64(-0.003092174195009136), np.float64(-0.0018249026998225345), np.float64(0.0007130156315986244), np.float64(0.004200736277597711), np.float64(0.009041235707965112), np.float64(0.014309441989985182), np.float64(0.022174242708289806), np.float64(0.028287223172418465), np.float64(0.03409467130789465), np.float64(0.04291431323775875), np.float64(0.052024551038908365), np.float64(0.06201012755401982), np.float64(0.07339277569634323), np.float64(0.08599020038330171), np.float64(0.10008839461051244), np.float64(0.11484816797321173), np.float64(0.13085210179815468), np.float64(0.14750532350080478), np.float64(0.16412210132962465), np.float64(0.18327569890145928), np.float64(0.2017032905382196), np.float64(0.22106714093178065), np.float64(0.24063748313602237), np.float64(0.26263271828863116), np.float64(0.2847022638729177), np.float64(0.3088900757897986), np.float64(0.33477089976454555)]","[np.float64(2.1285964353161737), np.float64(4.260908493583601), np.float64(6.387930352104195), np.float64(8.511832057588752), np.float64(10.62628966768346), np.float64(12.729384443348492), np.float64(14.815284748365585), np.float64(16.88772596563949), np.float64(18.925460824083864), np.float64(20.965691954058652), np.float64(22.99741145050069), np.float64(24.981778442274482), np.float64(26.94615695115615), np.float64(28.882190409507874), np.float64(30.780689595116357), np.float64(32.64175116596868), np.float64(34.458911135537406), np.float64(36.243577836105004), np.float64(37.98543607093756), np.float64(39.69346953219064), np.float64(41.37961519898711), np.float64(42.99778941399449), np.float64(44.60624147506829), np.float64(46.17510479390207), np.float64(47.71819194764049), np.float64(49.19276669415158), np.float64(50.64410956870925), np.float64(52.03228090502458), np.float64(53.36555780943889)]",14472.698394222269,5.759131871954743,-35.707264794036746,146.5567343235016
111,STATE_A_RIPENING,SPONTANEOUS,6.8,20.0,2513,0.25,120.0,300.0,60.0,100.0,0.04496617588539594,0.002785515320334262,-0.014373766287597284,True,0.3251596815467084,53.57926016178176,7.25,12.881114615264469,"[np.float64(-0.0006841667638285882), np.float64(-0.003448619485535581), np.float64(-0.003449047978974474), np.float64(-0.002819553873571696), np.float64(-0.0013564869565375114), np.float64(0.0012134069329925072), np.float64(0.00472029818819187), np.float64(0.009739181034494981), np.float64(0.014766093224936678), np.float64(0.022552874541150486), np.float64(0.02985823059126175), np.float64(0.039818945457897284), np.float64(0.04884941383188831), np.float64(0.05930496907628129), np.float64(0.07099477037336806), np.float64(0.08324769277984997), np.float64(0.09768920012903339), np.float64(0.11158987526403669), np.float64(0.12698553688005346), np.float64(0.14239757242112888), np.float64(0.16036366116991907), np.float64(0.17918588601876606), np.float64(0.19775162975764282), np.float64(0.216091232422372), np.float64(0.23547315304269467), np.float64(0.2553856077167223), np.float64(0.2771309893318485), np.float64(0.3013503037609707), np.float64(0.3251596815467084)]","[np.float64(2.1275581415344225), np.float64(4.261014083007161), np.float64(6.391522498612368), np.float64(8.51933970545199), np.float64(10.641370963323201), np.float64(12.753246195404714), np.float64(14.852797955374058), np.float64(16.932387709568076), np.float64(19.001695624647265), np.float64(21.032453359165967), np.float64(23.053495481253194), np.float64(25.02852202225886), np.float64(26.997254703062175), np.float64(28.930127815227035), np.float64(30.8269391692807), np.float64(32.695570355123316), np.float64(34.50976859878427), np.float64(36.31056739834038), np.float64(38.06512419765671), np.float64(39.79735245914364), np.float64(41.46245912458209), np.float64(43.08879669856981), np.float64(44.696886520310436), np.float64(46.28720790912764), np.float64(47.836145023551126), np.float64(49.353459066722124), np.float64(50.81347124418388), np.float64(52.20279351568469), np.float64(53.57926016178176)]",14162.112323231342,5.635540120665079,-36.3153086528182,169.58110070228577
112,STATE_A_RIPENING,SPONTANEOUS,6.8,20.0,2513,0.25,120.0,300.0,60.0,100.0,0.055312375646637484,0.005173099880620772,0.011125841749235518,True,0.3348000447903616,53.32870359117975,7.25,13.22713179461849,"[np.float64(-0.0026006819533708606), np.float64(-0.0028424638163538117), np.float64(-0.002631574470725321), np.float64(-0.0023064983950624087), np.float64(0.00035297972586219507), np.float64(0.0029464109719942134), np.float64(0.0052791244276544835), np.float64(0.010165781810773574), np.float64(0.016405986373786693), np.float64(0.022853277878233633), np.float64(0.030073912060889878), np.float64(0.038884497245512496), np.float64(0.049957326793803145), np.float64(0.06195084882750234), np.float64(0.07431453994766547), np.float64(0.0863921954028982), np.float64(0.09939388480498838), np.float64(0.11273440799031881), np.float64(0.12958325296006004), np.float64(0.1465141148477098), np.float64(0.1631361098591719), np.float64(0.18296501384777583), np.float64(0.20245961996498618), np.float64(0.22160622107653266), np.float64(0.24260345349173126), np.float64(0.2642550796338329), np.float64(0.2861310555164093), np.float64(0.3101815635141854), np.float64(0.3348000447903616)]","[np.float64(2.1273385059167946), np.float64(4.255192798630969), np.float64(6.382114355348122), np.float64(8.508099381533741), np.float64(10.620977868455267), np.float64(12.728684462257524), np.float64(14.832892271811467), np.float64(16.91082498708041), np.float64(18.96618737802735), np.float64(21.00702072766155), np.float64(23.02658986329704), np.float64(25.013170754121347), np.float64(26.954337544050144), np.float64(28.863365044743848), np.float64(30.746569483019872), np.float64(32.61352928969407), np.float64(34.4463648694859), np.float64(36.253328052452396), np.float64(37.98093160950814), np.float64(39.683633257755595), np.float64(41.36901305060649), np.float64(42.97420637630768), np.float64(44.561902084187025), np.float64(46.13353761066385), np.float64(47.64802074083935), np.float64(49.12777879820398), np.float64(50.58156778232384), np.float64(51.971281293027786), np.float64(53.32870359117975)]",14685.752775418841,5.843912763795799,-37.488474992569536,250.47373461723328
113,STATE_A_RIPENING,SPONTANEOUS,6.8,20.0,2513,0.25,120.0,300.0,60.0,100.0,0.04417031436530044,0.005968961400716275,-0.0004213685423623661,True,0.34648808637520734,53.14819401101754,7.25,13.508374340063243,"[np.float64(-0.0008263520152421215), np.float64(-0.00033690015963948436), np.float64(-0.0014369896615504237), np.float64(0.00011303782754257352), np.float64(0.0005713221909697674), np.float64(0.003316591398210849), np.float64(0.007095909823405269), np.float64(0.0129126342654862), np.float64(0.02017437578745234), np.float64(0.02794554088897911), np.float64(0.037273292861664996), np.float64(0.04715699693249901), np.float64(0.05623301409943152), np.float64(0.0687581704770252), np.float64(0.081803782190934), np.float64(0.09427600911510378), np.float64(0.10785625019556604), np.float64(0.12267051587830267), np.float64(0.13695228905970433), np.float64(0.15424520850271398), np.float64(0.17278281015310015), np.float64(0.19102260150946723), np.float64(0.20895894378310206), np.float64(0.22866608665366964), np.float64(0.251413521896763), np.float64(0.27441562335601416), np.float64(0.2973073924289789), np.float64(0.3207045749847976), np.float64(0.34648808637520734)]","[np.float64(2.127508410386845), np.float64(4.253975029362431), np.float64(6.384476442297878), np.float64(8.506036034797496), np.float64(10.630109791200645), np.float64(12.738668167390706), np.float64(14.833867494394077), np.float64(16.904244445268425), np.float64(18.94947033515587), np.float64(20.97522933225798), np.float64(22.968776322996565), np.float64(24.938315668509468), np.float64(26.900184253701113), np.float64(28.79917740391155), np.float64(30.66964737279543), np.float64(32.527322459291796), np.float64(34.3478048406061), np.float64(36.12751731794412), np.float64(37.89433168370651), np.float64(39.58883546328495), np.float64(41.23844399973949), np.float64(42.87009547213513), np.float64(44.48502419698164), np.float64(46.045381702575625), np.float64(47.52601036105889), np.float64(48.978961872901756), np.float64(50.412018748232896), np.float64(51.81398100574622), np.float64(53.14819401101754)]",14867.809315690758,5.916358661237866,-35.121520690619946,179.51516580581665
117,STATE_A_RIPENING,SPONTANEOUS,6.8,20.0,2513,0.25,120.0,300.0,60.0,100.0,0.06167926780740151,0.00477516912057302,-0.004977777560269096,True,0.3267119146325725,51.764693619241626,7.0,12.26955165093096,"[np.float64(-0.0007053197888867242), np.float64(0.0002336057083624829), np.float64(0.0022224252810970455), np.float64(0.004595795261104811), np.float64(0.005657848988121166), np.float64(0.009492955414280316), np.float64(0.014280982734329631), np.float64(0.01935900189093071), np.float64(0.025849580856196708), np.float64(0.033436816088938316), np.float64(0.04125906315898474), np.float64(0.0506967798697688), np.float64(0.059767181803775805), np.float64(0.07092609457267937), np.float64(0.08448940888184213), np.float64(0.09655710997360337), np.float64(0.11037838275334666), np.float64(0.12482581600180824), np.float64(0.13992199275292982), np.float64(0.15729538108030894), np.float64(0.17518560260632923), np.float64(0.19409205709662894), np.float64(0.21309828172110942), np.float64(0.2337484059102202), np.float64(0.25535603659646355), np.float64(0.27826706440159443), np.float64(0.30270272693248307), np.float64(0.3267119146325725)]","[np.float64(2.130184123490278), np.float64(4.258368160431518), np.float64(6.381211334083895), np.float64(8.498225375252652), np.float64(10.617170991141965), np.float64(12.716381111464559), np.float64(14.800719561911366), np.float64(16.872923480507286), np.float64(18.92189368413778), np.float64(20.947006459667723), np.float64(22.95499587788186), np.float64(24.929092935683066), np.float64(26.890696451989992), np.float64(28.807940838326907), np.float64(30.672030878952523), np.float64(32.53630917650314), np.float64(34.35400333777518), np.float64(36.14047020702826), np.float64(37.89483023803017), np.float64(39.58875252604842), np.float64(41.250573880836654), np.float64(42.87140407949183), np.float64(44.46760850525811), np.float64(46.01102101689906), np.float64(47.51387844051992), np.float64(48.969591326080675), np.float64(50.37383719964306), np.float64(51.764693619241626)]",14269.243820638441,5.678171038853339,-38.13102310243994,225.7604786157608
114,STATE_A_RIPENING,SPONTANEOUS,6.8,20.0,2513,0.25,120.0,300.0,60.0,100.0,0.05769996020692399,0.005571030640668524,-0.0049382702671914944,True,0.33892535634064547,53.32392651251255,7.25,13.423367768839347,"[np.float64(-0.0018307408721563831), np.float64(-0.0026585447109516705), np.float64(-0.003988805166559005), np.float64(-0.0032839811000199308), np.float64(-0.0010653912484059759), np.float64(0.00293626008881122), np.float64(0.007367263008113619), np.float64(0.012181578980055096), np.float64(0.017142799093238126), np.float64(0.023690874129463878), np.float64(0.03139236523112107), np.float64(0.04013273206121925), np.float64(0.05213142640773961), np.float64(0.06253000887336069), np.float64(0.07394486579869546), np.float64(0.08703171224586821), np.float64(0.1007169898773886), np.float64(0.11545935553991948), np.float64(0.1300907590840888), np.float64(0.1460099250208788), np.float64(0.16376492106959797), np.float64(0.1823946591550504), np.float64(0.20148035993394925), np.float64(0.22210875149772244), np.float64(0.242969901743813), np.float64(0.2656184255770137), np.float64(0.2892748969817765), np.float64(0.3125015807461661), np.float64(0.33892535634064547)]","[np.float64(2.129610655484769), np.float64(4.2609885434572705), np.float64(6.395749584412793), np.float64(8.524650425461035), np.float64(10.643973408200932), np.float64(12.747261359218264), np.float64(14.839061332490283), np.float64(16.91854764918748), np.float64(18.98689074957081), np.float64(21.028964632837763), np.float64(23.045335521226633), np.float64(25.03451434593768), np.float64(26.965635658590372), np.float64(28.89746456287512), np.float64(30.796585831445533), np.float64(32.65135299207414), np.float64(34.47572380850713), np.float64(36.26168128099874), np.float64(38.02762876605197), np.float64(39.750089669559856), np.float64(41.417985339570095), np.float64(43.04708596482316), np.float64(44.64489485541886), np.float64(46.19113365363976), np.float64(47.71028478767888), np.float64(49.17272316156269), np.float64(50.593334902051915), np.float64(52.00084731887301), np.float64(53.32392651251255)]",14800.680461655858,5.889646025330624,-37.64626633794978,212.62916588783264
115,STATE_A_RIPENING,SPONTANEOUS,6.8,20.0,2513,0.25,120.0,300.0,60.0,100.0,0.05013927576601671,0.00477516912057302,0.016035703155509732,True,0.340698997085325,53.28077113910948,7.25,13.296497998681359,"[np.float64(-0.0006503292243031372), np.float64(1.3113602108653266e-05), np.float64(0.00039130454418911736), np.float64(0.0020656888647917955), np.float64(0.004491495235897929), np.float64(0.007513623400160979), np.float64(0.00969702851278966), np.float64(0.01469313931455433), np.float64(0.02019855733697253), np.float64(0.02657153884111254), np.float64(0.03488273456819873), np.float64(0.04363666234999285), np.float64(0.05364642263008782), np.float64(0.0638719783871985), np.float64(0.07603592228353977), np.float64(0.08992415689006528), np.float64(0.1034620045454688), np.float64(0.11920738679344384), np.float64(0.13580874795625592), np.float64(0.15260639709625798), np.float64(0.16996880397872643), np.float64(0.1889425408844727), np.float64(0.2071268658282855), np.float64(0.2265022647026258), np.float64(0.2482627173343257), np.float64(0.2693922583062411), np.float64(0.29290248490748594), np.float64(0.3160758344260224), np.float64(0.340698997085325)]","[np.float64(2.128038149358098), np.float64(4.254664251346669), np.float64(6.380789928419967), np.float64(8.500609019197332), np.float64(10.612923126356158), np.float64(12.716392753354564), np.float64(14.819742140236697), np.float64(16.895100175471928), np.float64(18.95563349469989), np.float64(20.99633707956202), np.float64(23.00304137481876), np.float64(24.98876130242291), np.float64(26.942261681490827), np.float64(28.874967016801797), np.float64(30.76210287534727), np.float64(32.60318209892941), np.float64(34.427728995900196), np.float64(36.19556559484282), np.float64(37.92618354257025), np.float64(39.63032455262518), np.float64(41.30192559217419), np.float64(42.922043829288015), np.float64(44.53377640932614), np.float64(46.101516392638786), np.float64(47.60199508398085), np.float64(49.092321698994276), np.float64(50.51484505875459), np.float64(51.9225149589949), np.float64(53.28077113910948)]",14645.142713748799,5.827752771089853,-34.88874110020697,205.1896026134491
116,STATE_A_RIPENING,SPONTANEOUS,6.8,20.0,2513,0.25,120.0,300.0,60.0,100.0,0.05013927576601671,0.003581376840429765,-0.005180826676481812,True,0.33038031569082094,53.47698841423941,7.25,13.213512183125294,"[np.float64(-0.0032444231707800175), np.float64(-0.005200047562240179), np.float64(-0.0063749458680179075), np.float64(-0.007376906390290697), np.float64(-0.004393208058311963), np.float64(-0.0007216536870526915), np.float64(0.004636495312728776), np.float64(0.00945409457156377), np.float64(0.014722308395441084), np.float64(0.021370860176553905), np.float64(0.02907547892190883), np.float64(0.03800347868730849), np.float64(0.048578716906889516), np.float64(0.06027032505137599), np.float64(0.06991327550960084), np.float64(0.08212222016714212), np.float64(0.09503883744570592), np.float64(0.10891543612592688), np.float64(0.1241330342781941), np.float64(0.13894571111938106), np.float64(0.15676861545155296), np.float64(0.17611236440570585), np.float64(0.19737421636479738), np.float64(0.21682317632898962), np.float64(0.23679413705747815), np.float64(0.25950986584232544), np.float64(0.2817582505851687), np.float64(0.3067306183202848), np.float64(0.33038031569082094)]","[np.float64(2.1304066641871255), np.float64(4.264999325439628), np.float64(6.40128018816273), np.float64(8.53934682831284), np.float64(10.658176994892587), np.float64(12.76629456973791), np.float64(14.854239220541116), np.float64(16.935715485790823), np.float64(19.003156909367448), np.float64(21.04578442064177), np.float64(23.06353744021179), np.float64(25.0517858533498), np.float64(27.002233103294653), np.float64(28.918554542006117), np.float64(30.8442219785814), np.float64(32.714378514637865), np.float64(34.55341762420199), np.float64(36.35633861707924), np.float64(38.115497683492435), np.float64(39.85981998118243), np.float64(41.52913593944311), np.float64(43.14744879632301), np.float64(44.70640355347632), np.float64(46.2758446334671), np.float64(47.81323721982614), np.float64(49.275315105355304), np.float64(50.724474023401115), np.float64(52.09809541206502), np.float64(53.47698841423941)]",14279.665876698327,5.68231829554251,-35.665398410055786,202.8197009563446
118,STATE_A_RIPENING,SPONTANEOUS,6.8,20.0,2513,0.25,120.0,300.0,60.0,100.0,0.050935137286112216,0.005173099880620772,-0.009997325413824311,True,0.335237063027322,53.27449317778433,7.25,13.077797635820222,"[np.float64(-0.001453699656146156), np.float64(-0.0013902299996214722), np.float64(-0.002064762275374764), np.float64(-0.0014527103611386828), np.float64(0.0008514367320353977), np.float64(0.0037415146729374224), np.float64(0.00807472875974156), np.float64(0.013448843885173013), np.float64(0.020501031246894473), np.float64(0.02710767354187743), np.float64(0.03543169667827817), np.float64(0.04441268328364711), np.float64(0.055522895315638573), np.float64(0.06653885176277705), np.float64(0.07879220230182982), np.float64(0.09263286444688971), np.float64(0.10628491747480197), np.float64(0.11940263568924235), np.float64(0.13391757549907715), np.float64(0.15006408183483275), np.float64(0.16639438010043686), np.float64(0.18327904567139705), np.float64(0.20309572730750564), np.float64(0.22234384009682262), np.float64(0.24232772742550107), np.float64(0.26344744436579376), np.float64(0.28653632425592584), np.float64(0.3108224660680765), np.float64(0.335237063027322)]","[np.float64(2.1243027671857155), np.float64(4.248470515755082), np.float64(6.374859154646697), np.float64(8.497206859502773), np.float64(10.609275180340802), np.float64(12.71278860080459), np.float64(14.799675547938753), np.float64(16.869009759773377), np.float64(18.911949685430233), np.float64(20.94558677824748), np.float64(22.94734661976658), np.float64(24.92560427252766), np.float64(26.860249448267428), np.float64(28.776648612736196), np.float64(30.65652169512209), np.float64(32.49251823701003), np.float64(34.30962283845643), np.float64(36.11435483675609), np.float64(37.87593615670264), np.float64(39.58854076653283), np.float64(41.27595248079922), np.float64(42.93185088153877), np.float64(44.5121182547246), np.float64(46.080275387031904), np.float64(47.61265920127397), np.float64(49.10155834557192), np.float64(50.530460501366015), np.float64(51.91425327536961), np.float64(53.27449317778433)]",14724.91419702666,5.859496298060748,-35.07586012035608,150.84960687160492
119,STATE_A_RIPENING,SPONTANEOUS,6.8,20.0,2513,0.25,120.0,300.0,60.0,100.0,0.05769996020692399,0.0031834460803820135,-0.017262034967091913,True,0.34310312024778383,53.464681520347675,7.25,13.593638222162152,"[np.float64(-0.0014998320504787666), np.float64(-0.003324894579339347), np.float64(-0.00378379675408137), np.float64(-0.003131172733754934), np.float64(-0.0019384305957326588), np.float64(0.0019397865395828003), np.float64(0.007458624734434338), np.float64(0.012790413129192721), np.float64(0.01829118121746186), np.float64(0.026292534794092964), np.float64(0.035008775107534175), np.float64(0.04411823846969488), np.float64(0.05494570808031346), np.float64(0.06592484221624614), np.float64(0.07771079431270338), np.float64(0.08925607987349302), np.float64(0.10195743259626519), np.float64(0.1145019928981861), np.float64(0.12904450763578562), np.float64(0.1460600609292357), np.float64(0.16526612576819033), np.float64(0.18325216033722058), np.float64(0.20385888616189862), np.float64(0.22585728999896149), np.float64(0.249272266596845), np.float64(0.27125071508540205), np.float64(0.29424083148979674), np.float64(0.3187532993086601), np.float64(0.34310312024778383)]","[np.float64(2.1382062474684274), np.float64(4.280326082485308), np.float64(6.421967737096127), np.float64(8.559820327386817), np.float64(10.693380068241632), np.float64(12.807197427301395), np.float64(14.900748880942103), np.float64(16.984542824420654), np.float64(19.05593151781305), np.float64(21.090558493775095), np.float64(23.101720995942028), np.float64(25.091699070344493), np.float64(27.04281908637513), np.float64(28.97266260773594), np.float64(30.871931927795284), np.float64(32.75507902707072), np.float64(34.60112165227657), np.float64(36.42971265380709), np.float64(38.20513468242224), np.float64(39.91627186658865), np.float64(41.565250208475994), np.float64(43.21233090085687), np.float64(44.78821041813475), np.float64(46.314283522096936), np.float64(47.78979026050595), np.float64(49.26986906459048), np.float64(50.70839689425084), np.float64(52.095464779855064), np.float64(53.464681520347675)]",14373.643494970986,5.719714880609226,-35.36347907083109,291.1339285373688
120,STATE_A_RIPENING,SPONTANEOUS,6.8,20.0,2513,0.25,120.0,300.0,60.0,100.0,0.055312375646637484,0.003581376840429765,0.0046284911236078325,True,0.335277441841763,53.35403580471634,7.25,13.260760293706507,"[np.float64(-0.0013695099201441725), np.float64(-0.003066043305868477), np.float64(-0.003721213676100085), np.float64(-0.003385000645983569), np.float64(-0.0018200619262534181), np.float64(0.0022160592392458573), np.float64(0.006047514851102953), np.float64(0.01018966887453812), np.float64(0.01639316770125206), np.float64(0.02384653797008586), np.float64(0.031644080705644985), np.float64(0.041082305448524), np.float64(0.05135724125860495), np.float64(0.06324480476307118), np.float64(0.07529570080125268), np.float64(0.08655670140135067), np.float64(0.1001083349623695), np.float64(0.1139725265147189), np.float64(0.1300924609243461), np.float64(0.1466526155554114), np.float64(0.16242717756668834), np.float64(0.18078347623748686), np.float64(0.20025716908701766), np.float64(0.2212294055143198), np.float64(0.24120417288049104), np.float64(0.26247348303524465), np.float64(0.285918427476596), np.float64(0.31003129815186414), np.float64(0.335277441841763)]","[np.float64(2.1274169894278967), np.float64(4.258452773987043), np.float64(6.38977914060931), np.float64(8.518268317060512), np.float64(10.639485325614668), np.float64(12.741648075457427), np.float64(14.836922485859512), np.float64(16.921683182762308), np.float64(18.978709356306485), np.float64(21.010558697085266), np.float64(23.024105885688893), np.float64(25.003093648430745), np.float64(26.954000446104878), np.float64(28.864659255199168), np.float64(30.75263533401321), np.float64(32.632385238542135), np.float64(34.45769542139277), np.float64(36.25686913884382), np.float64(37.997204494860576), np.float64(39.70718476240754), np.float64(41.4086861608433), np.float64(43.04201369516935), np.float64(44.631934980772755), np.float64(46.17082654124308), np.float64(47.706046726724495), np.float64(49.19457914002893), np.float64(50.61882831832351), np.float64(52.00824867584247), np.float64(53.35403580471634)]",14287.885938379333,5.685589310934872,-35.931386422365904,192.5934225320816
121,STATE_A_RIPENING,SPONTANEOUS,6.8,20.0,2513,0.25,120.0,300.0,60.0,100.0,0.04894548348587346,0.003979307600477517,-0.005941280359501338,True,0.3382909861889503,53.346260559267215,7.25,13.350676331424133,"[np.float64(-0.0009969441207763002), np.float64(-0.0017487790591242372), np.float64(-0.0023585403220512603), np.float64(-0.0030408490989378705), np.float64(-0.0006240883257972049), np.float64(0.0018205746441878536), np.float64(0.00600604130958936), np.float64(0.011562926939934449), np.float64(0.01744600660090053), np.float64(0.025062197896009622), np.float64(0.032933734579758865), np.float64(0.040929088455727), np.float64(0.050944249258775984), np.float64(0.06137166500895013), np.float64(0.0729339191230597), np.float64(0.08676742190197645), np.float64(0.10183715824321493), np.float64(0.11620925025346106), np.float64(0.1326746939560981), np.float64(0.14857882285079685), np.float64(0.16517826311164518), np.float64(0.1832129624191004), np.float64(0.20411795776824074), np.float64(0.22480427152817553), np.float64(0.24624526516055367), np.float64(0.2672718789656724), np.float64(0.28907491744529323), np.float64(0.3126238008882704), np.float64(0.3382909861889503)]","[np.float64(2.129108785625955), np.float64(4.2598208120520304), np.float64(6.391683630629502), np.float64(8.525160611205008), np.float64(10.643557877141461), np.float64(12.756676358089429), np.float64(14.851797052232957), np.float64(16.926797365264193), np.float64(18.987512993014015), np.float64(21.018714512703532), np.float64(23.03232154432775), np.float64(25.029486164057847), np.float64(26.98576745940798), np.float64(28.918485952943634), np.float64(30.816693002606996), np.float64(32.66126019994106), np.float64(34.46445971077757), np.float64(36.25608921540757), np.float64(37.991134478571205), np.float64(39.71283155934548), np.float64(41.40038388004493), np.float64(43.04002171759372), np.float64(44.60407934866659), np.float64(46.148666464935545), np.float64(47.65621083023329), np.float64(49.149568505111475), np.float64(50.60645845162495), np.float64(52.00788040624056), np.float64(53.346260559267215)]",14661.964904149483,5.834446838101664,-36.82474351301789,286.4956715106964
122,STATE_A_RIPENING,SPONTANEOUS,6.8,20.0,2513,0.25,120.0,300.0,60.0,100.0,0.04735376044568245,0.00955033824114604,0.019255173388636894,True,0.3431928380155517,53.3090237699784,7.25,13.397653132125646,"[np.float64(-0.0010264065048933599), np.float64(-0.003110063571821487), np.float64(-0.003373195321497501), np.float64(-0.0014476383660401873), np.float64(0.0012992901778975821), np.float64(0.004230301629348651), np.float64(0.009254816567140762), np.float64(0.015250535635494625), np.float64(0.021177070027987913), np.float64(0.027953810400320484), np.float64(0.036815927800207926), np.float64(0.04725134687468373), np.float64(0.058212104340444895), np.float64(0.07044597805933028), np.float64(0.0816163002540442), np.float64(0.09358392426965419), np.float64(0.10560898188551293), np.float64(0.11987247261112506), np.float64(0.13492352804945787), np.float64(0.15194985691658583), np.float64(0.16897223459700017), np.float64(0.18682660773234677), np.float64(0.2063428917013028), np.float64(0.2287374656381843), np.float64(0.25067487797606103), np.float64(0.27412688563658005), np.float64(0.2968453279618834), np.float64(0.3199326436181634), np.float64(0.3431928380155517)]","[np.float64(2.1315469900985007), np.float64(4.267546923692786), np.float64(6.402165375590047), np.float64(8.527986125156717), np.float64(10.645350507267057), np.float64(12.755764861571834), np.float64(14.844635559464084), np.float64(16.915128006168324), np.float64(18.974218505784325), np.float64(21.01285748302921), np.float64(23.015147912661252), np.float64(24.98202839188231), np.float64(26.923338109033345), np.float64(28.82820313711861), np.float64(30.727452967662504), np.float64(32.596114844356926), np.float64(34.444513699958705), np.float64(36.237659149297066), np.float64(37.99637949129609), np.float64(39.69950789822771), np.float64(41.379869062835496), np.float64(43.02302659732992), np.float64(44.61330183442772), np.float64(46.126829720478604), np.float64(47.625517836348045), np.float64(49.07258357493586), np.float64(50.51165387512303), np.float64(51.92231670318682), np.float64(53.3090237699784)]",14635.877978200191,5.824066047831353,-37.43220226978883,180.96297454833984
123,STATE_A_RIPENING,SPONTANEOUS,6.8,20.0,2513,0.25,120.0,300.0,60.0,100.0,0.04178272980501393,0.00716275368085953,0.0030684636489127343,True,0.33750403455752404,53.31927136646574,7.25,13.08363478927616,"[np.float64(-0.0006473962465534105), np.float64(-0.0023089868877228205), np.float64(-0.0011470090664340428), np.float64(-0.00032139829525461587), np.float64(0.0033639266391955335), np.float64(0.00810678707130975), np.float64(0.012398370435392507), np.float64(0.016613691816418665), np.float64(0.02220049047963735), np.float64(0.02923544046080652), np.float64(0.03811214827286064), np.float64(0.047033404080087896), np.float64(0.058112441888917926), np.float64(0.06863793526636154), np.float64(0.07990603501304548), np.float64(0.09259968540491162), np.float64(0.10584290831901305), np.float64(0.11951542860463812), np.float64(0.1352249118871092), np.float64(0.15070197693770576), np.float64(0.16899665796092683), np.float64(0.18689895147869176), np.float64(0.20617910771758763), np.float64(0.22632816771944347), np.float64(0.24785880395969476), np.float64(0.2694065152350752), np.float64(0.2920177264845795), np.float64(0.3149390324928621), np.float64(0.33750403455752404)]","[np.float64(2.127033765976141), np.float64(4.257608497096648), np.float64(6.382696968904698), np.float64(8.506747687624415), np.float64(10.6138885053356), np.float64(12.706669657649277), np.float64(14.792993952287162), np.float64(16.871192010573576), np.float64(18.92815245777244), np.float64(20.959281581442507), np.float64(22.956427670718643), np.float64(24.936456268728964), np.float64(26.872693587127934), np.float64(28.796950546922364), np.float64(30.69248366348344), np.float64(32.54791742436512), np.float64(34.37446607705474), np.float64(36.17355751897053), np.float64(37.91808562205444), np.float64(39.64444336688128), np.float64(41.2996544868925), np.float64(42.938766679859654), np.float64(44.53030744057614), np.float64(46.083095962627944), np.float64(47.58729767673788), np.float64(49.06894774383218), np.float64(50.5083622332203), np.float64(51.9205137580377), np.float64(53.31927136646574)]",14602.477869177723,5.810775117062365,-36.77961668977514,147.59476947784424
124,STATE_A_RIPENING,SPONTANEOUS,6.8,20.0,2513,0.25,120.0,300.0,60.0,100.0,0.045762037405491444,0.005571030640668524,-0.0007327571311717247,True,0.34643141567168745,53.34113818873232,7.25,13.625544572695953,"[np.float64(-0.0018828141561446465), np.float64(-0.0026994118361288667), np.float64(-0.0025759602545164153), np.float64(-0.0009606247843762114), np.float64(0.0015267224240460453), np.float64(0.005214226528347705), np.float64(0.009472563338328197), np.float64(0.013753312685404013), np.float64(0.02011611722860053), np.float64(0.0268107493481565), np.float64(0.035188811332166656), np.float64(0.04444510522674768), np.float64(0.0533820451480307), np.float64(0.0640443952417106), np.float64(0.07602997833269244), np.float64(0.08993115184440653), np.float64(0.10443555319077834), np.float64(0.12045852312419876), np.float64(0.13662615199668157), np.float64(0.1524226599351815), np.float64(0.16976135051375965), np.float64(0.18956944393035574), np.float64(0.20991506690015252), np.float64(0.23012764563066734), np.float64(0.25108098147799324), np.float64(0.2742858861804656), np.float64(0.29657165407584374), np.float64(0.320631702395719), np.float64(0.34643141567168745)]","[np.float64(2.136316682500931), np.float64(4.274382240224173), np.float64(6.411176566528617), np.float64(8.541321853688368), np.float64(10.663386045772155), np.float64(12.772571302835507), np.float64(14.869870243201893), np.float64(16.958219115175556), np.float64(19.018405522617165), np.float64(21.062561940187965), np.float64(23.074871921015394), np.float64(25.060794496925926), np.float64(27.033781242821533), np.float64(28.967069417044986), np.float64(30.862810495910036), np.float64(32.70972165727743), np.float64(34.52511474725317), np.float64(36.29368047713608), np.float64(38.036555157066125), np.float64(39.76312420063063), np.float64(41.440697772473776), np.float64(43.05109274497345), np.float64(44.62793503127379), np.float64(46.184107026402), np.float64(47.70387916218889), np.float64(49.158238253918405), np.float64(50.60831775927327), np.float64(52.00242193499726), np.float64(53.34113818873232)]",14412.809341495156,5.735300175684503,-36.36456903535873,133.12761878967285
125,STATE_A_RIPENING,SPONTANEOUS,6.8,20.0,2513,0.25,120.0,300.0,60.0,100.0,0.04894548348587346,0.00477516912057302,0.004557479234170301,True,0.33965461289568893,53.26002112851083,7.25,13.424676466884854,"[np.float64(-0.0018682894136309812), np.float64(-0.0028455419437254407), np.float64(-0.0030961806747259817), np.float64(-0.001736954574780591), np.float64(3.280234728855621e-05), np.float64(0.003435555739722102), np.float64(0.006857891756218938), np.float64(0.011907288979891373), np.float64(0.019083964301759505), np.float64(0.025512405893818615), np.float64(0.03327595314723102), np.float64(0.04126673629230275), np.float64(0.05152334402627409), np.float64(0.061645245203768725), np.float64(0.07258312004765737), np.float64(0.08530157184109426), np.float64(0.09867365991820273), np.float64(0.11333105048853248), np.float64(0.1285074203842232), np.float64(0.14572587082721208), np.float64(0.16255304128690998), np.float64(0.18244383562051442), np.float64(0.20238594527827436), np.float64(0.22358757983504352), np.float64(0.24607302680265403), np.float64(0.2686026740815426), np.float64(0.29147776883965715), np.float64(0.3164872127806308), np.float64(0.33965461289568893)]","[np.float64(2.1276776507835904), np.float64(4.257440002844387), np.float64(6.3869627489322545), np.float64(8.510150735884475), np.float64(10.628271499134655), np.float64(12.732282496253852), np.float64(14.829062964995138), np.float64(16.90516380541394), np.float64(18.951224829445174), np.float64(20.990814908839695), np.float64(23.00298956231639), np.float64(24.99769742575965), np.float64(26.948441351203822), np.float64(28.882719636469766), np.float64(30.78757894943503), np.float64(32.64709365317174), np.float64(34.47579768411428), np.float64(36.26269713102197), np.float64(38.01904029027955), np.float64(39.7181849896934), np.float64(41.4011747998289), np.float64(43.00630974012486), np.float64(44.5867327308042), np.float64(46.12044299716122), np.float64(47.60669357799296), np.float64(49.069348872447094), np.float64(50.50333469730564), np.float64(51.87396769156372), np.float64(53.26002112851083)]",14424.994778242652,5.740149135790948,-34.88007237156853,203.0417239665985
126,STATE_A_RIPENING,SPONTANEOUS,6.8,20.0,2513,0.25,120.0,300.0,60.0,100.0,0.05212892956625547,0.005571030640668524,0.0013233831692951502,True,0.3410883415180308,53.3047409821946,7.25,13.362580885181611,"[np.float64(-0.002053430185033377), np.float64(-0.0019885542513254214), np.float64(-0.0009678114234367397), np.float64(-0.000550782091657243), np.float64(0.0011870879519063366), np.float64(0.0044485959902459), np.float64(0.008164891495753281), np.float64(0.013581850313160372), np.float64(0.01888716893149629), np.float64(0.025853514217854458), np.float64(0.033940064661559015), np.float64(0.04207645569604423), np.float64(0.05361183205290613), np.float64(0.06464376474212756), np.float64(0.0768054923397386), np.float64(0.0907244939837554), np.float64(0.1046672497898125), np.float64(0.11916023449357978), np.float64(0.13411189012307184), np.float64(0.15150453136835634), np.float64(0.16888043805384112), np.float64(0.1879459021468475), np.float64(0.20762397593453505), np.float64(0.2269881428816722), np.float64(0.24842818441580974), np.float64(0.27139538102700744), np.float64(0.2939071043042784), np.float64(0.3175628236731603), np.float64(0.3410883415180308)]","[np.float64(2.1308009814395192), np.float64(4.261463447483828), np.float64(6.388928782540986), np.float64(8.516794298626774), np.float64(10.636749152503134), np.float64(12.743359215652657), np.float64(14.839825300685286), np.float64(16.91441988586961), np.float64(18.97911668567064), np.float64(21.0161837887105), np.float64(23.02722136807479), np.float64(25.022343818515505), np.float64(26.958738480579935), np.float64(28.881677299850057), np.float64(30.769409452131114), np.float64(32.61061450871552), np.float64(34.429420671134025), np.float64(36.21786977230535), np.float64(37.97713357790571), np.float64(39.67287765803618), np.float64(41.34574125850299), np.float64(42.965600099511114), np.float64(44.55110759627324), np.float64(46.11981874106532), np.float64(47.62716811089073), np.float64(49.08282674036662), np.float64(50.525282269886546), np.float64(51.924090502085626), np.float64(53.3047409821946)]",14900.14907821599,5.929227647519296,-37.91307113412768,191.61564254760742
127,STATE_A_RIPENING,SPONTANEOUS,6.8,20.0,2513,0.25,120.0,300.0,60.0,100.0,0.046159968165539196,0.003581376840429765,-0.010019526563456413,True,0.34338924286193634,53.293317758290144,7.25,13.27891953915293,"[np.float64(-0.002088968623590757), np.float64(-0.0029095015638609376), np.float64(-0.0031070791952757413), np.float64(-0.0013416507459018169), np.float64(0.0020097264259720036), np.float64(0.005800287242557509), np.float64(0.010274287592653957), np.float64(0.015951373201941843), np.float64(0.022443705695555254), np.float64(0.030168343333254972), np.float64(0.039475975125959635), np.float64(0.04775321109573739), np.float64(0.05802572559452078), np.float64(0.07032843246716909), np.float64(0.0818467532724829), np.float64(0.09536972862359426), np.float64(0.10974464964159202), np.float64(0.12632076881288595), np.float64(0.14167173043979364), np.float64(0.1578939289756246), np.float64(0.17533823567944962), np.float64(0.19402501133761518), np.float64(0.213234934166714), np.float64(0.23310795360651973), np.float64(0.25408435974425736), np.float64(0.27478741132537965), np.float64(0.29710651383803244), np.float64(0.31951379570134836), np.float64(0.34338924286193634)]","[np.float64(2.132209045652543), np.float64(4.266172383388541), np.float64(6.399892689181434), np.float64(8.52564442808736), np.float64(10.639218519152514), np.float64(12.742981891887153), np.float64(14.833856837157146), np.float64(16.90554668565509), np.float64(18.958261082286892), np.float64(20.985609787803117), np.float64(22.9805887201423), np.float64(24.97051152462753), np.float64(26.91974438529005), np.float64(28.82339927126536), np.float64(30.717373558156584), np.float64(32.56231764659921), np.float64(34.37265544615853), np.float64(36.125773290313745), np.float64(37.87552579408089), np.float64(39.588705441597035), np.float64(41.258511492531895), np.float64(42.88364202203067), np.float64(44.47654832561276), np.float64(46.03481322597209), np.float64(47.5501976081682), np.float64(49.04900007254199), np.float64(50.49537912161691), np.float64(51.919052356976145), np.float64(53.293317758290144)]",14369.826677493335,5.718196051529381,-34.79988472862169,120.72965431213379
128,STATE_A_RIPENING,SPONTANEOUS,6.8,20.0,2513,0.25,120.0,300.0,60.0,100.0,0.05013927576601671,0.003979307600477517,-0.013690194130800982,True,0.3293254573869389,51.671761155574586,7.0,12.467278463020119,"[np.float64(-0.0021006323848349307), np.float64(-0.0031673343024556854), np.float64(-0.0013205751284323226), np.float64(5.0055939809802405e-06), np.float64(0.0033640800099483804), np.float64(0.007042993191955456), np.float64(0.011716218961856362), np.float64(0.016262108624043693), np.float64(0.022256919315944805), np.float64(0.028518793788975608), np.float64(0.0371683341219021), np.float64(0.04727835878893773), np.float64(0.058351811749081446), np.float64(0.06939821505725817), np.float64(0.08154181585707121), np.float64(0.09588755302867466), np.float64(0.11026388648684946), np.float64(0.12559172030144788), np.float64(0.14151664927612032), np.float64(0.15771709278310186), np.float64(0.17539150907998755), np.float64(0.19571338616007716), np.float64(0.2159948430487559), np.float64(0.2354357104657139), np.float64(0.25639647504006563), np.float64(0.27904947990204554), np.float64(0.3036609506871782), np.float64(0.3293254573869389)]","[np.float64(2.129940737298928), np.float64(4.262160096132885), np.float64(6.3873262153038555), np.float64(8.510788499174804), np.float64(10.620662869162015), np.float64(12.72149460262553), np.float64(14.807426224843468), np.float64(16.88488138331382), np.float64(18.939712126848125), np.float64(20.979965888978782), np.float64(22.98153083872631), np.float64(24.949455678553228), np.float64(26.886806223031204), np.float64(28.80508770515946), np.float64(30.688841562206672), np.float64(32.51980098783021), np.float64(34.32785824664003), np.float64(36.09881567345608), np.float64(37.83758151059847), np.float64(39.54937881794633), np.float64(41.21344456976944), np.float64(42.807516116092295), np.float64(44.37852495226072), np.float64(45.942228774580734), np.float64(47.45560862918964), np.float64(48.91483229791692), np.float64(50.31440361518995), np.float64(51.671761155574586)]",14147.321769979771,5.629654504568154,-37.16099642403424,189.4396835565567
129,STATE_A_RIPENING,SPONTANEOUS,6.8,20.0,2513,0.25,120.0,300.0,60.0,100.0,0.04456824512534819,0.005968961400716275,0.010615859519086961,True,0.33852733579944966,53.478225451881286,7.25,13.310460578640917,"[np.float64(-0.0013793277939759992), np.float64(-0.0025443830558076015), np.float64(-0.002208947908418236), np.float64(0.00022622661180251268), np.float64(0.0025199598529769083), np.float64(0.005414757736571408), np.float64(0.010207320431756872), np.float64(0.016652287133017175), np.float64(0.022059888096165183), np.float64(0.02896253053436034), np.float64(0.03792296349620808), np.float64(0.04573622093835195), np.float64(0.05389888410354869), np.float64(0.06296629435806539), np.float64(0.07459531435750293), np.float64(0.08824470711115619), np.float64(0.10245321182596695), np.float64(0.11578285291476094), np.float64(0.13132208541967508), np.float64(0.14807614728814955), np.float64(0.16689343629751), np.float64(0.18516417262001908), np.float64(0.2034622081128062), np.float64(0.2230956330804572), np.float64(0.24490440909655725), np.float64(0.26630708899393757), np.float64(0.28791959859286853), np.float64(0.3133296962308074), np.float64(0.33852733579944966)]","[np.float64(2.1349727505281755), np.float64(4.272438479482787), np.float64(6.407580404619139), np.float64(8.533034170139356), np.float64(10.654083658834828), np.float64(12.766481931760655), np.float64(14.858856781016078), np.float64(16.927638597651864), np.float64(18.993147880514442), np.float64(21.032593691658175), np.float64(23.035770187353872), np.float64(25.035875487078105), np.float64(27.01696077957941), np.float64(28.970827563992504), np.float64(30.871760767765522), np.float64(32.72271374672477), np.float64(34.543111163243786), np.float64(36.35593145650886), np.float64(38.111240109292616), np.float64(39.82330142523304), np.float64(41.475946785603696), np.float64(43.114766262155975), np.float64(44.73054811786251), np.float64(46.299216985546174), np.float64(47.804041910240926), np.float64(49.29427019672968), np.float64(50.75887646151035), np.float64(52.12712365904269), np.float64(53.478225451881286)]",14384.859430022185,5.724178046168796,-39.41421598568559,134.3108412027359
130,STATE_A_RIPENING,SPONTANEOUS,6.8,20.0,2513,0.25,120.0,300.0,60.0,100.0,0.043772383605252686,0.007958615200955034,-0.0034694010550899244,True,0.33786745010070585,53.34513806764377,7.25,13.184104835528832,"[np.float64(-0.0011306391834206492), np.float64(-0.001538793332597921), np.float64(-0.0012934797871749309), np.float64(-0.0002041247635030136), np.float64(0.0009287608787917236), np.float64(0.004080088273677382), np.float64(0.007898630076800119), np.float64(0.012774620619408872), np.float64(0.019666356408807893), np.float64(0.028026710425165576), np.float64(0.036027983656510956), np.float64(0.0457839660475433), np.float64(0.05602411056785221), np.float64(0.06796012426446996), np.float64(0.08062032601947104), np.float64(0.09302477809358589), np.float64(0.10673118873877535), np.float64(0.1204372891466766), np.float64(0.13445339207145504), np.float64(0.14961023514114707), np.float64(0.16576478273264295), np.float64(0.18378200300120295), np.float64(0.204314513574145), np.float64(0.2245053071609509), np.float64(0.24626082075747524), np.float64(0.2683829896793651), np.float64(0.2922392132981679), np.float64(0.3151662924372905), np.float64(0.33786745010070585)]","[np.float64(2.128869517408871), np.float64(4.258609191955843), np.float64(6.387129204080604), np.float64(8.511531493077568), np.float64(10.633391633886507), np.float64(12.740030344796946), np.float64(14.835186211932596), np.float64(16.913635676292802), np.float64(18.963428293149377), np.float64(20.9846239063534), np.float64(22.993777867827564), np.float64(24.966843902980095), np.float64(26.915956935592458), np.float64(28.82397725995781), np.float64(30.70139310004903), np.float64(32.56179730115755), np.float64(34.38200794312937), np.float64(36.18112924660257), np.float64(37.954533804813124), np.float64(39.687895838258484), np.float64(41.38254714410928), np.float64(43.02196114216209), np.float64(44.59244294618311), np.float64(46.146024811778766), np.float64(47.64736925516764), np.float64(49.1192280468921), np.float64(50.535398620064285), np.float64(51.94826963441981), np.float64(53.34513806764377)]",14496.016820993362,5.768410991242882,-35.86885746475309,113.02193808555603
131,STATE_A_RIPENING,SPONTANEOUS,6.8,20.0,2513,0.25,120.0,300.0,60.0,100.0,0.053322721846398725,0.00915240748109829,-0.005005029731074773,True,0.34042618148461423,53.41675963185242,7.25,13.457808851502302,"[np.float64(-0.001591836383867582), np.float64(-0.002807249442539533), np.float64(-0.0019178081949799486), np.float64(0.00046489999210207953), np.float64(0.0031249903195539786), np.float64(0.005739939582677829), np.float64(0.010262093419587946), np.float64(0.015298570576677733), np.float64(0.019794406690426102), np.float64(0.025738594416053258), np.float64(0.03249368924525973), np.float64(0.04220710575349276), np.float64(0.0501526792973146), np.float64(0.06085461143405131), np.float64(0.07139591496739346), np.float64(0.08455395054747275), np.float64(0.09992391693382949), np.float64(0.1151293512499903), np.float64(0.12989148675557088), np.float64(0.14710623842342455), np.float64(0.1651183425190203), np.float64(0.18395828930577693), np.float64(0.20285781904925237), np.float64(0.2239553617955086), np.float64(0.2460394299883507), np.float64(0.268972357328589), np.float64(0.29256700050506795), np.float64(0.31583839171931866), np.float64(0.34042618148461423)]","[np.float64(2.1342580623699074), np.float64(4.271116640220537), np.float64(6.403819668899782), np.float64(8.528252602074907), np.float64(10.64617183851142), np.float64(12.758787207210423), np.float64(14.851899557619541), np.float64(16.93144764422269), np.float64(19.005845258612325), np.float64(21.056328339432863), np.float64(23.08606821708603), np.float64(25.0671652203584), np.float64(27.053167553950264), np.float64(28.986854715025544), np.float64(30.904182398170065), np.float64(32.76388513813259), np.float64(34.56754930865319), np.float64(36.35054059915338), np.float64(38.118537104335395), np.float64(39.822559262697624), np.float64(41.48921973941479), np.float64(43.11768862786653), np.float64(44.7220477116644), np.float64(46.26253690115156), np.float64(47.7611866304191), np.float64(49.22075368660895), np.float64(50.64519230159312), np.float64(52.054436198100504), np.float64(53.41675963185242)]",14567.795883566156,5.796974088167989,-35.62626065593213,243.86723792552948
132,STATE_A_RIPENING,SPONTANEOUS,6.8,20.0,2513,0.25,120.0,300.0,60.0,100.0,0.05173099880620772,0.00477516912057302,-0.014436851719117075,True,0.33779478242822253,53.30702507714134,7.25,13.237190706635154,"[np.float64(-0.002237580524393349), np.float64(-0.004542196712360617), np.float64(-0.005196481450183493), np.float64(-0.0034511549608103125), np.float64(-0.001674310942343891), np.float64(0.000765881510255085), np.float64(0.00457313061152951), np.float64(0.009110256175480079), np.float64(0.015268564563532736), np.float64(0.024261089398071235), np.float64(0.033672393611010626), np.float64(0.04274075735060941), np.float64(0.05392422941936791), np.float64(0.06534209491562856), np.float64(0.07855589145956801), np.float64(0.09225852754922013), np.float64(0.10658711951838949), np.float64(0.12230407736954248), np.float64(0.13783155468599126), np.float64(0.15263624680143756), np.float64(0.16878311508576616), np.float64(0.18665502730082725), np.float64(0.20666843071723984), np.float64(0.226448036862987), np.float64(0.24588616843173905), np.float64(0.26748928409087863), np.float64(0.2907494781447253), np.float64(0.31459183946712466), np.float64(0.33779478242822253)]","[np.float64(2.1284704553517453), np.float64(4.261865751941354), np.float64(6.394900562101814), np.float64(8.519064249599111), np.float64(10.639349569740993), np.float64(12.751644668654203), np.float64(14.84870087279817), np.float64(16.931751047646287), np.float64(18.99036172143132), np.float64(21.00757197015597), np.float64(23.002891116253462), np.float64(24.98470746959412), np.float64(26.922777077969418), np.float64(28.837970235207635), np.float64(30.707971490213378), np.float64(32.549060535199374), np.float64(34.358746671149085), np.float64(36.12421614248375), np.float64(37.87004416049654), np.float64(39.60637149774006), np.float64(41.298428652814266), np.float64(42.93798268001451), np.float64(44.51588974011353), np.float64(46.075267247339646), np.float64(47.619192199109555), np.float64(49.100102326669685), np.float64(50.52705460762983), np.float64(51.92108540088496), np.float64(53.30702507714134)]",14420.977013370033,5.738550343561493,-35.1376563468948,198.79417443275452
133,STATE_A_RIPENING,SPONTANEOUS,6.8,20.0,2513,0.25,120.0,300.0,60.0,100.0,0.04735376044568245,0.00915240748109829,0.026933821737525544,True,0.33864537913019055,53.40694706777477,7.25,13.276733554217616,"[np.float64(-0.0010654252546257478), np.float64(-0.003172698957056773), np.float64(-0.0028200791602986165), np.float64(-0.0008038861278004458), np.float64(0.0016144272750843772), np.float64(0.005787518103826157), np.float64(0.010591107325365513), np.float64(0.015590288236733595), np.float64(0.02144440414981829), np.float64(0.029592030229975964), np.float64(0.03686984812830904), np.float64(0.04579882829605554), np.float64(0.055470703254389825), np.float64(0.06645326505975227), np.float64(0.07781268546844006), np.float64(0.09018670555321287), np.float64(0.10348396199803427), np.float64(0.11757971238431195), np.float64(0.13149611638965805), np.float64(0.14777399864950105), np.float64(0.16623520429607633), np.float64(0.1846764001635805), np.float64(0.2034860017505221), np.float64(0.2236475683117657), np.float64(0.244657853953942), np.float64(0.26653964278059256), np.float64(0.289739817916317), np.float64(0.31466474118120974), np.float64(0.33864537913019055)]","[np.float64(2.131886129731016), np.float64(4.26827664636219), np.float64(6.401282867985432), np.float64(8.526428405440583), np.float64(10.645161268075775), np.float64(12.747665413862176), np.float64(14.836888412295702), np.float64(16.91465888768157), np.float64(18.974383288399977), np.float64(20.999064159102005), np.float64(23.017761668231476), np.float64(25.002860461751656), np.float64(26.96204239950286), np.float64(28.886149068726404), np.float64(30.785920264243234), np.float64(32.65141962600352), np.float64(34.48247540911496), np.float64(36.2798745754545), np.float64(38.05919460506004), np.float64(39.777211189954315), np.float64(41.43417994109484), np.float64(43.068062921050306), np.float64(44.672457155028944), np.float64(46.22911638772196), np.float64(47.7471598244019), np.float64(49.22621913039039), np.float64(50.65767305623756), np.float64(52.03350128634335), np.float64(53.40694706777477)]",14304.115665473113,5.692047618572667,-37.087755216285586,169.18066537380219
134,STATE_A_RIPENING,SPONTANEOUS,6.8,20.0,2513,0.25,120.0,300.0,60.0,100.0,0.050537206526064464,0.005968961400716275,0.011652734855149137,True,0.34295557485805844,53.32465493521123,7.25,13.49080827690695,"[np.float64(-0.0031019107295475177), np.float64(-0.0026090499139982365), np.float64(-0.0025913140841913136), np.float64(-0.0009319980501527408), np.float64(0.0010730940404636334), np.float64(0.004475584788797701), np.float64(0.00700632576343569), np.float64(0.012826242548006022), np.float64(0.019914981873893085), np.float64(0.02632967618522856), np.float64(0.034438437900849654), np.float64(0.0437623576080216), np.float64(0.0537280762297483), np.float64(0.06428720925713731), np.float64(0.07716258812148183), np.float64(0.08964432299341298), np.float64(0.10403411065850335), np.float64(0.11868462942838055), np.float64(0.1350185958915294), np.float64(0.15040006112928744), np.float64(0.16750449300432363), np.float64(0.18576998819250584), np.float64(0.2070970791742408), np.float64(0.2270264374971092), np.float64(0.24852721928195798), np.float64(0.2704947881970606), np.float64(0.29461198093541846), np.float64(0.31869815408730223), np.float64(0.34295557485805844)]","[np.float64(2.1342018758928893), np.float64(4.267349005445989), np.float64(6.400966596709406), np.float64(8.527531760552069), np.float64(10.648734251258539), np.float64(12.756820273697796), np.float64(14.864243795150037), np.float64(16.9388293734588), np.float64(18.98984425429186), np.float64(21.033785260230584), np.float64(23.04630150963865), np.float64(25.028873883834315), np.float64(26.98608944488191), np.float64(28.917416711331136), np.float64(30.797219444118014), np.float64(32.661677138851736), np.float64(34.47613356955155), np.float64(36.26432086746974), np.float64(38.00257209318638), np.float64(39.734378706617065), np.float64(41.41435420238484), np.float64(43.051008824865285), np.float64(44.6084995515921), np.float64(46.16843579654234), np.float64(47.6762271556257), np.float64(49.152745742220944), np.float64(50.56556128413589), np.float64(51.95725654341002), np.float64(53.32465493521123)]",14452.151168826527,5.750955498936143,-34.77193214558065,251.69355821609497
135,STATE_A_RIPENING,SPONTANEOUS,6.8,20.0,2513,0.25,120.0,300.0,60.0,100.0,0.0600875447672105,0.003979307600477517,-0.00879703663891716,True,0.34268051822693896,53.32329162160974,7.25,13.561206429514701,"[np.float64(-0.002318761853399218), np.float64(-0.0014782689468428342), np.float64(-0.0016749857816357474), np.float64(-0.0015258893014286402), np.float64(0.0001462000111244906), np.float64(0.0029894022875860604), np.float64(0.0073314471843682425), np.float64(0.012188412953474321), np.float64(0.01811137870868848), np.float64(0.02570066184868774), np.float64(0.03497562691415386), np.float64(0.04379002790896088), np.float64(0.05286673241210109), np.float64(0.06301725290051), np.float64(0.07397821441853389), np.float64(0.086801063874405), np.float64(0.10161024072774551), np.float64(0.11603886551901223), np.float64(0.1316874669422216), np.float64(0.14720293744010354), np.float64(0.16395373968211682), np.float64(0.18278535128413034), np.float64(0.20283050107329045), np.float64(0.2248233367260811), np.float64(0.24548450324807336), np.float64(0.2686008428616642), np.float64(0.2920640052515531), np.float64(0.3171671408582871), np.float64(0.34268051822693896)]","[np.float64(2.133091050616526), np.float64(4.264386221106578), np.float64(6.397209513635205), np.float64(8.528975821710475), np.float64(10.652304096273971), np.float64(12.764634225849802), np.float64(14.859942884755265), np.float64(16.941997078363254), np.float64(19.004224843766064), np.float64(21.0375411437324), np.float64(23.03737119935952), np.float64(25.025339075252557), np.float64(26.993670778098437), np.float64(28.930982012889523), np.float64(30.838895786845182), np.float64(32.70018814493583), np.float64(34.509624626022855), np.float64(36.302634391459094), np.float64(38.05359082300781), np.float64(39.78461564221874), np.float64(41.472167217787145), np.float64(43.099775545705654), np.float64(44.68182631799038), np.float64(46.204025164277425), np.float64(47.72831922613542), np.float64(49.183128044621135), np.float64(50.608917308288234), np.float64(51.9807909603231), np.float64(53.32329162160974)]",14462.532326695904,5.75508648097728,-39.592649343423545,298.194189786911
136,STATE_A_RIPENING,SPONTANEOUS,6.8,20.0,2513,0.25,120.0,300.0,60.0,100.0,0.0469558296856347,0.005173099880620772,-0.004540297720725432,True,0.33591409493022656,53.459206371437894,7.25,13.202739069915438,"[np.float64(-0.002005856539303036), np.float64(-0.003492006502248457), np.float64(-0.0038428031149315934), np.float64(-0.002478255017046815), np.float64(-0.00031683584246158824), np.float64(0.0036691896581180984), np.float64(0.009122998774514144), np.float64(0.013944945073656049), np.float64(0.021162015388963576), np.float64(0.02931063978676607), np.float64(0.035815208099228356), np.float64(0.04464601877813794), np.float64(0.05417854384622587), np.float64(0.06299120208270827), np.float64(0.07481890573765695), np.float64(0.08760239546750259), np.float64(0.10186345728994754), np.float64(0.11684077625205988), np.float64(0.13137604295211797), np.float64(0.1468508975470008), np.float64(0.1644554589446885), np.float64(0.18279679936995313), np.float64(0.20212136603842618), np.float64(0.22383601133438147), np.float64(0.24411785981974515), np.float64(0.26679087931170586), np.float64(0.29017727904310825), np.float64(0.3134686700231484), np.float64(0.33591409493022656)]","[np.float64(2.132798265604032), np.float64(4.268776111493331), np.float64(6.404291504668102), np.float64(8.53321289086138), np.float64(10.654978814311463), np.float64(12.760559867092109), np.float64(14.84703605413222), np.float64(16.927646264607716), np.float64(18.976187321753997), np.float64(21.00102753042627), np.float64(23.028482420009322), np.float64(25.015572389676343), np.float64(26.97739688837741), np.float64(28.9319013702018), np.float64(30.82743465481635), np.float64(32.688777583979736), np.float64(34.50633279665633), np.float64(36.290307610101145), np.float64(38.059570858882296), np.float64(39.79149823054291), np.float64(41.46404139477776), np.float64(43.10040843907389), np.float64(44.69587596797258), np.float64(46.22356132058656), np.float64(47.7554587804492), np.float64(49.21921233282526), np.float64(50.64689726566242), np.float64(52.05493967976178), np.float64(53.459206371437894)]",14089.441287805346,5.606622080304555,-36.1405350449495,97.33905029296875
137,STATE_A_RIPENING,SPONTANEOUS,6.8,20.0,2513,0.25,120.0,300.0,60.0,100.0,0.03899721448467967,0.005571030640668524,0.00659599357408813,True,0.3393866202352522,53.39327170592835,7.25,13.361099592805934,"[np.float64(-0.0010202903389182737), np.float64(-0.0014939766132585131), np.float64(-0.0012772936505882314), np.float64(0.0005674980007656062), np.float64(0.002622185100308727), np.float64(0.005725248988458835), np.float64(0.008546971527492297), np.float64(0.012006157994519697), np.float64(0.01699161398344799), np.float64(0.023541075175755377), np.float64(0.031612678717962625), np.float64(0.04016175339748016), np.float64(0.051498484773114236), np.float64(0.06299202348096719), np.float64(0.07464588745951961), np.float64(0.08791209059423434), np.float64(0.10240325348947253), np.float64(0.11679778251778894), np.float64(0.1334570727257289), np.float64(0.15072378372731798), np.float64(0.16807093705216253), np.float64(0.1865685082428797), np.float64(0.2044893806498704), np.float64(0.22390351104952705), np.float64(0.24517465696868357), np.float64(0.26893297637077834), np.float64(0.29165622708254113), np.float64(0.31536897162540367), np.float64(0.3393866202352522)]","[np.float64(2.131882084157502), np.float64(4.264775402619429), np.float64(6.396469101760907), np.float64(8.520759534958938), np.float64(10.640030254840397), np.float64(12.74832384429646), np.float64(14.852223937476175), np.float64(16.944935613713834), np.float64(19.01627009076239), np.float64(21.06147949919474), np.float64(23.076814719907883), np.float64(25.071038235192947), np.float64(27.013480291066138), np.float64(28.93373812514654), np.float64(30.831885331125328), np.float64(32.686212103027586), np.float64(34.500087123101856), np.float64(36.29332411678552), np.float64(38.02704478001523), np.float64(39.727017760059596), np.float64(41.40246504111724), np.float64(43.034601468351475), np.float64(44.65477052014105), np.float64(46.22523896377029), np.float64(47.73823805026808), np.float64(49.18079215724589), np.float64(50.621126637850985), np.float64(52.020646882378806), np.float64(53.39327170592835)]",14368.068801591122,5.717496538635544,-34.12624296080321,125.420490026474
138,STATE_A_RIPENING,SPONTANEOUS,6.8,20.0,2513,0.25,120.0,300.0,60.0,100.0,0.0477516912057302,0.005571030640668524,-0.00041591103955034004,True,0.33595323630467444,53.38377389452674,7.25,13.038318866545852,"[np.float64(-0.0024388442581139663), np.float64(-0.002373398206448119), np.float64(-0.001441104514865792), np.float64(0.0006128103842421529), np.float64(0.0029884661886353733), np.float64(0.006800501523723615), np.float64(0.012315949262575503), np.float64(0.016274370719622105), np.float64(0.02225131289678109), np.float64(0.028829534115111747), np.float64(0.03874483140919844), np.float64(0.04849455700287487), np.float64(0.05785967194750638), np.float64(0.06795581210018166), np.float64(0.07874466511749559), np.float64(0.09157000090708341), np.float64(0.10542802542565213), np.float64(0.11928285746323582), np.float64(0.1362124607499873), np.float64(0.15365928084874153), np.float64(0.1706631144799828), np.float64(0.18774214889879845), np.float64(0.20604796700418632), np.float64(0.22572255250726336), np.float64(0.24485420126445012), np.float64(0.26515122674537256), np.float64(0.2883663662202647), np.float64(0.31199641297047165), np.float64(0.33595323630467444)]","[np.float64(2.130282196491252), np.float64(4.260424640448797), np.float64(6.38765298955035), np.float64(8.508125055377963), np.float64(10.622553756858805), np.float64(12.722909601875614), np.float64(14.802903331684421), np.float64(16.88462435601967), np.float64(18.939590016070646), np.float64(20.976604563801022), np.float64(22.963873717061624), np.float64(24.934752315591588), np.float64(26.892812531468717), np.float64(28.82426862846), np.float64(30.728321019913082), np.float64(32.58375184309139), np.float64(34.402546349545645), np.float64(36.20007594372159), np.float64(37.92544887884943), np.float64(39.618507991991656), np.float64(41.29621326882693), np.float64(42.95052723370242), np.float64(44.56074552869292), np.float64(46.12347880235043), np.float64(47.67466682829326), np.float64(49.18232215338911), np.float64(50.61170610547308), np.float64(52.01140793803683), np.float64(53.38377389452674)]",14467.159092379352,5.756927613362257,-37.53352413699031,203.12249159812927
139,STATE_A_RIPENING,SPONTANEOUS,6.8,20.0,2513,0.25,120.0,300.0,60.0,100.0,0.04417031436530044,0.004377238360525269,0.00917575919826631,True,0.33327412175112686,53.485428879070504,7.25,13.289102337645435,"[np.float64(-0.002989685896173306), np.float64(-0.003803242411570143), np.float64(-0.00424730188725086), np.float64(-0.0037155167693311898), np.float64(-0.0023771060678457728), np.float64(0.0006817623799779434), np.float64(0.00452716564539415), np.float64(0.010478913412641263), np.float64(0.01712441700252615), np.float64(0.023561733510418993), np.float64(0.03090494398657841), np.float64(0.03916408104750576), np.float64(0.04799769415023767), np.float64(0.05812983006221099), np.float64(0.06966033686940759), np.float64(0.08163099841522437), np.float64(0.09482946620599783), np.float64(0.11047437231022413), np.float64(0.12624353229978957), np.float64(0.1428479237400891), np.float64(0.16015281061499742), np.float64(0.1781231361806079), np.float64(0.19909430848306653), np.float64(0.2200761232132102), np.float64(0.2415902614629283), np.float64(0.2626957839637199), np.float64(0.28439787093535657), np.float64(0.3087090573222673), np.float64(0.33327412175112686)]","[np.float64(2.1327865043954026), np.float64(4.267314420044708), np.float64(6.4023987390701125), np.float64(8.53425308281777), np.float64(10.660657981513841), np.float64(12.773222212958927), np.float64(14.873542083520022), np.float64(16.94819955779853), np.float64(19.004335069957676), np.float64(21.04942267972825), np.float64(23.0717524630324), np.float64(25.068964318492743), np.float64(27.043344358958233), np.float64(28.983829502557946), np.float64(30.886274181171792), np.float64(32.762544935832835), np.float64(34.599744533342445), np.float64(36.37604215782994), np.float64(38.12717743538494), np.float64(39.841252538044785), np.float64(41.52014925672676), np.float64(43.16428466102921), np.float64(44.72994609332236), np.float64(46.271650100907195), np.float64(47.780211682117205), np.float64(49.27438271207006), np.float64(50.735411273915474), np.float64(52.123514010915514), np.float64(53.485428879070504)]",14255.347885109382,5.672641418666686,-38.35213135601953,223.62105298042297
140,STATE_A_RIPENING,SPONTANEOUS,6.8,20.0,2513,0.25,120.0,300.0,60.0,100.0,0.04257859132510943,0.00477516912057302,-0.0044685715906625624,True,0.3382139828134421,53.36980778161789,7.25,13.286732828210233,"[np.float64(-0.0019214547216626222), np.float64(-0.003423236218841144), np.float64(-0.0035000191317392008), np.float64(-0.0024325083223694184), np.float64(-6.847070275816802e-05), np.float64(0.0023095928409771734), np.float64(0.007221469483798586), np.float64(0.012855086763372794), np.float64(0.019994109514230047), np.float64(0.02726891664734714), np.float64(0.03613520749620941), np.float64(0.045195367581460845), np.float64(0.05331486821952099), np.float64(0.0639970255302887), np.float64(0.07538102971829165), np.float64(0.08851401756005442), np.float64(0.10303637885652463), np.float64(0.11856262976932731), np.float64(0.13368381494243026), np.float64(0.1481135331196651), np.float64(0.16571490718168375), np.float64(0.1851911216210956), np.float64(0.20408698360403935), np.float64(0.2244261495986095), np.float64(0.24573931221160505), np.float64(0.2688636648545534), np.float64(0.29099612263369595), np.float64(0.3142144931887649), np.float64(0.3382139828134421)]","[np.float64(2.1309735657513564), np.float64(4.2651571721609605), np.float64(6.39798223457586), np.float64(8.526077377991896), np.float64(10.644990925015268), np.float64(12.758826430921275), np.float64(14.848957877199325), np.float64(16.922976551227965), np.float64(18.971606146319857), np.float64(21.004790235063368), np.float64(23.006200060047124), np.float64(24.98865783648772), np.float64(26.966505261897133), np.float64(28.894704089001124), np.float64(30.79431131833604), np.float64(32.64851196622058), np.float64(34.45993277204878), np.float64(36.23287324206112), np.float64(37.98989123593784), np.float64(39.7372675151052), np.float64(41.40793205780688), np.float64(43.021832844598606), np.float64(44.62305786443079), np.float64(46.17483647948104), np.float64(47.68555550212709), np.float64(49.138997253273565), np.float64(50.58965499445288), np.float64(51.99784291244717), np.float64(53.36980778161789)]",14150.817958942054,5.631045745699186,-37.732399289961904,191.7756643295288
141,STATE_A_RIPENING,SPONTANEOUS,6.8,20.0,2513,0.25,120.0,300.0,60.0,100.0,0.058097890966971745,0.00477516912057302,-0.01635906306333585,True,0.3432727647150962,53.17441296317374,7.25,13.292043525318736,"[np.float64(-0.0007432599603609046), np.float64(-0.0002136425210101289), np.float64(-0.0005040689133779839), np.float64(0.0012578735997449187), np.float64(0.004182668932472551), np.float64(0.007073225551690228), np.float64(0.011583117627793437), np.float64(0.01684669742973329), np.float64(0.022820180872023782), np.float64(0.03053979899847015), np.float64(0.03848149707499667), np.float64(0.04615052778971941), np.float64(0.05650784516017785), np.float64(0.0675884589742375), np.float64(0.08053126355184995), np.float64(0.09311604617746962), np.float64(0.1072780153737129), np.float64(0.12176871020685376), np.float64(0.13720190186535655), np.float64(0.15494177220622862), np.float64(0.17277816895885764), np.float64(0.1914318151358533), np.float64(0.20989051434849165), np.float64(0.22957636734857945), np.float64(0.2508790052043957), np.float64(0.27447657331314257), np.float64(0.2958906726372472), np.float64(0.3186899856329325), np.float64(0.3432727647150962)]","[np.float64(2.1259266086603965), np.float64(4.250726899735625), np.float64(6.37701664172729), np.float64(8.495204347446398), np.float64(10.603529631560484), np.float64(12.70596153747039), np.float64(14.790541164125218), np.float64(16.859669489238804), np.float64(18.911661077309734), np.float64(20.934106366812813), np.float64(22.93929753762088), np.float64(24.93279508161784), np.float64(26.877805076544593), np.float64(28.794723420993297), np.float64(30.66616029026981), np.float64(32.52173141116329), np.float64(34.332655331358914), np.float64(36.116666171323985), np.float64(37.863575557202026), np.float64(39.54911429306657), np.float64(41.20957817353974), np.float64(42.832645139028166), np.float64(44.43668070997038), np.float64(45.99602473837178), np.float64(47.502795455610176), np.float64(48.94341067525873), np.float64(50.404161337817236), np.float64(51.81714588538174), np.float64(53.17441296317374)]",14847.05581826657,5.90810020623421,-34.37590638687834,226.26191186904907
142,STATE_A_RIPENING,SPONTANEOUS,6.8,20.0,2513,0.25,120.0,300.0,60.0,100.0,0.05252686032630322,0.004377238360525269,0.007383147410256439,True,0.34323106635072603,53.19009056403908,7.25,13.312098776859171,"[np.float64(-0.0024024336815429747), np.float64(-0.0024729192756453976), np.float64(-0.0023859183270516105), np.float64(-0.0014922264541030337), np.float64(0.0012258164818457974), np.float64(0.005138282746804907), np.float64(0.009552269053277015), np.float64(0.01467862336404126), np.float64(0.022305155775675833), np.float64(0.030051961995297107), np.float64(0.037491945373926944), np.float64(0.0467804656532007), np.float64(0.05636038465109503), np.float64(0.06806213258837722), np.float64(0.08108873846695312), np.float64(0.0945171293367584), np.float64(0.10895829136182485), np.float64(0.12373838255293279), np.float64(0.13946090415427026), np.float64(0.15596822220482756), np.float64(0.1720835495905508), np.float64(0.19048796479001065), np.float64(0.2108934678042431), np.float64(0.23196085811386485), np.float64(0.2516740554357642), np.float64(0.2741896086720099), np.float64(0.2959737243060676), np.float64(0.31899447633741496), np.float64(0.34323106635072603)]","[np.float64(2.128288043396732), np.float64(4.256726469675441), np.float64(6.3848112797278525), np.float64(8.5092711325372), np.float64(10.622141449051352), np.float64(12.721737758297019), np.float64(14.809545524443534), np.float64(16.88238605412531), np.float64(18.921707714036717), np.float64(20.944911461931227), np.float64(22.956644768118252), np.float64(24.932253673861677), np.float64(26.887188688766646), np.float64(28.796378447446234), np.float64(30.66681568980752), np.float64(32.50998708661263), np.float64(34.31621743068735), np.float64(36.09507872196522), np.float64(37.8365894161922), np.float64(39.542592903783245), np.float64(41.2333010741706), np.float64(42.861589429720084), np.float64(44.430680354165155), np.float64(45.964324559174486), np.float64(47.500970101007326), np.float64(48.962593531466), np.float64(50.41662407000834), np.float64(51.82563578539726), np.float64(53.19009056403908)]",15074.830346060795,5.998738697198884,-33.72449446003884,201.06826615333557
143,STATE_A_RIPENING,SPONTANEOUS,6.8,20.0,2513,0.25,120.0,300.0,60.0,100.0,0.05252686032630322,0.004377238360525269,-0.014530463501574586,True,0.33739332168910685,53.399257204104025,7.25,13.292649270918023,"[np.float64(-0.001303709555342997), np.float64(-0.0019792961487786155), np.float64(-0.0030955339691593055), np.float64(-0.002520484066576542), np.float64(-0.0005883358218801275), np.float64(0.0032613362341787676), np.float64(0.007931450999563262), np.float64(0.013049129209231484), np.float64(0.019347340028811815), np.float64(0.02621146159138391), np.float64(0.03387180479253646), np.float64(0.04275576109157916), np.float64(0.0524097884659709), np.float64(0.06374583210837903), np.float64(0.07500457584413464), np.float64(0.08753914514616153), np.float64(0.10022381952159154), np.float64(0.11495509289854072), np.float64(0.13092789081216363), np.float64(0.14751832272686563), np.float64(0.16535795597792066), np.float64(0.1832810405560333), np.float64(0.20267227470443466), np.float64(0.2235338423322833), np.float64(0.24506641491612965), np.float64(0.26715500246798707), np.float64(0.29051021078149414), np.float64(0.3132948489959115), np.float64(0.33739332168910685)]","[np.float64(2.1308362418279274), np.float64(4.2631146590083855), np.float64(6.398251056507048), np.float64(8.528541980337147), np.float64(10.650367422465232), np.float64(12.755897055450506), np.float64(14.847363275466074), np.float64(16.925500748458777), np.float64(18.982272586259576), np.float64(21.020757526941864), np.float64(23.03701114843534), np.float64(25.024000509059015), np.float64(26.984706949474564), np.float64(28.9051943028522), np.float64(30.80724736708211), np.float64(32.671142868880565), np.float64(34.512402519892404), np.float64(36.300333115632604), np.float64(38.04546852344658), np.float64(39.75730837897686), np.float64(41.424417971759695), np.float64(43.06708931229462), np.float64(44.66023248554681), np.float64(46.202985761223786), np.float64(47.710123704783065), np.float64(49.184161277458635), np.float64(50.611572931642264), np.float64(52.02878738072671), np.float64(53.399257204104025)]",14133.810132907074,5.624277808558326,-33.9848330616951,248.99525356292725
144,STATE_A_RIPENING,SPONTANEOUS,6.8,20.0,2513,0.25,120.0,300.0,60.0,100.0,0.04934341424592121,0.003979307600477517,-0.010432101809315666,True,0.3401308306424949,53.20875278533629,7.25,13.171648198868953,"[np.float64(-0.0016236148318972056), np.float64(-0.0027180737733399963), np.float64(-0.0018982159713095308), np.float64(0.001374595897729791), np.float64(0.004334504496452596), np.float64(0.007639311146085059), np.float64(0.012770115025050124), np.float64(0.018734554594391765), np.float64(0.025324506462499632), np.float64(0.03189007399274398), np.float64(0.039270360790639024), np.float64(0.04847046175465251), np.float64(0.05781167226467166), np.float64(0.06964543359737649), np.float64(0.08089045798458971), np.float64(0.0923250473320611), np.float64(0.10680683120620912), np.float64(0.12095604331664649), np.float64(0.13585543394201754), np.float64(0.150713785060003), np.float64(0.1674663804041673), np.float64(0.18607260805953021), np.float64(0.20574460537110228), np.float64(0.22608961501344535), np.float64(0.2480136150227414), np.float64(0.2699635199292421), np.float64(0.29413957614214825), np.float64(0.3175532849204142), np.float64(0.3401308306424949)]","[np.float64(2.1257467832077896), np.float64(4.2538258102391815), np.float64(6.378117553262346), np.float64(8.490248214419925), np.float64(10.59716004046623), np.float64(12.695721290178167), np.float64(14.774108419014519), np.float64(16.835194912981624), np.float64(18.878632012527756), np.float64(20.909418886882793), np.float64(22.918547753150296), np.float64(24.892116604958677), np.float64(26.847129360779252), np.float64(28.751916300185545), np.float64(30.644962774197165), np.float64(32.5164194433392), np.float64(34.321928832530574), np.float64(36.11078207274187), np.float64(37.86611517088181), np.float64(39.60089655090745), np.float64(41.28152988420017), np.float64(42.90676021968303), np.float64(44.489636030858975), np.float64(46.03719082720599), np.float64(47.5323216801052), np.float64(49.0045500075106), np.float64(50.41176294922506), np.float64(51.81226973858218), np.float64(53.20875278533629)]",14955.698719556185,5.951332558518179,-34.36743891751394,119.34123396873474
145,STATE_A_RIPENING,SPONTANEOUS,6.8,20.0,2513,0.25,120.0,300.0,60.0,100.0,0.048547552725825706,0.006764822920811779,0.0009458994619614994,True,0.3446008947715204,53.241086529558196,7.25,13.378787097318579,"[np.float64(-0.002238917990665727), np.float64(-0.003170550960802545), np.float64(-0.001960512878231759), np.float64(-0.0004460013855956845), np.float64(0.0020862351834194308), np.float64(0.005155444694781246), np.float64(0.009879971207906998), np.float64(0.014736572132735984), np.float64(0.020666183703554625), np.float64(0.027859439586686754), np.float64(0.036089796809435276), np.float64(0.0463717217471144), np.float64(0.05740871536107303), np.float64(0.06813371650579082), np.float64(0.0804113325157262), np.float64(0.09461313307568815), np.float64(0.10831141213756432), np.float64(0.12380442500682458), np.float64(0.14019937447499567), np.float64(0.1575336962005499), np.float64(0.1756879741924991), np.float64(0.19294886184823515), np.float64(0.2122554225918376), np.float64(0.23255649387015562), np.float64(0.25356034822531975), np.float64(0.27565122777191703), np.float64(0.29733530231337874), np.float64(0.320324429105664), np.float64(0.3446008947715204)]","[np.float64(2.131239858977123), np.float64(4.264471101355404), np.float64(6.392827744296137), np.float64(8.517310323634778), np.float64(10.633177556489292), np.float64(12.74031733657808), np.float64(14.828894330266927), np.float64(16.90670365792938), np.float64(18.964712193770854), np.float64(20.998039366008904), np.float64(23.005919543217647), np.float64(24.973755688271748), np.float64(26.913335134216176), np.float64(28.837714209619026), np.float64(30.721491999699715), np.float64(32.556316759935676), np.float64(34.376656036208814), np.float64(36.14704053537012), np.float64(37.87989893915985), np.float64(39.57389384059242), np.float64(41.23052517594417), np.float64(42.88025675821701), np.float64(44.47094704578822), np.float64(46.02072270939618), np.float64(47.53494496255523), np.float64(49.006420503206535), np.float64(50.46418410660921), np.float64(51.87562138019218), np.float64(53.241086529558196)]",14731.662990568275,5.862181850604168,-35.6675898488611,141.76263225078583
146,STATE_A_RIPENING,SPONTANEOUS,6.8,20.0,2513,0.25,120.0,300.0,60.0,100.0,0.055312375646637484,0.004377238360525269,0.028871405794976573,True,0.34316558836803907,53.253359576578525,7.25,13.30141588123405,"[np.float64(-0.002296997448693944), np.float64(-0.0008372842856367391), np.float64(-0.00037497699846302505), np.float64(0.0011400543682541404), np.float64(0.004303547117814627), np.float64(0.007329535032546255), np.float64(0.012065848057467318), np.float64(0.01719355228932249), np.float64(0.023050974199961872), np.float64(0.03030521114086522), np.float64(0.03778992067133145), np.float64(0.04705117592107004), np.float64(0.058425014708586576), np.float64(0.06888500358139893), np.float64(0.07966811471085061), np.float64(0.09358655375445976), np.float64(0.1077118413551537), np.float64(0.12223281814292766), np.float64(0.1394304034929633), np.float64(0.15633510699046313), np.float64(0.1727438395206889), np.float64(0.1915394869564625), np.float64(0.21107220345000174), np.float64(0.23059829288400732), np.float64(0.2507198560292216), np.float64(0.27094474010441555), np.float64(0.2933793472467731), np.float64(0.3186613849686274), np.float64(0.34316558836803907)]","[np.float64(2.130655090593168), np.float64(4.258196291932504), np.float64(6.3858172668651365), np.float64(8.507978119070932), np.float64(10.618209691751389), np.float64(12.722699164567114), np.float64(14.808376464021697), np.float64(16.88114807299274), np.float64(18.936846743922693), np.float64(20.96673679907879), np.float64(22.98009144765483), np.float64(24.958074872884847), np.float64(26.892247293654005), np.float64(28.81882934777553), np.float64(30.722737684801952), np.float64(32.56170920182882), np.float64(34.375522958308856), np.float64(36.161364888302174), np.float64(37.88117929909866), np.float64(39.58238253823613), np.float64(41.26971846820087), np.float64(42.89258818776043), np.float64(44.47916333904773), np.float64(46.04334627897257), np.float64(47.57445019814417), np.float64(49.08217567643617), np.float64(50.52596243825346), np.float64(51.892569855055044), np.float64(53.253359576578525)]",14647.223030436406,5.828580593090492,-36.28174607269466,250.38809728622437
147,STATE_A_RIPENING,SPONTANEOUS,6.8,20.0,2513,0.25,120.0,300.0,60.0,100.0,0.06128133704735376,0.003979307600477517,-0.0021041021688857054,True,0.33517969488546545,53.170369596405294,7.25,13.016652986530614,"[np.float64(-0.00030214332476306404), np.float64(-0.001505059385466948), np.float64(0.0007933480422875804), np.float64(0.002296387782398578), np.float64(0.004272609598151309), np.float64(0.006634688287590115), np.float64(0.011158111222950963), np.float64(0.015455563833222035), np.float64(0.020991254007426845), np.float64(0.028588377079885492), np.float64(0.03649478827604088), np.float64(0.04398098054543851), np.float64(0.05333989978647643), np.float64(0.06374685529215778), np.float64(0.07587492374975305), np.float64(0.0886732171839327), np.float64(0.10193066629232975), np.float64(0.11604272079052362), np.float64(0.1309558525473069), np.float64(0.148879551313575), np.float64(0.1673117072182375), np.float64(0.1860908200735883), np.float64(0.20532557751353475), np.float64(0.22480830572670912), np.float64(0.24575857980015467), np.float64(0.2666656329179256), np.float64(0.2879394183264374), np.float64(0.311825804441993), np.float64(0.33517969488546545)]","[np.float64(2.118883896352036), np.float64(4.240319705751143), np.float64(6.353171668055401), np.float64(8.46454171355234), np.float64(10.570261612551478), np.float64(12.669423257843183), np.float64(14.747895302775872), np.float64(16.81903467967329), np.float64(18.87004949633183), np.float64(20.889148368208097), np.float64(22.890256783048283), np.float64(24.881496273020222), np.float64(26.834939808315504), np.float64(28.75745387527367), np.float64(30.637400038248217), np.float64(32.48723530641594), np.float64(34.309416135016875), np.float64(36.097210024863365), np.float64(37.85056055034649), np.float64(39.53068014757291), np.float64(41.17820534191224), np.float64(42.79620402799519), np.float64(44.38305479718297), np.float64(45.942933424683154), np.float64(47.45310184546585), np.float64(48.94224593809954), np.float64(50.40313935995027), np.float64(51.79185753172902), np.float64(53.170369596405294)]",14949.378715725525,5.94881763459034,-35.25181558635086,207.685973405838
148,STATE_A_RIPENING,SPONTANEOUS,6.8,20.0,2513,0.25,120.0,300.0,60.0,100.0,0.05411858336649423,0.006764822920811779,0.011917988951378298,True,0.3392070121954825,53.31370169099798,7.25,13.398680952649364,"[np.float64(-0.0025620969917737922), np.float64(-0.004529277508356473), np.float64(-0.003973062076765654), np.float64(-0.0037351511023230623), np.float64(-0.0015816451702376061), np.float64(0.0014654479733578539), np.float64(0.0054153304355177125), np.float64(0.009648556873069893), np.float64(0.015139520015378534), np.float64(0.02250415095071185), np.float64(0.031462698965610124), np.float64(0.040249627106472806), np.float64(0.05128758345164644), np.float64(0.06263858633344843), np.float64(0.07445292013002358), np.float64(0.08745034276351006), np.float64(0.10203991818046335), np.float64(0.11743545159716395), np.float64(0.13325098167491908), np.float64(0.15025360402164228), np.float64(0.16806344100462894), np.float64(0.18564201831964747), np.float64(0.20429319898925222), np.float64(0.22613687996970014), np.float64(0.24650664897934457), np.float64(0.2673870916025872), np.float64(0.29089381526812663), np.float64(0.3139390241692253), np.float64(0.3392070121954825)]","[np.float64(2.130206783225248), np.float64(4.26462105641861), np.float64(6.395145202752753), np.float64(8.5258420898986), np.float64(10.645802947294333), np.float64(12.755513959739744), np.float64(14.852172530130096), np.float64(16.938290213478975), np.float64(19.003970113617562), np.float64(21.039342190528746), np.float64(23.04255425104513), np.float64(25.030939971306363), np.float64(26.974119788527297), np.float64(28.893485942770898), np.float64(30.78663769530131), np.float64(32.642240667140015), np.float64(34.45204100964805), np.float64(36.2264668318916), np.float64(37.971280762071686), np.float64(39.67326026709439), np.float64(41.33812519025652), np.float64(42.984372076938286), np.float64(44.5888648528451), np.float64(46.111203884621766), np.float64(47.63842625212471), np.float64(49.134145240096046), np.float64(50.55722184800564), np.float64(51.96789463291375), np.float64(53.31370169099798)]",14609.15481254298,5.813432078210497,-37.13236733339727,243.3041957616806
149,STATE_A_RIPENING,SPONTANEOUS,6.8,20.0,2513,0.25,120.0,300.0,60.0,100.0,0.04735376044568245,0.005571030640668524,-0.002280919381104438,True,0.34023142512971083,53.43709059089314,7.25,13.225128659037523,"[np.float64(-0.0010755221346613398), np.float64(-0.002850232149482056), np.float64(-0.0019831148975163002), np.float64(0.000806952369843889), np.float64(0.0024879769945323742), np.float64(0.006175424854092722), np.float64(0.011217309505684557), np.float64(0.016612517498755256), np.float64(0.02214295906606936), np.float64(0.030056532861475433), np.float64(0.03777787393943046), np.float64(0.04621167458962328), np.float64(0.056791477325225596), np.float64(0.06784921177905019), np.float64(0.08125969376268043), np.float64(0.09488150729841519), np.float64(0.109127896656366), np.float64(0.12310746333778232), np.float64(0.13795079506677208), np.float64(0.15427012972990362), np.float64(0.17197518007976417), np.float64(0.18947074847418766), np.float64(0.20864133395626053), np.float64(0.22864423927039473), np.float64(0.24874947932238484), np.float64(0.2700656952284921), np.float64(0.29237224498542347), np.float64(0.31601384591880943), np.float64(0.34023142512971083)]","[np.float64(2.1343634618022946), np.float64(4.272523938287755), np.float64(6.406001196819454), np.float64(8.529420777621748), np.float64(10.652833107821065), np.float64(12.759953824099078), np.float64(14.849454423864596), np.float64(16.925712739678158), np.float64(18.98984386653056), np.float64(21.018618851675875), np.float64(23.0343089151649), np.float64(25.026848828448113), np.float64(26.97636359193737), np.float64(28.90066096091093), np.float64(30.77237082449236), np.float64(32.619036419654705), np.float64(34.43442316882467), np.float64(36.232354239070844), np.float64(37.99501011082171), np.float64(39.7110136052608), np.float64(41.3804103283457), np.float64(43.03090727180881), np.float64(44.6286572188897), np.float64(46.18839514848743), np.float64(47.724023826399765), np.float64(49.21471339830668), np.float64(50.66460465877697), np.float64(52.06699426160449), np.float64(53.43709059089314)]",14499.402310856347,5.769758181797194,-35.87762115849182,142.30210316181183
150,STATE_B_DEFENSE,SPONTANEOUS,6.8,20.0,2513,0.25,690.0,720.0,210.0,325.16129032258067,0.40509351372861124,0.49383207321925987,-0.02080200104163791,True,0.3226410232769879,73.60260918785742,10.0,14.927683905275128,"[np.float64(-0.0011073691677003408), np.float64(-0.0015139353536292785), np.float64(-0.00022356678264094516), np.float64(0.00015686622340500717), np.float64(0.003576817848073511), np.float64(0.0077887891117688545), np.float64(0.010883898588184724), np.float64(0.015613069461775871), np.float64(0.02137820780786351), np.float64(0.027672208999513087), np.float64(0.034865084402101204), np.float64(0.04267517782361569), np.float64(0.050825760736985), np.float64(0.0590408383986711), np.float64(0.06808957031437271), np.float64(0.07694711758020617), np.float64(0.08692987945994757), np.float64(0.09773532756067009), np.float64(0.10860870532330447), np.float64(0.1194653925585131), np.float64(0.1283937819098893), np.float64(0.13905591809022183), np.float64(0.1483581945650194), np.float64(0.15881554591009947), np.float64(0.16942748926680506), np.float64(0.18056062383747723), np.float64(0.19097849777060846), np.float64(0.20026704039046517), np.float64(0.21035785451455827), np.float64(0.22132400892503584), np.float64(0.23287797667692453), np.float64(0.2436284967580186), np.float64(0.25414100831567704), np.float64(0.2643692433081346), np.float64(0.275517876191481), np.float64(0.28460084356385956), np.float64(0.2923365045278111), np.float64(0.3016044742467994), np.float64(0.31210868407659625), np.float64(0.3226410232769879)]","[np.float64(2.1173605083722884), np.float64(4.235583081428234), np.float64(6.349273284266821), np.float64(8.464087496370375), np.float64(10.562066735167926), np.float64(12.647966370982918), np.float64(14.733353656356282), np.float64(16.798869631700057), np.float64(18.84531620849252), np.float64(20.875020331445306), np.float64(22.882582203348083), np.float64(24.86915000569588), np.float64(26.836891485102033), np.float64(28.78895462078738), np.float64(30.714371659964907), np.float64(32.62698977091517), np.float64(34.50661599286737), np.float64(36.35615094282109), np.float64(38.187275280798914), np.float64(40.00173908491093), np.float64(41.83532679769054), np.float64(43.62187929129324), np.float64(45.41960597988371), np.float64(47.180039327876486), np.float64(48.92237955633369), np.float64(50.63880102421519), np.float64(52.35594671786657), np.float64(54.0845604325022), np.float64(55.78215841845264), np.float64(57.446029997077865), np.float64(59.082091341635355), np.float64(60.723788515100004), np.float64(62.35840075447447), np.float64(63.987651218050715), np.float64(65.58114317921785), np.float64(67.21599201119928), np.float64(68.876033932571), np.float64(70.48525795248253), np.float64(72.0499884199954), np.float64(73.60260918785742)]",37284.33686963346,14.836584508409652,-69.27614918071777,17133.759392142296
151,STATE_B_DEFENSE,SPONTANEOUS,6.8,20.0,2513,0.25,690.0,720.0,210.0,325.16129032258067,0.4042976522085157,0.4954237962594509,0.002149758225551768,True,0.3245173650446613,73.67053589621396,10.0,14.989733776915953,"[np.float64(-0.0007159327253806079), np.float64(-0.0003156827497137112), np.float64(-9.471980971310074e-05), np.float64(0.0018309003071599929), np.float64(0.0039001274046805367), np.float64(0.007922117165308959), np.float64(0.012144070630230345), np.float64(0.01702597512459268), np.float64(0.02237587302757408), np.float64(0.029111027655702813), np.float64(0.03660766015831175), np.float64(0.04494944612167625), np.float64(0.05382775239441782), np.float64(0.061840709793932386), np.float64(0.07050642052887107), np.float64(0.0795498703259435), np.float64(0.0889966475590799), np.float64(0.09926432597733469), np.float64(0.10859602489116865), np.float64(0.11905238942307884), np.float64(0.13028004705101096), np.float64(0.1406764363297058), np.float64(0.15034410938445186), np.float64(0.16050178928832698), np.float64(0.17098418793927422), np.float64(0.18232808961644642), np.float64(0.1922479503999984), np.float64(0.20307364506764564), np.float64(0.21317860650818982), np.float64(0.22340365045645202), np.float64(0.23311245390037397), np.float64(0.24287231950971133), np.float64(0.2538874715681052), np.float64(0.26405630904575517), np.float64(0.2732839726563395), np.float64(0.2831097996546423), np.float64(0.29454991836678585), np.float64(0.3040071085998714), np.float64(0.31480141859193717), np.float64(0.3245173650446613)]","[np.float64(2.120401898627091), np.float64(4.239954753451425), np.float64(6.359229370137869), np.float64(8.470819853576554), np.float64(10.577606716794783), np.float64(12.667777558907156), np.float64(14.748217654843861), np.float64(16.814603483942978), np.float64(18.866870970670863), np.float64(20.894479162207077), np.float64(22.90066765910793), np.float64(24.882629438164706), np.float64(26.84239126442843), np.float64(28.79791302758765), np.float64(30.729768375845328), np.float64(32.640837532271306), np.float64(34.53013815092277), np.float64(36.390171633897), np.float64(38.24983872775727), np.float64(40.074439069437986), np.float64(41.868647329242144), np.float64(43.662048898162524), np.float64(45.45447180454165), np.float64(47.22272020484075), np.float64(48.969667954621265), np.float64(50.683548105205226), np.float64(52.413497154076715), np.float64(54.10963329862727), np.float64(55.80823558319883), np.float64(57.490890363857105), np.float64(59.172922302025285), np.float64(60.841426262712886), np.float64(62.466521744863925), np.float64(64.10005064880588), np.float64(65.74580904933923), np.float64(67.36483583432688), np.float64(68.92947792931382), np.float64(70.53526187875501), np.float64(72.093679410053), np.float64(73.67053589621396)]",36693.67641749377,14.601542545759559,-77.70905811805278,16816.43497943878
152,STATE_B_DEFENSE,SPONTANEOUS,6.8,20.0,2513,0.25,690.0,720.0,210.0,325.16129032258067,0.39753282928770395,0.4926382809391166,-0.0035947095531593037,True,0.32602957852361764,73.66396412525793,10.0,14.91193752575205,"[np.float64(-0.0006228137572277874), np.float64(-0.0012588532060705386), np.float64(-0.0001769937325981982), np.float64(0.0009312783062491192), np.float64(0.004330212873892698), np.float64(0.0072228188857635725), np.float64(0.012923785134062251), np.float64(0.02030132065167277), np.float64(0.02575291754838453), np.float64(0.03173850037167124), np.float64(0.039051105918790456), np.float64(0.04709534167516555), np.float64(0.05547594587950569), np.float64(0.0631722580225116), np.float64(0.0728906508465011), np.float64(0.08309746474523932), np.float64(0.09236319773559798), np.float64(0.10181401201444873), np.float64(0.11143878734747664), np.float64(0.12176976739091469), np.float64(0.13330155733256305), np.float64(0.1434012305915268), np.float64(0.15296121659296277), np.float64(0.16427176122274992), np.float64(0.17512983589348835), np.float64(0.18533145120097913), np.float64(0.19698892959582154), np.float64(0.20876151757219152), np.float64(0.21966280084253806), np.float64(0.22907586653366935), np.float64(0.23801847454660052), np.float64(0.2460814645253918), np.float64(0.25681931233437677), np.float64(0.26734278143293355), np.float64(0.2773959931757829), np.float64(0.286191174248172), np.float64(0.2964545813700706), np.float64(0.30513775885379363), np.float64(0.31453488316919215), np.float64(0.32602957852361764)]","[np.float64(2.121323900024442), np.float64(4.2439985313600985), np.float64(6.362552697736223), np.float64(8.47870571052642), np.float64(10.580432993153071), np.float64(12.678275150646044), np.float64(14.749637810415525), np.float64(16.795675031582782), np.float64(18.844856275810677), np.float64(20.877903316633247), np.float64(22.88473729235123), np.float64(24.86908649797218), np.float64(26.834337814116587), np.float64(28.79372936511119), np.float64(30.71038275094555), np.float64(32.603026246392865), np.float64(34.49348634927849), np.float64(36.365541611131306), np.float64(38.21928227277471), np.float64(40.04514131846225), np.float64(41.83292698263303), np.float64(43.630988632018784), np.float64(45.424712496549894), np.float64(47.16890128807371), np.float64(48.906747655838885), np.float64(50.643667007924556), np.float64(52.33477939206446), np.float64(54.008164689207106), np.float64(55.68648548811842), np.float64(57.38569023491442), np.float64(59.08399213059618), np.float64(60.79228407717532), np.float64(62.42365845557821), np.float64(64.047704621349), np.float64(65.67150514704666), np.float64(67.31648624041095), np.float64(68.91198680542577), np.float64(70.53864615104229), np.float64(72.13569991009172), np.float64(73.66396412525793)]",36880.00672009479,14.67568910469351,-73.88897571945563,16383.508193969727
156,STATE_B_DEFENSE,SPONTANEOUS,6.8,20.0,2513,0.25,690.0,720.0,210.0,325.16129032258067,0.40230799840827697,0.49303621169916434,-0.011582427033720713,True,0.3234424623322409,72.13246697050087,9.75,14.557770516005593,"[np.float64(-0.0008027495969121427), np.float64(-0.0009467790533002543), np.float64(-0.0002546162274537884), np.float64(0.0011243901112791524), np.float64(0.005451611188301288), np.float64(0.009751392991076968), np.float64(0.014721326202910242), np.float64(0.020035031769389297), np.float64(0.026616069358713357), np.float64(0.03381436035662095), np.float64(0.041718065007716014), np.float64(0.0488177191802398), np.float64(0.056524363003149954), np.float64(0.06571788838031838), np.float64(0.07304303108127445), np.float64(0.08276122085567504), np.float64(0.09245068883955083), np.float64(0.10195129946610063), np.float64(0.11107698975343691), np.float64(0.12169660771452352), np.float64(0.1323370607465465), np.float64(0.14520336938275036), np.float64(0.1567363183266282), np.float64(0.16662844313110428), np.float64(0.1763062455094716), np.float64(0.18855038814505934), np.float64(0.20065779496931926), np.float64(0.21217929729308446), np.float64(0.22339042863229924), np.float64(0.23507003706800622), np.float64(0.24527096378091687), np.float64(0.2548826251013518), np.float64(0.26455144960078236), np.float64(0.27393722753174604), np.float64(0.28268627573405963), np.float64(0.29383662065224797), np.float64(0.3039993867737333), np.float64(0.3129077182933291), np.float64(0.3234424623322409)]","[np.float64(2.128595284780464), np.float64(4.257497429462374), np.float64(6.384035037443322), np.float64(8.506182204904746), np.float64(10.609822738070159), np.float64(12.704650749651655), np.float64(14.785749937091293), np.float64(16.853928775185604), np.float64(18.89979925900765), np.float64(20.92654013281867), np.float64(22.931702467459946), np.float64(24.931588432969388), np.float64(26.910533340682434), np.float64(28.85530165399659), np.float64(30.810688326850446), np.float64(32.716915100676424), np.float64(34.60721976657924), np.float64(36.484635797394354), np.float64(38.353079008583904), np.float64(40.18009908057778), np.float64(41.99041286187783), np.float64(43.7421457342312), np.float64(45.50188214226457), np.float64(47.278498154885725), np.float64(49.04542679645963), np.float64(50.74383190986772), np.float64(52.429154328778026), np.float64(54.11196574916047), np.float64(55.787149286569225), np.float64(57.437320662244595), np.float64(59.108300682684806), np.float64(60.78090134829828), np.float64(62.44021630997791), np.float64(64.09492054291384), np.float64(65.75465921118452), np.float64(67.34129938559971), np.float64(68.94166081203777), np.float64(70.56432747962754), np.float64(72.13246697050087)]",34919.661959931145,13.895607624325963,-75.55448711058125,16877.751656770706
153,STATE_B_DEFENSE,SPONTANEOUS,6.8,20.0,2513,0.25,690.0,720.0,210.0,325.16129032258067,0.4003183446080382,0.49303621169916434,-0.02552466051548365,True,0.32950918038349186,73.62275567724748,10.0,15.307495099669303,"[np.float64(-0.0019920957183639063), np.float64(-0.0011012304196305635), np.float64(0.0002956771660706566), np.float64(0.0014721224421753065), np.float64(0.00442974519504406), np.float64(0.008280430204711588), np.float64(0.011412384603041477), np.float64(0.015607978583535345), np.float64(0.021593847241330386), np.float64(0.028112941940715168), np.float64(0.03503248233326526), np.float64(0.04281424309373414), np.float64(0.05175820506773735), np.float64(0.06167432235269883), np.float64(0.07027058185336284), np.float64(0.07957141157598026), np.float64(0.09055073593334032), np.float64(0.1002230193979397), np.float64(0.10978726027138383), np.float64(0.11880429990186753), np.float64(0.1280947403971868), np.float64(0.13876359008634886), np.float64(0.14961653567588104), np.float64(0.16131572712051706), np.float64(0.17297335078646722), np.float64(0.1844144951086939), np.float64(0.19509284461282447), np.float64(0.20498752191633354), np.float64(0.21528004452774485), np.float64(0.22574015109040105), np.float64(0.23657526479432547), np.float64(0.2472771717836278), np.float64(0.2572294612309946), np.float64(0.26670087694695477), np.float64(0.27754517764546877), np.float64(0.28735319735375786), np.float64(0.2970881897504871), np.float64(0.30917222458075416), np.float64(0.3188448720074966), np.float64(0.32950918038349186)]","[np.float64(2.1243729233441524), np.float64(4.24685080754428), np.float64(6.365826628918294), np.float64(8.482782014883103), np.float64(10.587854620700705), np.float64(12.681140935551078), np.float64(14.771739976770123), np.float64(16.847081733294644), np.float64(18.897359408185082), np.float64(20.930390679402567), np.float64(22.94634100306077), np.float64(24.938797956626473), np.float64(26.901911880289155), np.float64(28.835675309755732), np.float64(30.771042691047267), np.float64(32.68075211493605), np.float64(34.54806528876664), np.float64(36.41915703812737), np.float64(38.2764349754738), np.float64(40.128292468247174), np.float64(41.96084790286005), np.float64(43.75257744650126), np.float64(45.52490864008427), np.float64(47.264365905490095), np.float64(48.98844834360549), np.float64(50.70131681278979), np.float64(52.415615378728106), np.float64(54.13330020047802), np.float64(55.82870607245002), np.float64(57.50687874796003), np.float64(59.1628605502812), np.float64(60.80877285866915), np.float64(62.46034992788968), np.float64(64.11204490758482), np.float64(65.7169892827997), np.float64(67.33663204534078), np.float64(68.94689607484554), np.float64(70.48276828407413), np.float64(72.07182134556624), np.float64(73.62275567724748)]",36872.22150102744,14.6725911265529,-73.97496617771685,16524.072323560715
155,STATE_B_DEFENSE,SPONTANEOUS,6.8,20.0,2513,0.25,690.0,720.0,210.0,325.16129032258067,0.40191006764822923,0.4926382809391166,-0.006104061081552933,True,0.32423331670249017,73.61992460573944,10.0,14.704992320757867,"[np.float64(-0.0021641786548892063), np.float64(-0.00044366661000939483), np.float64(0.0013893881309636484), np.float64(0.003289222446519349), np.float64(0.006379140116464275), np.float64(0.010715384868457514), np.float64(0.01572077710257458), np.float64(0.02125899024127086), np.float64(0.028365016251242017), np.float64(0.03423056718783071), np.float64(0.03996376424797201), np.float64(0.04587965534804587), np.float64(0.053874294956555754), np.float64(0.06232677058123787), np.float64(0.07172311435178412), np.float64(0.08127958385202935), np.float64(0.09081005404504383), np.float64(0.10217013207880903), np.float64(0.11375396831600595), np.float64(0.12442013137508197), np.float64(0.13642125615591838), np.float64(0.14821008686175244), np.float64(0.15891376360538823), np.float64(0.16800041247802786), np.float64(0.17601175671588887), np.float64(0.18457311298109358), np.float64(0.19446247213066134), np.float64(0.20469287225773405), np.float64(0.21663990219220342), np.float64(0.22808589350563752), np.float64(0.23899507661298844), np.float64(0.24896530991338706), np.float64(0.25776594065106645), np.float64(0.2686399736153895), np.float64(0.27781279020352545), np.float64(0.2866161162704745), np.float64(0.29597272521922835), np.float64(0.3054386025831079), np.float64(0.31394091141749436), np.float64(0.32423331670249017)]","[np.float64(2.1202549549143255), np.float64(4.236858794639316), np.float64(6.349468813727518), np.float64(8.457939026025867), np.float64(10.556180881789755), np.float64(12.640214512601707), np.float64(14.710536231358876), np.float64(16.766394199596654), np.float64(18.79691140765947), np.float64(20.826147858935293), np.float64(22.845528726522527), np.float64(24.851809770278095), np.float64(26.82048200657188), np.float64(28.768459372780484), np.float64(30.68792983048648), np.float64(32.58881833473702), np.float64(34.47402461630576), np.float64(36.31330842444318), np.float64(38.130860037789645), np.float64(39.94692199555781), np.float64(41.72220500358376), np.float64(43.48401471764641), np.float64(45.25013797596658), np.float64(47.033508422204065), np.float64(48.826074457542674), np.float64(50.595284768224616), np.float64(52.323301762409166), np.float64(54.030314199236784), np.float64(55.684535598310944), np.float64(57.33562030354916), np.float64(58.98540092116782), np.float64(60.644640016750586), np.float64(62.320604447509375), np.float64(63.933334115298415), np.float64(65.57707795132352), np.float64(67.21955596935653), np.float64(68.83691923060137), np.float64(70.44059298374495), np.float64(72.06001057784486), np.float64(73.61992460573944)]",36977.48257969423,14.714477747590223,-70.15626379195601,16858.955371141434
157,STATE_B_DEFENSE,SPONTANEOUS,6.8,20.0,2513,0.25,690.0,720.0,210.0,325.16129032258067,0.4027059291683247,0.49303621169916434,-0.012508351814906777,True,0.33063781035758694,73.49772891149877,10.0,14.949746815514825,"[np.float64(0.0003129519776757469), np.float64(0.0025341014984496123), np.float64(0.0027033648652692237), np.float64(0.005420655788751397), np.float64(0.008613765235862153), np.float64(0.013251754303800864), np.float64(0.017160383929179568), np.float64(0.023484911335437442), np.float64(0.030522572997437818), np.float64(0.036870773562631985), np.float64(0.04280200168702504), np.float64(0.05029539254698976), np.float64(0.05866359437818669), np.float64(0.06717594824118939), np.float64(0.07565838647270207), np.float64(0.08482707221400552), np.float64(0.09514212142239703), np.float64(0.1050277597020921), np.float64(0.1159032464694377), np.float64(0.12674064254114556), np.float64(0.13679001784087683), np.float64(0.14785713061377945), np.float64(0.15905127726934687), np.float64(0.1704298548674054), np.float64(0.17963160133779818), np.float64(0.1898331443159843), np.float64(0.20095285875658894), np.float64(0.21106608048703754), np.float64(0.22119877810029276), np.float64(0.23092810562299806), np.float64(0.2408603434237705), np.float64(0.2495464961542932), np.float64(0.2587428456080791), np.float64(0.2697615787981848), np.float64(0.27955753266056454), np.float64(0.28960628554673723), np.float64(0.30029730522250964), np.float64(0.31042348327798214), np.float64(0.3207808071251592), np.float64(0.33063781035758694)]","[np.float64(2.1192193567567856), np.float64(4.233740905098032), np.float64(6.350075321135647), np.float64(8.455318038684831), np.float64(10.552404172965772), np.float64(12.633870656842655), np.float64(14.711168830543984), np.float64(16.760737442269928), np.float64(18.791334049854758), np.float64(20.81524569901814), np.float64(22.83156152013287), np.float64(24.818148224739158), np.float64(26.779854994612677), np.float64(28.724592710569656), np.float64(30.654760922688133), np.float64(32.55993906792614), np.float64(34.43162644590949), np.float64(36.293576658391586), np.float64(38.122747143276435), np.float64(39.935752652234584), np.float64(41.74678422344021), np.float64(43.52338056958943), np.float64(45.2814545726818), np.float64(47.019976129950514), np.float64(48.787736281314544), np.float64(50.52126017441652), np.float64(52.22093484219995), np.float64(53.92845386430047), np.float64(55.62226572483099), np.float64(57.31242291176464), np.float64(58.98534166808755), np.float64(60.67609546172416), np.float64(62.34322872890267), np.float64(63.95311228041374), np.float64(65.58159782549873), np.float64(67.1920340445275), np.float64(68.7739947194932), np.float64(70.35931800153352), np.float64(71.92718942985799), np.float64(73.49772891149877)]",37758.50715806137,15.025271451675835,-70.577131413389,16860.271280288696
154,STATE_B_DEFENSE,SPONTANEOUS,6.8,20.0,2513,0.25,690.0,720.0,210.0,325.16129032258067,0.40151213688818144,0.4942300039793076,0.0052820045400593894,True,0.32991661482540685,75.32587603403945,10.25,15.22512576876681,"[np.float64(-0.00022582209702339003), np.float64(0.0006384740728046307), np.float64(0.0016330489061491666), np.float64(0.004885205544144432), np.float64(0.00782667696880275), np.float64(0.011715618152735498), np.float64(0.01639730650447754), np.float64(0.022524602782542466), np.float64(0.028609620797223314), np.float64(0.0358286677251207), np.float64(0.04266476791499463), np.float64(0.05032361654394203), np.float64(0.058180457054010544), np.float64(0.06702336447178225), np.float64(0.07534893738092836), np.float64(0.08390770856832104), np.float64(0.09226492776632397), np.float64(0.10052876939983649), np.float64(0.1099462783188314), np.float64(0.11932384342101905), np.float64(0.12937272105198147), np.float64(0.13969037943477458), np.float64(0.1512181019966229), np.float64(0.1615147899939365), np.float64(0.17249001770244127), np.float64(0.18273593040740113), np.float64(0.19374077099486223), np.float64(0.20448552356488514), np.float64(0.21523358019425018), np.float64(0.22468367910485243), np.float64(0.23460698512876096), np.float64(0.24519969326862362), np.float64(0.2542282953758522), np.float64(0.26465609240563276), np.float64(0.2739255810264799), np.float64(0.284151681680684), np.float64(0.2932619394660833), np.float64(0.30243535949690126), np.float64(0.3112217664334208), np.float64(0.32025434446637274), np.float64(0.32991661482540685)]","[np.float64(2.118954262172436), np.float64(4.236077893465124), np.float64(6.350961386081211), np.float64(8.454234802769951), np.float64(10.552360504032931), np.float64(12.638471793942534), np.float64(14.710885919579754), np.float64(16.761992584583677), np.float64(18.801381367996907), np.float64(20.81750018180288), np.float64(22.82405872697394), np.float64(24.80802672213387), np.float64(26.775403506192678), np.float64(28.71531676293818), np.float64(30.647079452651603), np.float64(32.56089775288847), np.float64(34.46334814842742), np.float64(36.35334226941874), np.float64(38.20983494126016), np.float64(40.05204159200229), np.float64(41.86712974570471), np.float64(43.66181448604363), np.float64(45.417327085048385), np.float64(47.18146371878403), np.float64(48.91679246317209), np.float64(50.65262921114265), np.float64(52.35778808535549), np.float64(54.05424171468176), np.float64(55.736623699903), np.float64(57.43568830136105), np.float64(59.111212706693394), np.float64(60.75793656896178), np.float64(62.430696930797595), np.float64(64.05679966202317), np.float64(65.70048195863149), np.float64(67.30802985426816), np.float64(68.93360895028665), np.float64(70.54691839806797), np.float64(72.16042333871505), np.float64(73.75708239768487), np.float64(75.32587603403945)]",38142.34148086645,15.178010935482074,-69.9672216088511,16797.390825510025
158,STATE_B_DEFENSE,SPONTANEOUS,6.8,20.0,2513,0.25,690.0,720.0,210.0,325.16129032258067,0.40191006764822923,0.49303621169916434,0.0037287156499121584,True,0.32802017279049706,73.49784239192672,10.0,14.977063939632854,"[np.float64(-0.0005098033112623312), np.float64(0.0008585808921696196), np.float64(0.00031902882743177664), np.float64(0.0022709564821562426), np.float64(0.005886899737867984), np.float64(0.010654194826517959), np.float64(0.01531175362507707), np.float64(0.02069986785525172), np.float64(0.026787878419459163), np.float64(0.0345943076420514), np.float64(0.04168512313736355), np.float64(0.04921142535206401), np.float64(0.05671805259642252), np.float64(0.0649739565859762), np.float64(0.07415447554453829), np.float64(0.0843303227880556), np.float64(0.09343621206000757), np.float64(0.10351858339656353), np.float64(0.1124585069654263), np.float64(0.12228640709150061), np.float64(0.13202078407016932), np.float64(0.14234643869695035), np.float64(0.1547260124422706), np.float64(0.16502566226586446), np.float64(0.17392836257828284), np.float64(0.18318528999278202), np.float64(0.19525725871441624), np.float64(0.20711049708136928), np.float64(0.21652430244585028), np.float64(0.22591736052387754), np.float64(0.23665414256191605), np.float64(0.2479917321835138), np.float64(0.25847322496219993), np.float64(0.26813270558981844), np.float64(0.27752716906548214), np.float64(0.2875207518151354), np.float64(0.29610703390627774), np.float64(0.3076339375757912), np.float64(0.317944764153015), np.float64(0.32802017279049706)]","[np.float64(2.118008337697177), np.float64(4.233119922032566), np.float64(6.351392097322746), np.float64(8.46027253255842), np.float64(10.556315534924563), np.float64(12.637666595925317), np.float64(14.710087902358818), np.float64(16.76709760688647), np.float64(18.80698064973122), np.float64(20.817659102169262), np.float64(22.82135301932339), np.float64(24.806567524005352), np.float64(26.778159478647428), np.float64(28.726021206634215), np.float64(30.646072361233873), np.float64(32.53539742372858), np.float64(34.424618012040945), np.float64(36.282701373845946), np.float64(38.144210029290335), np.float64(39.97560811575589), np.float64(41.793527572696505), np.float64(43.58536623315255), np.float64(45.32160654515382), np.float64(47.082599256338824), np.float64(48.85805181232191), np.float64(50.613212315200926), np.float64(52.29377621563036), np.float64(53.96366689776111), np.float64(55.67427087138696), np.float64(57.37300428291052), np.float64(59.02751501005063), np.float64(60.654225146383496), np.float64(62.28864516391511), np.float64(63.93129478575103), np.float64(65.56920327705873), np.float64(67.18035845397955), np.float64(68.81739439875746), np.float64(70.36512113859052), np.float64(71.93378909716772), np.float64(73.49784239192672)]",37972.69417399191,15.110503053717435,-69.70312466891482,16938.433509230614
159,STATE_B_DEFENSE,SPONTANEOUS,6.8,20.0,2513,0.25,690.0,720.0,210.0,325.16129032258067,0.40191006764822923,0.4942300039793076,-0.014117797574145335,True,0.3286384746701559,73.64782379786627,10.0,14.92130381635134,"[np.float64(-0.0016933273704460463), np.float64(-0.001684608377966369), np.float64(0.0003663057548971326), np.float64(0.003333691760060675), np.float64(0.005850571940145943), np.float64(0.00966172730309276), np.float64(0.014488228981772235), np.float64(0.02140255978787276), np.float64(0.02772457073489995), np.float64(0.033737417429554176), np.float64(0.03993858428589918), np.float64(0.047135149614502894), np.float64(0.05607064301074631), np.float64(0.06505167114817482), np.float64(0.07325729055153239), np.float64(0.08316232502218567), np.float64(0.09307524437016934), np.float64(0.10472716527758105), np.float64(0.11486681219783598), np.float64(0.12445601210530328), np.float64(0.13644914543907777), np.float64(0.1475375213536611), np.float64(0.15887164767685363), np.float64(0.16932767344533886), np.float64(0.17954627173064103), np.float64(0.1896255909579973), np.float64(0.19940443030083096), np.float64(0.20976568479946323), np.float64(0.2204721164791891), np.float64(0.23014573518772102), np.float64(0.2408832376732396), np.float64(0.25131802521760016), np.float64(0.2611230308411271), np.float64(0.2715927205828755), np.float64(0.28204557838895955), np.float64(0.29239062588940656), np.float64(0.30082974640140425), np.float64(0.3096363677906828), np.float64(0.3191088898776477), np.float64(0.3286384746701559)]","[np.float64(2.1240823612704802), np.float64(4.2481461713909665), np.float64(6.365683861170363), np.float64(8.475018068505863), np.float64(10.580510199862033), np.float64(12.672626725680008), np.float64(14.749519531531119), np.float64(16.79944195298616), np.float64(18.841153119722104), np.float64(20.873641546976554), np.float64(22.892444958831533), np.float64(24.887611372838368), np.float64(26.847274712256322), np.float64(28.79028977366208), np.float64(30.728592973501023), np.float64(32.62695539519438), np.float64(34.508591340566255), np.float64(36.34530584916892), np.float64(38.18962964655384), np.float64(40.027834890992615), np.float64(41.806867787724876), np.float64(43.58555424336337), np.float64(45.34333993699315), np.float64(47.10277212055477), np.float64(48.852394668111906), np.float64(50.59079899534035), np.float64(52.32199311009151), np.float64(54.026985974046504), np.float64(55.710544926432725), np.float64(57.4045493020856), np.float64(59.06083385642926), np.float64(60.71129091802937), np.float64(62.36465883426821), np.float64(63.98942975806496), np.float64(65.60238841543513), np.float64(67.206138185235), np.float64(68.84855565182326), np.float64(70.47118473417257), np.float64(72.06553629386278), np.float64(73.64782379786627)]",36852.12231513599,14.664593042234774,-70.33629553159699,16426.008110404015
160,STATE_B_DEFENSE,SPONTANEOUS,6.8,20.0,2513,0.25,690.0,720.0,210.0,325.16129032258067,0.3879824910465579,0.4894548348587346,0.013645039659893419,True,0.332344263022614,73.61627873532493,10.0,15.16832951538633,"[np.float64(-0.00020715359649027692), np.float64(-0.0007720252080451734), np.float64(0.0009860986911630425), np.float64(0.0030546487817314704), np.float64(0.005450312613588972), np.float64(0.009924381895473058), np.float64(0.013506801463226074), np.float64(0.017846858737143905), np.float64(0.02359899927234003), np.float64(0.03068985079057013), np.float64(0.03870763689435827), np.float64(0.047438669171907054), np.float64(0.05579453392565307), np.float64(0.06444142526729901), np.float64(0.07560916832147498), np.float64(0.08396574063365551), np.float64(0.09343773935934818), np.float64(0.10298609800301997), np.float64(0.11447855941125482), np.float64(0.12620444518782012), np.float64(0.13754342266918154), np.float64(0.14961436689044627), np.float64(0.15942487093157687), np.float64(0.1704680436989366), np.float64(0.18132476114248489), np.float64(0.19272014146986402), np.float64(0.20182270366409477), np.float64(0.21223065680076605), np.float64(0.2215377834599067), np.float64(0.23092683613539272), np.float64(0.24176580951639473), np.float64(0.25114882224697704), np.float64(0.26246580360748994), np.float64(0.2735090596374948), np.float64(0.28304210468504465), np.float64(0.29237729913516836), np.float64(0.3014842250186761), np.float64(0.31143051305001196), np.float64(0.3222188477772125), np.float64(0.332344263022614)]","[np.float64(2.124550627039359), np.float64(4.250302109947858), np.float64(6.369851807072393), np.float64(8.484373735761148), np.float64(10.592824930642948), np.float64(12.683202278720529), np.float64(14.77089474188923), np.float64(16.844994121140996), np.float64(18.89729662969771), np.float64(20.92464493556402), np.float64(22.928102781371532), np.float64(24.908010584486338), np.float64(26.876687689240274), np.float64(28.82632301685823), np.float64(30.724590864393065), np.float64(32.64632513608655), np.float64(34.53615532316132), np.float64(36.409069749946255), np.float64(38.23312873409198), np.float64(40.035335672353646), np.float64(41.82706584058791), np.float64(43.588175075953416), np.float64(45.37625262037284), np.float64(47.12523818703849), np.float64(48.862699005965766), np.float64(50.57386773705689), np.float64(52.31974989275731), np.float64(54.02409457145885), np.float64(55.739958705715026), np.float64(57.441693029276465), np.float64(59.096796845949704), np.float64(60.773967559196244), np.float64(62.391614700695754), np.float64(64.002950431133), np.float64(65.64016849103211), np.float64(67.27131812242455), np.float64(68.8976433226988), np.float64(70.49089936932724), np.float64(72.05017372737507), np.float64(73.61627873532493)]",37151.03453847389,14.78353941045519,-72.24694109940901,15920.422744631767
161,STATE_B_DEFENSE,SPONTANEOUS,6.8,20.0,2513,0.25,690.0,720.0,210.0,325.16129032258067,0.40469558296856345,0.4958217270194986,-0.00633175914239096,True,0.32356569294495807,73.65674138399761,10.0,14.897976258914596,"[np.float64(-0.0020138888556005905), np.float64(-0.0022762121681021525), np.float64(-0.0020615289023735877), np.float64(-0.0002337853316020276), np.float64(0.0033403275510944623), np.float64(0.007352476883747108), np.float64(0.014239633117585877), np.float64(0.018228877760447366), np.float64(0.023806626775138146), np.float64(0.031074900248236236), np.float64(0.036247269569411704), np.float64(0.04272539931488919), np.float64(0.05089082103606815), np.float64(0.059971503883209806), np.float64(0.0695450226416694), np.float64(0.07884898790685275), np.float64(0.08817641800124068), np.float64(0.09993237106018703), np.float64(0.11136522621221068), np.float64(0.12198670485227996), np.float64(0.1313973351187577), np.float64(0.1417266166259369), np.float64(0.1526195247371572), np.float64(0.1627924923213904), np.float64(0.17452158865104922), np.float64(0.18332517174188384), np.float64(0.19366489966390307), np.float64(0.20304795048937313), np.float64(0.21360206371633267), np.float64(0.22391238396737104), np.float64(0.23355041377431665), np.float64(0.2447467320525684), np.float64(0.25385406492032614), np.float64(0.2644521982620284), np.float64(0.2734277924825325), np.float64(0.28323062255149983), np.float64(0.29402203922322456), np.float64(0.3034090655277931), np.float64(0.3131457221010479), np.float64(0.32356569294495807)]","[np.float64(2.1206207780504602), np.float64(4.241799076843206), np.float64(6.36201418509755), np.float64(8.474928133259347), np.float64(10.574774891360306), np.float64(12.664433913845976), np.float64(14.724922318967375), np.float64(16.795484756230454), np.float64(18.843379826907874), np.float64(20.863163117961463), np.float64(22.892132268171153), np.float64(24.895538852478705), np.float64(26.86518366251401), np.float64(28.807541866542838), np.float64(30.726775304827424), np.float64(32.63359462486378), np.float64(34.52427182691043), np.float64(36.359238119973675), np.float64(38.181277915386204), np.float64(40.00012986445999), np.float64(41.825099230256704), np.float64(43.618113572713284), np.float64(45.38476708807394), np.float64(47.150401277960306), np.float64(48.86914803075296), np.float64(50.63450369470602), np.float64(52.35375224738583), np.float64(54.080640133721516), np.float64(55.768004626444174), np.float64(57.44752874912722), np.float64(59.13008498457689), np.float64(60.762375180556084), np.float64(62.4332157542157), np.float64(64.05499035761174), np.float64(65.7061685365484), np.float64(67.32485152559988), np.float64(68.90585858570506), np.float64(70.51288580989427), np.float64(72.0996914951038), np.float64(73.65674138399761)]",37068.948090749625,14.750874687922652,-69.65178128890693,16993.015164375305
164,STATE_B_DEFENSE,SPONTANEOUS,6.8,20.0,2513,0.25,690.0,720.0,210.0,325.16129032258067,0.4027059291683247,0.49940310385992837,0.0007904458667733878,True,0.32533004094181406,71.99724440568765,9.75,14.458973990040931,"[np.float64(0.00014779860494487995), np.float64(0.0009824360543904832), np.float64(0.0006254449806089104), np.float64(0.001819347836182432), np.float64(0.004627788912729425), np.float64(0.010148729335296404), np.float64(0.015504291580613285), np.float64(0.020557990236418543), np.float64(0.02699824179551482), np.float64(0.03307893906299133), np.float64(0.04179559200377849), np.float64(0.05058260208204231), np.float64(0.05703619775505601), np.float64(0.06552137173831248), np.float64(0.07601870377372286), np.float64(0.08723723647161002), np.float64(0.09739901317752889), np.float64(0.10854209726050008), np.float64(0.11793201625759055), np.float64(0.1289490774794956), np.float64(0.1398851557638883), np.float64(0.15183114242111456), np.float64(0.16181182751460585), np.float64(0.17212013026706072), np.float64(0.18263006350637512), np.float64(0.19415408503113873), np.float64(0.20547241078002848), np.float64(0.21573237409748308), np.float64(0.22707696374372188), np.float64(0.23588858901615928), np.float64(0.2465419823102493), np.float64(0.2562464473166465), np.float64(0.2661597222371705), np.float64(0.2774073384447144), np.float64(0.2872614583095809), np.float64(0.29635164681110426), np.float64(0.30605428286311576), np.float64(0.31521320354090665), np.float64(0.32533004094181406)]","[np.float64(2.125108934020684), np.float64(4.2484455438469135), np.float64(6.3738049962545675), np.float64(8.493341229106619), np.float64(10.601826669650515), np.float64(12.687377972328507), np.float64(14.762858164027953), np.float64(16.830012251650654), np.float64(18.87430410464181), np.float64(20.90963899764007), np.float64(22.904178317103696), np.float64(24.881664656591386), np.float64(26.872725207133815), np.float64(28.82439774492397), np.float64(30.732269826018847), np.float64(32.611525330477264), np.float64(34.48894641135238), np.float64(36.33370608768873), np.float64(38.19083841864323), np.float64(40.004247720887946), np.float64(41.80247872064346), np.float64(43.565385498050865), np.float64(45.34957570333046), np.float64(47.112751424191245), np.float64(48.85722992191907), np.float64(50.565749914761426), np.float64(52.26349096738214), np.float64(53.969988957868736), np.float64(55.63849643024966), np.float64(57.35151335694387), np.float64(59.009444695235395), np.float64(60.67724360595019), np.float64(62.32796990035269), np.float64(63.933356050697355), np.float64(65.56135939684478), np.float64(67.19769522258697), np.float64(68.80728139129558), np.float64(70.4204515164176), np.float64(71.99724440568765)]",35788.64217773272,14.241401582862204,-71.81711869267747,17184.39675939083
162,STATE_B_DEFENSE,SPONTANEOUS,6.8,20.0,2513,0.25,690.0,720.0,210.0,325.16129032258067,0.39315559092717867,0.49462793473935535,-0.005920005172890864,True,0.32502480065266376,73.71293364120237,10.0,14.810818060274169,"[np.float64(-0.0007940610306073351), np.float64(0.00024879780552171144), np.float64(0.0007694900659742731), np.float64(0.0025573578165096534), np.float64(0.006352604073718746), np.float64(0.009968597108208778), np.float64(0.014664744146538369), np.float64(0.019698230651435056), np.float64(0.026114473140544655), np.float64(0.032931975191932736), np.float64(0.03954943836583262), np.float64(0.04816751100774686), np.float64(0.05546168498722865), np.float64(0.06344235754889528), np.float64(0.07275713929302811), np.float64(0.08217295416436009), np.float64(0.09130259945006826), np.float64(0.10115663424797601), np.float64(0.11225563498283818), np.float64(0.1221307995794515), np.float64(0.13142458158770923), np.float64(0.14326849534253594), np.float64(0.15342839215088377), np.float64(0.16420203349973658), np.float64(0.1765225134611795), np.float64(0.18927424724738698), np.float64(0.198177777839896), np.float64(0.2076371216506719), np.float64(0.2192185101743208), np.float64(0.22980872324431978), np.float64(0.23929958570997553), np.float64(0.24844732732680588), np.float64(0.25667891105339974), np.float64(0.26646606221817015), np.float64(0.27612455440837635), np.float64(0.28540914140387347), np.float64(0.296093536577022), np.float64(0.3048476223499201), np.float64(0.3145849769187823), np.float64(0.32502480065266376)]","[np.float64(2.1221115277727667), np.float64(4.242009966263903), np.float64(6.361359421456326), np.float64(8.47424634852769), np.float64(10.572814799166384), np.float64(12.66464506849156), np.float64(14.741187243236254), np.float64(16.805439008263594), np.float64(18.846916684083848), np.float64(20.871797239141976), np.float64(22.885785281542248), np.float64(24.863462398929787), np.float64(26.842182452936964), np.float64(28.798294346537055), np.float64(30.72106450511119), np.float64(32.62626449908121), np.float64(34.52009914924083), np.float64(36.38678319987114), np.float64(38.21615603713057), np.float64(40.05013295579838), np.float64(41.87956842721886), np.float64(43.64598215284351), np.float64(45.428482010123275), np.float64(47.183784626169505), np.float64(48.891751478001396), np.float64(50.574086674227715), np.float64(52.32374756395931), np.float64(54.04873228971818), np.float64(55.712536553944304), np.float64(57.38497251823082), np.float64(59.07030992363109), np.float64(60.75199922266007), np.float64(62.44497330121487), np.float64(64.08816645883478), np.float64(65.72297587491231), np.float64(67.35619050454466), np.float64(68.94126683143382), np.float64(70.56663448490475), np.float64(72.1549254799846), np.float64(73.71293364120237)]",36334.70828581609,14.458698084288136,-71.69897474674508,16066.67456483841
165,STATE_B_DEFENSE,SPONTANEOUS,6.8,20.0,2513,0.25,690.0,720.0,210.0,325.16129032258067,0.3939514524472742,0.4974134500596896,-0.0016397344984729605,True,0.3311349909722449,73.60814681223387,10.0,14.988510907971428,"[np.float64(-0.0019467253580781661), np.float64(-0.0016172050927457733), np.float64(0.001608613418448084), np.float64(0.003611939024325031), np.float64(0.007916226671365014), np.float64(0.013663430660402336), np.float64(0.018500545725219933), np.float64(0.024199785519731194), np.float64(0.030498843983833616), np.float64(0.038392356386638495), np.float64(0.04430995739494526), np.float64(0.05028763474050364), np.float64(0.05700378097915732), np.float64(0.06499981860734133), np.float64(0.07515494164336611), np.float64(0.08485454697494811), np.float64(0.09599693308760428), np.float64(0.10543605217371116), np.float64(0.11473258306092356), np.float64(0.12554789696646046), np.float64(0.13687980328146507), np.float64(0.14934744093832436), np.float64(0.15890481060445139), np.float64(0.16972066013018536), np.float64(0.1796285460985567), np.float64(0.1902338768134536), np.float64(0.20074703524796092), np.float64(0.21068795522489642), np.float64(0.2223482035436013), np.float64(0.23176998512393168), np.float64(0.24272969838781122), np.float64(0.253787321053866), np.float64(0.2636871796465954), np.float64(0.2732972953548981), np.float64(0.28219470115492096), np.float64(0.29168867084947364), np.float64(0.30158385220937733), np.float64(0.311399780137843), np.float64(0.32095496079942143), np.float64(0.3311349909722449)]","[np.float64(2.125201337011142), np.float64(4.249701184868504), np.float64(6.364278437908871), np.float64(8.477231128950436), np.float64(10.573888541377231), np.float64(12.652644424950621), np.float64(14.726323934797898), np.float64(16.783193012465848), np.float64(18.82329711573022), np.float64(20.835129354443513), np.float64(22.853615592534855), np.float64(24.860168174126965), np.float64(26.846150734920066), np.float64(28.802501717694433), np.float64(30.71373789683754), np.float64(32.614533295872945), np.float64(34.476343124807414), np.float64(36.34817709495383), np.float64(38.20719858048936), np.float64(40.02441082551066), np.float64(41.81566054120299), np.float64(43.56863529013285), np.float64(45.360819875888616), np.float64(47.11368823873983), np.float64(48.870222271945075), np.float64(50.59809158739073), np.float64(52.3136406806469), np.float64(54.02799647788062), np.float64(55.6900324599345), np.float64(57.38962520242196), np.float64(59.040536832752174), np.float64(60.67572633645756), np.float64(62.32626365899201), np.float64(63.97215063011189), np.float64(65.62480076135154), np.float64(67.25127430552706), np.float64(68.85612692237993), np.float64(70.45194473969468), np.float64(72.04395467969422), np.float64(73.60814681223387)]",36609.967962379786,14.568232376593627,-72.05173883400857,15873.848082780838
163,STATE_B_DEFENSE,SPONTANEOUS,6.8,20.0,2513,0.25,690.0,720.0,210.0,325.16129032258067,0.40907282132908873,0.49462793473935535,-0.020903769783133574,True,0.3252437385208732,75.28755590828716,10.25,15.216732461256937,"[np.float64(-0.0006623217697686665), np.float64(-0.0006637446102400169), np.float64(0.00026516144873534145), np.float64(0.0021426246675929762), np.float64(0.006120281855967237), np.float64(0.009760275405578733), np.float64(0.013430323911973956), np.float64(0.017709909917428764), np.float64(0.023450553874226034), np.float64(0.029125966396153894), np.float64(0.036305158968393376), np.float64(0.043074398257899014), np.float64(0.05008964110849683), np.float64(0.0589475191096602), np.float64(0.06749551322306514), np.float64(0.07668382631587148), np.float64(0.08508704634145567), np.float64(0.09435385769227042), np.float64(0.10422798042885659), np.float64(0.1142993582187431), np.float64(0.12592964790296082), np.float64(0.13658539064221129), np.float64(0.14574285582124433), np.float64(0.15755740605025426), np.float64(0.16850742914129802), np.float64(0.1786231449843146), np.float64(0.18943372325745), np.float64(0.19892979309085967), np.float64(0.2085987824080079), np.float64(0.2199537211214269), np.float64(0.22956084622091916), np.float64(0.23997989464914665), np.float64(0.2509074736995862), np.float64(0.26159060206142565), np.float64(0.27128119720129173), np.float64(0.2786924124309873), np.float64(0.2875459460264372), np.float64(0.296431214903815), np.float64(0.3076688845393556), np.float64(0.31595966219237065), np.float64(0.3252437385208732)]","[np.float64(2.114613942888945), np.float64(4.229230896533491), np.float64(6.340900023024779), np.float64(8.446610082279232), np.float64(10.537371094809084), np.float64(12.622033607262269), np.float64(14.699017768755759), np.float64(16.763519644097226), np.float64(18.80599425926548), np.float64(20.837852248393585), np.float64(22.842102578318784), np.float64(24.837668448098036), np.float64(26.817444321307747), np.float64(28.759282012768917), np.float64(30.689898516707395), np.float64(32.59591003542271), np.float64(34.49878931044861), np.float64(36.37314391575973), np.float64(38.221827624866656), np.float64(40.05126871608657), np.float64(41.83607083266501), np.float64(43.62233097503914), np.float64(45.422546637603716), np.float64(47.15493984775937), np.float64(48.889038059127486), np.float64(50.62593856872693), np.float64(52.333630384422534), np.float64(54.0565565828779), np.float64(55.76274497093728), np.float64(57.416511096440026), np.float64(59.09815240784256), np.float64(60.7477055252974), np.float64(62.371841801588666), np.float64(63.98923481724531), np.float64(65.61973239918211), np.float64(67.29870062636365), np.float64(68.92988891893148), np.float64(70.54984751916993), np.float64(72.09463284911011), np.float64(73.70991751369182), np.float64(75.28755590828716)]",37967.652223868725,15.108496706672792,-66.4708682866767,16734.163653731346
166,STATE_B_DEFENSE,SPONTANEOUS,6.8,20.0,2513,0.25,690.0,720.0,210.0,325.16129032258067,0.3911659371269399,0.4970155192996419,-0.019389300829930435,True,0.3274669857624523,73.69626735117804,10.0,14.921902061454867,"[np.float64(-0.001060673140434338), np.float64(-0.0003014080034230299), np.float64(0.0005057317195914852), np.float64(0.004871667633391479), np.float64(0.00844451832371664), np.float64(0.01223697212476691), np.float64(0.017351677907942894), np.float64(0.022730678387242038), np.float64(0.02841303509477211), np.float64(0.03566953526131998), np.float64(0.04288022789334495), np.float64(0.048716346528471254), np.float64(0.055062166689730255), np.float64(0.06440722975963567), np.float64(0.07348074560413989), np.float64(0.0831490137747397), np.float64(0.09279155126576388), np.float64(0.10331453007254153), np.float64(0.11390291138126797), np.float64(0.12385007572222202), np.float64(0.1351241710987613), np.float64(0.14386265096263814), np.float64(0.15434864377914553), np.float64(0.1665771979906022), np.float64(0.17663077771917482), np.float64(0.1869056925720878), np.float64(0.19686474949529406), np.float64(0.20682848752510796), np.float64(0.21724736186932975), np.float64(0.2280010632112829), np.float64(0.23821503528612983), np.float64(0.24741847163236425), np.float64(0.25726172520249574), np.float64(0.2670945743984698), np.float64(0.2776227695256127), np.float64(0.2865731409518711), np.float64(0.29721183028192644), np.float64(0.3084820618418275), np.float64(0.31712454668919343), np.float64(0.3274669857624523)]","[np.float64(2.1238694079472027), np.float64(4.246125443311419), np.float64(6.366618533508091), np.float64(8.470363643300777), np.float64(10.56918170837479), np.float64(12.6592366141535), np.float64(14.731936970936717), np.float64(16.792165665566678), np.float64(18.838923737502963), np.float64(20.85867724875188), np.float64(22.86508568764689), np.float64(24.87422693707291), np.float64(26.865918456027178), np.float64(28.80523964883425), np.float64(30.732047404190332), np.float64(32.63422047550949), np.float64(34.52054328075449), np.float64(36.376440575932435), np.float64(38.2144221035126), np.float64(40.04729353217774), np.float64(41.84031773473106), np.float64(43.664963943091514), np.float64(45.4419231025577), np.float64(47.16847821529068), np.float64(48.92347211504544), np.float64(50.659699170436724), np.float64(52.3888169188183), np.float64(54.104404289191265), np.float64(55.79636952736696), np.float64(57.467095586869576), np.float64(59.13723598302542), np.float64(60.81927767209398), np.float64(62.473876905945076), np.float64(64.11678926282505), np.float64(65.73006893278605), np.float64(67.37249415335582), np.float64(68.9594261241818), np.float64(70.51752723625272), np.float64(72.13541757576417), np.float64(73.69626735117804)]",36084.34213342081,14.359069690975254,-71.83218080643564,16014.886313319206
167,STATE_B_DEFENSE,SPONTANEOUS,6.8,20.0,2513,0.25,690.0,720.0,210.0,325.16129032258067,0.405491444488659,0.49383207321925987,0.004996945323316324,True,0.32738635902072216,73.7138997577073,10.0,14.782494504967364,"[np.float64(-0.0013540816554827144), np.float64(-0.0014991925986400248), np.float64(0.0010710102099841278), np.float64(0.003909856598559808), np.float64(0.007538761909924654), np.float64(0.012054086698445694), np.float64(0.017053857232926323), np.float64(0.023079577318004224), np.float64(0.029565704102172494), np.float64(0.03399865171654914), np.float64(0.04099614414790217), np.float64(0.04972643537652138), np.float64(0.057908183749696106), np.float64(0.06761131193942216), np.float64(0.07628867599226119), np.float64(0.08495029781565196), np.float64(0.09452949768281158), np.float64(0.10496420459822271), np.float64(0.11525129932267872), np.float64(0.1256109043263359), np.float64(0.13459052651279096), np.float64(0.14561901693112844), np.float64(0.15819498787319955), np.float64(0.17030511453740202), np.float64(0.1794645331918017), np.float64(0.18913472446213983), np.float64(0.1989757733488106), np.float64(0.2093784798736297), np.float64(0.22089508749581743), np.float64(0.2310717460586153), np.float64(0.24130071234755282), np.float64(0.2520250480821278), np.float64(0.26112819108278573), np.float64(0.2726456125457013), np.float64(0.28278583758013015), np.float64(0.29174846208064387), np.float64(0.29985416304677504), np.float64(0.3093126697957389), np.float64(0.3191239432649461), np.float64(0.32738635902072216)]","[np.float64(2.124625090233863), np.float64(4.249558938505555), np.float64(6.36615024143529), np.float64(8.476190400953303), np.float64(10.576140076401293), np.float64(12.663024888182925), np.float64(14.737171444909883), np.float64(16.79280909422578), np.float64(18.832307952185253), np.float64(20.87988417835848), np.float64(22.890548338230378), np.float64(24.867449831354712), np.float64(26.835360597195418), np.float64(28.76799031392049), np.float64(30.698343766506415), np.float64(32.61392983174432), np.float64(34.500330679082566), np.float64(36.356868718498625), np.float64(38.19929111296024), np.float64(40.024316241209476), np.float64(41.85889790940654), np.float64(43.64059319916704), np.float64(45.37588065837555), np.float64(47.10312943508201), np.float64(48.874872465484074), np.float64(50.622768068072446), np.float64(52.35360979744999), np.float64(54.05862370739358), np.float64(55.724591858729184), np.float64(57.40736909879959), np.float64(59.0760246509321), np.float64(60.71996899063206), np.float64(62.39106434247013), np.float64(63.99016739363184), np.float64(65.61135964515094), np.float64(67.25144119819369), np.float64(68.90369008880185), np.float64(70.50988119550198), np.float64(72.0957853329645), np.float64(73.7138997577073)]",36593.17692961872,14.56155070816503,-78.47630286822096,17473.01769196987
168,STATE_B_DEFENSE,SPONTANEOUS,6.8,20.0,2513,0.25,690.0,720.0,210.0,325.16129032258067,0.40509351372861124,0.4926382809391166,-0.01727065751684208,True,0.326933133572368,73.61237543973137,10.0,15.03567653502322,"[np.float64(-0.0013403577796899015), np.float64(-0.0010678847076806995), np.float64(-0.00028154633698837463), np.float64(0.001620625502043188), np.float64(0.005843912211580917), np.float64(0.010170617821512332), np.float64(0.01426231473042362), np.float64(0.01856911848434806), np.float64(0.024155963693738174), np.float64(0.029759810558524762), np.float64(0.03727478713014029), np.float64(0.045843399392958985), np.float64(0.05356144284424551), np.float64(0.06113061895420352), np.float64(0.06923550278326708), np.float64(0.07783701933611882), np.float64(0.08668153193070484), np.float64(0.09681878819814474), np.float64(0.10739004361805594), np.float64(0.11773100214369897), np.float64(0.12864099273552063), np.float64(0.14069716931595982), np.float64(0.1514697943940841), np.float64(0.16308070261829688), np.float64(0.1745664434207899), np.float64(0.18541467062366723), np.float64(0.19732322990012693), np.float64(0.20794880643640007), np.float64(0.2181441441003406), np.float64(0.2291328074971995), np.float64(0.23924941342307596), np.float64(0.24866811161157937), np.float64(0.25884897231069715), np.float64(0.26935415275537594), np.float64(0.2790742832333276), np.float64(0.28797206805938724), np.float64(0.29647192510256815), np.float64(0.30702373517544973), np.float64(0.3179744088345591), np.float64(0.326933133572368)]","[np.float64(2.1213220714745185), np.float64(4.242065482444758), np.float64(6.360595252677619), np.float64(8.472736930601908), np.float64(10.568663462125452), np.float64(12.6552067486141), np.float64(14.734596782214604), np.float64(16.80390025470514), np.float64(18.85275487032529), np.float64(20.89043057285105), np.float64(22.896080045264252), np.float64(24.87501071904227), np.float64(26.849041027392104), np.float64(28.811042490015723), np.float64(30.751756997219587), np.float64(32.67072673922153), np.float64(34.57109524584176), np.float64(36.43513851561097), np.float64(38.275304472304754), np.float64(40.10298571692133), np.float64(41.90412196746969), np.float64(43.666950045499185), np.float64(45.43776085453336), np.float64(47.176061079182986), np.float64(48.90086873087533), np.float64(50.62366219650839), np.float64(52.30863898456983), np.float64(54.00688480143394), np.float64(55.701131499001065), np.float64(57.363707112256954), np.float64(59.03338590695023), np.float64(60.70742727939808), np.float64(62.350865370121234), np.float64(63.97390680982553), np.float64(65.60478569537302), np.float64(67.24571859097672), np.float64(68.88672310801678), np.float64(70.46236566775741), np.float64(72.01558263027707), np.float64(73.61237543973137)]",37009.629570309226,14.727270023998896,-68.09741464816034,17010.028797626495
169,STATE_B_DEFENSE,SPONTANEOUS,6.8,20.0,2513,0.25,690.0,720.0,210.0,325.16129032258067,0.3895742140867489,0.49303621169916434,-0.012670111589107845,True,0.3287892165021247,73.6648708128167,10.0,15.161789315829138,"[np.float64(-0.001595064976092731), np.float64(-0.0016178212670036047), np.float64(0.0004669708047426941), np.float64(0.002552938924488018), np.float64(0.004056012294774974), np.float64(0.007345873773892402), np.float64(0.011338963780679718), np.float64(0.01645596663724081), np.float64(0.021507872179595794), np.float64(0.02887735132941063), np.float64(0.03698707459428787), np.float64(0.045161909100278445), np.float64(0.052863594449463654), np.float64(0.06251146606080166), np.float64(0.0709032880934621), np.float64(0.08018120987879077), np.float64(0.09070048008348758), np.float64(0.10110767897669179), np.float64(0.11138194871236236), np.float64(0.12048503931197764), np.float64(0.1308574600003879), np.float64(0.14228334708338322), np.float64(0.15355296008290367), np.float64(0.16423793933804756), np.float64(0.17414539333339812), np.float64(0.18418769869091492), np.float64(0.19478043844370607), np.float64(0.20625821945269215), np.float64(0.21697860032436594), np.float64(0.22754011906431018), np.float64(0.2389713725960752), np.float64(0.24869884808271026), np.float64(0.2600483926614421), np.float64(0.27044511763447454), np.float64(0.28108536824272895), np.float64(0.2896822708227488), np.float64(0.298707088839452), np.float64(0.3087800519777315), np.float64(0.3195054400362395), np.float64(0.3287892165021247)]","[np.float64(2.1245899766409084), np.float64(4.249228379138276), np.float64(6.367198138365592), np.float64(8.48076095155056), np.float64(10.593013397615133), np.float64(12.690841853872984), np.float64(14.776723875176996), np.float64(16.845123135995937), np.float64(18.903844589911444), np.float64(20.928913553540617), np.float64(22.931607582911397), np.float64(24.918273429233114), np.float64(26.895881677987113), np.float64(28.83299194982799), np.float64(30.771213307289653), np.float64(32.68136303348747), np.float64(34.55609481727885), np.float64(36.41548489004425), np.float64(38.26048045766747), np.float64(40.11025770564782), np.float64(41.92217907970087), np.float64(43.69827021352204), np.float64(45.46085032935126), np.float64(47.2192250897013), np.float64(48.978734208504285), np.float64(50.72143862525681), np.float64(52.4382512592007), np.float64(54.12107025458675), np.float64(55.806529429435784), np.float64(57.48200326830825), np.float64(59.12341969702672), np.float64(60.79244499761105), np.float64(62.409228700605404), np.float64(64.03677478081765), np.float64(65.64588333719959), np.float64(67.29605774860556), np.float64(68.92465584698753), np.float64(70.51455197050055), np.float64(72.07547318074826), np.float64(73.6648708128167)]",37007.86835778979,14.72656918336243,-73.26375929825008,15896.233174681664
170,STATE_B_DEFENSE,SPONTANEOUS,6.8,20.0,2513,0.25,690.0,720.0,210.0,325.16129032258067,0.4058893752487067,0.4970155192996419,-0.007100699516369449,True,0.33285803990545837,73.62286732433981,10.0,15.222036508368376,"[np.float64(-8.4928172705372e-06), np.float64(0.0011275613381246648), np.float64(0.0015847295238559582), np.float64(0.003445334692666841), np.float64(0.005616043697112498), np.float64(0.009475268104213539), np.float64(0.014248169049403478), np.float64(0.020466662889065113), np.float64(0.026741624206692797), np.float64(0.03296031370305478), np.float64(0.04130838949069544), np.float64(0.048553815259040255), np.float64(0.05618763920321438), np.float64(0.06444553876451259), np.float64(0.07388248598663048), np.float64(0.08445457797550551), np.float64(0.0945918108233955), np.float64(0.1047537186295823), np.float64(0.11566940000118159), np.float64(0.12450906689264617), np.float64(0.1355353034087046), np.float64(0.1464424844677018), np.float64(0.1558981644057171), np.float64(0.16567818738505413), np.float64(0.17694673579545903), np.float64(0.18798798605781775), np.float64(0.19863501427045327), np.float64(0.20858564256846707), np.float64(0.21907482701961498), np.float64(0.2310728039461596), np.float64(0.24133420643913397), np.float64(0.25254616578160255), np.float64(0.2623957625327827), np.float64(0.27344405522099996), np.float64(0.28356113440524766), np.float64(0.29447860501526724), np.float64(0.3040171218366491), np.float64(0.31299606417210907), np.float64(0.32246491445736336), np.float64(0.33285803990545837)]","[np.float64(2.124939298481413), np.float64(4.247466585295505), np.float64(6.369745661314352), np.float64(8.485116635549776), np.float64(10.594942199933556), np.float64(12.689604686827577), np.float64(14.76966374550123), np.float64(16.828106831550897), np.float64(18.87368095163108), np.float64(20.907536617122247), np.float64(22.905917156246325), np.float64(24.901790086547432), np.float64(26.879271638702875), np.float64(28.83440517793516), np.float64(30.757962528410253), np.float64(32.648180560674795), np.float64(34.52768876491848), np.float64(36.390200904765734), np.float64(38.22350641465004), np.float64(40.076814936270935), np.float64(41.87585222124541), np.float64(43.660753771171784), np.float64(45.45825214107967), np.float64(47.23529053768372), np.float64(48.96731469363469), np.float64(50.68879975544179), np.float64(52.40406399613984), np.float64(54.120774151642095), np.float64(55.811989049766915), np.float64(57.45450274570034), np.float64(59.12375606686073), np.float64(60.757205656615774), np.float64(62.410959587812734), np.float64(64.0226529112178), np.float64(65.6454227302586), np.float64(67.23567148384083), np.float64(68.85012949046276), np.float64(70.46875012997889), np.float64(72.06380873014102), np.float64(73.62286732433981)]",37236.77398439581,14.817657773336972,-71.49006251478568,17098.222305893898
171,STATE_B_DEFENSE,SPONTANEOUS,6.8,20.0,2513,0.25,690.0,720.0,210.0,325.16129032258067,0.39594110624751294,0.4934341424592121,-0.0038848766070732747,True,0.32779703060411336,73.72559069361128,10.0,14.757086284413685,"[np.float64(-0.0010083537209040004), np.float64(-0.00014922297853989515), np.float64(0.0014342111302929827), np.float64(0.0027193853227442913), np.float64(0.006989941241979814), np.float64(0.011797214878950918), np.float64(0.01724428348494464), np.float64(0.022597510265900046), np.float64(0.029373902823293774), np.float64(0.03691483379054449), np.float64(0.04477109451467003), np.float64(0.05323738468733378), np.float64(0.061514625450093584), np.float64(0.06924777380340388), np.float64(0.07863301553405613), np.float64(0.08827908477551626), np.float64(0.09808016608729181), np.float64(0.10657586231903031), np.float64(0.11570994819542278), np.float64(0.12579602425903008), np.float64(0.1377368589534077), np.float64(0.14959495449629495), np.float64(0.16001606381335884), np.float64(0.16923220630248165), np.float64(0.18088221199148577), np.float64(0.19178564624814323), np.float64(0.20264768216639828), np.float64(0.21246288890707965), np.float64(0.22415894977034523), np.float64(0.2317549501095876), np.float64(0.2412746286758372), np.float64(0.2504714354510887), np.float64(0.26028580752958674), np.float64(0.26940644859966384), np.float64(0.27768759397099657), np.float64(0.28722761656434886), np.float64(0.29702898876992745), np.float64(0.3079385253322497), np.float64(0.3177300917661432), np.float64(0.32779703060411336)]","[np.float64(2.1249229531721587), np.float64(4.2480196548599105), np.float64(6.366989869982829), np.float64(8.483877749307718), np.float64(10.582336181612577), np.float64(12.668600079614446), np.float64(14.740408765080053), np.float64(16.802029293038345), np.float64(18.839963135984934), np.float64(20.857035115935325), np.float64(22.856315745867608), np.float64(24.83374567155001), np.float64(26.798129238382646), np.float64(28.754973676511796), np.float64(30.674572612266402), np.float64(32.57421491124873), np.float64(34.45529826769252), np.float64(36.34176575641751), np.float64(38.20340427410899), np.float64(40.03356412689735), np.float64(41.81407527750105), np.float64(43.578710207034455), np.float64(45.354454766154475), np.float64(47.13950014283201), np.float64(48.86082935632089), np.float64(50.58227853832004), np.float64(52.290003499883966), np.float64(54.00673468629398), np.float64(55.66769100450162), np.float64(57.40942705378236), np.float64(59.09515424858409), np.float64(60.7767127532061), np.float64(62.43146601398739), np.float64(64.09183160974838), np.float64(65.76272813969123), np.float64(67.39054094497966), np.float64(69.00030314189617), np.float64(70.56901353721047), np.float64(72.15650531029739), np.float64(73.72559069361128)]",35979.46478103287,14.317335766427723,-72.60028273938224,16426.434757232666
172,STATE_B_DEFENSE,SPONTANEOUS,6.8,20.0,2513,0.25,690.0,720.0,210.0,325.16129032258067,0.40151213688818144,0.4882610425785913,0.013978571565277329,True,0.3298116899928619,73.55259851280319,10.0,15.205302449886034,"[np.float64(-0.0006179904359574704), np.float64(0.000215944734074093), np.float64(0.0004937079336561358), np.float64(0.003555763720304069), np.float64(0.006123767694223129), np.float64(0.009356923175394941), np.float64(0.014099382907875142), np.float64(0.018877522189583454), np.float64(0.02422552332744721), np.float64(0.031251640532587194), np.float64(0.03825516079168942), np.float64(0.04515616598300384), np.float64(0.053460724108373894), np.float64(0.06125250606567266), np.float64(0.07018717008469696), np.float64(0.07963891043236494), np.float64(0.08944562465780716), np.float64(0.09940306050538476), np.float64(0.10877731611237604), np.float64(0.11838147503500059), np.float64(0.12953347402207346), np.float64(0.14005482617166853), np.float64(0.1508886539098799), np.float64(0.16230845772485789), np.float64(0.1733890498862681), np.float64(0.18553020714748822), np.float64(0.19668379483801898), np.float64(0.2076920884688799), np.float64(0.21799898284343547), np.float64(0.22768655493111442), np.float64(0.23727704300204347), np.float64(0.24780892233114665), np.float64(0.258626620128785), np.float64(0.2699992074205971), np.float64(0.280463377867057), np.float64(0.2913816753406602), np.float64(0.3000521306157816), np.float64(0.3088356020346156), np.float64(0.32004467432244693), np.float64(0.3298116899928619)]","[np.float64(2.121130255061065), np.float64(4.2404916381227675), np.float64(6.359854442420134), np.float64(8.466859220790361), np.float64(10.570058777803212), np.float64(12.663739536357213), np.float64(14.739775980123088), np.float64(16.805912521411287), np.float64(18.85722637313827), np.float64(20.880975124974988), np.float64(22.891472945730445), np.float64(24.889934558720075), np.float64(26.857604874699312), np.float64(28.81719952575626), np.float64(30.746415455900042), np.float64(32.65230321412395), np.float64(34.5365732349785), np.float64(36.40215851830489), np.float64(38.26172421113915), np.float64(40.10219232798533), np.float64(41.89892148865585), np.float64(43.69109349851896), np.float64(45.46155472758114), np.float64(47.204526420382436), np.float64(48.93866244683466), np.float64(50.63492115841731), np.float64(52.33679953197989), np.float64(54.02726997058456), np.float64(55.7195547456682), np.float64(57.41304844771374), np.float64(59.0964398732589), np.float64(60.744790308243196), np.float64(62.37328042091876), np.float64(63.974999963814604), np.float64(65.58696968439187), np.float64(67.17509561300893), np.float64(68.81045706653066), np.float64(70.43266947148811), np.float64(71.97859988991291), np.float64(73.55259851280319)]",37621.781476148775,14.970864097154308,-72.45734865078703,17466.306055784225
173,STATE_B_DEFENSE,SPONTANEOUS,6.8,20.0,2513,0.25,690.0,720.0,210.0,325.16129032258067,0.40310385992837244,0.4950258654994031,-0.011042431724158183,True,0.32712102192893644,75.3471820861818,10.25,15.22832302254018,"[np.float64(-0.0018062769172615132), np.float64(-0.0008078698494639935), np.float64(0.00022877010740082583), np.float64(0.0015614753660489985), np.float64(0.004906519058953609), np.float64(0.008712310437760058), np.float64(0.012646090949257468), np.float64(0.017127771053860368), np.float64(0.022948252993147594), np.float64(0.028403443487898063), np.float64(0.03536555743955241), np.float64(0.042189404807668786), np.float64(0.05141871521691692), np.float64(0.05936333520997701), np.float64(0.06766078182124688), np.float64(0.0763669630559238), np.float64(0.08686437884946686), np.float64(0.09778920717220231), np.float64(0.10857340607868698), np.float64(0.11984094095773508), np.float64(0.13050358089217995), np.float64(0.140869749750158), np.float64(0.15200428598145022), np.float64(0.16350778705804908), np.float64(0.1728258667921556), np.float64(0.18378445105850916), np.float64(0.19401047211366773), np.float64(0.20389736894148924), np.float64(0.21423506271480305), np.float64(0.22401790346716485), np.float64(0.23366219502590366), np.float64(0.2436573306258491), np.float64(0.2523201181225056), np.float64(0.26088755771704475), np.float64(0.2702588388807626), np.float64(0.2801796708334765), np.float64(0.2908918065367545), np.float64(0.30116307032762574), np.float64(0.3099610182682921), np.float64(0.3175736489527934), np.float64(0.32712102192893644)]","[np.float64(2.119000235718574), np.float64(4.235882606911402), np.float64(6.350530496187187), np.float64(8.461738659243728), np.float64(10.55955447159232), np.float64(12.647538560225446), np.float64(14.726773828343436), np.float64(16.793478136726595), np.float64(18.8388374677096), np.float64(20.87645055569407), np.float64(22.88675658595248), np.float64(24.88549830899786), np.float64(26.84070525763849), np.float64(28.79678401564214), np.float64(30.733571812598164), np.float64(32.64962708290306), np.float64(34.522295529382674), np.float64(36.370682360051575), np.float64(38.20408435197676), np.float64(40.01199882951468), np.float64(41.814002982766546), np.float64(43.60568072984326), np.float64(45.36691114814859), np.float64(47.10478402454772), np.float64(48.87217453196044), np.float64(50.591255200734444), np.float64(52.31161385503732), np.float64(54.0258639991522), np.float64(55.71665501952186), np.float64(57.407124256354614), np.float64(59.08836704239339), np.float64(60.74884616596678), np.float64(62.430193852914805), np.float64(64.1031188088355), np.float64(65.74464033985413), np.float64(67.36052446617067), np.float64(68.94380116494874), np.float64(70.52712080874554), np.float64(72.13961882897661), np.float64(73.77529646603135), np.float64(75.3471820861818)]",37357.539076274195,14.865713918135373,-75.31171085126698,16376.308296561241
174,STATE_B_DEFENSE,SPONTANEOUS,6.8,20.0,2513,0.25,690.0,720.0,210.0,325.16129032258067,0.408674890569041,0.49900517309988063,0.007977171767351196,True,0.33257316497891853,73.55959540192283,10.0,15.278082293567952,"[np.float64(-0.000441827552439261), np.float64(0.0005588977038292797), np.float64(0.0010668638617554649), np.float64(0.0028653897556175697), np.float64(0.005717585527722403), np.float64(0.009634977036124195), np.float64(0.015016002577845775), np.float64(0.019542617017936713), np.float64(0.025064378168225092), np.float64(0.03175014782121302), np.float64(0.03963267015356765), np.float64(0.048417244395131225), np.float64(0.05524686233084595), np.float64(0.06464279449079083), np.float64(0.07280519718379837), np.float64(0.08223491853430248), np.float64(0.09114354507556513), np.float64(0.10223482377482926), np.float64(0.11188480961937632), np.float64(0.12143415769337845), np.float64(0.1314822070262766), np.float64(0.1412466825824824), np.float64(0.15376644691142266), np.float64(0.1648254396263402), np.float64(0.17675275604327784), np.float64(0.18760484657835508), np.float64(0.19806542849768638), np.float64(0.20875917066366986), np.float64(0.2212694501632712), np.float64(0.23266052441315743), np.float64(0.24223294311803817), np.float64(0.25238725302952497), np.float64(0.261226569595709), np.float64(0.27166261543716547), np.float64(0.2813038630801572), np.float64(0.2906003561705415), np.float64(0.30163168518441746), np.float64(0.31147108290539266), np.float64(0.3219246172666422), np.float64(0.33257316497891853)]","[np.float64(2.123346325709888), np.float64(4.244568420775699), np.float64(6.3652370767178565), np.float64(8.479369130994526), np.float64(10.584171162624786), np.float64(12.676341448310067), np.float64(14.749811410712914), np.float64(16.819464598948368), np.float64(18.870865130542303), np.float64(20.89958210291495), np.float64(22.9022208330481), np.float64(24.879350609741742), np.float64(26.865268766859288), np.float64(28.80387703764672), np.float64(30.743669081460418), np.float64(32.65006751055444), np.float64(34.548790629376725), np.float64(36.39655788894824), np.float64(38.251509185848924), np.float64(40.09294680377205), np.float64(41.91025491940381), np.float64(43.71774866006176), np.float64(45.45626578310668), np.float64(47.20692265375612), np.float64(48.92403506467671), np.float64(50.64799288394399), np.float64(52.36587541681266), np.float64(54.06460227837388), np.float64(55.707943100694855), np.float64(57.36201290328887), np.float64(59.04526075563907), np.float64(60.70235373091477), np.float64(62.37955272186401), np.float64(64.00557997246067), np.float64(65.6397394872285), np.float64(67.27155747559165), np.float64(68.84660679001404), np.float64(70.44158334385122), np.float64(72.00889292654055), np.float64(73.55959540192283)]",37609.95019270499,14.966156065541183,-75.51379510434344,17510.008287906647
175,STATE_B_DEFENSE,SPONTANEOUS,6.8,20.0,2513,0.25,690.0,720.0,210.0,325.16129032258067,0.40191006764822923,0.4926382809391166,-0.0028072221679489983,True,0.32780402892144184,73.62263215922017,10.0,15.111962257617533,"[np.float64(-0.00040516820010213925), np.float64(-0.00020997363048392447), np.float64(-0.00012589519742626265), np.float64(0.002067276714632736), np.float64(0.004764529339865122), np.float64(0.00785757697859605), np.float64(0.012973155931730738), np.float64(0.018360036176056246), np.float64(0.0240198554479205), np.float64(0.02927600115617877), np.float64(0.037009418799608715), np.float64(0.04547646847845393), np.float64(0.05447118820032125), np.float64(0.0632841405807637), np.float64(0.07243673945215821), np.float64(0.0822620798993466), np.float64(0.09084968074619656), np.float64(0.10050031534313703), np.float64(0.1088222851479881), np.float64(0.11953109979010884), np.float64(0.12930173412893314), np.float64(0.1383738642055341), np.float64(0.14974507377098134), np.float64(0.16031472467913713), np.float64(0.17093267502380236), np.float64(0.18149574044531624), np.float64(0.19355756192375775), np.float64(0.20550298119774435), np.float64(0.21639141759710698), np.float64(0.22685865571511094), np.float64(0.2359491298550683), np.float64(0.24663057589424145), np.float64(0.2595300173369599), np.float64(0.2699976687337301), np.float64(0.2792297344619902), np.float64(0.2895375435239567), np.float64(0.2986359404206096), np.float64(0.30881394711825333), np.float64(0.31816917061850525), np.float64(0.32780402892144184)]","[np.float64(2.1213207446361695), np.float64(4.242227311803936), np.float64(6.363073418530062), np.float64(8.474808456486741), np.float64(10.579282074686564), np.float64(12.675643254364683), np.float64(14.750862397303402), np.float64(16.813481605717598), np.float64(18.862821745888112), np.float64(20.9051080519356), np.float64(22.909714375174563), np.float64(24.891006313446862), np.float64(26.850002681961872), np.float64(28.795306634453038), np.float64(30.720180086862868), np.float64(32.61910957732448), np.float64(34.521114394408535), np.float64(36.391148279574246), np.float64(38.26845844618146), np.float64(40.089464434626024), np.float64(41.9114452673778), np.float64(43.731921785647025), np.float64(45.493085929881666), np.float64(47.254337624597156), np.float64(48.999583225882304), np.float64(50.731255204292204), np.float64(52.41558290167009), np.float64(54.086917000128906), np.float64(55.76730588781487), np.float64(57.443689902682785), np.float64(59.13978424644267), np.float64(60.78542129238745), np.float64(62.36314645000959), np.float64(63.987596155711735), np.float64(65.63146697079489), np.float64(67.23630606147793), np.float64(68.86148040564291), np.float64(70.4470772362775), np.float64(72.04392608443005), np.float64(73.62263215922017)]",37047.38710201084,14.742294907286448,-71.56105260038748,16832.588576197624
176,STATE_B_DEFENSE,SPONTANEOUS,6.8,20.0,2513,0.25,690.0,720.0,210.0,325.16129032258067,0.40509351372861124,0.4986072423398329,-0.011325312983287332,True,0.3248824343574284,73.5907075505478,10.0,14.991413293950101,"[np.float64(-0.0019325528741142228), np.float64(-0.0015878779731563334), np.float64(-0.001044989188240119), np.float64(0.0006142229732649451), np.float64(0.003755713490346999), np.float64(0.007744215891856044), np.float64(0.01239453326634699), np.float64(0.017737368520732075), np.float64(0.02298680532118773), np.float64(0.029628284299237608), np.float64(0.03588376419075913), np.float64(0.04452859524586196), np.float64(0.05357386671925758), np.float64(0.06226894783399515), np.float64(0.0699180148294196), np.float64(0.07790716313698685), np.float64(0.0886197563069266), np.float64(0.09891187856763672), np.float64(0.10897787699027642), np.float64(0.11804664208769598), np.float64(0.12937881242969534), np.float64(0.13991590814106414), np.float64(0.14967990283594565), np.float64(0.16032597135785906), np.float64(0.1726071392360166), np.float64(0.18296764279642988), np.float64(0.19262329780235188), np.float64(0.2029164394058096), np.float64(0.21289200774129258), np.float64(0.22386872776235275), np.float64(0.23386713394549127), np.float64(0.2438404467231117), np.float64(0.25442419817450745), np.float64(0.2649444936703995), np.float64(0.27548735360864013), np.float64(0.28667066252456364), np.float64(0.29614235830201535), np.float64(0.3063411272993024), np.float64(0.31651006634975537), np.float64(0.3248824343574284)]","[np.float64(2.1196868854480346), np.float64(4.238641942909098), np.float64(6.3562350408312644), np.float64(8.467950560065795), np.float64(10.568361187766966), np.float64(12.656911738389201), np.float64(14.732444123815178), np.float64(16.792825875897712), np.float64(18.84339498480137), np.float64(20.869470300405045), np.float64(22.88699792906773), np.float64(24.86409963517434), np.float64(26.820231104578514), np.float64(28.764872328195835), np.float64(30.709140918447932), np.float64(32.634800484367865), np.float64(34.50344614636129), np.float64(36.36157860467214), np.float64(38.20707738414034), np.float64(40.054534893904844), np.float64(41.84572869979887), np.float64(43.63529655297979), np.float64(45.42459087760867), np.float64(47.181624886051225), np.float64(48.889477966260635), np.float64(50.62191536563742), np.float64(52.35567678468285), np.float64(54.061981498925086), np.float64(55.76203170665471), np.float64(57.425593725793036), np.float64(59.098866865698795), np.float64(60.76021460820648), np.float64(62.39408017189044), np.float64(64.01692965057087), np.float64(65.62685981444042), np.float64(67.2079207683828), np.float64(68.82195899208835), np.float64(70.40555964072414), np.float64(71.9787289357254), np.float64(73.5907075505478)]",37347.12039517526,14.86156800444698,-73.66427031857893,16931.35713481903
177,STATE_B_DEFENSE,SPONTANEOUS,6.8,20.0,2513,0.25,690.0,720.0,210.0,325.16129032258067,0.39753282928770395,0.49383207321925987,-0.0063116569520098986,True,0.32900823901147375,73.5743267423614,10.0,15.146221490796131,"[np.float64(0.00014221632228235615), np.float64(0.00029654929951654065), np.float64(0.0026830040227607383), np.float64(0.004931888026594779), np.float64(0.0063656942596505995), np.float64(0.009327807248751123), np.float64(0.014913939820861671), np.float64(0.021122600112561323), np.float64(0.026000864497167934), np.float64(0.032662626954169334), np.float64(0.040608463198220764), np.float64(0.0486140084072983), np.float64(0.05619412165044769), np.float64(0.0648141482192332), np.float64(0.07424496601249224), np.float64(0.0839087693183857), np.float64(0.09219136708345976), np.float64(0.10236720035708059), np.float64(0.11124906951555821), np.float64(0.11952738292262231), np.float64(0.12945890932719192), np.float64(0.13971459945598952), np.float64(0.1494236838587902), np.float64(0.16020197148899162), np.float64(0.17024412640323766), np.float64(0.18149210600127888), np.float64(0.19241890405949105), np.float64(0.20236774053373593), np.float64(0.21379886913258794), np.float64(0.2251080406325764), np.float64(0.23626670312261996), np.float64(0.24641247932805305), np.float64(0.2549641319513981), np.float64(0.26709524943781127), np.float64(0.27839127972662764), np.float64(0.2883401400400613), np.float64(0.29852794350549045), np.float64(0.3085442129163977), np.float64(0.31974116027286725), np.float64(0.32900823901147375)]","[np.float64(2.1203095152511744), np.float64(4.240291881215127), np.float64(6.352864172279241), np.float64(8.46100242844961), np.float64(10.568716161667371), np.float64(12.66383587040827), np.float64(14.73375938711973), np.float64(16.787312879237238), np.float64(18.84077608101684), np.float64(20.866562578790337), np.float64(22.8654182769552), np.float64(24.84869357114093), np.float64(26.82264620904391), np.float64(28.76876847860701), np.float64(30.688081399626498), np.float64(32.58770376074371), np.float64(34.4928987553739), np.float64(36.35293715731667), np.float64(38.218887202286105), np.float64(40.08139029158953), np.float64(41.90001891022715), np.float64(43.69731647828319), np.float64(45.49020639291608), np.float64(47.24703769000879), np.float64(49.00404338247313), np.float64(50.721031586406774), np.float64(52.4299543895497), np.float64(54.14639105999156), np.float64(55.81549435789542), np.float64(57.47304425295406), np.float64(59.12018027168403), np.float64(60.778394822159896), np.float64(62.46380345982652), np.float64(64.04783113326609), np.float64(65.63965452293856), np.float64(67.25388450692526), np.float64(68.85036012087534), np.float64(70.44003094278487), np.float64(71.98638555974202), np.float64(73.5743267423614)]",37109.5097222435,14.767015408771787,-76.04941042838618,16367.499052286148
178,STATE_B_DEFENSE,SPONTANEOUS,6.8,20.0,2513,0.25,690.0,720.0,210.0,325.16129032258067,0.40151213688818144,0.4958217270194986,-0.01676537372453961,True,0.32329169854017464,73.77531092352528,10.0,14.817577042024137,"[np.float64(-0.0004777603711155314), np.float64(0.00011101319430568466), np.float64(0.0010268922145870486), np.float64(0.0023710058803008637), np.float64(0.004774028114160761), np.float64(0.00840397822816247), np.float64(0.012011729530112376), np.float64(0.016336566182222297), np.float64(0.02177277463142132), np.float64(0.028693967977321377), np.float64(0.03545077484295421), np.float64(0.04465198941900951), np.float64(0.0533095094200177), np.float64(0.061928223369546016), np.float64(0.07027039800271273), np.float64(0.079300655401591), np.float64(0.08992868378365748), np.float64(0.10045294257853889), np.float64(0.11062050424080114), np.float64(0.12082823298980154), np.float64(0.13130495023545455), np.float64(0.14172246567707464), np.float64(0.1520741570851059), np.float64(0.16221968469585168), np.float64(0.1733467448472541), np.float64(0.18509471538297725), np.float64(0.19527237226205302), np.float64(0.20707415652309824), np.float64(0.2161466482292698), np.float64(0.2268245475833232), np.float64(0.23670520622420704), np.float64(0.24624860404781673), np.float64(0.25691220203099924), np.float64(0.26713943260282047), np.float64(0.2763175128302092), np.float64(0.2863566955198693), np.float64(0.2956730475691209), np.float64(0.3051528278805663), np.float64(0.3139337339156272), np.float64(0.32329169854017464)]","[np.float64(2.1221819693088455), np.float64(4.243114408737833), np.float64(6.36175930215176), np.float64(8.476656694222608), np.float64(10.583142775786664), np.float64(12.67689305084499), np.float64(14.763322882292082), np.float64(16.836432077670022), np.float64(18.890532369820058), np.float64(20.918751197433203), np.float64(22.93542581749477), np.float64(24.910031653289973), np.float64(26.874735643306092), np.float64(28.824335570089534), np.float64(30.76262230676174), np.float64(32.675904149663715), np.float64(34.548463028396476), np.float64(36.405384164365074), np.float64(38.251600254328906), np.float64(40.08107082470808), np.float64(41.88980147827578), np.float64(43.68388535157017), np.float64(45.46387718035887), np.float64(47.23304881324864), np.float64(48.967245344052124), np.float64(50.67288936016965), np.float64(52.39733210144697), np.float64(54.07168540113293), np.float64(55.79353460283699), np.float64(57.4657232888785), np.float64(59.143558396691105), np.float64(60.81720917974685), np.float64(62.45113271922524), np.float64(64.0834028944832), np.float64(65.73059012028659), np.float64(67.34426948239191), np.float64(68.9656546222095), np.float64(70.57189242617564), np.float64(72.18662324127227), np.float64(73.77531092352528)]",36254.63082358188,14.426832798878584,-72.80694396980107,16668.816922545433
179,STATE_B_DEFENSE,SPONTANEOUS,6.8,20.0,2513,0.25,690.0,720.0,210.0,325.16129032258067,0.41066454436927974,0.4926382809391166,0.026338088300754084,True,0.32604469056365504,73.46710434884672,10.0,14.955133288285303,"[np.float64(-0.0012874387932566554), np.float64(-0.0004905086702570583), np.float64(0.0005812056394807398), np.float64(0.002456917103299852), np.float64(0.004494526372253152), np.float64(0.009170949080830885), np.float64(0.013640031130653743), np.float64(0.01852778573684188), np.float64(0.02517776388338592), np.float64(0.03180700311560394), np.float64(0.03854036783978671), np.float64(0.04633303008568485), np.float64(0.05454110496142074), np.float64(0.06341762516737354), np.float64(0.07274826155097863), np.float64(0.08282161109255194), np.float64(0.09300772786110138), np.float64(0.10115242653866975), np.float64(0.11048692626738398), np.float64(0.12144742635430021), np.float64(0.1306095532512807), np.float64(0.14109868394063804), np.float64(0.1513045809874473), np.float64(0.16156900655003087), np.float64(0.17207833969122222), np.float64(0.18314844740783842), np.float64(0.19344376832826238), np.float64(0.203921402902191), np.float64(0.21386544147268202), np.float64(0.22442161710911174), np.float64(0.23658506066517032), np.float64(0.2457266875322975), np.float64(0.2550285265535965), np.float64(0.2643211151922536), np.float64(0.2755685915361525), np.float64(0.2865165192874016), np.float64(0.29578515662561305), np.float64(0.30498545183576514), np.float64(0.31548907613257715), np.float64(0.32604469056365504)]","[np.float64(2.116370775602713), np.float64(4.231053787395622), np.float64(6.34318088526052), np.float64(8.44965826462482), np.float64(10.551354851735876), np.float64(12.632255243719275), np.float64(14.705106533766074), np.float64(16.765463263087), np.float64(18.79987373807907), np.float64(20.821536584112593), np.float64(22.829321596165062), np.float64(24.81180106499633), np.float64(26.774638006092765), np.float64(28.71363137322249), np.float64(30.63051940876916), np.float64(32.52022465872974), np.float64(34.391357370869564), np.float64(36.279458561049125), np.float64(38.13369493240665), np.float64(39.944091539200656), np.float64(41.7710104714324), np.float64(43.5585175264425), np.float64(45.336159923749456), np.float64(47.09781353157533), np.float64(48.839780175509894), np.float64(50.55518929188807), np.float64(52.272683463589644), np.float64(53.972306211185185), np.float64(55.67045055694447), np.float64(57.34133138663232), np.float64(58.960574706028396), np.float64(60.63880107096424), np.float64(62.30159325772436), np.float64(63.95319314991514), np.float64(65.54327648077874), np.float64(67.12848242378978), np.float64(68.74596864511774), np.float64(70.35464459718935), np.float64(71.91723735422508), np.float64(73.46710434884672)]",38112.788785769495,15.166251009060682,-71.79782992741093,18184.6327791214
182,STATE_B_DEFENSE,SPONTANEOUS,6.8,20.0,2513,0.25,690.0,720.0,210.0,325.16129032258067,0.40191006764822923,0.48706725029844805,0.011331695761327008,True,0.32362798742650895,71.95061767466005,9.75,14.590479214534044,"[np.float64(-0.0018092479553713727), np.float64(-0.0019081485198863672), np.float64(-0.00033243279719134074), np.float64(0.002749686067457898), np.float64(0.005456051285047458), np.float64(0.009386398090449307), np.float64(0.013979837518893931), np.float64(0.019598249469561943), np.float64(0.025023311919110235), np.float64(0.031213641535670578), np.float64(0.03929914437348461), np.float64(0.04715241635062576), np.float64(0.05469386804015373), np.float64(0.06434209732870225), np.float64(0.07382465482037318), np.float64(0.0835205879107897), np.float64(0.09256291117114981), np.float64(0.104197515934252), np.float64(0.11504391854424184), np.float64(0.12461852201896233), np.float64(0.13410985410813195), np.float64(0.1445860941758174), np.float64(0.15521271433547235), np.float64(0.16615434355563033), np.float64(0.1792364415975159), np.float64(0.1901469232561608), np.float64(0.20028811389051143), np.float64(0.20934200519560517), np.float64(0.21873341232569082), np.float64(0.22998005196933474), np.float64(0.23942532537897093), np.float64(0.25089578216933667), np.float64(0.2611583092677252), np.float64(0.27297058748427694), np.float64(0.2828809252890053), np.float64(0.2919403515036782), np.float64(0.3024087951313756), np.float64(0.31443070476923446), np.float64(0.32362798742650895)]","[np.float64(2.1244480684346123), np.float64(4.249106642453744), np.float64(6.368634774687031), np.float64(8.478452946869579), np.float64(10.583793275028652), np.float64(12.675801120595791), np.float64(14.754900006510256), np.float64(16.81621830763595), np.float64(18.868115602864464), np.float64(20.90155347479033), np.float64(22.90209915362903), np.float64(24.890245874886027), np.float64(26.867857242956017), np.float64(28.80317121750459), np.float64(30.723979299683624), np.float64(32.6252831166419), np.float64(34.52061981928274), np.float64(36.35816971305846), np.float64(38.190953779450886), np.float64(40.02950963834565), np.float64(41.85473755226919), np.float64(43.64669245820672), np.float64(45.42027363104624), np.float64(47.172198231597655), np.float64(48.86438680121658), np.float64(50.585488601862345), np.float64(52.30869697452702), np.float64(54.04261466663787), np.float64(55.756631636983165), np.float64(57.414965872029875), np.float64(59.102302607015), np.float64(60.728465100243376), np.float64(62.37090236854971), np.float64(63.96208655414607), np.float64(65.58850936260873), np.float64(67.22551835819756), np.float64(68.81465774324462), np.float64(70.35057301106647), np.float64(71.95061767466005)]",35945.93998664948,14.303995219518296,-77.43323347531259,17201.32510948181
180,STATE_B_DEFENSE,SPONTANEOUS,6.8,20.0,2513,0.25,690.0,720.0,210.0,325.16129032258067,0.38838042180660565,0.4974134500596896,0.015343391696722683,True,0.3263127060844936,73.76939046486189,10.0,15.258636383133588,"[np.float64(-0.00016422570200602367), np.float64(-0.0006768912686225442), np.float64(-0.0012871288333394027), np.float64(-0.0012291395086379737), np.float64(0.0006567854166162649), np.float64(0.004785933882947274), np.float64(0.00872954107314863), np.float64(0.01387569341415237), np.float64(0.019188774248969035), np.float64(0.023979662691560433), np.float64(0.031381279432863673), np.float64(0.04057402055598501), np.float64(0.04934830225960568), np.float64(0.05886100832273872), np.float64(0.06789673655882882), np.float64(0.07655835691325), np.float64(0.08608173166714321), np.float64(0.09584305236895076), np.float64(0.10672228294931657), np.float64(0.11770939322077123), np.float64(0.12771972850550647), np.float64(0.13847255660432792), np.float64(0.1474908001781245), np.float64(0.15692977937354674), np.float64(0.1679032479266553), np.float64(0.17886430529824515), np.float64(0.18970343098608436), np.float64(0.20021406620697052), np.float64(0.2128378048455485), np.float64(0.2249418251784547), np.float64(0.23665153245425663), np.float64(0.2473280433550184), np.float64(0.25781673648316666), np.float64(0.26648830318336114), np.float64(0.27585191986934826), np.float64(0.28724988001665497), np.float64(0.2975457986101434), np.float64(0.3069584743325065), np.float64(0.316750869915371), np.float64(0.3263127060844936)]","[np.float64(2.1240993834471866), np.float64(4.249288317389704), np.float64(6.375879491670242), np.float64(8.500925860005493), np.float64(10.616139111716635), np.float64(12.713163894449316), np.float64(14.803003405412275), np.float64(16.87472873057804), np.float64(18.934522723291888), np.float64(20.98908484899885), np.float64(23.004999693239085), np.float64(24.985263006416996), np.float64(26.95396679334268), np.float64(28.89666521641251), np.float64(30.82945150745811), np.float64(32.75219139033647), np.float64(34.646297941965074), np.float64(36.520565575784595), np.float64(38.359544600641705), np.float64(40.179517213673904), np.float64(42.000830161227114), np.float64(43.792583478462596), np.float64(45.602893410722764), np.float64(47.391113231044095), np.float64(49.133278526317994), np.float64(50.86049794604341), np.float64(52.575519895932416), np.float64(54.283500299179835), np.float64(55.92883896471062), np.float64(57.57085663392668), np.float64(59.20756393448288), np.float64(60.855355503282176), np.float64(62.49487792974987), np.float64(64.1678509062161), np.float64(65.81230131378557), np.float64(67.39229396239062), np.float64(68.98895156484288), np.float64(70.59791432471272), np.float64(72.18583240046442), np.float64(73.76939046486189)]",36511.75612122017,14.529150863995293,-73.44610661035404,15949.692718744278
181,STATE_B_DEFENSE,SPONTANEOUS,6.8,20.0,2513,0.25,690.0,720.0,210.0,325.16129032258067,0.40350179068842024,0.4910465578989256,-0.009622486693728814,True,0.32942903600388096,73.6286636546524,10.0,15.006726206436383,"[np.float64(-0.0008039231284724751), np.float64(-0.0019113206500217153), np.float64(-0.0005594686796453527), np.float64(0.0014559309037132165), np.float64(0.004016017335377256), np.float64(0.008015983685817005), np.float64(0.011996588829428806), np.float64(0.01809047405393212), np.float64(0.02473446540029985), np.float64(0.032277738488674754), np.float64(0.040872795650790016), np.float64(0.04869364477196694), np.float64(0.05724514501855954), np.float64(0.06703046411157836), np.float64(0.0776536526239985), np.float64(0.08615693057072155), np.float64(0.09586032411337166), np.float64(0.10599032535509069), np.float64(0.1176184377852487), np.float64(0.12802219855814764), np.float64(0.13619159988739535), np.float64(0.14716007016572014), np.float64(0.15737809909783634), np.float64(0.16800751000737119), np.float64(0.179657750413724), np.float64(0.18929881904744908), np.float64(0.1990498612713608), np.float64(0.2090911983831588), np.float64(0.21965089899334655), np.float64(0.22842475821527092), np.float64(0.2395888480734131), np.float64(0.2497081624785593), np.float64(0.260748336294375), np.float64(0.2707567181760878), np.float64(0.2799261342388488), np.float64(0.288417803119279), np.float64(0.29855308251728213), np.float64(0.30822195542677), np.float64(0.31781636688688425), np.float64(0.32942903600388096)]","[np.float64(2.1232158458678128), np.float64(4.248786785214436), np.float64(6.36886850981066), np.float64(8.483275607027226), np.float64(10.590566474607263), np.float64(12.683439682969505), np.float64(14.768215551914611), np.float64(16.827372432452588), np.float64(18.86932412755745), np.float64(20.88917200623447), np.float64(22.88302120459385), np.float64(24.870037196794232), np.float64(26.833357043604067), np.float64(28.76465258698606), np.float64(30.6669908251609), np.float64(32.583159971141804), np.float64(34.465995460501084), np.float64(36.3258970628675), np.float64(38.144008354521496), np.float64(39.96599956885007), np.float64(41.81316233217001), np.float64(43.59434699821802), np.float64(45.37427646281826), np.float64(47.131138526748266), np.float64(48.851904880929204), np.float64(50.5996323107736), np.float64(52.33167666527423), np.float64(54.0440650838999), np.float64(55.731371991087904), np.float64(57.4468845593368), np.float64(59.09386156445216), np.float64(60.75264378237043), np.float64(62.37624755991228), np.float64(64.01285785114155), np.float64(65.65912604760783), np.float64(67.31217891282817), np.float64(68.91144824431153), np.float64(70.511895043337), np.float64(72.10355294085132), np.float64(73.6286636546524)]",36977.50716525563,14.714487530941357,-69.16197164775804,16353.794344186783
183,STATE_B_DEFENSE,SPONTANEOUS,6.8,20.0,2513,0.25,690.0,720.0,210.0,325.16129032258067,0.3939514524472742,0.4934341424592121,-0.009490931526248234,True,0.32593496578112974,71.98477051449099,9.75,14.464852767254085,"[np.float64(0.00018197510423986017), np.float64(0.002050450572124087), np.float64(0.003464891152129135), np.float64(0.006218344221678321), np.float64(0.008999517751987448), np.float64(0.012140284603702743), np.float64(0.017319520519060053), np.float64(0.023321756300455444), np.float64(0.029499938968763424), np.float64(0.03756384312488802), np.float64(0.044778046540566344), np.float64(0.053072643408094755), np.float64(0.06260247919768898), np.float64(0.07102031248504966), np.float64(0.08015947178789712), np.float64(0.09068657801207909), np.float64(0.09904831169945272), np.float64(0.10802433732978259), np.float64(0.11707447110555841), np.float64(0.1284285820034532), np.float64(0.14067577015098764), np.float64(0.14949129625300558), np.float64(0.15973154871586834), np.float64(0.17079794288311975), np.float64(0.1816826483862552), np.float64(0.19261608271909486), np.float64(0.2034974641447187), np.float64(0.21405772086614042), np.float64(0.22428639664232095), np.float64(0.23388620446173747), np.float64(0.2437604226072984), np.float64(0.2538112361370305), np.float64(0.2614660106289941), np.float64(0.2721117349326583), np.float64(0.2838753384353657), np.float64(0.29489263370511337), np.float64(0.3054068332332046), np.float64(0.31691215973955666), np.float64(0.32593496578112974)]","[np.float64(2.125189283886963), np.float64(4.246413980125585), np.float64(6.365130216435514), np.float64(8.475220482187598), np.float64(10.579415013542544), np.float64(12.675585357702689), np.float64(14.750491111319992), np.float64(16.808192464274914), np.float64(18.852392627665804), np.float64(20.86554412496003), np.float64(22.87271902993096), np.float64(24.853594583022087), np.float64(26.803719784872133), np.float64(28.751884228363952), np.float64(30.674991359166093), np.float64(32.56170425274485), np.float64(34.46495047727972), np.float64(36.344189181980035), np.float64(38.207591925373684), np.float64(40.0156693541104), np.float64(41.79028333340186), np.float64(43.6120966990762), np.float64(45.39272232452971), np.float64(47.14193399994755), np.float64(48.87949480254291), np.float64(50.60112194909777), np.float64(52.309227151099975), np.float64(54.01016361068592), np.float64(55.704927721521166), np.float64(57.401181222542405), np.float64(59.07863553689484), np.float64(60.73947429116331), np.float64(62.447246314776486), np.float64(64.06980714480372), np.float64(65.65136272042275), np.float64(67.23923284173864), np.float64(68.82812081458819), np.float64(70.37887524065809), np.float64(71.98477051449099)]",35471.2264661534,14.115092107502347,-72.17191009828821,16112.81979060173
185,STATE_B_DEFENSE,SPONTANEOUS,6.8,20.0,2513,0.25,690.0,720.0,210.0,325.16129032258067,0.40708316752885,0.4954237962594509,-0.02254443925900119,True,0.3251166893506045,71.94454684809638,9.75,14.555570855526998,"[np.float64(-0.0011325645194088657), np.float64(-0.0010564550782063275), np.float64(0.000571445226771293), np.float64(0.0037202590984403818), np.float64(0.006307963999077586), np.float64(0.010434677696463265), np.float64(0.015315781538674043), np.float64(0.022354023139631488), np.float64(0.02882405595148527), np.float64(0.03496909138258938), np.float64(0.04153445433676241), np.float64(0.049403604064741355), np.float64(0.05756807456427414), np.float64(0.06634474311073554), np.float64(0.07614211443114417), np.float64(0.08567155838456347), np.float64(0.09407856960662701), np.float64(0.10490627235592508), np.float64(0.11499796125401612), np.float64(0.12642574208611182), np.float64(0.1357410178797804), np.float64(0.1476917587166948), np.float64(0.15877842069109221), np.float64(0.16827693788830303), np.float64(0.17886983120231773), np.float64(0.18989551568145377), np.float64(0.20089745174780685), np.float64(0.2105395308151303), np.float64(0.2221374018859456), np.float64(0.23357796261715655), np.float64(0.24426095193377007), np.float64(0.25374152753263), np.float64(0.26364832836541474), np.float64(0.27361754072138267), np.float64(0.2854713433057954), np.float64(0.29606467193386565), np.float64(0.3054640604088863), np.float64(0.3142147874256101), np.float64(0.3251166893506045)]","[np.float64(2.1247430090666635), np.float64(4.249324131023405), np.float64(6.368798941787679), np.float64(8.478401571166426), np.float64(10.584366896104658), np.float64(12.675277187705897), np.float64(14.75223452553949), np.float64(16.80156235844403), np.float64(18.84222955921344), np.float64(20.87356584901104), np.float64(22.88844038565357), np.float64(24.875413385736312), np.float64(26.844141700524347), np.float64(28.78986019151069), np.float64(30.705542976139448), np.float64(32.608520052946005), np.float64(34.513182033733514), np.float64(36.3638721307507), np.float64(38.2099879433629), np.float64(40.01649518532564), np.float64(41.84465346914841), np.float64(43.6084233956081), np.float64(45.37200516770726), np.float64(47.15184340843314), np.float64(48.89533412032671), np.float64(50.61500340568711), np.float64(52.32041003165534), np.float64(54.04168474093037), np.float64(55.7055307682454), np.float64(57.35856662910603), np.float64(59.01552760840976), np.float64(60.688486813383086), np.float64(62.33919109454574), np.float64(63.97639104040877), np.float64(65.5536957243706), np.float64(67.1505386477689), np.float64(68.76692430187963), np.float64(70.38996644894574), np.float64(71.94454684809638)]",36200.35312768245,14.405234034095683,-74.36916477233171,17161.076729297638
184,STATE_B_DEFENSE,SPONTANEOUS,6.8,20.0,2513,0.25,690.0,720.0,210.0,325.16129032258067,0.3979307600477517,0.4986072423398329,-0.01575932785311519,True,0.32256801932038554,73.61156424774356,10.0,14.890081793940418,"[np.float64(-0.0016470959678247749), np.float64(-0.0003802248877198025), np.float64(0.0003277980174922843), np.float64(0.0017877741955314897), np.float64(0.004781764485794831), np.float64(0.008294501801945901), np.float64(0.013669441869202882), np.float64(0.017968418552554145), np.float64(0.023537178413608948), np.float64(0.028879408970325073), np.float64(0.03603190515032378), np.float64(0.043746628237291224), np.float64(0.052892348719657575), np.float64(0.06248482945515914), np.float64(0.07148561958721003), np.float64(0.080064324495406), np.float64(0.08952280660267528), np.float64(0.09819046931612649), np.float64(0.10805449055371498), np.float64(0.116988165395028), np.float64(0.12694349124955773), np.float64(0.1375561869817206), np.float64(0.14839535118425032), np.float64(0.15815257185677759), np.float64(0.16940166868954362), np.float64(0.18092683798338888), np.float64(0.1919772494240699), np.float64(0.203992730729715), np.float64(0.21369228142659158), np.float64(0.2231563803334067), np.float64(0.23401048028143692), np.float64(0.24167044963422843), np.float64(0.25131333566078357), np.float64(0.26049788112554406), np.float64(0.27087613051834847), np.float64(0.28046197736742384), np.float64(0.29097306497108044), np.float64(0.30123705874222423), np.float64(0.3114594656575862), np.float64(0.32256801932038554)]","[np.float64(2.1181319976492525), np.float64(4.233578723376655), np.float64(6.348120320909686), np.float64(8.45799046925724), np.float64(10.556724692407602), np.float64(12.64598361044813), np.float64(14.714480254452159), np.float64(16.781002357166884), np.float64(18.827201122120854), np.float64(20.86473272722557), np.float64(22.87184419580247), np.float64(24.85872025120262), np.float64(26.81306315932378), np.float64(28.744961449399145), np.float64(30.66854338072928), np.float64(32.58293753343915), np.float64(34.46877287270911), np.float64(36.352035487832104), np.float64(38.200417165708636), np.float64(40.04983890450099), np.float64(41.86617540609994), np.float64(43.65473096913602), np.float64(45.423143571406996), np.float64(47.197980606315575), np.float64(48.92752165158054), np.float64(50.635711341003095), np.float64(52.33893059017158), np.float64(54.00589437250437), np.float64(55.71071940355008), np.float64(57.408384519213605), np.float64(59.06052912629448), np.float64(60.77736527460498), np.float64(62.43469106449299), np.float64(64.09186670484668), np.float64(65.70697846782548), np.float64(67.33086921535286), np.float64(68.91887779310007), np.float64(70.50183952392605), np.float64(72.07459899186019), np.float64(73.61156424774356)]",37032.674035766715,14.736440125653289,-73.23505130643025,16181.811086416245
186,STATE_B_DEFENSE,SPONTANEOUS,6.8,20.0,2513,0.25,690.0,720.0,210.0,325.16129032258067,0.38997214484679665,0.4966175885395941,-0.012644400142378222,True,0.3302388545424433,73.67360764449062,10.0,14.806924955717184,"[np.float64(-0.0014034441325319758), np.float64(-0.0013272800187844836), np.float64(0.0010098129714979978), np.float64(0.004224038042670845), np.float64(0.006903105455420894), np.float64(0.011069478722431884), np.float64(0.01774658074796518), np.float64(0.023615962843972833), np.float64(0.03165528714401864), np.float64(0.03871992990283892), np.float64(0.04685229774260027), np.float64(0.05530571611315443), np.float64(0.06393819508088912), np.float64(0.07230010201741131), np.float64(0.08037649738839849), np.float64(0.0891075059508563), np.float64(0.09882077503954022), np.float64(0.10789915247551758), np.float64(0.11752103949305824), np.float64(0.1283265575022717), np.float64(0.13899807251617372), np.float64(0.14985060966920843), np.float64(0.15883857269091736), np.float64(0.16892260522588098), np.float64(0.18214412345941783), np.float64(0.19294794111467364), np.float64(0.2028362209140224), np.float64(0.21383138506810848), np.float64(0.22499079135449607), np.float64(0.23527853805942092), np.float64(0.24630403431832298), np.float64(0.25507301318611336), np.float64(0.26489476788083355), np.float64(0.27375631396957095), np.float64(0.2814148164459015), np.float64(0.2909556998578221), np.float64(0.3009063495868103), np.float64(0.31114554709343145), np.float64(0.32095875565638937), np.float64(0.3302388545424433)]","[np.float64(2.125796697646643), np.float64(4.251431267595812), np.float64(6.369698075960963), np.float64(8.479328191052973), np.float64(10.585050252445228), np.float64(12.675862223858422), np.float64(14.739914826878822), np.float64(16.79725139185964), np.float64(18.82313535888877), np.float64(20.84335031198662), np.float64(22.838455992651745), np.float64(24.814690380988942), np.float64(26.773300481029594), np.float64(28.72014458990658), np.float64(30.656350660206787), np.float64(32.56877073964088), np.float64(34.451033145661064), np.float64(36.327804357203135), np.float64(38.180578709039956), np.float64(39.99717797539001), np.float64(41.79983429684259), np.float64(43.58316153434875), np.float64(45.38717213745225), np.float64(47.15580064668204), np.float64(48.84516205667172), np.float64(50.568417387836675), np.float64(52.297060084697755), np.float64(53.9877974785316), np.float64(55.66065925465521), np.float64(57.339719845911674), np.float64(58.9883778409891), np.float64(60.67813761774675), np.float64(62.33091493133942), np.float64(63.99595172483074), np.float64(65.68102682467743), np.float64(67.30752033209225), np.float64(68.91209725402501), np.float64(70.49769287997509), np.float64(72.08364482059848), np.float64(73.67360764449062)]",36907.118167796936,14.686477583683619,-72.92081305198371,16200.674820303917
187,STATE_B_DEFENSE,SPONTANEOUS,6.8,20.0,2513,0.25,690.0,720.0,210.0,325.16129032258067,0.3995224830879427,0.4954237962594509,-0.022930731061491735,True,0.32854265418391154,73.59505560626685,10.0,15.126259579505467,"[np.float64(-0.001667417285778175), np.float64(-0.0021979164095734345), np.float64(-0.0011483556342664404), np.float64(0.0014196708188699539), np.float64(0.004216373202463466), np.float64(0.00816324959271788), np.float64(0.011223541925773822), np.float64(0.01622991280581806), np.float64(0.024145100211720102), np.float64(0.03027776491790862), np.float64(0.037437469725004356), np.float64(0.04746013691387258), np.float64(0.05640497202814977), np.float64(0.06332475065007948), np.float64(0.07378873201645227), np.float64(0.08318467885560654), np.float64(0.09152753651526167), np.float64(0.10046380110287216), np.float64(0.109689217115339), np.float64(0.11971205149489102), np.float64(0.13037029719430546), np.float64(0.140559761703594), np.float64(0.15201976229714567), np.float64(0.16313980762816024), np.float64(0.1731515669365516), np.float64(0.18460061872793032), np.float64(0.19664606707314422), np.float64(0.2069167060089519), np.float64(0.21671689077759151), np.float64(0.2271044981030214), np.float64(0.23769728430297615), np.float64(0.24828934573658132), np.float64(0.258495626958701), np.float64(0.2700513534579821), np.float64(0.27942261026262627), np.float64(0.28994204514218846), np.float64(0.29791909479077605), np.float64(0.3075405834330499), np.float64(0.3182177508796172), np.float64(0.32854265418391154)]","[np.float64(2.122456386785205), np.float64(4.246041065094817), np.float64(6.365714516917029), np.float64(8.476729604456382), np.float64(10.581147123200765), np.float64(12.672497580577213), np.float64(14.762192077235852), np.float64(16.829468384021137), np.float64(18.859846830912335), np.float64(20.89292446228698), np.float64(22.902775605211453), np.float64(24.865024511134752), np.float64(26.82282595959515), np.float64(28.791976016293177), np.float64(30.69786950248083), np.float64(32.60206628486576), np.float64(34.50706094286562), np.float64(36.388237623468704), np.float64(38.249812942250315), np.float64(40.08235378943328), np.float64(41.88758516943381), np.float64(43.685776097428324), np.float64(45.4437612032228), np.float64(47.19235821205401), np.float64(48.948495063120355), np.float64(50.65983466267473), np.float64(52.34284243220847), np.float64(54.05001012041199), np.float64(55.75446168540379), np.float64(57.432388530999766), np.float64(59.092297073059044), np.float64(60.73915476855753), np.float64(62.382745177207894), np.float64(63.980064545433), np.float64(65.62018210936488), np.float64(67.21927114191757), np.float64(68.87384213847322), np.float64(70.47456527468361), np.float64(72.03564131674409), np.float64(73.59505560626685)]",37423.427487142275,14.891932943550447,-65.00172336678952,16626.278656482697
188,STATE_B_DEFENSE,SPONTANEOUS,6.8,20.0,2513,0.25,690.0,720.0,210.0,325.16129032258067,0.41225626740947074,0.4942300039793076,-0.007250148180495876,True,0.3319265810902053,73.59915989824889,10.0,15.143012640554725,"[np.float64(-0.001209191880051436), np.float64(-0.0019078234583280649), np.float64(-0.002565933970889557), np.float64(0.0002348115419894566), np.float64(0.003797621940132138), np.float64(0.00782755906581265), np.float64(0.012104914273575249), np.float64(0.018228529523429703), np.float64(0.02427544789470198), np.float64(0.03184526866112667), np.float64(0.03853059978910522), np.float64(0.04498632880674759), np.float64(0.05437081086770024), np.float64(0.062375181454825526), np.float64(0.07189701602917978), np.float64(0.08235694663231918), np.float64(0.09264033581281964), np.float64(0.10350740767836748), np.float64(0.11484872104897342), np.float64(0.12693965114940556), np.float64(0.13779303962921913), np.float64(0.14812242770449746), np.float64(0.15885880752574447), np.float64(0.1698271083684026), np.float64(0.18016758681099218), np.float64(0.19159688508173237), np.float64(0.2031497228190969), np.float64(0.2141183758438703), np.float64(0.22375853361030845), np.float64(0.2335559905622564), np.float64(0.24369550089126055), np.float64(0.2536843350557597), np.float64(0.2646673049122146), np.float64(0.2747402949972749), np.float64(0.28517509513485956), np.float64(0.2946763036105759), np.float64(0.3038341015523105), np.float64(0.31308084423355675), np.float64(0.32191148117413854), np.float64(0.3319265810902053)]","[np.float64(2.1247886626280743), np.float64(4.25106434701336), np.float64(6.378699824065836), np.float64(8.493017471065741), np.float64(10.597414758066316), np.float64(12.691447109887887), np.float64(14.775367173363675), np.float64(16.835280827227443), np.float64(18.883701940423904), np.float64(20.904785720434127), np.float64(22.92113110914898), np.float64(24.92751294786726), np.float64(26.88435824579654), np.float64(28.843110003854427), np.float64(30.765766311541075), np.float64(32.657861063881114), np.float64(34.535306586102834), np.float64(36.38629929816944), np.float64(38.21190064045326), np.float64(40.00669494099788), np.float64(41.806197435213775), np.float64(43.59950808600342), np.float64(45.369665982677176), np.float64(47.11979692032932), np.float64(48.86761866237805), np.float64(50.578002921671875), np.float64(52.27053381000795), np.float64(53.96106643314245), np.float64(55.66768231054218), np.float64(57.35810969570347), np.float64(59.027945965001116), np.float64(60.68884712457519), np.float64(62.313020483728536), np.float64(63.94713162145667), np.float64(65.56014458994329), np.float64(67.18540044091525), np.float64(68.80873362352507), np.float64(70.4191652455745), np.float64(72.0304998571858), np.float64(73.59915989824889)]",37220.796320689624,14.811299769474582,-71.47783724917099,18067.195663928986
189,STATE_B_DEFENSE,SPONTANEOUS,6.8,20.0,2513,0.25,690.0,720.0,210.0,325.16129032258067,0.3979307600477517,0.4958217270194986,-0.012399095391092074,True,0.32917758194078467,73.64048279175836,10.0,15.169794072269182,"[np.float64(-0.002071322753369841), np.float64(-0.002369003552261931), np.float64(-0.00010875866104668713), np.float64(0.0012052817488542424), np.float64(0.0034206740116813437), np.float64(0.007474147183079391), np.float64(0.012201950823722349), np.float64(0.017369729368048273), np.float64(0.02416337418164262), np.float64(0.0325262720322718), np.float64(0.03918342627542598), np.float64(0.046574323686505666), np.float64(0.05462668791143797), np.float64(0.06270068701614277), np.float64(0.07167163550840447), np.float64(0.08010912710040673), np.float64(0.09085746803960479), np.float64(0.10205553331731096), np.float64(0.11271972138126189), np.float64(0.12294649639874276), np.float64(0.13260814372628224), np.float64(0.142724092206143), np.float64(0.1531713556376296), np.float64(0.16365853951862405), np.float64(0.17423851377127836), np.float64(0.1845833141419331), np.float64(0.19511551432519195), np.float64(0.20531560749937816), np.float64(0.21732338625911263), np.float64(0.22794497913181233), np.float64(0.23871023777384953), np.float64(0.24923041841306368), np.float64(0.2590314314044115), np.float64(0.26864337727607324), np.float64(0.27945152140041263), np.float64(0.28914104132590546), np.float64(0.297628634918632), np.float64(0.30739006587113754), np.float64(0.31717978646387185), np.float64(0.32917758194078467)]","[np.float64(2.124703768405089), np.float64(4.250041474952794), np.float64(6.3678527513477565), np.float64(8.484896810677679), np.float64(10.594406234777276), np.float64(12.687686373818813), np.float64(14.767690936201646), np.float64(16.834441813702647), np.float64(18.87582875916852), np.float64(20.88803489133471), np.float64(22.9031237154645), np.float64(24.896846854368295), np.float64(26.868419067871347), np.float64(28.82509150862121), np.float64(30.754490078935422), np.float64(32.676407571577435), np.float64(34.54721609010028), np.float64(36.39308778746725), np.float64(38.23040052242761), np.float64(40.05886158446631), np.float64(41.88201754804601), np.float64(43.68176002315433), np.float64(45.459960353472646), np.float64(47.22224182834083), np.float64(48.967731820645625), np.float64(50.703586744649016), np.float64(52.42120040555184), np.float64(54.13221286198521), np.float64(55.78830349732082), np.float64(57.46189451528973), np.float64(59.118712865609545), np.float64(60.76826580273856), np.float64(62.42287879332128), np.float64(64.07037684388014), np.float64(65.67563287504645), np.float64(67.2977311755182), np.float64(68.94053565127811), np.float64(70.53897521135748), np.float64(72.12572937635896), np.float64(73.64048279175836)]",36779.46517062276,14.635680529495726,-74.33995954925194,16731.004017710686
190,STATE_B_DEFENSE,SPONTANEOUS,6.8,20.0,2513,0.25,690.0,720.0,210.0,325.16129032258067,0.3983286908077994,0.49064862713887786,0.006888389071721917,True,0.32273758099306266,73.69508800474937,10.0,14.71564821070431,"[np.float64(-0.000548882783470713), np.float64(-0.0006475496852645721), np.float64(0.0008711937478039811), np.float64(0.0031837792177439386), np.float64(0.006158930880345995), np.float64(0.008792110029912195), np.float64(0.013224164044034073), np.float64(0.01889556483078001), np.float64(0.026313295482495537), np.float64(0.03257636264412765), np.float64(0.040611496984023485), np.float64(0.048639012448494605), np.float64(0.056656046204012545), np.float64(0.06701057534150333), np.float64(0.076409357681687), np.float64(0.08483835864469229), np.float64(0.09374034172640025), np.float64(0.10233419477104602), np.float64(0.11065159749356543), np.float64(0.11919436837679173), np.float64(0.13118777080638366), np.float64(0.14189742284306087), np.float64(0.1517939183124231), np.float64(0.16329020296467364), np.float64(0.17446843981760296), np.float64(0.1847371663454233), np.float64(0.19576571771642565), np.float64(0.20566040736947272), np.float64(0.21503851937053192), np.float64(0.22522175540422756), np.float64(0.23491902000538015), np.float64(0.24466727856113438), np.float64(0.2543011531986521), np.float64(0.263963200107329), np.float64(0.27309865945497386), np.float64(0.282962284809502), np.float64(0.2915684215245919), np.float64(0.3008112682035894), np.float64(0.3108533513576825), np.float64(0.32273758099306266)]","[np.float64(2.1195058419136434), np.float64(4.239220939243804), np.float64(6.354005063634666), np.float64(8.462236087160235), np.float64(10.562144577843242), np.float64(12.658020910616015), np.float64(14.73535718304489), np.float64(16.793474065716556), np.float64(18.824260696725812), np.float64(20.852316460266117), np.float64(22.84881977500544), np.float64(24.83039552557311), np.float64(26.797354894269997), np.float64(28.71832265727889), np.float64(30.63500274483649), np.float64(32.550140163240805), np.float64(34.44349417452026), np.float64(36.32714455978855), np.float64(38.201470001039354), np.float64(40.05831104157817), np.float64(41.837655630833886), np.float64(43.623904230741864), np.float64(45.410453838881345), np.float64(47.150098382624144), np.float64(48.88039761833132), np.float64(50.614824851811896), np.float64(52.3185997326952), np.float64(54.033229863879), np.float64(55.74659830833404), np.float64(57.42874183207589), np.float64(59.109576918487136), np.float64(60.776927199995775), np.float64(62.43504454840709), np.float64(64.0806781278992), np.float64(65.72830165727436), np.float64(67.34586769146202), np.float64(68.98559458970418), np.float64(70.59791065358687), np.float64(72.17768515676015), np.float64(73.69508800474937)]",36819.53168651704,14.651624228618003,-72.56081983167678,17107.119675278664
191,STATE_B_DEFENSE,SPONTANEOUS,6.8,20.0,2513,0.25,690.0,720.0,210.0,325.16129032258067,0.3963390370075607,0.49383207321925987,-0.010747600194332567,True,0.3305773257113859,73.67021975846139,10.0,15.231086613185576,"[np.float64(-0.0005227059533880261), np.float64(-8.763149375625808e-05), np.float64(0.0015343052891422678), np.float64(0.005280666187532806), np.float64(0.008712085687315555), np.float64(0.01155548060869595), np.float64(0.015577171392529161), np.float64(0.0202037681545684), np.float64(0.0271505764677799), np.float64(0.033380663235990315), np.float64(0.04102220211516873), np.float64(0.04926226153490037), np.float64(0.056177564174817264), np.float64(0.06435267962019024), np.float64(0.07274257691428505), np.float64(0.0802723444566578), np.float64(0.08916615143790671), np.float64(0.0979922557717405), np.float64(0.10950500662365806), np.float64(0.11953725362207358), np.float64(0.130586548808811), np.float64(0.14271744590972424), np.float64(0.15348745400208627), np.float64(0.16471651725492542), np.float64(0.17524184254418537), np.float64(0.1858013375420808), np.float64(0.196077499632459), np.float64(0.2074826626672613), np.float64(0.21674624936910017), np.float64(0.22685259439234773), np.float64(0.23714640025750028), np.float64(0.24687388564384447), np.float64(0.2568871654788637), np.float64(0.26906113505868606), np.float64(0.27762764050853095), np.float64(0.28770294004167746), np.float64(0.2975357056117133), np.float64(0.3095831467984067), np.float64(0.3200626132212394), np.float64(0.3305773257113859)]","[np.float64(2.1250324538486214), np.float64(4.249140178722871), np.float64(6.368547217832382), np.float64(8.475559156791977), np.float64(10.57641358732804), np.float64(12.67384612211605), np.float64(14.756848145423252), np.float64(16.82668476284438), np.float64(18.865898151579316), np.float64(20.898824928939334), np.float64(22.904178647612362), np.float64(24.888071900653188), np.float64(26.873666088344393), np.float64(28.829511924211765), np.float64(30.76773548912606), np.float64(32.704339827131335), np.float64(34.60619786297553), np.float64(36.494288402981894), np.float64(38.321367721715646), np.float64(40.1571380900627), np.float64(41.95844850105205), np.float64(43.722530072704764), np.float64(45.49602266712197), np.float64(47.24470675956039), np.float64(48.99236664851146), np.float64(50.724691366430655), np.float64(52.44887014941778), np.float64(54.13393693787142), np.float64(55.85345243037398), np.float64(57.540958919039014), np.float64(59.211106796968956), np.float64(60.882257405969966), np.float64(62.53423298140994), np.float64(64.11943373021721), np.float64(65.78364417369711), np.float64(67.39795050885303), np.float64(69.00715112845438), np.float64(70.54546348237848), np.float64(72.11396498276636), np.float64(73.67021975846139)]",36685.04277850012,14.598106955232838,-72.84357667341828,16321.832742333412
193,STATE_B_DEFENSE,SPONTANEOUS,6.8,20.0,2513,0.25,690.0,720.0,210.0,325.16129032258067,0.40469558296856345,0.4942300039793076,-0.004077489553436869,True,0.32576627120246165,73.61554896609223,10.0,14.77880959735325,"[np.float64(-0.0008550128679035445), np.float64(-0.0004701972484034069), np.float64(0.0010643819891568956), np.float64(0.0025799114291110803), np.float64(0.004285315780294181), np.float64(0.00824273898841801), np.float64(0.013469313248450873), np.float64(0.020008960250536438), np.float64(0.02749985177349694), np.float64(0.03439890937334525), np.float64(0.04243475185368609), np.float64(0.05133942107879963), np.float64(0.06002480982127039), np.float64(0.06677310586203648), np.float64(0.07597153183758264), np.float64(0.08423994060278635), np.float64(0.09518834642597918), np.float64(0.10524996422202094), np.float64(0.1146769646300462), np.float64(0.12554916020691562), np.float64(0.13666083636996892), np.float64(0.14679433314578255), np.float64(0.15768908083705566), np.float64(0.1676166051767147), np.float64(0.17765396313340187), np.float64(0.18750321220896735), np.float64(0.1973547468626999), np.float64(0.20743875513776353), np.float64(0.21749044449123897), np.float64(0.2262241885606161), np.float64(0.2363366598224301), np.float64(0.24692862564054463), np.float64(0.257170454636032), np.float64(0.2668041391968949), np.float64(0.2757750062712861), np.float64(0.2855591435557295), np.float64(0.29501544141337005), np.float64(0.30365175678924083), np.float64(0.31484892864505654), np.float64(0.32576627120246165)]","[np.float64(2.119965482722975), np.float64(4.23911470727827), np.float64(6.353796436157487), np.float64(8.465323102235313), np.float64(10.572665562474388), np.float64(12.662275123552904), np.float64(14.734512959660274), np.float64(16.785374693325867), np.float64(18.81458624846326), np.float64(20.835264576542563), np.float64(22.83028280797867), np.float64(24.800064950197676), np.float64(26.756443378725894), np.float64(28.723347554151236), np.float64(30.643185860098562), np.float64(32.56119450670008), np.float64(34.422908393165436), np.float64(36.28150526990787), np.float64(38.13485808122879), np.float64(39.947610637138254), np.float64(41.739466438106476), np.float64(43.53343720043657), np.float64(45.2975709772378), np.float64(47.06566042550202), np.float64(48.81735066483707), np.float64(50.55906084303708), np.float64(52.28720059069132), np.float64(53.99686208044483), np.float64(55.693981206747054), np.float64(57.40891804432448), np.float64(59.079439576677835), np.float64(60.72565773586844), np.float64(62.3677251628333), np.float64(64.0128593533844), np.float64(65.66350278733707), np.float64(67.28209667056105), np.float64(68.89810821564005), np.float64(70.52544679666232), np.float64(72.07252298243675), np.float64(73.61554896609223)]",37014.046122305335,14.729027505891498,-77.89558888878673,17042.740983247757
195,STATE_B_DEFENSE,SPONTANEOUS,6.8,20.0,2513,0.25,690.0,720.0,210.0,325.16129032258067,0.4058893752487067,0.4958217270194986,-0.007957143277683135,True,0.3235783704413599,72.09025339899802,9.75,14.258086609225954,"[np.float64(5.2640722945172806e-05), np.float64(0.00034031865270855717), np.float64(0.002179144974712657), np.float64(0.004088725582220425), np.float64(0.0077071383516585865), np.float64(0.010613769783331511), np.float64(0.014383980123199346), np.float64(0.021056066247952244), np.float64(0.02870335365154064), np.float64(0.03661445068447749), np.float64(0.04346452264209639), np.float64(0.05218016257248255), np.float64(0.0594367804064753), np.float64(0.07005610100017047), np.float64(0.07949970828024089), np.float64(0.08945219828193471), np.float64(0.09939561771953594), np.float64(0.11055090963821126), np.float64(0.12097453661698628), np.float64(0.13083945194853408), np.float64(0.14199930072192338), np.float64(0.1540113429900851), np.float64(0.16535067837388828), np.float64(0.17540565206602005), np.float64(0.18572334232207477), np.float64(0.1950168129386899), np.float64(0.20577708142270984), np.float64(0.2170572346037785), np.float64(0.22766683452492206), np.float64(0.23678386972510937), np.float64(0.24637444478803727), np.float64(0.25634707724501604), np.float64(0.2653055374776559), np.float64(0.27424236828446), np.float64(0.2845079208716976), np.float64(0.2940247461316639), np.float64(0.3041256446684066), np.float64(0.31315221203049354), np.float64(0.3235783704413599)]","[np.float64(2.1265487605069233), np.float64(4.252485924017847), np.float64(6.372874264164405), np.float64(8.489081865654779), np.float64(10.592283903820034), np.float64(12.692448809631179), np.float64(14.780312785537271), np.float64(16.836505936975357), np.float64(18.87053475299517), np.float64(20.88710001979925), np.float64(22.900270748878622), np.float64(24.878429836524443), np.float64(26.859171048240853), np.float64(28.78137497541881), np.float64(30.702007268248753), np.float64(32.5988792037607), np.float64(34.47932034134273), np.float64(36.32369704188633), np.float64(38.16299961462383), np.float64(39.99597568700009), np.float64(41.79007509097362), np.float64(43.55163038804829), np.float64(45.3091896696723), np.float64(47.07649601778491), np.float64(48.824195919776145), np.float64(50.57933510434797), np.float64(52.289805632378105), np.float64(53.97458427262188), np.float64(55.66016788077859), np.float64(57.3668659446815), np.float64(59.0505846298748), np.float64(60.713034123667235), np.float64(62.38827981206856), np.float64(64.05302904781051), np.float64(65.67293514116922), np.float64(67.300452730998), np.float64(68.90151675435669), np.float64(70.52008670398762), np.float64(72.09025339899802)]",35538.60586177915,14.14190444161526,-79.1435486660339,17507.141836881638
194,STATE_B_DEFENSE,SPONTANEOUS,6.8,20.0,2513,0.25,690.0,720.0,210.0,325.16129032258067,0.3987266215678472,0.4974134500596896,-0.01504450197428095,True,0.3255464708691373,73.60608571152964,10.0,14.873141832901128,"[np.float64(-0.0002840890242393925), np.float64(-0.00047587008077522465), np.float64(0.00019815239772849472), np.float64(0.0027256501370560324), np.float64(0.004649049747851728), np.float64(0.008254486861447629), np.float64(0.01201606214773232), np.float64(0.01720994762030055), np.float64(0.024770251059170075), np.float64(0.03172715830757538), np.float64(0.03996493392771655), np.float64(0.04842559252301274), np.float64(0.05675597093342317), np.float64(0.06520559355240184), np.float64(0.0738693952946321), np.float64(0.08124808218208046), np.float64(0.08989496553789984), np.float64(0.10077336609223315), np.float64(0.10983992225216276), np.float64(0.12063476546803219), np.float64(0.1305744543249894), np.float64(0.14254884976577967), np.float64(0.1530799590310038), np.float64(0.16452100643789244), np.float64(0.1758171236104406), np.float64(0.1867050148825746), np.float64(0.19656016219068964), np.float64(0.20667089327774393), np.float64(0.216937128481332), np.float64(0.227155807790635), np.float64(0.2371285024463638), np.float64(0.24779370988200308), np.float64(0.2574189835837959), np.float64(0.26746642046489655), np.float64(0.2752810439313671), np.float64(0.2860268661091767), np.float64(0.29797003185700055), np.float64(0.30731812396544206), np.float64(0.31620343387096445), np.float64(0.3255464708691373)]","[np.float64(2.1189119415619464), np.float64(4.23823042426473), np.float64(6.3552032029212295), np.float64(8.462918132857837), np.float64(10.568516409438882), np.float64(12.659524083923698), np.float64(14.741970843354892), np.float64(16.80489867733751), np.float64(18.83564364517681), np.float64(20.857813470119762), np.float64(22.85254368893794), np.float64(24.829252772197215), np.float64(26.792127898187747), np.float64(28.738396152533458), np.float64(30.666678272147617), np.float64(32.59931828300126), np.float64(34.499103435816025), np.float64(36.34751791106887), np.float64(38.20978906105027), np.float64(40.02664233860925), np.float64(41.842817600094776), np.float64(43.60502127570492), np.float64(45.3784162621779), np.float64(47.11821058290232), np.float64(48.845136657126915), np.float64(50.56536771017837), np.float64(52.293499388722296), np.float64(54.00261910670608), np.float64(55.69486271289887), np.float64(57.374988537593126), np.float64(59.048041568157025), np.float64(60.69176854590866), np.float64(62.348375759879374), np.float64(63.98260183302623), np.float64(65.66233202711757), np.float64(67.25563704343197), np.float64(68.80509550257035), np.float64(70.411592392847), np.float64(72.02019748310997), np.float64(73.60608571152964)]",37218.05146975891,14.810207508857506,-70.03632549522445,16398.14249753952
192,STATE_B_DEFENSE,SPONTANEOUS,6.8,20.0,2513,0.25,690.0,720.0,210.0,325.16129032258067,0.3923597294070832,0.49781138081973736,-0.009445879232452622,True,0.33012318467741064,75.26116811708577,10.25,15.443522841926425,"[np.float64(-0.0010660883519959749), np.float64(-0.001506439769481285), np.float64(-0.0012914265054783862), np.float64(0.0012550880827573994), np.float64(0.005180525392447071), np.float64(0.00953582269232423), np.float64(0.014959225950498417), np.float64(0.021256747164025234), np.float64(0.027220115056665804), np.float64(0.033768179392343396), np.float64(0.04075999472988128), np.float64(0.04686144424839762), np.float64(0.053178206524919114), np.float64(0.060260654431000635), np.float64(0.0700514793904378), np.float64(0.0802095440671977), np.float64(0.08994003080025172), np.float64(0.09927219320519276), np.float64(0.10919448578397362), np.float64(0.11823287134270101), np.float64(0.1288462832972563), np.float64(0.13952005058832193), np.float64(0.14939925691118722), np.float64(0.1587516486020661), np.float64(0.16786437819104225), np.float64(0.17773314433166915), np.float64(0.18991155576379362), np.float64(0.20081780411997308), np.float64(0.2099850962990436), np.float64(0.22138963894455707), np.float64(0.23089589794724014), np.float64(0.2422570134465192), np.float64(0.2509066006977232), np.float64(0.2599706399394164), np.float64(0.26938803596224287), np.float64(0.28186530938809734), np.float64(0.29223521549439135), np.float64(0.30107587837558164), np.float64(0.3098912151592265), np.float64(0.32097912360126607), np.float64(0.33012318467741064)]","[np.float64(2.1181887217096724), np.float64(4.237311495101641), np.float64(6.355283013608008), np.float64(8.46292813507242), np.float64(10.557984037842886), np.float64(12.642222017564261), np.float64(14.709800133163741), np.float64(16.759287347868295), np.float64(18.79939103729116), np.float64(20.821952418375943), np.float64(22.827083093778576), np.float64(24.82959713932494), np.float64(26.817942184069306), np.float64(28.784238381039327), np.float64(30.698839116520098), np.float64(32.59109913323071), np.float64(34.47312461964063), np.float64(36.34568962561516), np.float64(38.192912658355475), np.float64(40.040260846192176), np.float64(41.84416642261501), np.float64(43.63095559044758), np.float64(45.41772848391353), np.float64(47.200770587217036), np.float64(48.975269261212375), np.float64(50.72043025713787), np.float64(52.40098525347443), np.float64(54.0944241299314), np.float64(55.813726134141255), np.float64(57.4681436428927), np.float64(59.15399241715662), np.float64(60.78232093581187), np.float64(62.46468114952872), np.float64(64.12564317870611), np.float64(65.7663703301998), np.float64(67.31538486824036), np.float64(68.90709920101636), np.float64(70.52860820735768), np.float64(72.14064516052956), np.float64(73.67922412641413), np.float64(75.26116811708577)]",38423.82131288413,15.290020418974983,-64.95979362074286,15581.589639902115
196,STATE_B_DEFENSE,SPONTANEOUS,6.8,20.0,2513,0.25,690.0,720.0,210.0,325.16129032258067,0.39753282928770395,0.4986072423398329,0.004165608536650421,True,0.33221640317870027,73.6401727599841,10.0,15.175081088668035,"[np.float64(-0.00011544355376976865), np.float64(-6.605857953339199e-05), np.float64(0.0008907411093210212), np.float64(0.0024688252066083914), np.float64(0.0049883766194789405), np.float64(0.009324504505486924), np.float64(0.014476177661182385), np.float64(0.019836736755913922), np.float64(0.026571755075598048), np.float64(0.03450220191351435), np.float64(0.04039155522143111), np.float64(0.048097196680734075), np.float64(0.05699120497243823), np.float64(0.06482104914642522), np.float64(0.073427999772965), np.float64(0.08293963427021218), np.float64(0.09247897477053024), np.float64(0.10287650489610524), np.float64(0.11344579578314103), np.float64(0.1225387243309286), np.float64(0.13333848763389167), np.float64(0.14510006371177644), np.float64(0.15599908898126627), np.float64(0.16871931758042227), np.float64(0.17981283840047937), np.float64(0.1910387994044293), np.float64(0.2014530603742454), np.float64(0.2119058720818427), np.float64(0.22073403441783015), np.float64(0.23114856850862453), np.float64(0.24119904823013874), np.float64(0.2521705740254999), np.float64(0.2638344063319757), np.float64(0.2742373792829434), np.float64(0.2850586506890972), np.float64(0.29427086151791426), np.float64(0.30255643957297973), np.float64(0.3122698725710133), np.float64(0.3223152658175446), np.float64(0.33221640317870027)]","[np.float64(2.1250407639975664), np.float64(4.24997657468289), np.float64(6.371917065416821), np.float64(8.489199682075332), np.float64(10.598189499857941), np.float64(12.690479663174678), np.float64(14.767919254082296), np.float64(16.833206712925953), np.float64(18.875134267747544), np.float64(20.89183013243598), np.float64(22.915876426770556), np.float64(24.90707118946896), np.float64(26.868898404200756), np.float64(28.829155295388606), np.float64(30.764296974814144), np.float64(32.67082143921268), np.float64(34.56086259003488), np.float64(36.42094905192621), np.float64(38.26143522064893), np.float64(40.11174220559261), np.float64(41.91617759108631), np.float64(43.68608808508467), np.float64(45.45600726717612), np.float64(47.173524613868814), np.float64(48.90752048587821), np.float64(50.62354906939968), np.float64(52.34227030134452), np.float64(54.04627692451671), np.float64(55.77372706857778), np.float64(57.45240564884545), np.float64(59.12663627304337), np.float64(60.765968923995764), np.float64(62.37507034588405), np.float64(64.0023532283502), np.float64(65.60678639206728), np.float64(67.24068197938638), np.float64(68.88832809195304), np.float64(70.48784174332249), np.float64(72.06747345954678), np.float64(73.6401727599841)]",36962.23256704646,14.70840929846656,-71.6111120567657,16776.97254228592
197,STATE_B_DEFENSE,SPONTANEOUS,6.8,20.0,2513,0.25,690.0,720.0,210.0,325.16129032258067,0.3935535216872264,0.49383207321925987,-0.016045459218125842,True,0.32594757471240715,73.69033332674779,10.0,14.871612329722149,"[np.float64(-0.0013166992015254803), np.float64(-0.0007422500159954896), np.float64(-4.6555595696826425e-05), np.float64(0.003636103887824306), np.float64(0.006154799462358608), np.float64(0.0097884795892069), np.float64(0.01324693134461135), np.float64(0.018171717785685628), np.float64(0.0246672784570012), np.float64(0.031965773842742795), np.float64(0.04011953013372638), np.float64(0.04852043650237263), np.float64(0.05784312691303136), np.float64(0.06738379415721715), np.float64(0.07611829420250713), np.float64(0.08481486807280625), np.float64(0.09495389671647861), np.float64(0.1034697386995436), np.float64(0.11304229851465676), np.float64(0.12354629373582267), np.float64(0.13355824394585278), np.float64(0.14306157096310287), np.float64(0.15331934902548625), np.float64(0.16442685402024343), np.float64(0.17416149324289668), np.float64(0.18452038074405014), np.float64(0.19504362650230875), np.float64(0.20608463161377066), np.float64(0.2165935214081098), np.float64(0.2259560179658962), np.float64(0.23581454405947744), np.float64(0.2461045696916895), np.float64(0.25670156203378364), np.float64(0.26704808604524144), np.float64(0.2774720476590652), np.float64(0.2877236676182468), np.float64(0.29837742426528296), np.float64(0.30754655069736475), np.float64(0.3165746809708977), np.float64(0.32594757471240715)]","[np.float64(2.1227547057407534), np.float64(4.24428891555317), np.float64(6.364218338806169), np.float64(8.470041919293276), np.float64(10.574292247202681), np.float64(12.666299441088666), np.float64(14.75210849466838), np.float64(16.81872922513143), np.float64(18.86100290109115), np.float64(20.882431209701945), np.float64(22.880460759891044), np.float64(24.860307863993604), np.float64(26.81306273255482), np.float64(28.746265978118213), np.float64(30.67432100210871), np.float64(32.587862450553374), np.float64(34.46392297033596), np.float64(36.350132443607116), np.float64(38.204231917425005), np.float64(40.026555306174785), np.float64(41.84186955197827), np.float64(43.65174152851945), np.float64(45.43251234199489), np.float64(47.18118470891199), np.float64(48.94291119043208), np.float64(50.67757038487884), np.float64(52.394486754441814), np.float64(54.085748689793476), np.float64(55.774919801530174), np.float64(57.47745314789667), np.float64(59.155993032845004), np.float64(60.811601415509934), np.float64(62.446998468836576), np.float64(64.07610062696297), np.float64(65.69102639523496), np.float64(67.29841999377467), np.float64(68.88345985824493), np.float64(70.49668951300997), np.float64(72.10337006995823), np.float64(73.69033332674779)]",36397.94581561105,14.483862242582989,-78.50769709423184,15718.161787033081
198,STATE_B_DEFENSE,SPONTANEOUS,6.8,20.0,2513,0.25,690.0,720.0,210.0,325.16129032258067,0.4003183446080382,0.49144448865897333,-0.013357993835966765,True,0.32675004813319375,73.71534791976904,10.0,14.797123170851693,"[np.float64(-0.0016054838849686272), np.float64(-0.0010650638830254438), np.float64(0.0008696759587685325), np.float64(0.0035297462690362753), np.float64(0.00602665113632699), np.float64(0.009257484241872156), np.float64(0.012467062893001916), np.float64(0.018994796795143817), np.float64(0.025613822455318302), np.float64(0.03300357328587537), np.float64(0.04010859057758673), np.float64(0.04852533271710865), np.float64(0.056868047018967895), np.float64(0.06622237326010395), np.float64(0.07675443899243715), np.float64(0.08724834624283297), np.float64(0.09624086346086783), np.float64(0.10618117753175468), np.float64(0.11813159204109804), np.float64(0.12804844366691032), np.float64(0.13826676494956688), np.float64(0.1484263583392345), np.float64(0.16005887502092672), np.float64(0.17019415717036382), np.float64(0.17760662118004025), np.float64(0.18698315061045526), np.float64(0.19749909362953164), np.float64(0.20783723363072865), np.float64(0.2177641467816408), np.float64(0.2287158476218676), np.float64(0.23960624712037296), np.float64(0.2507301275899811), np.float64(0.25984644293290926), np.float64(0.2706618733865741), np.float64(0.2791834748215141), np.float64(0.2893620309751725), np.float64(0.2986336547577162), np.float64(0.3084018779826979), np.float64(0.31728688818911177), np.float64(0.32675004813319375)]","[np.float64(2.124424938343696), np.float64(4.247700415389391), np.float64(6.365389353414898), np.float64(8.475929789527154), np.float64(10.581756063081805), np.float64(12.677766405641444), np.float64(14.767265137105344), np.float64(16.822730521215764), np.float64(18.864402802637024), np.float64(20.885341094249004), np.float64(22.89527307727296), np.float64(24.87621299000001), np.float64(26.842653960745203), np.float64(28.78038666138383), np.float64(30.68494915415485), np.float64(32.5722747259752), np.float64(34.465803872334384), np.float64(36.32886730770363), np.float64(38.14166313199913), np.float64(39.972250892889484), np.float64(41.78205066098502), np.float64(43.5776282100626), np.float64(45.32943489128834), np.float64(47.094995896972335), np.float64(48.90264771678069), np.float64(50.65747692268767), np.float64(52.37435068646744), np.float64(54.08119869024013), np.float64(55.78390216335261), np.float64(57.449732283616314), np.float64(59.103377559619695), np.float64(60.73802374842995), np.float64(62.40905652842399), np.float64(64.02600466100418), np.float64(65.68922052826922), np.float64(67.29883505211063), np.float64(68.92089072708293), np.float64(70.5188955009692), np.float64(72.13016187880393), np.float64(73.71534791976904)]",36493.79948473133,14.522005365989388,-69.22178676584736,16913.162198781967
199,STATE_B_DEFENSE,SPONTANEOUS,6.8,20.0,2513,0.25,690.0,720.0,210.0,325.16129032258067,0.40907282132908873,0.49462793473935535,-0.004867833572219595,True,0.32496494548951943,73.60710413093783,10.0,14.940532921487184,"[np.float64(-0.0026154561986985046), np.float64(-0.003909017438276361), np.float64(-0.002449503356828689), np.float64(-0.00017721897294626293), np.float64(0.002210011679438717), np.float64(0.0060947116940997465), np.float64(0.01083065923789414), np.float64(0.015148308996730322), np.float64(0.020795077322496202), np.float64(0.0275463448441002), np.float64(0.03449111421408805), np.float64(0.04418349483133972), np.float64(0.05314390890461741), np.float64(0.06222696207782385), np.float64(0.07083116115337056), np.float64(0.08073022032979658), np.float64(0.09168746884305469), np.float64(0.10196444459155736), np.float64(0.11108393818951855), np.float64(0.12069344376055689), np.float64(0.1313235384690559), np.float64(0.14160441762995757), np.float64(0.15240603230420446), np.float64(0.1633552509949047), np.float64(0.17321469347993776), np.float64(0.18328414001471185), np.float64(0.19388136112294974), np.float64(0.20528498101214707), np.float64(0.2175154080979056), np.float64(0.22620287527295202), np.float64(0.23500996361033397), np.float64(0.24578512021461496), np.float64(0.2572986648333615), np.float64(0.2684632539892163), np.float64(0.2785924766325121), np.float64(0.2875629340141829), np.float64(0.29744717124975606), np.float64(0.30718735380428025), np.float64(0.31746339232947024), np.float64(0.32496494548951943)]","[np.float64(2.120950915463874), np.float64(4.244655283967859), np.float64(6.3623234611979225), np.float64(8.47345275118026), np.float64(10.579193742824677), np.float64(12.670499965192034), np.float64(14.74758037710522), np.float64(16.818496687410594), np.float64(18.868403745742693), np.float64(20.895906937506545), np.float64(22.908214324043303), np.float64(24.87452342386321), np.float64(26.832517851017098), np.float64(28.772745882218953), np.float64(30.703839947117313), np.float64(32.60042557869251), np.float64(34.46368352395213), np.float64(36.320402180264935), np.float64(38.180543034645154), np.float64(40.01736742457403), np.float64(41.820364901187524), np.float64(43.61408797422612), np.float64(45.38235297312525), np.float64(47.13212266222722), np.float64(48.88922994096946), np.float64(50.62799878143144), np.float64(52.34137326600947), np.float64(54.02255168661361), np.float64(55.670189500488554), np.float64(57.3854807639779), np.float64(59.08651805661265), np.float64(60.72819087386328), np.float64(62.33854298739655), np.float64(63.94431015614102), np.float64(65.56376829309669), np.float64(67.20169119398639), np.float64(68.80481272132234), np.float64(70.4006408585572), np.float64(71.97095467746179), np.float64(73.60710413093783)]",37228.276614788294,14.814276408590647,-70.68917124066502,17346.747278809547
