Replicate,Mission,Mode,pH,Radius_nm,N_particles,Delta_f,Ka_Input_mNm,K_Lo_mNm,K_Ld_mNm,K_Int_mNm,Anionic_Fraction,Percolation,Heterogeneity,Ruptured,Rupture_Strain,Rupture_Tension_mNm,f_crit_kJmolnm,Toughness,Strain_Curve,Tension_Curve,U_bond_kJmol,U_bond_per_N,U_LJ_kJmol,U_dh_kJmol
0,STATE_A_RIPENING,SEEDED,6.8,20.0,2513,0.125,120.0,300.0,60.0,100.0,0.04496617588539594,0.013131715081575806,0.46285808421921326,True,0.3233537388062975,30.54143337984071,4.125,7.377736240093975,"[np.float64(-0.002294073839964733), np.float64(-0.004798972994288446), np.float64(-0.0044158932984747325), np.float64(-0.005521733546254613), np.float64(-0.007662406395598353), np.float64(-0.0058474046533832135), np.float64(-0.004025824075638519), np.float64(9.676199362009663e-05), np.float64(0.005247694138885629), np.float64(0.012646515763933087), np.float64(0.01790906906742627), np.float64(0.024430742734676925), np.float64(0.03137086681523417), np.float64(0.03989669329626091), np.float64(0.04809990522796876), np.float64(0.05563472470232625), np.float64(0.06740143966136855), np.float64(0.07808980659367139), np.float64(0.0886440153933136), np.float64(0.10104486604683723), np.float64(0.11478334329984094), np.float64(0.1275939729932922), np.float64(0.14180441419456594), np.float64(0.1579175431097056), np.float64(0.17515653251396043), np.float64(0.19162753386904807), np.float64(0.20982501737976844), np.float64(0.22707346045566315), np.float64(0.24594075821749012), np.float64(0.2637102849962651), np.float64(0.28263991526269405), np.float64(0.30114151229255126), np.float64(0.3233537388062975)]","[np.float64(1.065889475865277), np.float64(2.13446008613118), np.float64(3.2010740986282435), np.float64(4.270471159754787), np.float64(5.343843516562268), np.float64(6.40675586568917), np.float64(7.467710118015432), np.float64(8.516917227313046), np.float64(9.556952264119452), np.float64(10.579971887892537), np.float64(11.607846151690751), np.float64(12.62273296191301), np.float64(13.628541236316636), np.float64(14.616600842147047), np.float64(15.599237428598915), np.float64(16.579697362898525), np.float64(17.518563003254215), np.float64(18.45688836059593), np.float64(19.387602475072438), np.float64(20.292751524516337), np.float64(21.175687017134848), np.float64(22.057676244047585), np.float64(22.916348983005694), np.float64(23.745749113114044), np.float64(24.55305853738635), np.float64(25.358089675278), np.float64(26.13460459857288), np.float64(26.911394325137614), np.float64(27.66067357014676), np.float64(28.412597874778704), np.float64(29.142229131002022), np.float64(29.86765745815528), np.float64(30.54143337984071)]",13784.337576492608,5.485211928568487,-57.91065904637799,184.9470660686493
1,STATE_A_RIPENING,SEEDED,6.8,20.0,2513,0.125,120.0,300.0,60.0,100.0,0.05173099880620772,0.02109033028253084,0.47836846095490654,True,0.32485067506379295,30.537231514109777,4.125,7.472725919086428,"[np.float64(-0.00572523592029391), np.float64(-0.007271173890918741), np.float64(-0.007272824656816606), np.float64(-0.008386507941534128), np.float64(-0.00913737523886327), np.float64(-0.006150111401071823), np.float64(-0.0053428931087723), np.float64(-0.0014872416340753027), np.float64(0.004877637012553229), np.float64(0.012227047391773266), np.float64(0.019498128159748947), np.float64(0.023864836766084828), np.float64(0.03126411530866292), np.float64(0.03872315318299328), np.float64(0.04654306679448631), np.float64(0.054147718770537874), np.float64(0.06561573962370706), np.float64(0.07724536768852443), np.float64(0.08993250023334565), np.float64(0.09959986686584475), np.float64(0.11028608099504007), np.float64(0.1239706371340682), np.float64(0.13932492344212186), np.float64(0.15550277003709703), np.float64(0.17160805530726375), np.float64(0.19025367498391568), np.float64(0.2071191667591215), np.float64(0.22417689475972996), np.float64(0.24342512861645316), np.float64(0.2638996508580983), np.float64(0.2840550862088775), np.float64(0.30513269657811504), np.float64(0.32485067506379295)]","[np.float64(1.0681837801620244), np.float64(2.1380303542591803), np.float64(3.2070481978208605), np.float64(4.278464818503152), np.float64(5.350107004615085), np.float64(6.410472495289682), np.float64(7.475849201249485), np.float64(8.527316160087443), np.float64(9.562800734129002), np.float64(10.586690544401637), np.float64(11.603757822710044), np.float64(12.631621956910532), np.float64(13.63507674720011), np.float64(14.631111401321604), np.float64(15.617513644791797), np.float64(16.598484356285155), np.float64(17.54073532754551), np.float64(18.47201935383833), np.float64(19.384427853599075), np.float64(20.314766918829648), np.float64(21.227606796752283), np.float64(22.102651974042793), np.float64(22.951085163946967), np.float64(23.780716399290995), np.float64(24.60073153620023), np.float64(25.383573958361225), np.float64(26.17507162420898), np.float64(26.95473891782967), np.float64(27.700484511929417), np.float64(28.422622387833982), np.float64(29.138624948248303), np.float64(29.8347106915821), np.float64(30.537231514109777)]",14166.333414335779,5.637219822656498,-91.35557993268594,212.99226880073547
5,STATE_A_RIPENING,SEEDED,6.8,20.0,2513,0.125,120.0,300.0,60.0,100.0,0.04456824512534819,0.023079984082769598,0.46487375155336746,True,0.3362398862166707,30.457928460819105,4.125,7.596788348939037,"[np.float64(-0.0025576215169611587), np.float64(-0.0025690808601021788), np.float64(0.00019751411686088044), np.float64(-0.003301438699921017), np.float64(-0.0036372468364766594), np.float64(-0.0018189970963382396), np.float64(0.0015162663297145142), np.float64(0.004230453388191097), np.float64(0.006501588601711751), np.float64(0.011624395962854037), np.float64(0.01871728273706965), np.float64(0.026923858293805895), np.float64(0.03400699911526459), np.float64(0.04330373431411103), np.float64(0.05443068770435025), np.float64(0.06437494862867711), np.float64(0.07405369060656755), np.float64(0.08542893741880678), np.float64(0.09735672742251761), np.float64(0.10913253301261558), np.float64(0.12178013645300764), np.float64(0.13609733914426952), np.float64(0.14974730196527858), np.float64(0.16555553336753429), np.float64(0.1804024996319634), np.float64(0.1954516800242881), np.float64(0.21243054446297818), np.float64(0.23441467494849666), np.float64(0.25579887878745444), np.float64(0.2761610265422263), np.float64(0.2968408092943037), np.float64(0.31669096314639317), np.float64(0.3362398862166707)]","[np.float64(1.0682790950609449), np.float64(2.1365704633944795), np.float64(3.2004202324177093), np.float64(4.2747105556218), np.float64(5.344288570450957), np.float64(6.407302646689187), np.float64(7.462729056073108), np.float64(8.517299743075208), np.float64(9.571145426283966), np.float64(10.607645339483836), np.float64(11.627717879982754), np.float64(12.633996786282246), np.float64(13.639870624971051), np.float64(14.62349876293226), np.float64(15.585146124905839), np.float64(16.546315400199735), np.float64(17.50106845196191), np.float64(18.433187692902457), np.float64(19.35121881101199), np.float64(20.261281550062996), np.float64(21.154075979569264), np.float64(22.021330120161352), np.float64(22.885229626322282), np.float64(23.717744943700442), np.float64(24.550118140557796), np.float64(25.370905786583887), np.float64(26.161579908503903), np.float64(26.8878533813344), np.float64(27.610011680748006), np.float64(28.333299606419935), np.float64(29.043369326090307), np.float64(29.753406025900077), np.float64(30.457928460819105)]",14447.839181608339,5.749239626585093,-63.95785164972767,130.664888381958
9,STATE_A_RIPENING,SEEDED,6.8,20.0,2513,0.125,120.0,300.0,60.0,100.0,0.04496617588539594,0.019498607242339833,0.4659754755029308,True,0.3288167287720076,30.512351280303054,4.125,7.557142181151561,"[np.float64(-0.004844662408214804), np.float64(-0.008604650265323725), np.float64(-0.0116080668911086), np.float64(-0.012049126701960107), np.float64(-0.01072754291696477), np.float64(-0.010851223969170754), np.float64(-0.009617439898572859), np.float64(-0.00782887756453553), np.float64(-0.0040127841038971315), np.float64(0.002992182426892028), np.float64(0.009206079156108367), np.float64(0.016601086227088346), np.float64(0.025581122294884014), np.float64(0.034152993421833804), np.float64(0.04401884600295937), np.float64(0.055481280909403144), np.float64(0.06710644472860698), np.float64(0.0822562964254361), np.float64(0.09567605978260767), np.float64(0.1056699306475749), np.float64(0.12122453968133423), np.float64(0.13416972116099662), np.float64(0.14939902532452878), np.float64(0.16507174810631328), np.float64(0.18209061379772798), np.float64(0.19924357262946585), np.float64(0.21678491715618378), np.float64(0.23423773974159606), np.float64(0.25068460579524793), np.float64(0.26884444932163964), np.float64(0.28853887259962463), np.float64(0.30837929406805187), np.float64(0.3288167287720076)]","[np.float64(1.0684368071767136), np.float64(2.1409219565149247), np.float64(3.216258432312174), np.float64(4.289301711758405), np.float64(5.358044604098281), np.float64(6.430055487431441), np.float64(7.497057248082636), np.float64(8.560339223074457), np.float64(9.611914669058141), np.float64(10.64254524548641), np.float64(11.670703491611915), np.float64(12.685285339213369), np.float64(13.682095656089384), np.float64(14.67337167131711), np.float64(15.64701032331503), np.float64(16.599270192064978), np.float64(17.540393383713614), np.float64(18.441732734187486), np.float64(19.346695393365394), np.float64(20.27269681733697), np.float64(21.138164667881217), np.float64(22.018003460927954), np.float64(22.865815923722355), np.float64(23.698954401829084), np.float64(24.50805822532418), np.float64(25.305442003801478), np.float64(26.08862165358353), np.float64(26.862900263079244), np.float64(27.638748560083062), np.float64(28.386466906756464), np.float64(29.107654453022825), np.float64(29.817925565415166), np.float64(30.512351280303054)]",13813.613905949625,5.496861880600727,-64.41521676862612,183.8152015209198
4,STATE_A_RIPENING,SEEDED,6.8,20.0,2513,0.125,120.0,300.0,60.0,100.0,0.04894548348587346,0.01432550736171906,0.4438846511358123,True,0.3252597823087439,30.52718580690879,4.125,7.485357252914817,"[np.float64(-0.00211452189000539), np.float64(-0.004364025313446588), np.float64(-0.008708978034724259), np.float64(-0.011012876756863231), np.float64(-0.011922149332566781), np.float64(-0.00937053347406928), np.float64(-0.00620889188979286), np.float64(-0.002410966375599034), np.float64(0.0025653074110188667), np.float64(0.008570784145649081), np.float64(0.01367915161689467), np.float64(0.018282307060714712), np.float64(0.02760457194312166), np.float64(0.0358847135309363), np.float64(0.0441095065715378), np.float64(0.05476152006575359), np.float64(0.06363153537396082), np.float64(0.07372964744862891), np.float64(0.08714007643384955), np.float64(0.10245318579488093), np.float64(0.11507150801322372), np.float64(0.13050680733234804), np.float64(0.14451588032760507), np.float64(0.16150793835675908), np.float64(0.17673728880503747), np.float64(0.19308489965261472), np.float64(0.20943735030237048), np.float64(0.22671184599629332), np.float64(0.24619311828417276), np.float64(0.26353454951257493), np.float64(0.2827567477664029), np.float64(0.30381070195449045), np.float64(0.3252597823087439)]","[np.float64(1.0660632890440247), np.float64(2.1345338434492254), np.float64(3.208810039849839), np.float64(4.283393884674189), np.float64(5.3567053936517945), np.float64(6.419762607775282), np.float64(7.477799669694242), np.float64(8.529773387664097), np.float64(9.572150379403327), np.float64(10.604010466786335), np.float64(11.634983385228162), np.float64(12.663987892187727), np.float64(13.656948695019134), np.float64(14.648584581865482), np.float64(15.632972846969833), np.float64(16.590756276666482), np.float64(17.554022808409705), np.float64(18.49900510247628), np.float64(19.405917802285725), np.float64(20.28491801532919), np.float64(21.17830871726853), np.float64(22.034816056696116), np.float64(22.894979766215624), np.float64(23.71501971599623), np.float64(24.542770726893217), np.float64(25.349010596534196), np.float64(26.145407518771496), np.float64(26.922171797668863), np.float64(27.66487186715937), np.float64(28.421764293159686), np.float64(29.14827642086972), np.float64(29.84461955462751), np.float64(30.52718580690879)]",14124.867151650415,5.620719121229771,-189.56188042555004,182.26057600975037
8,STATE_A_RIPENING,SEEDED,6.8,20.0,2513,0.125,120.0,300.0,60.0,100.0,0.052924791086350974,0.029446876243533624,0.48878555851533584,True,0.3308124882230631,30.4740173440925,4.125,7.52546137451599,"[np.float64(-0.0018244671317333453), np.float64(-0.004975737138209534), np.float64(-0.008319764982547299), np.float64(-0.008190438604798308), np.float64(-0.007349950216347711), np.float64(-0.0057938464996345205), np.float64(-0.005286648897110121), np.float64(-0.0011047637648983304), np.float64(0.00424290800965048), np.float64(0.009699769266833799), np.float64(0.015493085337200745), np.float64(0.022831559066392917), np.float64(0.030090154371668582), np.float64(0.03900296730917845), np.float64(0.047285633919496424), np.float64(0.058137289238653404), np.float64(0.06925091676411749), np.float64(0.08123547370399153), np.float64(0.09462109306609337), np.float64(0.10702317122350966), np.float64(0.12103562967675605), np.float64(0.13494538615329926), np.float64(0.15087391875951944), np.float64(0.16532361525594802), np.float64(0.18186393838802709), np.float64(0.19954502958903303), np.float64(0.21566136756591292), np.float64(0.23550381478127866), np.float64(0.2501228371917542), np.float64(0.2684268632758199), np.float64(0.28945143590257066), np.float64(0.3100767563562177), np.float64(0.3308124882230631)]","[np.float64(1.06627872538344), np.float64(2.1359317161865405), np.float64(3.2092949319454362), np.float64(4.278780917516168), np.float64(5.346211358783852), np.float64(6.410431019995766), np.float64(7.4769292429121705), np.float64(8.527156236834706), np.float64(9.567474800891446), np.float64(10.60176261809565), np.float64(11.628626032753683), np.float64(12.64018384498014), np.float64(13.645201034897273), np.float64(14.63166826395727), np.float64(15.614672875811381), np.float64(16.570025519174063), np.float64(17.513917920498187), np.float64(18.441089113777732), np.float64(19.346210057307296), np.float64(20.250038085340094), np.float64(21.129235861492695), np.float64(21.99932741214556), np.float64(22.839582782281738), np.float64(23.684388280356213), np.float64(24.497991084666758), np.float64(25.289443605267433), np.float64(26.087451863716584), np.float64(26.8355308226607), np.float64(27.630952594197247), np.float64(28.37675584200082), np.float64(29.08261158498463), np.float64(29.78350545400522), np.float64(30.4740173440925)]",13948.140910886597,5.550394313922244,-63.564221303444356,197.79152703285217
7,STATE_A_RIPENING,SEEDED,6.8,20.0,2513,0.125,120.0,300.0,60.0,100.0,0.05133306804615997,0.01193792280143255,0.46956135233272,True,0.32810196545531234,30.56519013126328,4.125,7.574200605611128,"[np.float64(-0.005221201704480815), np.float64(-0.0069004129169907644), np.float64(-0.008812116766694323), np.float64(-0.010086105189106395), np.float64(-0.008772228428372626), np.float64(-0.007279613162160872), np.float64(-0.004867769171540622), np.float64(-0.004176461871552847), np.float64(-0.0007977307058542654), np.float64(0.0033690672071889465), np.float64(0.010018809939162134), np.float64(0.015387549158124271), np.float64(0.022715170100567866), np.float64(0.03142895981365832), np.float64(0.03944919444217156), np.float64(0.050361184819037334), np.float64(0.06260109966535858), np.float64(0.07438900045335209), np.float64(0.09025923142870526), np.float64(0.10432808048381877), np.float64(0.11877346866053903), np.float64(0.13281188653585801), np.float64(0.1474853249541764), np.float64(0.1634045387188887), np.float64(0.18029578166600288), np.float64(0.19843807246125955), np.float64(0.2145405077265971), np.float64(0.23023174481613068), np.float64(0.2511960772362751), np.float64(0.26874857245574546), np.float64(0.28705346809555154), np.float64(0.30881319604644697), np.float64(0.32810196545531234)]","[np.float64(1.070201637643912), np.float64(2.142212092436832), np.float64(3.21641540893781), np.float64(4.291312609059461), np.float64(5.360584486410537), np.float64(6.42786358633354), np.float64(7.490081015362143), np.float64(8.557120836639585), np.float64(9.610471056232507), np.float64(10.656105645171454), np.float64(11.68306588160177), np.float64(12.7114238675945), np.float64(13.721287837801823), np.float64(14.714220051230733), np.float64(15.704296891267491), np.float64(16.664010168568193), np.float64(17.603242117653878), np.float64(18.536195441194725), np.float64(19.42305706575275), np.float64(20.3146717589025), np.float64(21.192250893250073), np.float64(22.063410921982427), np.float64(22.918338915181657), np.float64(23.7506082502341), np.float64(24.562550051111252), np.float64(25.350960627360468), np.float64(26.150899615840785), np.float64(26.945946189551005), np.float64(27.673505889271812), np.float64(28.429049711460834), np.float64(29.167034190847343), np.float64(29.85657714180817), np.float64(30.56519013126328)]",14124.675599629885,5.620642896788653,-423.80749890580773,258.5581223964691
2,STATE_A_RIPENING,SEEDED,6.8,20.0,2513,0.125,120.0,300.0,60.0,100.0,0.05133306804615997,0.013529645841623557,0.4644629552650387,True,0.3391659511459526,31.177212957769797,4.25,7.967859594109909,"[np.float64(-0.002611270195568198), np.float64(-0.005111429958912861), np.float64(-0.00648105581351508), np.float64(-0.0071935994850180355), np.float64(-0.008222860939557102), np.float64(-0.006915132346194693), np.float64(-0.005745783178484572), np.float64(-0.0030279985631775203), np.float64(0.0005774741034058329), np.float64(0.005439803941198607), np.float64(0.011998176919240482), np.float64(0.01719988256866313), np.float64(0.02494917754401721), np.float64(0.03239905893942681), np.float64(0.04112339003231657), np.float64(0.05049698958021829), np.float64(0.058486623810298885), np.float64(0.07063443543309408), np.float64(0.08340956057110954), np.float64(0.09845313003484671), np.float64(0.11025920681372187), np.float64(0.1257978620429652), np.float64(0.1414386409186782), np.float64(0.15437726288453057), np.float64(0.17150555405224308), np.float64(0.18965317642614726), np.float64(0.20835565278339538), np.float64(0.22608359969671196), np.float64(0.24344416761262727), np.float64(0.26001994442490745), np.float64(0.27780802928953785), np.float64(0.2972352774919366), np.float64(0.31757493090167715), np.float64(0.3391659511459526)]","[np.float64(1.062535241807808), np.float64(2.1277389643662725), np.float64(3.1938076013721495), np.float64(4.259938005526793), np.float64(5.3276848796410965), np.float64(6.389011060756084), np.float64(7.449461688287965), np.float64(8.502058282504848), np.float64(9.547567126573945), np.float64(10.582725579292033), np.float64(11.603216398028035), np.float64(12.625647708643548), np.float64(13.62598035328292), np.float64(14.621091919372379), np.float64(15.59968141489925), np.float64(16.565255864334578), np.float64(17.534032453192797), np.float64(18.459820469217494), np.float64(19.37014362169983), np.float64(20.249523217918657), np.float64(21.148651215426383), np.float64(22.00229801511339), np.float64(22.844261477151345), np.float64(23.703524768727778), np.float64(24.510005260725833), np.float64(25.295235988746064), np.float64(26.06405280698441), np.float64(26.833267581112192), np.float64(27.596907941045675), np.float64(28.360123434255755), np.float64(29.10076857478022), np.float64(29.81372043931279), np.float64(30.50716493894881), np.float64(31.177212957769797)]",14616.44385775409,5.816332613511377,-55.55659663723782,215.70011472702026
6,STATE_A_RIPENING,SEEDED,6.8,20.0,2513,0.125,120.0,300.0,60.0,100.0,0.05013927576601671,0.015519299641862315,0.46083488334794837,True,0.3420635121250167,31.209266057374325,4.25,8.072724487822548,"[np.float64(-0.005334971402231662), np.float64(-0.009999107489916531), np.float64(-0.012608523999891928), np.float64(-0.011805762717198121), np.float64(-0.01104506608283551), np.float64(-0.009558105450166434), np.float64(-0.006453770133724829), np.float64(-0.004568873275635852), np.float64(-0.002717469966155387), np.float64(0.002594384373145196), np.float64(0.009624872941789419), np.float64(0.017381574070580136), np.float64(0.027070489785101272), np.float64(0.03485914123164715), np.float64(0.04328745840612666), np.float64(0.052303470232444624), np.float64(0.06509076080670102), np.float64(0.07858177009132825), np.float64(0.08751647521413382), np.float64(0.10120711968921182), np.float64(0.11361398728765804), np.float64(0.1268273859643803), np.float64(0.1395840858301067), np.float64(0.1545370655148401), np.float64(0.1708887379408751), np.float64(0.18769448319765705), np.float64(0.20637855331179442), np.float64(0.22360682173172494), np.float64(0.24137148173324324), np.float64(0.2617292191542529), np.float64(0.28257652678953027), np.float64(0.30206204549815063), np.float64(0.3216706518760074), np.float64(0.3420635121250167)]","[np.float64(1.0662345435836849), np.float64(2.1374864760189136), np.float64(3.210463530454417), np.float64(4.278879003655), np.float64(5.346541308052002), np.float64(6.4110316701234975), np.float64(7.467842899762833), np.float64(8.526593359066544), np.float64(9.583509479801057), np.float64(10.620098361539794), np.float64(11.641363159946746), np.float64(12.651163985991372), np.float64(13.640629084868998), np.float64(14.634523573140234), np.float64(15.61638253169258), np.float64(16.585961554147723), np.float64(17.516477908166127), np.float64(18.430500973434583), np.float64(19.37433708135537), np.float64(20.266869141757027), np.float64(21.161338250184876), np.float64(22.038658591445373), np.float64(22.911093683444616), np.float64(23.751906481130224), np.float64(24.56820160678867), np.float64(25.369514221552173), np.float64(26.140454435850124), np.float64(26.917099479669435), np.float64(27.678228406011414), np.float64(28.400719819887453), np.float64(29.107923385783288), np.float64(29.82121346660821), np.float64(30.524143715341413), np.float64(31.209266057374325)]",14891.861339761097,5.925929701456863,-323.13410788960755,245.38652229309082
3,STATE_A_RIPENING,SEEDED,6.8,20.0,2513,0.125,120.0,300.0,60.0,100.0,0.04456824512534819,0.0238758456028651,0.456450154810946,True,0.32902436579052396,31.381850867573327,4.25,8.016337717710075,"[np.float64(-0.004323511726103848), np.float64(-0.009598010252605139), np.float64(-0.013479466995224617), np.float64(-0.01266194587637492), np.float64(-0.01455339330094012), np.float64(-0.01606656313990379), np.float64(-0.014575527803740121), np.float64(-0.01168587027707766), np.float64(-0.007031061955719162), np.float64(-0.0017201905306159523), np.float64(0.0005506791026722928), np.float64(0.005271729052312204), np.float64(0.012875349419909568), np.float64(0.02035621652783342), np.float64(0.032208329571466555), np.float64(0.04281454084681375), np.float64(0.053373324454724834), np.float64(0.06318066743816032), np.float64(0.073617474325014), np.float64(0.08478737687062363), np.float64(0.0977834373607729), np.float64(0.11249471889912722), np.float64(0.12572533942086808), np.float64(0.13939373708641822), np.float64(0.1572867312031733), np.float64(0.17502402256172925), np.float64(0.19387536613800618), np.float64(0.21213252893246443), np.float64(0.23172109643877908), np.float64(0.2504989553782224), np.float64(0.2669834950562173), np.float64(0.2857318127721404), np.float64(0.3071271866189115), np.float64(0.32902436579052396)]","[np.float64(1.0663677021904148), np.float64(2.1384069258990674), np.float64(3.213914352265995), np.float64(4.283444676934471), np.float64(5.359441859125823), np.float64(6.436273632556831), np.float64(7.503302870563918), np.float64(8.562657907092682), np.float64(9.610385009478202), np.float64(10.649763538627669), np.float64(11.70143833802298), np.float64(12.735195615954332), np.float64(13.744579581879224), np.float64(14.747494303059622), np.float64(15.709909678946575), np.float64(16.671802325409743), np.float64(17.624786795474193), np.float64(18.575267573751027), np.float64(19.511691646501973), np.float64(20.432607523269724), np.float64(21.326867287782225), np.float64(22.194216112362817), np.float64(23.066288723346972), np.float64(23.92436593401621), np.float64(24.727808603004778), np.float64(25.52208107688586), np.float64(26.293619707208833), np.float64(27.061326866497534), np.float64(27.804040773975125), np.float64(28.546028619067492), np.float64(29.30504036518986), np.float64(30.0290015408094), np.float64(30.712921157842914), np.float64(31.381850867573327)]",14315.948725598131,5.696756357181907,-278.2810459928587,203.55977940559387
11,STATE_A_RIPENING,SEEDED,6.8,20.0,2513,0.125,120.0,300.0,60.0,100.0,0.05212892956625547,0.02148826104257859,0.48888448240084986,True,0.3237880790843803,30.50773165706775,4.125,7.288848724032809,"[np.float64(-0.0009166525267933508), np.float64(-0.0038574159879387255), np.float64(-0.005088644667836077), np.float64(-0.0046228669136068375), np.float64(-0.006678576434714397), np.float64(-0.004222320574677549), np.float64(-0.0015182993894536445), np.float64(0.002489126301938656), np.float64(0.007627846481966141), np.float64(0.01364917045651922), np.float64(0.018076240747103085), np.float64(0.02537611698677865), np.float64(0.03265664082468071), np.float64(0.03895998154322625), np.float64(0.049466371534696345), np.float64(0.059860618473594786), np.float64(0.07163923151184254), np.float64(0.0832264952801222), np.float64(0.09540434373392494), np.float64(0.10813051515659065), np.float64(0.11960164822031065), np.float64(0.13245376643864434), np.float64(0.14775845752603292), np.float64(0.16519585951537852), np.float64(0.1824564823502621), np.float64(0.19592567088613674), np.float64(0.21269639985565394), np.float64(0.2287758636356926), np.float64(0.24828992703767333), np.float64(0.26682256983735037), np.float64(0.28482627647342296), np.float64(0.3045743894501314), np.float64(0.3237880790843803)]","[np.float64(1.064153678557654), np.float64(2.131446584445521), np.float64(3.199147555440661), np.float64(4.264531948973172), np.float64(5.336178073569455), np.float64(6.3955112548824395), np.float64(7.45131967592047), np.float64(8.498756032515221), np.float64(9.536689430070373), np.float64(10.564802340377472), np.float64(11.595987667742797), np.float64(12.605058280301082), np.float64(13.607257143819723), np.float64(14.609448995624351), np.float64(15.57443162410426), np.float64(16.531064325592602), np.float64(17.467462921116745), np.float64(18.395774566746354), np.float64(19.30952463420068), np.float64(20.208763862491548), np.float64(21.11021910664462), np.float64(21.989616298930226), np.float64(22.835356493849474), np.float64(23.64922897191455), np.float64(24.45415362686772), np.float64(25.28869768337719), np.float64(26.079119886000186), np.float64(26.867478256522862), np.float64(27.608669358864038), np.float64(28.35101223462217), np.float64(29.090065535384273), np.float64(29.800308832236038), np.float64(30.50773165706775)]",13975.074429057599,5.56111198927879,-148.05057403771207,184.6666419506073
13,STATE_A_RIPENING,SEEDED,6.8,20.0,2513,0.125,120.0,300.0,60.0,100.0,0.048547552725825706,0.01830481496219658,0.4589372129665375,True,0.32669019239758335,30.539458288195764,4.125,7.519328885086194,"[np.float64(-0.00254983822230094), np.float64(-0.007013772556076187), np.float64(-0.010189950415036148), np.float64(-0.011124147832155857), np.float64(-0.011242329586405931), np.float64(-0.009863145118016389), np.float64(-0.008425281396128463), np.float64(-0.005856479268849935), np.float64(-0.0014575746711699112), np.float64(0.005481337617313294), np.float64(0.011832573022992492), np.float64(0.017833270167305345), np.float64(0.025883010661851377), np.float64(0.032101216106135866), np.float64(0.04430923165968585), np.float64(0.05494731302337843), np.float64(0.06488893780085922), np.float64(0.07817429660365714), np.float64(0.0903489256057447), np.float64(0.10581705161031936), np.float64(0.11854797898243116), np.float64(0.13247970519684235), np.float64(0.14714440673412632), np.float64(0.160984346753217), np.float64(0.17800234847752944), np.float64(0.19537562664531147), np.float64(0.21221449674036033), np.float64(0.2297223123090055), np.float64(0.25017740605947375), np.float64(0.26713203323018975), np.float64(0.2865427960483299), np.float64(0.306587252499106), np.float64(0.32669019239758335)]","[np.float64(1.0673000901484695), np.float64(2.1393928097283244), np.float64(3.2142338756714275), np.float64(4.287669028048534), np.float64(5.359906579103527), np.float64(6.427406771396628), np.float64(7.493202442083836), np.float64(8.55258880757925), np.float64(9.600445737860651), np.float64(10.630290711781578), np.float64(11.656562744963518), np.float64(12.678710147032833), np.float64(13.681275303501963), np.float64(14.689230287624769), np.float64(15.646198982210798), np.float64(16.604918416602114), np.float64(17.56017793583088), np.float64(18.4782214132608), np.float64(19.39559020374159), np.float64(20.273115894814133), np.float64(21.165285674962753), np.float64(22.03634766300004), np.float64(22.890271229878895), np.float64(23.742705641374258), np.float64(24.55268992662781), np.float64(25.3485603163224), np.float64(26.14003568539433), np.float64(26.914520903618065), np.float64(27.646765168991553), np.float64(28.408118333815594), np.float64(29.13276622236368), np.float64(29.840968801119505), np.float64(30.539458288195764)]",13756.956758387434,5.474316258809166,-61.909358254633844,188.4445605278015
15,STATE_A_RIPENING,SEEDED,6.8,20.0,2513,0.125,120.0,300.0,60.0,100.0,0.04496617588539594,0.013927576601671309,0.4174036337118468,True,0.32955203745859457,30.505525833621945,4.125,7.48399059900016,"[np.float64(-0.002609781488615901), np.float64(-0.005379760033805471), np.float64(-0.005590508755310047), np.float64(-0.006579476203190769), np.float64(-0.0025637879232146546), np.float64(-0.0016099155600464673), np.float64(0.0010677071942183233), np.float64(0.004494300575967296), np.float64(0.006598052058365809), np.float64(0.011700593531202631), np.float64(0.018283328088446543), np.float64(0.024019781284891528), np.float64(0.03140980601960986), np.float64(0.04045340339201017), np.float64(0.04907663439971458), np.float64(0.05844329171064514), np.float64(0.06983611837231564), np.float64(0.08106470340116084), np.float64(0.094110865772077), np.float64(0.10694962475064004), np.float64(0.11934446588149898), np.float64(0.13146136432885264), np.float64(0.14478037098582497), np.float64(0.1586738797271462), np.float64(0.17664652668287095), np.float64(0.19477116401840044), np.float64(0.21259921676839727), np.float64(0.23178468381894068), np.float64(0.25211635181268677), np.float64(0.2705404463115541), np.float64(0.28807069898221827), np.float64(0.3104427162865017), np.float64(0.32955203745859457)]","[np.float64(1.067295536457592), np.float64(2.137561382713005), np.float64(3.206681821779061), np.float64(4.277703438069021), np.float64(5.336354643610475), np.float64(6.400565795788504), np.float64(7.457333395621347), np.float64(8.508117794482793), np.float64(9.561625114094118), np.float64(10.597202741005468), np.float64(11.619183594487344), np.float64(12.639919804662856), np.float64(13.644102388462994), np.float64(14.62965092501669), np.float64(15.610071684896287), np.float64(16.576904321251153), np.float64(17.51892845288741), np.float64(18.45286934196548), np.float64(19.36155262506313), np.float64(20.262046724511883), np.float64(21.157028060429262), np.float64(22.045505518579297), np.float64(22.913107595196884), np.float64(23.76555051445546), np.float64(24.565988580286582), np.float64(25.35410166069772), np.float64(26.13499178984581), np.float64(26.89105723281364), np.float64(27.624402919105364), np.float64(28.369014730311072), np.float64(29.114483424118838), np.float64(29.79601630235839), np.float64(30.505525833621945)]",13900.496026235656,5.531434948760706,-296.08677100390196,125.89811038970947
10,STATE_A_RIPENING,SEEDED,6.8,20.0,2513,0.125,120.0,300.0,60.0,100.0,0.04934341424592121,0.01631516116195782,0.4771846212593758,True,0.3384360779187358,31.27955282690744,4.25,8.000954541812911,"[np.float64(-0.0017472905273464702), np.float64(-0.006253230370090331), np.float64(-0.00809887541234934), np.float64(-0.008551213178813051), np.float64(-0.009449756069565619), np.float64(-0.007070201297858463), np.float64(-0.005027900747616223), np.float64(-0.0002758201889055072), np.float64(0.0018135284284103016), np.float64(0.005242434839013425), np.float64(0.011485699926702564), np.float64(0.018693963403036473), np.float64(0.025651155894200434), np.float64(0.034605516978371054), np.float64(0.04271859953122137), np.float64(0.05210397975881619), np.float64(0.06250054062146636), np.float64(0.07352501310874686), np.float64(0.08433693351158307), np.float64(0.09645615332486203), np.float64(0.10938848333871928), np.float64(0.12378850127447609), np.float64(0.1361564825083821), np.float64(0.15101627470032547), np.float64(0.16539641733274674), np.float64(0.18200595326650515), np.float64(0.20058036487024972), np.float64(0.22097169447941306), np.float64(0.23968994143122827), np.float64(0.2569097279776539), np.float64(0.2764229698935837), np.float64(0.29705201696800976), np.float64(0.3176699837525891), np.float64(0.3384360779187358)]","[np.float64(1.0652712032906375), np.float64(2.1353671961544083), np.float64(3.2060293912072027), np.float64(4.27568088785813), np.float64(5.347024644006144), np.float64(6.4087364790021955), np.float64(7.469181704870908), np.float64(8.515895527002012), np.float64(9.570386991792425), np.float64(10.615611819434925), np.float64(11.64107929673601), np.float64(12.654349229506332), np.float64(13.662304215088815), np.float64(14.649441800787486), np.float64(15.634648970803092), np.float64(16.602408177877898), np.float64(17.553542599248807), np.float64(18.490423453856494), np.float64(19.42012011533596), np.float64(20.32894295103753), np.float64(21.220611973389854), np.float64(22.08822536989264), np.float64(22.96620286269541), np.float64(23.80953674597411), np.float64(24.648108972029632), np.float64(25.453291548021884), np.float64(26.226997933237257), np.float64(26.97029330105661), np.float64(27.72182995231186), np.float64(28.480633619832854), np.float64(29.204167078035), np.float64(29.905544740887983), np.float64(30.597859736434526), np.float64(31.27955282690744)]",14612.370836677419,5.814711833138647,-185.49622224410996,142.11864948272705
17,STATE_A_RIPENING,SEEDED,6.8,20.0,2513,0.125,120.0,300.0,60.0,100.0,0.05690409868682849,0.012733784321528054,0.44659298008850096,True,0.3279925274363957,30.45295522942363,4.125,7.345447600543072,"[np.float64(-0.00406804746219963), np.float64(-0.007191219557588728), np.float64(-0.00706985239540332), np.float64(-0.005574609190844984), np.float64(-0.005603674184955952), np.float64(-0.0026907643997301283), np.float64(0.0023795013475393116), np.float64(0.004230116385686959), np.float64(0.009839505068330806), np.float64(0.015405574596915574), np.float64(0.02055489594043197), np.float64(0.02716818396561482), np.float64(0.035856439339531386), np.float64(0.04403740698702136), np.float64(0.05192362767667654), np.float64(0.06201748412767082), np.float64(0.07432007127775615), np.float64(0.08649334844218606), np.float64(0.09776360227251556), np.float64(0.11112891740653859), np.float64(0.12356858628317471), np.float64(0.1377385060294226), np.float64(0.15166764976438382), np.float64(0.16494174837868472), np.float64(0.18035152608185775), np.float64(0.19775074588532116), np.float64(0.2171583501333274), np.float64(0.2349594484934233), np.float64(0.25108034060071627), np.float64(0.270182929325932), np.float64(0.2901744988887936), np.float64(0.30857121178632807), np.float64(0.3279925274363957)]","[np.float64(1.065610489112554), np.float64(2.134570537325371), np.float64(3.201660116477903), np.float64(4.265669549800777), np.float64(5.33216486188674), np.float64(6.389246588329147), np.float64(7.435244791279914), np.float64(8.489589399253855), np.float64(9.524225097052579), np.float64(10.553427916210769), np.float64(11.579447010958656), np.float64(12.591393206852029), np.float64(13.58334986781585), np.float64(14.570797608091176), np.float64(15.552939183783607), np.float64(16.51077538015541), np.float64(17.441964424220405), np.float64(18.364211629189555), np.float64(19.284683124878455), np.float64(20.177208894115257), np.float64(21.068461375825702), np.float64(21.93384510651507), np.float64(22.791744720690023), np.float64(23.64680427615394), np.float64(24.470770585427786), np.float64(25.26407737495815), np.float64(26.0257673080274), np.float64(26.794459603234692), np.float64(27.572028443385925), np.float64(28.30749495818255), np.float64(29.023567041050867), np.float64(29.748468828594334), np.float64(30.45295522942363)]",14207.303264583687,5.65352298630469,-61.76694181095809,276.3284773826599
18,STATE_A_RIPENING,SEEDED,6.8,20.0,2513,0.125,120.0,300.0,60.0,100.0,0.05372065260644648,0.017906884202148827,0.44239306006959717,True,0.33666584616004586,30.41676962163841,4.125,7.772843567699766,"[np.float64(-0.00239383078156043), np.float64(-0.00493711674578335), np.float64(-0.005759396061189426), np.float64(-0.0097996862546319), np.float64(-0.009564174438233151), np.float64(-0.010258269177537166), np.float64(-0.007393624653222645), np.float64(-0.003669895413986582), np.float64(0.0001932275803680677), np.float64(0.0049659157707230344), np.float64(0.009493393098364772), np.float64(0.017225310191108515), np.float64(0.026636430277839306), np.float64(0.03454069094759785), np.float64(0.043971935425780755), np.float64(0.053686516448161734), np.float64(0.06576379937340901), np.float64(0.077166111490748), np.float64(0.08872878624299756), np.float64(0.10261927241791566), np.float64(0.11813978972489633), np.float64(0.13148401418546277), np.float64(0.14957372731001395), np.float64(0.16399432369557396), np.float64(0.18063569471796578), np.float64(0.19724385113340448), np.float64(0.21515686218184463), np.float64(0.23224182724875578), np.float64(0.25095588057317103), np.float64(0.2732985796002241), np.float64(0.2936826198775791), np.float64(0.31586365274156264), np.float64(0.33666584616004586)]","[np.float64(1.0669179236630315), np.float64(2.136561047703512), np.float64(3.2061665678776166), np.float64(4.283601241058365), np.float64(5.353864900604377), np.float64(6.426890249032358), np.float64(7.487211202557455), np.float64(8.540807524431436), np.float64(9.589834866698663), np.float64(10.630040224484135), np.float64(11.666793711658622), np.float64(12.67894860642747), np.float64(13.6724262964084), np.float64(14.667794653447), np.float64(15.644346316517673), np.float64(16.610199380701715), np.float64(17.54805606574528), np.float64(18.48169242791853), np.float64(19.404583352875484), np.float64(20.296809720189827), np.float64(21.16322346481894), np.float64(22.03987077138984), np.float64(22.85967203520561), np.float64(23.705350698298417), np.float64(24.518428354375523), np.float64(25.321685737393317), np.float64(26.10106129073439), np.float64(26.879465737506564), np.float64(27.63042566633968), np.float64(28.331312965301528), np.float64(29.044131621961927), np.float64(29.727275436865916), np.float64(30.41676962163841)]",14188.544244942732,5.646058195361214,-174.32811097288504,251.1633344888687
12,STATE_A_RIPENING,SEEDED,6.8,20.0,2513,0.125,120.0,300.0,60.0,100.0,0.050537206526064464,0.024671707122960605,0.44005882467338653,True,0.3411734872478849,31.31849638144456,4.25,8.121082163482983,"[np.float64(-0.003939992296244661), np.float64(-0.0057240360598336745), np.float64(-0.006237429989141644), np.float64(-0.006631469777212091), np.float64(-0.005427003901298177), np.float64(-0.002195548697018602), np.float64(-0.0013753621981251244), np.float64(-0.0003237187907746256), np.float64(0.002791060422222643), np.float64(0.006982787922748271), np.float64(0.011279932619020413), np.float64(0.017862010421801477), np.float64(0.0228727959320119), np.float64(0.02980029390293652), np.float64(0.03917103904939554), np.float64(0.0494337939405111), np.float64(0.06021856960948754), np.float64(0.07096228538975266), np.float64(0.08327900642680212), np.float64(0.09621138507403587), np.float64(0.10866288386054493), np.float64(0.12029858119560853), np.float64(0.1341017338869679), np.float64(0.15104123662498423), np.float64(0.1671155934954159), np.float64(0.18333402943238591), np.float64(0.19854816136320877), np.float64(0.21699639789819686), np.float64(0.2351198490736205), np.float64(0.2565649677281064), np.float64(0.2775231143292833), np.float64(0.2969040086828306), np.float64(0.317643967997569), np.float64(0.3411734872478849)]","[np.float64(1.0688621891848178), np.float64(2.1396413937308116), np.float64(3.210291013745867), np.float64(4.281236885545347), np.float64(5.348304661914174), np.float64(6.407564665041723), np.float64(7.472421607587872), np.float64(8.535417302331329), np.float64(9.587419898301292), np.float64(10.630493890834845), np.float64(11.668672648602168), np.float64(12.688236330240105), np.float64(13.711880005478257), np.float64(14.716888375785226), np.float64(15.696839136526359), np.float64(16.661224870081426), np.float64(17.612284166551323), np.float64(18.554526779212573), np.float64(19.473674362351503), np.float64(20.377331349292003), np.float64(21.27570727936544), np.float64(22.172785403231163), np.float64(23.039141639795844), np.float64(23.863287098356096), np.float64(24.685818910761036), np.float64(25.496709568905935), np.float64(26.308766416135708), np.float64(27.07558512515905), np.float64(27.836069569636596), np.float64(28.54915423047347), np.float64(29.257807383469196), np.float64(29.975092220076952), np.float64(30.66757010102072), np.float64(31.31849638144456)]",14822.282578730854,5.898242172196918,-323.3806657339446,177.40525770187378
19,STATE_A_RIPENING,SEEDED,6.8,20.0,2513,0.125,120.0,300.0,60.0,100.0,0.05451651412654198,0.010346199761241544,0.43847604414465885,True,0.32469515528640963,30.48632957943365,4.125,7.4249775553487956,"[np.float64(-0.004898735770000181), np.float64(-0.006568487666896811), np.float64(-0.009045271514521733), np.float64(-0.009292227758157027), np.float64(-0.01013639638024306), np.float64(-0.009906044627896366), np.float64(-0.005922549046902619), np.float64(-0.0027710941195192846), np.float64(0.0015213107642857188), np.float64(0.0061435108939332985), np.float64(0.01287369310106991), np.float64(0.021131793982621282), np.float64(0.03058301004532237), np.float64(0.03843067066406734), np.float64(0.04693688668541191), np.float64(0.05746784094764975), np.float64(0.0688972710936854), np.float64(0.07757485890074395), np.float64(0.09087849750598177), np.float64(0.1042515313578635), np.float64(0.11677737968530988), np.float64(0.131402176249134), np.float64(0.14670675885531917), np.float64(0.16108336071567508), np.float64(0.17657487762065355), np.float64(0.19468351423908933), np.float64(0.20899147510611527), np.float64(0.2271663830741125), np.float64(0.24733283972885592), np.float64(0.2647367715316889), np.float64(0.2862219377992345), np.float64(0.30344229852200694), np.float64(0.32469515528640963)]","[np.float64(1.0658977255246411), np.float64(2.1335862514142643), np.float64(3.2043763817022666), np.float64(4.273034317783899), np.float64(5.343569974059019), np.float64(6.41153799584278), np.float64(7.465125326575706), np.float64(8.518080345870132), np.float64(9.562282864051587), np.float64(10.600325695784), np.float64(11.621554250140868), np.float64(12.626690089128616), np.float64(13.616046864918935), np.float64(14.607922521827499), np.float64(15.58763338338745), np.float64(16.543811487232297), np.float64(17.48356979946254), np.float64(18.43732683763774), np.float64(19.342588149896415), np.float64(20.23695495710183), np.float64(21.129302697796895), np.float64(21.99193030054187), np.float64(22.837619052564534), np.float64(23.682563777531247), np.float64(24.50639321345996), np.float64(25.292752078797918), np.float64(26.109666185511216), np.float64(26.875433674592912), np.float64(27.60933803663538), np.float64(28.364188074733125), np.float64(29.06383451116125), np.float64(29.802537809664468), np.float64(30.48632957943365)]",14001.974278478276,5.57181626680393,-67.2378319366835,192.6806366443634
14,STATE_A_RIPENING,SEEDED,6.8,20.0,2513,0.125,120.0,300.0,60.0,100.0,0.04934341424592121,0.01193792280143255,0.44460842137590895,True,0.3410210837777604,31.15555001763297,4.25,8.059873482440565,"[np.float64(-0.0025629386654413824), np.float64(-0.007337824816291481), np.float64(-0.009008533512411994), np.float64(-0.009295806643197676), np.float64(-0.008443473910798397), np.float64(-0.007075692347999747), np.float64(-0.004669756976085839), np.float64(-0.0032639444266449875), np.float64(-0.0004647606332321094), np.float64(0.0037580450434427475), np.float64(0.011722039172694815), np.float64(0.017551426130723694), np.float64(0.02291934550184245), np.float64(0.03078869082673273), np.float64(0.040522010363788705), np.float64(0.050511990782119084), np.float64(0.06099821601488288), np.float64(0.07092197096024087), np.float64(0.08251379342789082), np.float64(0.09332337821282123), np.float64(0.10673623615058529), np.float64(0.12301695973656826), np.float64(0.13836895604938756), np.float64(0.1531361593109437), np.float64(0.17047010931797568), np.float64(0.18762195872153892), np.float64(0.20342559859793843), np.float64(0.22070492571450548), np.float64(0.2403355477419563), np.float64(0.2595045355167725), np.float64(0.27989548534451164), np.float64(0.30073831044961985), np.float64(0.3217671507875025), np.float64(0.3410210837777604)]","[np.float64(1.0625064082236675), np.float64(2.130117534808244), np.float64(3.1978685356938494), np.float64(4.264442857141838), np.float64(5.328262031833628), np.float64(6.389509020749131), np.float64(7.445412232549017), np.float64(8.503039788965891), np.float64(9.552515762509461), np.float64(10.591556542817072), np.float64(11.60476601872227), np.float64(12.623429851049371), np.float64(13.639453353190426), np.float64(14.63246593489617), np.float64(15.604143371508838), np.float64(16.56508940900805), np.float64(17.513215961485216), np.float64(18.45728844914282), np.float64(19.378099883356047), np.float64(20.2969128497768), np.float64(21.182223130752245), np.float64(22.029459002671718), np.float64(22.87497471676161), np.float64(23.716208237763066), np.float64(24.52077281117491), np.float64(25.31678463097624), np.float64(26.11731036931802), np.float64(26.892240803012978), np.float64(27.631388630194348), np.float64(28.365843040717397), np.float64(29.076943251239324), np.float64(29.773460944211585), np.float64(30.458658474456136), np.float64(31.15555001763297)]",14784.825939615588,5.883337023324946,-55.44967981893569,154.58205437660217
16,STATE_A_RIPENING,SEEDED,6.8,20.0,2513,0.125,120.0,300.0,60.0,100.0,0.05690409868682849,0.023079984082769598,0.4797357395222681,True,0.33277582612425166,31.231647405928356,4.25,7.767102592854617,"[np.float64(-0.004226506221083164), np.float64(-0.006910971908436025), np.float64(-0.007527033717843538), np.float64(-0.009527673757652507), np.float64(-0.00984310670203474), np.float64(-0.009180907061400442), np.float64(-0.007247929191429096), np.float64(-0.004220492202827815), np.float64(-0.0006266476443409489), np.float64(0.007806125106349005), np.float64(0.012876236373085957), np.float64(0.019387064747548415), np.float64(0.02881906368817885), np.float64(0.03682799426516933), np.float64(0.0451944018462665), np.float64(0.054206917011162016), np.float64(0.06563745434123867), np.float64(0.07527554823426603), np.float64(0.08809486080102015), np.float64(0.1000865407395024), np.float64(0.11336874707954483), np.float64(0.12490666189467617), np.float64(0.14126078494388034), np.float64(0.15647762018423986), np.float64(0.17198519974074825), np.float64(0.18623780002452928), np.float64(0.20374421251524613), np.float64(0.22097396660213603), np.float64(0.2373037628570218), np.float64(0.25590030874241987), np.float64(0.27484893078494105), np.float64(0.2943785717591264), np.float64(0.3152493402289208), np.float64(0.33277582612425166)]","[np.float64(1.0627087306645082), np.float64(2.128288180625896), np.float64(3.1934229430063863), np.float64(4.26219531910719), np.float64(5.328592707437772), np.float64(6.392174118967426), np.float64(7.450272686346469), np.float64(8.501644172325987), np.float64(9.547137035710819), np.float64(10.563456120395777), np.float64(11.590682874624376), np.float64(12.60393678294642), np.float64(13.59153100600774), np.float64(14.580392249967497), np.float64(15.559199558121172), np.float64(16.52538481291827), np.float64(17.463798532239757), np.float64(18.40802304989213), np.float64(19.31589121375851), np.float64(20.221394383826947), np.float64(21.10543515886558), np.float64(21.996772635116436), np.float64(22.83126201400598), np.float64(23.666669973600555), np.float64(24.489136640108896), np.float64(25.315237018859957), np.float64(26.097036171274617), np.float64(26.871960886258996), np.float64(27.647404108967063), np.float64(28.388222503218078), np.float64(29.115674881004363), np.float64(29.82729368587264), np.float64(30.51437105605907), np.float64(31.231647405928356)]",14703.05354738538,5.850797273133856,-56.16899610310793,304.0001845359802
20,STATE_A_RIPENING,SEEDED,6.8,20.0,2513,0.125,120.0,300.0,60.0,100.0,0.05013927576601671,0.017508953442101075,0.4527381556930644,True,0.3326967983269938,30.43681793019145,4.125,7.672309158217374,"[np.float64(-0.0027690629542581435), np.float64(-0.005336354058992166), np.float64(-0.0062656845635508055), np.float64(-0.009452947553696033), np.float64(-0.011024618386226445), np.float64(-0.009708023778058175), np.float64(-0.009742400080101181), np.float64(-0.006941669815796443), np.float64(-0.0021555957882893155), np.float64(0.0030800856875487135), np.float64(0.007925999693806968), np.float64(0.014463424098853442), np.float64(0.022827423317583927), np.float64(0.0348840524841053), np.float64(0.044555385158551467), np.float64(0.053954224727892484), np.float64(0.06783314762359872), np.float64(0.08248770767838279), np.float64(0.09334583682431792), np.float64(0.10735047313484494), np.float64(0.11929280076968328), np.float64(0.13275297358266183), np.float64(0.14766342594152984), np.float64(0.16000616056399114), np.float64(0.1766340225113186), np.float64(0.19413369959221655), np.float64(0.2124632504575633), np.float64(0.23223831625603428), np.float64(0.2515106493129871), np.float64(0.2707345838062625), np.float64(0.29066169945021575), np.float64(0.3113909240960137), np.float64(0.3326967983269938)]","[np.float64(1.0662354361802269), np.float64(2.1352211213789025), np.float64(3.204328960348012), np.float64(4.279306762528986), np.float64(5.3533821633528005), np.float64(6.41978677812786), np.float64(7.489881241523047), np.float64(8.547785026746617), np.float64(9.593168661562363), np.float64(10.631221813665876), np.float64(11.666198047828452), np.float64(12.685688209709193), np.float64(13.686523715140797), np.float64(14.65322344375346), np.float64(15.627032183348863), np.float64(16.59434411828539), np.float64(17.516535195933468), np.float64(18.42094908297213), np.float64(19.34754238995593), np.float64(20.23664119918974), np.float64(21.134813665654253), np.float64(22.009291330174023), np.float64(22.859753809623594), np.float64(23.726412551386638), np.float64(24.53975889462196), np.float64(25.33365513994357), np.float64(26.10841190551123), np.float64(26.85725734406489), np.float64(27.60143787546823), np.float64(28.336409079435782), np.float64(29.054035730967083), np.float64(29.753281773994633), np.float64(30.43681793019145)]",14200.220104306156,5.650704378951913,-73.64764479361475,237.27456498146057
21,STATE_A_RIPENING,SEEDED,6.8,20.0,2513,0.125,120.0,300.0,60.0,100.0,0.05610823716673299,0.0238758456028651,0.45601170345831493,True,0.338615676216924,31.271333913794535,4.25,8.076363383722702,"[np.float64(-0.0019686305366065416), np.float64(-0.005394588169563733), np.float64(-0.006973717965759647), np.float64(-0.008259038441575417), np.float64(-0.008297028165137214), np.float64(-0.00905243857240697), np.float64(-0.007341026329905436), np.float64(-0.004820901012362627), np.float64(-0.0018784490539787875), np.float64(0.0029689729454472173), np.float64(0.008233805637631245), np.float64(0.01544517112259241), np.float64(0.022700339699700534), np.float64(0.03108481179790871), np.float64(0.03842092029986028), np.float64(0.04590655546327793), np.float64(0.05608442220556231), np.float64(0.06883720482184635), np.float64(0.07947300861409494), np.float64(0.09428137320350731), np.float64(0.10882864228061996), np.float64(0.12226625472379472), np.float64(0.13555791822657334), np.float64(0.15002632631624002), np.float64(0.16548508438966422), np.float64(0.18205154310997568), np.float64(0.19820032441671973), np.float64(0.215509342204721), np.float64(0.23440982237390887), np.float64(0.2558968204068611), np.float64(0.2761714535647448), np.float64(0.29769648296835477), np.float64(0.3187586881697419), np.float64(0.338615676216924)]","[np.float64(1.0651808431947065), np.float64(2.134027589760334), np.float64(3.2035855528729003), np.float64(4.274214457588837), np.float64(5.342870405216906), np.float64(6.413887778625396), np.float64(7.47641580230207), np.float64(8.533649614618092), np.float64(9.586194497303032), np.float64(10.625556724243308), np.float64(11.65755574451744), np.float64(12.672095871273513), np.float64(13.67932271882728), np.float64(14.671559664336066), np.float64(15.663903098756109), np.float64(16.64826512196554), np.float64(17.603338745836353), np.float64(18.527301416826937), np.float64(19.460014089487114), np.float64(20.34515184391194), np.float64(21.22181479567333), np.float64(22.09887533015945), np.float64(22.967759623248238), np.float64(23.815121074777984), np.float64(24.642348314849816), np.float64(25.447819990553782), np.float64(26.247895658615484), np.float64(27.025536491431033), np.float64(27.775619666746103), np.float64(28.48654097242542), np.float64(29.201329459792245), np.float64(29.892267343265676), np.float64(30.579242020085147), np.float64(31.271333913794535)]",14427.860846933248,5.741289632683346,-171.16303456109017,321.492729306221
22,STATE_A_RIPENING,SEEDED,6.8,20.0,2513,0.125,120.0,300.0,60.0,100.0,0.0477516912057302,0.015121368881814564,0.46727030373696504,True,0.34187728822319957,31.18304453100322,4.25,7.930036231508005,"[np.float64(-0.005351643242723176), np.float64(-0.006939633653539029), np.float64(-0.009927503976757006), np.float64(-0.010491047712054233), np.float64(-0.009654703294543437), np.float64(-0.008149661228048099), np.float64(-0.003211672504247847), np.float64(0.0007030319239492573), np.float64(0.0058088547064953575), np.float64(0.008222010735293323), np.float64(0.013983815532511329), np.float64(0.020754281681011982), np.float64(0.028324100436445933), np.float64(0.03732188567270865), np.float64(0.04644740547483266), np.float64(0.057631038567916903), np.float64(0.06728253571428487), np.float64(0.07813708891639704), np.float64(0.09090398306528392), np.float64(0.1038238667280239), np.float64(0.11684941043249679), np.float64(0.13354809876485552), np.float64(0.1476116360101857), np.float64(0.16214437278684304), np.float64(0.17979006547296345), np.float64(0.19613668376859403), np.float64(0.2123738904273097), np.float64(0.22944746901554877), np.float64(0.25021960254995373), np.float64(0.26636431362371327), np.float64(0.28320416449769464), np.float64(0.30165574704225523), np.float64(0.3211709399796213), np.float64(0.34187728822319957)]","[np.float64(1.0652737226359958), np.float64(2.1322502307038156), np.float64(3.20319778675116), np.float64(4.27214639633128), np.float64(5.33792763277405), np.float64(6.400651424482407), np.float64(7.448907258776733), np.float64(8.4963692452953), np.float64(9.534123673746892), np.float64(10.580785540194457), np.float64(11.605748969841553), np.float64(12.618758822913149), np.float64(13.619913337245675), np.float64(14.603846662697691), np.float64(15.578604624531998), np.float64(16.529087848744716), np.float64(17.482567709705023), np.float64(18.417535300616), np.float64(19.32663907504335), np.float64(20.22442134992478), np.float64(21.11144616503926), np.float64(21.953243951164506), np.float64(22.810056632461265), np.float64(23.65250804802036), np.float64(24.45308403234117), np.float64(25.256835877057675), np.float64(26.05202437073247), np.float64(26.828663711649146), np.float64(27.55502725456215), np.float64(28.32291323971911), np.float64(29.074336508069344), np.float64(29.798740436619234), np.float64(30.50214860851061), np.float64(31.18304453100322)]",14550.371569848992,5.790040417767208,-51.57197896530852,246.6862999200821
24,STATE_A_RIPENING,SEEDED,6.8,20.0,2513,0.125,120.0,300.0,60.0,100.0,0.052924791086350974,0.019498607242339833,0.45146411271500475,True,0.33159514200135126,30.57318622162957,4.125,7.641085262322993,"[np.float64(-0.00514064542672725), np.float64(-0.008638067507320308), np.float64(-0.00936409426908575), np.float64(-0.01202424554163587), np.float64(-0.011743711651008371), np.float64(-0.009991014365562255), np.float64(-0.005909551921292612), np.float64(-0.0020789748252289034), np.float64(0.0035717728286139504), np.float64(0.009392686979775076), np.float64(0.014404479823182912), np.float64(0.02017379443285044), np.float64(0.025663957611716304), np.float64(0.03314113580119073), np.float64(0.04298511902093787), np.float64(0.05452332725971314), np.float64(0.06636151182148249), np.float64(0.07924862377888575), np.float64(0.09295419209567132), np.float64(0.10556915628704845), np.float64(0.11880448036920875), np.float64(0.13415163772614047), np.float64(0.14962123782743628), np.float64(0.16602375179954565), np.float64(0.1818074689769534), np.float64(0.19731857486902904), np.float64(0.21388646079442972), np.float64(0.23169819592990248), np.float64(0.25041763994856286), np.float64(0.270463616738816), np.float64(0.28992816367865054), np.float64(0.3110827930899458), np.float64(0.33159514200135126)]","[np.float64(1.0718450800371766), np.float64(2.1474681891623013), np.float64(3.222382460389626), np.float64(4.302290293122276), np.float64(5.3770995118499965), np.float64(6.446805161459787), np.float64(7.505816667191308), np.float64(8.561596642697788), np.float64(9.604641373580996), np.float64(10.64100839424136), np.float64(11.67615814851739), np.float64(12.70155891775533), np.float64(13.72314549592296), np.float64(14.725195570433321), np.float64(15.70236490961189), np.float64(16.657305457148304), np.float64(17.599873783023725), np.float64(18.523566811080666), np.float64(19.429672647243816), np.float64(20.33526804847101), np.float64(21.225359710774203), np.float64(22.085131091929146), np.float64(22.933128771537955), np.float64(23.761311401525404), np.float64(24.585526108958934), np.float64(25.402786063352035), np.float64(26.199173635149894), np.float64(26.972347198868768), np.float64(27.72575075682076), np.float64(28.454633835388147), np.float64(29.180437173011832), np.float64(29.87774265554025), np.float64(30.57318622162957)]",13965.210593815642,5.557186865823972,-200.0140740228817,271.3034393787384
25,STATE_A_RIPENING,SEEDED,6.8,20.0,2513,0.125,120.0,300.0,60.0,100.0,0.04735376044568245,0.026661360923199363,0.4700200114894951,True,0.33361570316885125,30.433148517667497,4.125,7.591942062172892,"[np.float64(-0.00558527762460095), np.float64(-0.004580218076993659), np.float64(-0.005296668168465713), np.float64(-0.0063100921662906165), np.float64(-0.006942206445944248), np.float64(-0.0051484342747190525), np.float64(-0.002461980551710029), np.float64(0.000714284978503512), np.float64(0.004468197422967687), np.float64(0.010992589627617386), np.float64(0.015892511498137578), np.float64(0.022615184098577358), np.float64(0.02977847113561075), np.float64(0.03907333393425894), np.float64(0.04775266540273952), np.float64(0.057745672735584994), np.float64(0.06911728060010672), np.float64(0.0810343987877447), np.float64(0.09220491027249683), np.float64(0.10628501006777659), np.float64(0.12134055137570905), np.float64(0.13669936018038958), np.float64(0.15160193630008678), np.float64(0.16582128071360794), np.float64(0.18289903909069197), np.float64(0.19916237795412858), np.float64(0.21547583898079042), np.float64(0.23354162342523133), np.float64(0.25386502368144953), np.float64(0.2721560825646839), np.float64(0.29189016732484), np.float64(0.3104778550594658), np.float64(0.33361570316885125)]","[np.float64(1.0679834510564723), np.float64(2.134888303851203), np.float64(3.2034855123355133), np.float64(4.273491531284062), np.float64(5.34356428073345), np.float64(6.406493684294251), np.float64(7.464171464696008), np.float64(8.516933047010845), np.float64(9.563628768637226), np.float64(10.59191067818474), np.float64(11.622969589496693), np.float64(12.63785660685974), np.float64(13.643309903680905), np.float64(14.626931642513817), np.float64(15.606667137675368), np.float64(16.568288562288323), np.float64(17.509935349835263), np.float64(18.43745800745161), np.float64(19.36198299961855), np.float64(20.250920913376813), np.float64(21.120238911065684), np.float64(21.975975837287834), np.float64(22.825743815377177), np.float64(23.672468551163274), np.float64(24.48017200818779), np.float64(25.286146308558507), np.float64(26.081880141617734), np.float64(26.849080867123522), np.float64(27.581691700656997), np.float64(28.326919684033864), np.float64(29.04672635307137), np.float64(29.77031506777871), np.float64(30.433148517667497)]",14174.19901588028,5.640349787457334,-60.32187645928934,222.4348361492157
26,STATE_A_RIPENING,SEEDED,6.8,20.0,2513,0.125,120.0,300.0,60.0,100.0,0.048547552725825706,0.01591723040191007,0.46655085829257525,True,0.33046995111731886,30.543047929006246,4.125,7.596067690172218,"[np.float64(-0.007152354490384386), np.float64(-0.008926445883640811), np.float64(-0.011446219130230115), np.float64(-0.012538118231022681), np.float64(-0.011595183817184374), np.float64(-0.010884479715736604), np.float64(-0.006915510285472222), np.float64(-0.0033279672959757437), np.float64(0.000703693338674865), np.float64(0.006823550212357315), np.float64(0.013721942931088964), np.float64(0.02022436549584895), np.float64(0.029128668101914664), np.float64(0.038017207133399254), np.float64(0.048131497389017376), np.float64(0.057190372607349445), np.float64(0.06610811904897142), np.float64(0.07581538130516584), np.float64(0.08909655893761062), np.float64(0.1020575479105744), np.float64(0.11710737272267438), np.float64(0.13125782455398044), np.float64(0.14693787649880546), np.float64(0.16415635729030117), np.float64(0.18173393410674027), np.float64(0.20124449834506983), np.float64(0.21915812002877313), np.float64(0.23576596070754433), np.float64(0.25364637046359223), np.float64(0.27217624834606036), np.float64(0.2930615830207781), np.float64(0.3105910527014133), np.float64(0.33046995111731886)]","[np.float64(1.0714197899621931), np.float64(2.144756639198767), np.float64(3.2212325059409075), np.float64(4.297350632283063), np.float64(5.369125393918895), np.float64(6.440635346680957), np.float64(7.499044133075744), np.float64(8.554897689678949), np.float64(9.604853102286043), np.float64(10.639575146053282), np.float64(11.663643327066378), np.float64(12.683361456470095), np.float64(13.680736655345257), np.float64(14.669885638646486), np.float64(15.641714042203592), np.float64(16.612857960314223), np.float64(17.5771826232491), np.float64(18.526978582698383), np.float64(19.436648331010804), np.float64(20.338964016655314), np.float64(21.21156951833725), np.float64(22.082226072034736), np.float64(22.927613785352182), np.float64(23.746879781728158), np.float64(24.551674874041545), np.float64(25.325533984030518), np.float64(26.105662278304088), np.float64(26.890005196481347), np.float64(27.651038255682614), np.float64(28.395438663030113), np.float64(29.10402523882894), np.float64(29.841273148349735), np.float64(30.543047929006246)]",13808.60138403481,5.494867243945408,-62.846584188751876,214.840172290802
27,STATE_A_RIPENING,SEEDED,6.8,20.0,2513,0.125,120.0,300.0,60.0,100.0,0.050537206526064464,0.015519299641862315,0.4913966605824681,True,0.3300591279556832,30.414864654264278,4.125,7.45943014936053,"[np.float64(-0.004683281940990399), np.float64(-0.0038268532375967733), np.float64(-0.005132414708011929), np.float64(-0.005183077438158681), np.float64(-0.0038741033216522155), np.float64(-0.0009236453672805253), np.float64(0.00028119336101338136), np.float64(0.0042043871332394355), np.float64(0.00879914791308303), np.float64(0.014308386467626836), np.float64(0.020737986215680883), np.float64(0.028214240194130623), np.float64(0.033398743855000655), np.float64(0.03979219726921475), np.float64(0.04834014049765714), np.float64(0.05664658579967563), np.float64(0.06912376689222358), np.float64(0.08200713280819832), np.float64(0.09316714720409408), np.float64(0.10634472736319656), np.float64(0.11915943693911296), np.float64(0.1332414020097616), np.float64(0.14912290169426712), np.float64(0.16417217028908304), np.float64(0.18000568014035523), np.float64(0.19620020428615398), np.float64(0.2138700076045361), np.float64(0.23117695876505173), np.float64(0.25056805325114745), np.float64(0.26974705105490315), np.float64(0.28695823280965593), np.float64(0.30779120943327665), np.float64(0.3300591279556832)]","[np.float64(1.0654345423616034), np.float64(2.1299529137467146), np.float64(3.19702503098253), np.float64(4.262808582523769), np.float64(5.32500857269682), np.float64(6.380567867433234), np.float64(7.439511347924774), np.float64(8.485674175340096), np.float64(9.52461825825594), np.float64(10.554129389866823), np.float64(11.572920478120466), np.float64(12.579021552241885), np.float64(13.593046732180184), np.float64(14.593591349549898), np.float64(15.57211397919284), np.float64(16.54483833695805), np.float64(17.476012699905997), np.float64(18.39352070641853), np.float64(19.316024054791633), np.float64(20.211203868375705), np.float64(21.099916493657197), np.float64(21.966905756023614), np.float64(22.806152198688334), np.float64(23.64340695438628), np.float64(24.462755917764333), np.float64(25.268463477193514), np.float64(26.048642536992805), np.float64(26.822868106376358), np.float64(27.564603841651703), np.float64(28.2989336308804), np.float64(29.04603724665839), np.float64(29.74323440193519), np.float64(30.414864654264278)]",14487.912769882369,5.765186140024818,-65.68006851477548,186.38535529375076
28,STATE_A_RIPENING,SEEDED,6.8,20.0,2513,0.125,120.0,300.0,60.0,100.0,0.04735376044568245,0.02865101472343812,0.484273460143765,True,0.32543732058327274,30.477328601127876,4.125,7.5855795577335146,"[np.float64(-0.0042070717207972775), np.float64(-0.007304602777290856), np.float64(-0.007403979207046672), np.float64(-0.008509659547203324), np.float64(-0.009925797253335958), np.float64(-0.009364931232170774), np.float64(-0.008005993422690521), np.float64(-0.006372708894409316), np.float64(-0.0017740506389719603), np.float64(0.002871641366114032), np.float64(0.008614936542965065), np.float64(0.013606388430705406), np.float64(0.021331434183509957), np.float64(0.030222497954363256), np.float64(0.03797517080792869), np.float64(0.049195583700064174), np.float64(0.05962892603202852), np.float64(0.06969107265116163), np.float64(0.08278377353121955), np.float64(0.09469751055478516), np.float64(0.10819029057321647), np.float64(0.12165326391948787), np.float64(0.13807236450671123), np.float64(0.157240765122532), np.float64(0.17460365678767323), np.float64(0.19250962320657244), np.float64(0.20915999407399313), np.float64(0.22646292336132612), np.float64(0.2435803999093802), np.float64(0.26227410051610894), np.float64(0.2817239020235549), np.float64(0.3040739874158807), np.float64(0.32543732058327274)]","[np.float64(1.0655112420797668), np.float64(2.134344634700592), np.float64(3.2016772122952304), np.float64(4.271282562867845), np.float64(5.3429201920578215), np.float64(6.409688978763995), np.float64(7.47284666428785), np.float64(8.533374121255074), np.float64(9.577907465459287), np.float64(10.617441572758835), np.float64(11.645886217197374), np.float64(12.673282961419538), np.float64(13.677368819171342), np.float64(14.665776962471602), np.float64(15.654540759864641), np.float64(16.60864914760034), np.float64(17.55959819035018), np.float64(18.50486301828611), np.float64(19.414458713572877), np.float64(20.324762786667673), np.float64(21.21068427697605), np.float64(22.086958936430836), np.float64(22.92373885396682), np.float64(23.721488384114163), np.float64(24.526574091347886), np.float64(25.315409502695523), np.float64(26.107448766008215), np.float64(26.882730273642647), np.float64(27.65054009771102), np.float64(28.39141083517185), np.float64(29.114343882806384), np.float64(29.794864688189858), np.float64(30.477328601127876)]",13981.487839261305,5.563664082475649,-67.09000002127141,198.30490493774414
23,STATE_A_RIPENING,SEEDED,6.8,20.0,2513,0.125,120.0,300.0,60.0,100.0,0.04974134500596896,0.015121368881814564,0.44093591712934993,True,0.3373627172046788,31.38992086617763,4.25,7.984641284049503,"[np.float64(-0.002567695382876488), np.float64(-0.005687545613530225), np.float64(-0.009065641412535436), np.float64(-0.009269803259123969), np.float64(-0.008553935129120614), np.float64(-0.004978379512601999), np.float64(-0.0002340104800840624), np.float64(0.0016668525683336307), np.float64(0.0037997595421668546), np.float64(0.008227635680232367), np.float64(0.012904427619480607), np.float64(0.019070963704160723), np.float64(0.025213538409577508), np.float64(0.03232655412025632), np.float64(0.04215501005431001), np.float64(0.05242099948582529), np.float64(0.06425540695783036), np.float64(0.07415774710805915), np.float64(0.08424634991641779), np.float64(0.09448632229504045), np.float64(0.10845505532882437), np.float64(0.12075786693812278), np.float64(0.13604533169965816), np.float64(0.1530489131801679), np.float64(0.17003739225906608), np.float64(0.1861003036113241), np.float64(0.20172578310831946), np.float64(0.21983282299558993), np.float64(0.23583118443885576), np.float64(0.2543120323817188), np.float64(0.2750962002645522), np.float64(0.29593459564028607), np.float64(0.3152591679411211), np.float64(0.3373627172046788)]","[np.float64(1.069040589177731), np.float64(2.141432875664538), np.float64(3.217619764700212), np.float64(4.290601704592057), np.float64(5.361315527877376), np.float64(6.422008874305387), np.float64(7.474545164170307), np.float64(8.53422808523614), np.float64(9.590800903264375), np.float64(10.633019517521666), np.float64(11.669288045161428), np.float64(12.691558094175528), np.float64(13.707936871516951), np.float64(14.711447154606523), np.float64(15.68776259349658), np.float64(16.651798225591445), np.float64(17.593891057188902), np.float64(18.542760215937406), np.float64(19.481640560778935), np.float64(20.41083331642014), np.float64(21.29590791677702), np.float64(22.187209928460362), np.float64(23.03912149815216), np.float64(23.862903558168725), np.float64(24.676073080760414), np.float64(25.48875067534997), np.float64(26.29644160192645), np.float64(27.06722814338857), np.float64(27.8518682874301), np.float64(28.599231963528307), np.float64(29.310695772598272), np.float64(30.011959117276707), np.float64(30.72162479222608), np.float64(31.38992086617763)]",14602.839863240917,5.810919165635065,-738.1790586556308,172.5778695344925
29,STATE_A_RIPENING,SEEDED,6.8,20.0,2513,0.125,120.0,300.0,60.0,100.0,0.04655789892558695,0.02825308396339037,0.4624378985704553,True,0.33284619496461965,31.284508875543278,4.25,7.921593993058368,"[np.float64(-0.005093137737337656), np.float64(-0.00951911751044855), np.float64(-0.01264219012569469), np.float64(-0.015118353361500572), np.float64(-0.014894624448323087), np.float64(-0.011796090205364153), np.float64(-0.00629304565690737), np.float64(-0.00318607424524409), np.float64(0.00019363756857163775), np.float64(0.005059052611989408), np.float64(0.008808035862876222), np.float64(0.012280259960292418), np.float64(0.017947451407160274), np.float64(0.02613492940825788), np.float64(0.03575409917919279), np.float64(0.04628425552139165), np.float64(0.05748889064039529), np.float64(0.06714597425672796), np.float64(0.08009820325121754), np.float64(0.09349907389767202), np.float64(0.10773389694650798), np.float64(0.12198068561743754), np.float64(0.13670627096812157), np.float64(0.1531109330990904), np.float64(0.16874016396373695), np.float64(0.1868941731283473), np.float64(0.20202614157225), np.float64(0.2175667690312641), np.float64(0.2368384363404198), np.float64(0.256148761084332), np.float64(0.27368270562375463), np.float64(0.29124262902709724), np.float64(0.3119520135330484), np.float64(0.33284619496461965)]","[np.float64(1.0649990724847678), np.float64(2.1347518059411987), np.float64(3.2071879726334984), np.float64(4.281622873398007), np.float64(5.351420803198364), np.float64(6.411629363760653), np.float64(7.459493127206085), np.float64(8.511838627993916), np.float64(9.559626145637528), np.float64(10.59606595555883), np.float64(11.63399469348352), np.float64(12.669845086144582), np.float64(13.687404919802631), np.float64(14.681358470411082), np.float64(15.656813247743017), np.float64(16.616348045252842), np.float64(17.561089541000037), np.float64(18.509770441185534), np.float64(19.420590097377747), np.float64(20.31707709703354), np.float64(21.19541941193234), np.float64(22.063298116110676), np.float64(22.9162816255032), np.float64(23.74193652273394), np.float64(24.5652657616744), np.float64(25.351741145430395), np.float64(26.160572898452614), np.float64(26.955791026529404), np.float64(27.700139366093644), np.float64(28.434209588488738), np.float64(29.179074350074142), np.float64(29.914826843798313), np.float64(30.60521307372005), np.float64(31.284508875543278)]",14687.023146615795,5.844418283571745,-440.85049680341035,172.46021461486816
30,STATE_A_RIPENING,SEEDED,6.8,20.0,2513,0.125,120.0,300.0,60.0,100.0,0.043374452845204935,0.023079984082769598,0.5083881621438391,True,0.3278945908567271,30.59157401174239,4.125,7.585400503145766,"[np.float64(-0.00378324649411137), np.float64(-0.005733053655747395), np.float64(-0.007199668864324766), np.float64(-0.0063329873523654545), np.float64(-0.004166287896992418), np.float64(-0.0014830483506815685), np.float64(-0.0014726085461113556), np.float64(0.0030476440104015606), np.float64(0.006657011818008126), np.float64(0.00999801417648309), np.float64(0.01632883489250952), np.float64(0.020431348271366185), np.float64(0.027221403956926616), np.float64(0.034402233059268005), np.float64(0.04330741896114904), np.float64(0.05356292587352485), np.float64(0.06329903671541348), np.float64(0.07303724681750544), np.float64(0.08666451284704652), np.float64(0.10046723448745977), np.float64(0.11168782219548556), np.float64(0.12499661152720969), np.float64(0.140874433727073), np.float64(0.1567192779839804), np.float64(0.17175326316773445), np.float64(0.18848378091244136), np.float64(0.20650066946949833), np.float64(0.22486288638111487), np.float64(0.24255632973097993), np.float64(0.26451578397233944), np.float64(0.2847281073413495), np.float64(0.3051124196808801), np.float64(0.3278945908567271)]","[np.float64(1.0702685494639992), np.float64(2.1426349210511044), np.float64(3.2163254125755416), np.float64(4.286563278341519), np.float64(5.3523718291520295), np.float64(6.414210573726419), np.float64(7.483206549826477), np.float64(8.532943893161068), np.float64(9.582336815598794), np.float64(10.629416488015002), np.float64(11.65588477599308), np.float64(12.689924382212697), np.float64(13.701906712642602), np.float64(14.704592548168938), np.float64(15.687538163112237), np.float64(16.651732550569765), np.float64(17.611278918711985), np.float64(18.56242836137703), np.float64(19.470429993936563), np.float64(20.3662523961148), np.float64(21.276371005793585), np.float64(22.157295911411484), np.float64(23.002688385655315), np.float64(23.837842115958036), np.float64(24.67127572460034), np.float64(25.476889439958974), np.float64(26.258484944125907), np.float64(27.026137230008455), np.float64(27.791349698769153), np.float64(28.49894685685423), np.float64(29.216336983864156), np.float64(29.922350180877586), np.float64(30.59157401174239)]",14051.439108447707,5.591499844189299,-553.2929664077237,196.16464042663574
32,STATE_A_RIPENING,SEEDED,6.8,20.0,2513,0.125,120.0,300.0,60.0,100.0,0.043374452845204935,0.012335853561480302,0.46013080777874127,True,0.33873958295845763,30.372753650183775,4.125,7.7055553365387714,"[np.float64(-0.0030615620026684547), np.float64(-0.003731833389438376), np.float64(-0.007014190399228814), np.float64(-0.00887745331458111), np.float64(-0.009604033027026027), np.float64(-0.0075538032027387654), np.float64(-0.005037404414233899), np.float64(-0.0016609941604910376), np.float64(0.004378645754711695), np.float64(0.009806970809605266), np.float64(0.014994226860502946), np.float64(0.023278265594440208), np.float64(0.029454930466747388), np.float64(0.03825707191700343), np.float64(0.048687734418059035), np.float64(0.060273367510992), np.float64(0.07226962810680485), np.float64(0.08233893176513704), np.float64(0.09485050405889804), np.float64(0.10774186019722956), np.float64(0.12375618325021585), np.float64(0.13904699550377053), np.float64(0.1529536170172867), np.float64(0.16950128854575483), np.float64(0.18593492037372503), np.float64(0.20303382243956208), np.float64(0.22018806045912132), np.float64(0.2380380475023043), np.float64(0.2572055432834309), np.float64(0.27703319891533856), np.float64(0.29494682465897676), np.float64(0.3148702256561692), np.float64(0.33873958295845763)]","[np.float64(1.0665570960747723), np.float64(2.133831632019822), np.float64(3.206033187280192), np.float64(4.278727155562712), np.float64(5.350370449295038), np.float64(6.413809321900697), np.float64(7.47330905907684), np.float64(8.526469584537855), np.float64(9.563394124464518), np.float64(10.597394404984724), np.float64(11.627308062957395), np.float64(12.632888155564942), np.float64(13.644510609336866), np.float64(14.631668961020374), np.float64(15.59862957354193), np.float64(16.547383658212073), np.float64(17.482969462414363), np.float64(18.425069935315765), np.float64(19.337239208998984), np.float64(20.236201348392903), np.float64(21.096068529536755), np.float64(21.95180011025703), np.float64(22.81078325826813), np.float64(23.63356128755179), np.float64(24.447128769472062), np.float64(25.243682503344505), np.float64(26.0296697842701), np.float64(26.798427786319717), np.float64(27.543120002964702), np.float64(28.27082230580244), np.float64(29.01041932990636), np.float64(29.71849504028009), np.float64(30.372753650183775)]",14165.30513694433,5.6368106394525785,-58.62026891997084,213.39888453483582
33,STATE_A_RIPENING,SEEDED,6.8,20.0,2513,0.125,120.0,300.0,60.0,100.0,0.053322721846398725,0.017906884202148827,0.4422186429331142,True,0.3302811835282452,30.528748218611675,4.125,7.49401009690407,"[np.float64(-0.0038738742177676765), np.float64(-0.004814047900963512), np.float64(-0.005113975224951195), np.float64(-0.00494606921378597), np.float64(-0.0058229097609476185), np.float64(-0.00410337632837948), np.float64(-0.0010155430070022888), np.float64(0.0010717589316138916), np.float64(0.006237727640032548), np.float64(0.01049691899307459), np.float64(0.016674414419390007), np.float64(0.022794593171236117), np.float64(0.029952533761249508), np.float64(0.03859842372019805), np.float64(0.04920980344665155), np.float64(0.059488133410302596), np.float64(0.07049174647487626), np.float64(0.08053679827846386), np.float64(0.09568149968000028), np.float64(0.10757507924993713), np.float64(0.12237393380718871), np.float64(0.13733833845670032), np.float64(0.1501075655561921), np.float64(0.16615452550149498), np.float64(0.18301533928176542), np.float64(0.19994560641170772), np.float64(0.21528376284537054), np.float64(0.23145901562078047), np.float64(0.24967952100240948), np.float64(0.2719375085329192), np.float64(0.2900490999084469), np.float64(0.3096663270284224), np.float64(0.3302811835282452)]","[np.float64(1.0690785501224362), np.float64(2.1391668434375974), np.float64(3.2092338981226374), np.float64(4.278617496867144), np.float64(5.350629875563575), np.float64(6.415210358315615), np.float64(7.472836077143453), np.float64(8.5314758045695), np.float64(9.57324100708979), np.float64(10.614493721163894), np.float64(11.64041648616011), np.float64(12.660586232417753), np.float64(13.667891685303882), np.float64(14.657874110901634), np.float64(15.62524625073528), np.float64(16.585887510191636), np.float64(17.53170042925703), np.float64(18.476491460244596), np.float64(19.36770751479206), np.float64(20.277302928843593), np.float64(21.15033692361587), np.float64(22.01124575198445), np.float64(22.883654767332168), np.float64(23.71373552997088), np.float64(24.525146035572405), np.float64(25.325577031446045), np.float64(26.133146180518633), np.float64(26.922465640451986), np.float64(27.679959653906884), np.float64(28.382794237226875), np.float64(29.122278791877964), np.float64(29.83571355228424), np.float64(30.528748218611675)]",13875.601550141977,5.521528670967759,-57.99968911986798,264.04886984825134
35,STATE_A_RIPENING,SEEDED,6.8,20.0,2513,0.125,120.0,300.0,60.0,100.0,0.04934341424592121,0.019896538002387585,0.468314532176464,True,0.3310327198702145,30.399715055830082,4.125,7.559341663117166,"[np.float64(-0.0025936722239600918), np.float64(-0.006300413634304459), np.float64(-0.005932331326292993), np.float64(-0.0063388061141200665), np.float64(-0.007235918413935581), np.float64(-0.006013863895174556), np.float64(-0.005336493180339447), np.float64(-0.0007486685232770328), np.float64(0.004431800597489046), np.float64(0.007755427263967518), np.float64(0.01428772628094887), np.float64(0.02104834053920622), np.float64(0.028834957715349902), np.float64(0.0375463694546184), np.float64(0.04676186673480343), np.float64(0.05777424158860448), np.float64(0.06692147928625022), np.float64(0.07688207677067904), np.float64(0.08937041847826899), np.float64(0.10224611050313985), np.float64(0.11575963853391077), np.float64(0.13104829693529135), np.float64(0.14485686546297125), np.float64(0.16248316386919207), np.float64(0.17911049745476684), np.float64(0.1956647482656096), np.float64(0.2147856416909412), np.float64(0.23288814988242543), np.float64(0.25298168523549713), np.float64(0.27181478508419077), np.float64(0.29037903284352296), np.float64(0.30970549995935387), np.float64(0.3310327198702145)]","[np.float64(1.0641770267075514), np.float64(2.132319997796376), np.float64(3.1978877770000187), np.float64(4.26472238208649), np.float64(5.333311071735158), np.float64(6.396037858120297), np.float64(7.459502890783518), np.float64(8.50555305598748), np.float64(9.544039347623636), np.float64(10.58698666170644), np.float64(11.608124004839562), np.float64(12.62141459532496), np.float64(13.621358866740499), np.float64(14.607443558726912), np.float64(15.581786569371816), np.float64(16.533828476374058), np.float64(17.491724600088833), np.float64(18.434797419556006), np.float64(19.34709440207378), np.float64(20.24606593833099), np.float64(21.129241643084708), np.float64(21.98528219993497), np.float64(22.84557947620295), np.float64(23.657445300661117), np.float64(24.46880131548892), np.float64(25.270775767217582), np.float64(26.035377427618922), np.float64(26.800699603852035), np.float64(27.534397333987805), np.float64(28.272177500293665), np.float64(29.003671913484144), np.float64(29.717556115845635), np.float64(30.399715055830082)]",14543.517867838622,5.78731311891708,-64.9439917462878,241.87312006950378
37,STATE_A_RIPENING,SEEDED,6.8,20.0,2513,0.125,120.0,300.0,60.0,100.0,0.04178272980501393,0.011142061281337047,0.43693101175767246,True,0.3365452366470836,30.411267372793816,4.125,7.725193881717384,"[np.float64(-0.0023305424411093254), np.float64(-0.005389704858146807), np.float64(-0.009598648928319957), np.float64(-0.009906087527171358), np.float64(-0.010535600663796559), np.float64(-0.010201928840621695), np.float64(-0.00648112021711108), np.float64(-0.0038278355227631296), np.float64(0.0014626424469016202), np.float64(0.007359074886565539), np.float64(0.012164339417300569), np.float64(0.01765137230774033), np.float64(0.02737446211710245), np.float64(0.03659773095046368), np.float64(0.04713582146748337), np.float64(0.057990444427217507), np.float64(0.06975862704573331), np.float64(0.08084475409443154), np.float64(0.09327139789926112), np.float64(0.10573576230108793), np.float64(0.12169718090041905), np.float64(0.1366452830270099), np.float64(0.150805043872042), np.float64(0.16557623887969494), np.float64(0.17986373690828422), np.float64(0.19617083753595058), np.float64(0.214581723174455), np.float64(0.23540576333653976), np.float64(0.25341417708910813), np.float64(0.2737813880625974), np.float64(0.293348464405405), np.float64(0.31459563283881026), np.float64(0.3365452366470836)]","[np.float64(1.066642962561268), np.float64(2.1365641224926093), np.float64(3.211648838797148), np.float64(4.282863242661056), np.float64(5.355281799013338), np.float64(6.425254872851672), np.float64(7.482080709992327), np.float64(8.539554148465514), np.float64(9.581589123666348), np.float64(10.615006373605496), np.float64(11.648756844534608), np.float64(12.6734292763488), np.float64(13.664425593064477), np.float64(14.649922242910941), np.float64(15.617163663113926), np.float64(16.5726332993805), np.float64(17.511301819645485), np.float64(18.446044687859068), np.float64(19.359851363950504), np.float64(20.263605811115166), np.float64(21.12486252670751), np.float64(21.984804837698313), np.float64(22.842275672520366), np.float64(23.68390497027279), np.float64(24.52090489283302), np.float64(25.32731511342665), np.float64(26.101340018756044), np.float64(26.838956761796528), np.float64(27.597078405925167), np.float64(28.319541394963924), np.float64(29.04131843253581), np.float64(29.734887285055933), np.float64(30.411267372793816)]",14201.80294036015,5.6513342381059095,-183.24562530452386,174.46712470054626
38,STATE_A_RIPENING,SEEDED,6.8,20.0,2513,0.125,120.0,300.0,60.0,100.0,0.05690409868682849,0.022682053322721846,0.4551882328672473,True,0.3266596822785092,30.4864266379055,4.125,7.551078451098281,"[np.float64(-0.00398706803675905), np.float64(-0.008104481410767247), np.float64(-0.011380069045894014), np.float64(-0.012438572852888805), np.float64(-0.011281162355585224), np.float64(-0.008858888164854422), np.float64(-0.006722839462753708), np.float64(-0.003953961636767735), np.float64(0.00040000911723862413), np.float64(0.004920907992967757), np.float64(0.010518063625399924), np.float64(0.01757808658384828), np.float64(0.026913512031543522), np.float64(0.03541342470109493), np.float64(0.04288848286317001), np.float64(0.052474455253712346), np.float64(0.06224543760942627), np.float64(0.07314528908370727), np.float64(0.08577848528245163), np.float64(0.09819807143410679), np.float64(0.11388268388020471), np.float64(0.13027538922262638), np.float64(0.14627115603439841), np.float64(0.16124936062423245), np.float64(0.17611628830428008), np.float64(0.19270841376754264), np.float64(0.21045073894465355), np.float64(0.22829736712972626), np.float64(0.24485046440203728), np.float64(0.2650372555776556), np.float64(0.28447674568734105), np.float64(0.3060766693592358), np.float64(0.3266596822785092)]","[np.float64(1.0662029013602803), np.float64(2.136827086669339), np.float64(3.210546189814951), np.float64(4.283021757830415), np.float64(5.350642669962876), np.float64(6.4129204638715445), np.float64(7.473691446699373), np.float64(8.529481456659333), np.float64(9.57476259588496), np.float64(10.614667816374167), np.float64(11.643753242118434), np.float64(12.658134957547688), np.float64(13.650506520634394), np.float64(14.640081301284562), np.float64(15.629485142868146), np.float64(16.59535508745243), np.float64(17.551281538702554), np.float64(18.48909236310712), np.float64(19.402394633310273), np.float64(20.30775923837146), np.float64(21.172489056089127), np.float64(22.019268832233667), np.float64(22.858961832380597), np.float64(23.698499357762522), np.float64(24.529416924533344), np.float64(25.33252938637299), np.float64(26.113347783878655), np.float64(26.883054932928296), np.float64(27.657425656523323), np.float64(28.38193136330372), np.float64(29.105222211103452), np.float64(29.794629624275114), np.float64(30.4864266379055)]",13924.308707993223,5.540910747311271,-63.54470913577825,327.609023809433
31,STATE_A_RIPENING,SEEDED,6.8,20.0,2513,0.125,120.0,300.0,60.0,100.0,0.05372065260644648,0.012733784321528054,0.43396623916076194,True,0.3422730455263031,31.21026229364512,4.25,8.03098317872029,"[np.float64(-0.0038638846180938705), np.float64(-0.006184921168920625), np.float64(-0.007359059189620384), np.float64(-0.007671662705788005), np.float64(-0.009007697420658744), np.float64(-0.007849693204940235), np.float64(-0.005917547552565391), np.float64(-0.003342878633823998), np.float64(-0.001301018677155801), np.float64(0.007402868529241512), np.float64(0.01331835029992783), np.float64(0.018371167150765193), np.float64(0.025684890051979273), np.float64(0.03392470055579602), np.float64(0.04467790687182499), np.float64(0.054782834903554255), np.float64(0.06493677679954117), np.float64(0.07574446869344045), np.float64(0.08786007622044088), np.float64(0.10014602278470408), np.float64(0.11293557643668503), np.float64(0.12507733347471567), np.float64(0.14109660863100856), np.float64(0.15595697256543378), np.float64(0.17223350144549815), np.float64(0.19146822135415795), np.float64(0.21146143375423276), np.float64(0.22867417772734755), np.float64(0.24546657493397553), np.float64(0.2625231066579622), np.float64(0.28072613735814145), np.float64(0.3005655518020633), np.float64(0.3223309776550576), np.float64(0.3422730455263031)]","[np.float64(1.065564131530161), np.float64(2.133615416854947), np.float64(3.2023153643452402), np.float64(4.270426295617826), np.float64(5.341629968656623), np.float64(6.406214128545641), np.float64(7.466649621819151), np.float64(8.52228465152106), np.float64(9.577764229114036), np.float64(10.595887643013803), np.float64(11.62140583234285), np.float64(12.646406420019803), np.float64(13.65134082248734), np.float64(14.64274557397314), np.float64(15.6077029187042), np.float64(16.568278720136878), np.float64(17.519670936077684), np.float64(18.456820149419112), np.float64(19.373407684310326), np.float64(20.278870655993362), np.float64(21.170115042429696), np.float64(22.058218241352634), np.float64(22.8984225233663), np.float64(23.73992503878812), np.float64(24.556806052246476), np.float64(25.332091749216392), np.float64(26.088427570205543), np.float64(26.8644900979541), np.float64(27.635727110950935), np.float64(28.39491174039387), np.float64(29.132147050486314), np.float64(29.841647158014847), np.float64(30.519877764013383), np.float64(31.21026229364512)]",15051.687410103532,5.989529411103674,-488.760923971422,202.4164251089096
34,STATE_A_RIPENING,SEEDED,6.8,20.0,2513,0.125,120.0,300.0,60.0,100.0,0.05013927576601671,0.015121368881814564,0.4713911528455482,True,0.3398276979885928,31.32034802904922,4.25,8.006271639035136,"[np.float64(-0.0015711913542770452), np.float64(-0.004862780248360556), np.float64(-0.007347506713132353), np.float64(-0.008544133297455571), np.float64(-0.008983830412845723), np.float64(-0.007168260465976273), np.float64(-0.0059242138953563665), np.float64(-0.002703690867953429), np.float64(6.189359528989785e-05), np.float64(0.006400545095450466), np.float64(0.012194067788959798), np.float64(0.017447975749384073), np.float64(0.0219600373543652), np.float64(0.03155485372766867), np.float64(0.04119226959038594), np.float64(0.05193690025837112), np.float64(0.06244523766829279), np.float64(0.07365075459892602), np.float64(0.08584164780881245), np.float64(0.09893482979756478), np.float64(0.11321580980680736), np.float64(0.12798655095295455), np.float64(0.14138023854567686), np.float64(0.1589562477681001), np.float64(0.1750909856127307), np.float64(0.1913385502490329), np.float64(0.20777420173197284), np.float64(0.22619136643630405), np.float64(0.24124621824113585), np.float64(0.2592266247930324), np.float64(0.2784264053992719), np.float64(0.2967386883832174), np.float64(0.3193324333648188), np.float64(0.3398276979885928)]","[np.float64(1.0671208026558456), np.float64(2.137768378441155), np.float64(3.210663374458391), np.float64(4.283467103117317), np.float64(5.3555215608701685), np.float64(6.420747068276644), np.float64(7.486182847346313), np.float64(8.541812206338788), np.float64(9.596242360158751), np.float64(10.628860481279256), np.float64(11.658238328976035), np.float64(12.685198807232771), np.float64(13.711928297804882), np.float64(14.697856749370999), np.float64(15.674652791986745), np.float64(16.634022163856862), np.float64(17.58602889206313), np.float64(18.52307675314118), np.float64(19.442069505828723), np.float64(20.343054593806013), np.float64(21.22275448650017), np.float64(22.087311598907004), np.float64(22.9553965499443), np.float64(23.77113175660272), np.float64(24.591011864759643), np.float64(25.399659133645088), np.float64(26.19648533023393), np.float64(26.96193407087456), np.float64(27.754995852315137), np.float64(28.50633889359162), np.float64(29.234519876554504), np.float64(29.963730495099238), np.float64(30.634370354222735), np.float64(31.32034802904922)]",14900.209265231031,5.929251597783936,-475.54053287161514,190.58222234249115
36,STATE_A_RIPENING,SEEDED,6.8,20.0,2513,0.125,120.0,300.0,60.0,100.0,0.046159968165539196,0.017111022682053324,0.4548921424147353,True,0.3372448008187448,31.314286479292928,4.25,7.993342279519364,"[np.float64(-0.0028465213265405384), np.float64(-0.004944435070088282), np.float64(-0.007023995853680919), np.float64(-0.007780864372204724), np.float64(-0.008244308311336207), np.float64(-0.006895854120984056), np.float64(-0.0050223994745714675), np.float64(-0.0023327511288834483), np.float64(-0.0003090821245251211), np.float64(0.004409580466250178), np.float64(0.009445398212598443), np.float64(0.015690225109459444), np.float64(0.023832536314877664), np.float64(0.03243912729653751), np.float64(0.04159239467286443), np.float64(0.051183729626436185), np.float64(0.0595494927955709), np.float64(0.07100457336751201), np.float64(0.08402263303295067), np.float64(0.09681125304519601), np.float64(0.10849193203755671), np.float64(0.12296219144763715), np.float64(0.13840233161151774), np.float64(0.15342562320257694), np.float64(0.16911452357867052), np.float64(0.18582341056281412), np.float64(0.20117955977991428), np.float64(0.21673826140745142), np.float64(0.23673203481567853), np.float64(0.25796673137501436), np.float64(0.2747389003536477), np.float64(0.29245013338916975), np.float64(0.31401459336179544), np.float64(0.3372448008187448)]","[np.float64(1.06656679305951), np.float64(2.135381085724035), np.float64(3.206423924255741), np.float64(4.276862169723517), np.float64(5.347326667899194), np.float64(6.412434105427248), np.float64(7.474126611443602), np.float64(8.530337055557803), np.float64(9.586911064230927), np.float64(10.627072394429302), np.float64(11.66058479), np.float64(12.681472141895568), np.float64(13.683523779944444), np.float64(14.6745526425404), np.float64(15.653498694127121), np.float64(16.620716046763157), np.float64(17.58965655639079), np.float64(18.52447484137098), np.float64(19.435847752438846), np.float64(20.3391645200015), np.float64(21.243305212217447), np.float64(22.11104029295341), np.float64(22.95879076466472), np.float64(23.800468533130708), np.float64(24.62524404624748), np.float64(25.42918260112217), np.float64(26.237887154937916), np.float64(27.035133047894494), np.float64(27.77341317829818), np.float64(28.487591901127082), np.float64(29.242879634495434), np.float64(29.978654906015507), np.float64(30.660759459246393), np.float64(31.314286479292928)]",14593.593712393656,5.807239837800898,-194.33130792947486,159.58639097213745
39,STATE_A_RIPENING,SEEDED,6.8,20.0,2513,0.125,120.0,300.0,60.0,100.0,0.05133306804615997,0.017111022682053324,0.4452976236951363,True,0.34015515903744126,31.27433863699818,4.25,8.057587761928133,"[np.float64(-0.003271368096026276), np.float64(-0.006883065110842997), np.float64(-0.007432343622299014), np.float64(-0.00881759711877445), np.float64(-0.008500621235996873), np.float64(-0.0056925357944946015), np.float64(-0.004489212600560925), np.float64(-0.0037201305629891513), np.float64(0.0003182063731000454), np.float64(0.004286216264245737), np.float64(0.009018988359651765), np.float64(0.015728385497632155), np.float64(0.023305906483913008), np.float64(0.030330289004189295), np.float64(0.03928909914782684), np.float64(0.04831702983957178), np.float64(0.0579230406516275), np.float64(0.07104888194711526), np.float64(0.08504655594418979), np.float64(0.09703655048672459), np.float64(0.10923428043174582), np.float64(0.12585166134487424), np.float64(0.14369775199230028), np.float64(0.15815834080548674), np.float64(0.17198512566370805), np.float64(0.18741025273741127), np.float64(0.20478877548598953), np.float64(0.22292859649336166), np.float64(0.23953009651819188), np.float64(0.2578199853043757), np.float64(0.27560105382566713), np.float64(0.29555978560878693), np.float64(0.3170412951397132), np.float64(0.34015515903744126)]","[np.float64(1.0665919256369158), np.float64(2.13705923667387), np.float64(3.2064757051580624), np.float64(4.278287427743105), np.float64(5.34700437848469), np.float64(6.4073383638422), np.float64(7.470708885877764), np.float64(8.53465692353791), np.float64(9.582088582212235), np.float64(10.625711192125603), np.float64(11.660838330406547), np.float64(12.67883091013404), np.float64(13.684450736606316), np.float64(14.686779029342569), np.float64(15.6678653881998), np.float64(16.64027199440096), np.float64(17.599836856269913), np.float64(18.520581469901394), np.float64(19.422993872741962), np.float64(20.333222150875002), np.float64(21.232171424189417), np.float64(22.07846383253239), np.float64(22.901238038460708), np.float64(23.747288625589135), np.float64(24.590407027305844), np.float64(25.40736983479033), np.float64(26.193592475411485), np.float64(26.961511748547185), np.float64(27.73679127842679), np.float64(28.48385510515308), np.float64(29.22745616014425), np.float64(29.936981394812126), np.float64(30.619705007732854), np.float64(31.27433863699818)]",14574.176364069312,5.79951307762408,-132.97919995663688,198.1814067363739
40,STATE_A_RIPENING,SEEDED,6.8,20.0,2513,0.125,120.0,300.0,60.0,100.0,0.04974134500596896,0.013131715081575806,0.44869647085039116,True,0.32370032828234296,30.55413235161859,4.125,7.582218945752559,"[np.float64(-0.003957614674566155), np.float64(-0.0060166707103032225), np.float64(-0.009570674481776792), np.float64(-0.011090517541985688), np.float64(-0.011580444336773835), np.float64(-0.010718256098501366), np.float64(-0.01016238062097301), np.float64(-0.008345411108147781), np.float64(-0.003908207654804557), np.float64(0.0015285749172288627), np.float64(0.008238350803616911), np.float64(0.014996844522632988), np.float64(0.02094802442732803), np.float64(0.031453837386855574), np.float64(0.03893233711336775), np.float64(0.048314375637168554), np.float64(0.056045829432397595), np.float64(0.06713413500614546), np.float64(0.0792661710974817), np.float64(0.09285690827963893), np.float64(0.10639734132265259), np.float64(0.12352999349047332), np.float64(0.13933587245651707), np.float64(0.1568020580364765), np.float64(0.17287455958567208), np.float64(0.18801042723122505), np.float64(0.20645263568495176), np.float64(0.22434328644087667), np.float64(0.24314807323827642), np.float64(0.2625183571069557), np.float64(0.2819944205606072), np.float64(0.30349032499282874), np.float64(0.32370032828234296)]","[np.float64(1.067362508795165), np.float64(2.1369349361606997), np.float64(3.2111483018093963), np.float64(4.284819922653103), np.float64(5.357352140831218), np.float64(6.426020504036625), np.float64(7.494918527056099), np.float64(8.557770351360922), np.float64(9.606024336710242), np.float64(10.64435086424221), np.float64(11.669760220751163), np.float64(12.688192353310287), np.float64(13.705421285804931), np.float64(14.684325125443166), np.float64(15.676477410067672), np.float64(16.646581673808253), np.float64(17.622129662534945), np.float64(18.56153347669255), np.float64(19.482297577967877), np.float64(20.379766258171756), np.float64(21.267409182401124), np.float64(22.1096159785906), np.float64(22.953705442926537), np.float64(23.77018541369122), np.float64(24.59037090956093), np.float64(25.410550608633443), np.float64(26.185416122012413), np.float64(26.95611392665774), np.float64(27.70686707984664), np.float64(28.44154981237302), np.float64(29.165503630518508), np.float64(29.8570521196196), np.float64(30.55413235161859)]",13677.98115539928,5.44288943708686,-171.43652092060074,254.09709131717682
42,STATE_A_RIPENING,SEEDED,6.8,20.0,2513,0.125,120.0,300.0,60.0,100.0,0.04536410664544369,0.036211699164345405,0.5142376809450421,True,0.33404139653766757,30.44444920665927,4.125,7.523288023910636,"[np.float64(-0.0028074317578789185), np.float64(-0.0019164576485555557), np.float64(-0.004186091834903244), np.float64(-0.005018173657908544), np.float64(-0.0025306796295961166), np.float64(-0.00063794049512698), np.float64(0.0012825065435320777), np.float64(0.004028720651133982), np.float64(0.009468603929412924), np.float64(0.013154256994055253), np.float64(0.0202067961149849), np.float64(0.025374380722909408), np.float64(0.030064631185543495), np.float64(0.040159705316612344), np.float64(0.04952999015768677), np.float64(0.06037964013061979), np.float64(0.07008448252139451), np.float64(0.08338859295042314), np.float64(0.09618893041063187), np.float64(0.10909829928974604), np.float64(0.12189247031428906), np.float64(0.1374338730849486), np.float64(0.15216232112495862), np.float64(0.1682150359775581), np.float64(0.18555418377717717), np.float64(0.20158569243981828), np.float64(0.22119982109147976), np.float64(0.23835019917142042), np.float64(0.25545302590555424), np.float64(0.2746830211278851), np.float64(0.2934367396681316), np.float64(0.31318541267197625), np.float64(0.33404139653766757)]","[np.float64(1.0670611740707274), np.float64(2.133169586065157), np.float64(3.203398703895226), np.float64(4.27298385408421), np.float64(5.334565667292753), np.float64(6.39541389579966), np.float64(7.454157422979736), np.float64(8.507378464439142), np.float64(9.544978092154293), np.float64(10.586223234476137), np.float64(11.604526206673741), np.float64(12.627542809717529), np.float64(13.648657926868406), np.float64(14.62705375555731), np.float64(15.601726743158771), np.float64(16.556484506450918), np.float64(17.511313487045232), np.float64(18.427194099552374), np.float64(19.337028151606855), np.float64(20.235959922157388), np.float64(21.12625476591564), np.float64(21.980544001625823), np.float64(22.83230916111274), np.float64(23.66075946158512), np.float64(24.465727798949043), np.float64(25.274048139686972), np.float64(26.03449948608604), np.float64(26.811130515387944), np.float64(27.57887831517367), np.float64(28.31385403426553), np.float64(29.044769352753814), np.float64(29.755399671378814), np.float64(30.44444920665927)]",14305.952001023225,5.692778352973826,-237.1158964629285,117.5134711265564
43,STATE_A_RIPENING,SEEDED,6.8,20.0,2513,0.125,120.0,300.0,60.0,100.0,0.04297652208515718,0.03700756068444091,0.48741910017091855,True,0.3302010446789371,30.502208783570016,4.125,7.4698513273164195,"[np.float64(-0.004408983280591824), np.float64(-0.006511957012427969), np.float64(-0.005228676877671635), np.float64(-0.003513844716758145), np.float64(-0.001366070117601727), np.float64(-0.0004171978863796999), np.float64(0.003073731328308753), np.float64(0.005346701914980636), np.float64(0.008913242535186215), np.float64(0.014191693870753147), np.float64(0.019882459261051873), np.float64(0.026011027585129257), np.float64(0.034818787024642), np.float64(0.04363260351291608), np.float64(0.052166966469017445), np.float64(0.060807321808472384), np.float64(0.07248845101742163), np.float64(0.0825138985100248), np.float64(0.09658000355419387), np.float64(0.10881206175143318), np.float64(0.12165692175781166), np.float64(0.13408839477433976), np.float64(0.14756476061386503), np.float64(0.1622953242484993), np.float64(0.17925355297319956), np.float64(0.19405552509438012), np.float64(0.21017001553632245), np.float64(0.22957133142883732), np.float64(0.2481508111216084), np.float64(0.267142753816256), np.float64(0.28627554463381377), np.float64(0.3098173369166878), np.float64(0.3302010446789371)]","[np.float64(1.0684040046606815), np.float64(2.1390683664871197), np.float64(3.2065322926750044), np.float64(4.2716961033618235), np.float64(5.333875044324934), np.float64(6.397611364904088), np.float64(7.450880589116839), np.float64(8.505660618161132), np.float64(9.55194009409687), np.float64(10.585611893358303), np.float64(11.611641416372603), np.float64(12.62935652778019), np.float64(13.62345281224898), np.float64(14.609326947877586), np.float64(15.589239152581309), np.float64(16.56066302202996), np.float64(17.49961931187602), np.float64(18.443008076631497), np.float64(19.342358646658944), np.float64(20.24776150592344), np.float64(21.138066809965608), np.float64(22.022936142841083), np.float64(22.888389010921752), np.float64(23.73170757166735), np.float64(24.542138565502576), np.float64(25.36512918714544), np.float64(26.164748339089734), np.float64(26.91889068639748), np.float64(27.671994207572713), np.float64(28.410866168873827), np.float64(29.13873402902066), np.float64(29.807160281679693), np.float64(30.502208783570016)]",14276.398361989066,5.681018050930787,-165.37962064146996,171.7057821750641
44,STATE_A_RIPENING,SEEDED,6.8,20.0,2513,0.125,120.0,300.0,60.0,100.0,0.04894548348587346,0.022284122562674095,0.46593552858139875,True,0.3276229535066443,30.420362438798,4.125,7.580800223326312,"[np.float64(-0.0045601663494923015), np.float64(-0.007199606053220178), np.float64(-0.008709752515444662), np.float64(-0.00934496431665801), np.float64(-0.007312547134610039), np.float64(-0.005721397458665057), np.float64(-0.004504194640933848), np.float64(-0.0025335738947514985), np.float64(0.0015610941397799082), np.float64(0.006169314659578549), np.float64(0.01043907693588453), np.float64(0.018840898523694884), np.float64(0.027899551932885368), np.float64(0.0366081280060432), np.float64(0.04374004810505573), np.float64(0.05186088022853149), np.float64(0.062270327819270034), np.float64(0.07264837489633252), np.float64(0.08293248116425521), np.float64(0.0971370702055776), np.float64(0.11021987900901851), np.float64(0.12427358787922065), np.float64(0.13951579086636254), np.float64(0.15672911081710328), np.float64(0.17306711659051355), np.float64(0.19028810172154859), np.float64(0.2089374047734552), np.float64(0.22711776316180668), np.float64(0.24434673095019305), np.float64(0.2627390614868616), np.float64(0.28430025957967686), np.float64(0.30350262812018586), np.float64(0.3276229535066443)]","[np.float64(1.0645849263663194), np.float64(2.1319982587514037), np.float64(3.2004323997403823), np.float64(4.268611066756116), np.float64(5.330298843191333), np.float64(6.391238498125533), np.float64(7.451884984774529), np.float64(8.508023172697852), np.float64(9.551940463668481), np.float64(10.588935092287356), np.float64(11.623192722593428), np.float64(12.627456507654488), np.float64(13.619332861792575), np.float64(14.605235066014538), np.float64(15.594911182471959), np.float64(16.570234375342306), np.float64(17.51939951628069), np.float64(18.459997417973177), np.float64(19.392809502026942), np.float64(20.28090690011049), np.float64(21.16911077288903), np.float64(22.03811764910739), np.float64(22.885240592202532), np.float64(23.70190370833007), np.float64(24.516947590118992), np.float64(25.312504758220797), np.float64(26.08252768834151), np.float64(26.847430719937783), np.float64(27.61309663149736), np.float64(28.356476628963296), np.float64(29.054688862113238), np.float64(29.77020622805999), np.float64(30.420362438798)]",14218.990495634092,5.658173695039432,-157.7538264254108,150.57822847366333
46,STATE_A_RIPENING,SEEDED,6.8,20.0,2513,0.125,120.0,300.0,60.0,100.0,0.043374452845204935,0.013529645841623557,0.4361967317056277,True,0.3275199997715758,30.48406711329962,4.125,7.5062541737630255,"[np.float64(-0.002116476318229655), np.float64(-0.004777798996781831), np.float64(-0.0058218529962563445), np.float64(-0.0063423816870085276), np.float64(-0.006623778614487085), np.float64(-0.007689024247337907), np.float64(-0.00421775396406878), np.float64(-0.0022515041920456117), np.float64(0.0017010682427685108), np.float64(0.007626064743149318), np.float64(0.012114056366494675), np.float64(0.017602158178450966), np.float64(0.02584206376671431), np.float64(0.03340659704882808), np.float64(0.043199351674667034), np.float64(0.05196396270154813), np.float64(0.06142537369476947), np.float64(0.07533447058677349), np.float64(0.08846175803726082), np.float64(0.10079501072358758), np.float64(0.11680334443695332), np.float64(0.1306462426619345), np.float64(0.144495707473739), np.float64(0.16197713755679208), np.float64(0.18053605028173525), np.float64(0.1981624675284764), np.float64(0.2151727395823491), np.float64(0.23267320940109124), np.float64(0.2506636870907575), np.float64(0.26811377985284), np.float64(0.2889766138802324), np.float64(0.3062319210376784), np.float64(0.3275199997715758)]","[np.float64(1.0654659608661106), np.float64(2.1337791809853393), np.float64(3.202348950313845), np.float64(4.270916823455658), np.float64(5.339402123628774), np.float64(6.4107207341424575), np.float64(7.466126708493876), np.float64(8.52430443642742), np.float64(9.570903700880836), np.float64(10.603025576626978), np.float64(11.637440204176102), np.float64(12.661108832274596), np.float64(13.661003618642885), np.float64(14.657905801819005), np.float64(15.631012499169044), np.float64(16.60347746348942), np.float64(17.562393119675967), np.float64(18.474820471176432), np.float64(19.383246505841505), np.float64(20.28879597912982), np.float64(21.150003684265453), np.float64(22.021090130675603), np.float64(22.88233068252835), np.float64(23.696922907301314), np.float64(24.489498256449878), np.float64(25.28104361745539), np.float64(26.068993307470723), np.float64(26.84191880228419), np.float64(27.599882507843642), np.float64(28.354477539432324), np.float64(29.061543756827145), np.float64(29.800210893992375), np.float64(30.48406711329962)]",14214.403581165003,5.656348420678473,-88.22446297062561,140.77270984649658
41,STATE_A_RIPENING,SEEDED,6.8,20.0,2513,0.125,120.0,300.0,60.0,100.0,0.05212892956625547,0.01631516116195782,0.44845309347025764,True,0.33316967738202347,31.34343292041296,4.25,7.934046607815812,"[np.float64(-0.005148652929170993), np.float64(-0.007624003253887966), np.float64(-0.010883057936777144), np.float64(-0.01214500851607216), np.float64(-0.010990553880193), np.float64(-0.008373559239182591), np.float64(-0.006273246813845204), np.float64(-0.004344929194501476), np.float64(-0.001334394825127877), np.float64(0.004361912942391965), np.float64(0.009725917902169774), np.float64(0.01670872609847855), np.float64(0.0239495447929793), np.float64(0.03110075528797521), np.float64(0.040636137495832246), np.float64(0.05005392406570477), np.float64(0.05882810616473185), np.float64(0.07064059331455763), np.float64(0.0828211609637109), np.float64(0.0944662152531775), np.float64(0.10518461678508878), np.float64(0.11868873706473025), np.float64(0.13345650824698307), np.float64(0.14842525045859473), np.float64(0.16306445397698907), np.float64(0.17969891806166594), np.float64(0.1980072418857986), np.float64(0.2155286740476853), np.float64(0.23501222653892972), np.float64(0.25285673677439396), np.float64(0.273817929077071), np.float64(0.2948121450758814), np.float64(0.31292305471653675), np.float64(0.33316967738202347)]","[np.float64(1.0671642345137302), np.float64(2.1369887108217025), np.float64(3.210759617942346), np.float64(4.283746374093728), np.float64(5.351556837925356), np.float64(6.413388652732239), np.float64(7.474375405426769), np.float64(8.533867387820058), np.float64(9.586119109994256), np.float64(10.620995876312238), np.float64(11.652021866969006), np.float64(12.667570452777188), np.float64(13.674593702059513), np.float64(14.675328821287007), np.float64(15.651363040955218), np.float64(16.619752015407002), np.float64(17.585169093682502), np.float64(18.516589987749512), np.float64(19.435046837311944), np.float64(20.348817344458737), np.float64(21.262397690657195), np.float64(22.1400402368517), np.float64(22.995124410496565), np.float64(23.838022927259168), np.float64(24.67450648273003), np.float64(25.479923234584742), np.float64(26.256957445209668), np.float64(27.03247344594065), np.float64(27.776193384169105), np.float64(28.528629326456922), np.float64(29.236028258912153), np.float64(29.933462360587132), np.float64(30.655235754740097), np.float64(31.34343292041296)]",14534.908551647837,5.78388720718179,-526.42307974305,250.71418523788452
45,STATE_A_RIPENING,SEEDED,6.8,20.0,2513,0.125,120.0,300.0,60.0,100.0,0.05173099880620772,0.021886191802626343,0.4452408092783964,True,0.3422230294891342,31.267771742486755,4.25,8.022228670482674,"[np.float64(-0.002148764710233648), np.float64(-0.0011560504288618506), np.float64(-0.005011161278621318), np.float64(-0.008427067337659157), np.float64(-0.006912901252223474), np.float64(-0.0054840796733885986), np.float64(-0.003306141231497598), np.float64(-0.0011169057816205192), np.float64(0.0030815304611663363), np.float64(0.009025054074110766), np.float64(0.013444428737241452), np.float64(0.020304670833056954), np.float64(0.027719949519437705), np.float64(0.03416712035901181), np.float64(0.04294069270994689), np.float64(0.05275400021892246), np.float64(0.061447827040431724), np.float64(0.07342328785573418), np.float64(0.0871633380642542), np.float64(0.10104082045707462), np.float64(0.11507902121486344), np.float64(0.12979994284882626), np.float64(0.14578786330360238), np.float64(0.1620713391516575), np.float64(0.1754262956258493), np.float64(0.1915034685018007), np.float64(0.20713466442630724), np.float64(0.22335286985080346), np.float64(0.24124996051116104), np.float64(0.2604690753967263), np.float64(0.27994018339904525), np.float64(0.2984779453573604), np.float64(0.32022977550935267), np.float64(0.3422230294891342)]","[np.float64(1.0665898813305974), np.float64(2.132119454672991), np.float64(3.2043689076023747), np.float64(4.27984478186416), np.float64(5.345725980288832), np.float64(6.410261395529785), np.float64(7.470462804679238), np.float64(8.528310708282136), np.float64(9.574249733504718), np.float64(10.606677982995933), np.float64(11.64187881617061), np.float64(12.657463028965049), np.float64(13.66269324796949), np.float64(14.667734208353282), np.float64(15.649188130478121), np.float64(16.614485283609127), np.float64(17.580448654675827), np.float64(18.510466223294248), np.float64(19.414962704567188), np.float64(20.30760204887409), np.float64(21.188335012546123), np.float64(22.05221741072691), np.float64(22.8931780541492), np.float64(23.7205746292245), np.float64(24.568161963147972), np.float64(25.377921600795446), np.float64(26.182810489944046), np.float64(26.971960666758285), np.float64(27.733120135006452), np.float64(28.46987209838677), np.float64(29.1942428133998), np.float64(29.920100532687385), np.float64(30.59986687776608), np.float64(31.267771742486755)]",14602.643620665385,5.810841074677829,-286.17626162432134,238.13042867183685
47,STATE_A_RIPENING,SEEDED,6.8,20.0,2513,0.125,120.0,300.0,60.0,100.0,0.04735376044568245,0.03422204536410665,0.46252102942881357,True,0.3319378443810512,31.349576499188796,4.25,7.816927118272061,"[np.float64(-0.003550539069677359), np.float64(-0.006042251993046931), np.float64(-0.008070194506221338), np.float64(-0.0075586279728236), np.float64(-0.007420836709760257), np.float64(-0.005811178032318596), np.float64(-0.0015270767773158372), np.float64(-1.2835259639360584e-05), np.float64(0.0033076048005221104), np.float64(0.007553348587703107), np.float64(0.013916827599953685), np.float64(0.020224334828665994), np.float64(0.027031885922135863), np.float64(0.034685543738189044), np.float64(0.04175194461667679), np.float64(0.05288154643522378), np.float64(0.06256102337488681), np.float64(0.07380962757981172), np.float64(0.08499818776711811), np.float64(0.09666608183024122), np.float64(0.10951752939036673), np.float64(0.12485616625457713), np.float64(0.1386143503478888), np.float64(0.15134026341709414), np.float64(0.1665500883815517), np.float64(0.18306722641242315), np.float64(0.19881704145246687), np.float64(0.21438621530507077), np.float64(0.23189946204525658), np.float64(0.2508800096900014), np.float64(0.26855615879473366), np.float64(0.2909341874787733), np.float64(0.3106453091931921), np.float64(0.3319378443810512)]","[np.float64(1.0660242946860508), np.float64(2.134719290318228), np.float64(3.2053504958203503), np.float64(4.272699026646548), np.float64(5.340503056562137), np.float64(6.403413585719759), np.float64(7.454604971596588), np.float64(8.513095685368532), np.float64(9.561371617272371), np.float64(10.601338830955516), np.float64(11.624820625933756), np.float64(12.642359841034203), np.float64(13.650423623130317), np.float64(14.645985022080108), np.float64(15.63881491426668), np.float64(16.593002029389154), np.float64(17.54957976287687), np.float64(18.48432513376509), np.float64(19.410370948442896), np.float64(20.322986585476844), np.float64(21.2151912573907), np.float64(22.073384315612724), np.float64(22.936875123003553), np.float64(23.801489497267422), np.float64(24.631057261508673), np.float64(25.43685280185198), np.float64(26.241100881240353), np.float64(27.037987166468053), np.float64(27.803860813483674), np.float64(28.543562052188115), np.float64(29.28880047018859), np.float64(29.970408870267715), np.float64(30.673694778550303), np.float64(31.349576499188796)]",14465.604656762584,5.756309055615831,-469.433307422325,193.57884335517883
49,STATE_A_RIPENING,SEEDED,6.8,20.0,2513,0.125,120.0,300.0,60.0,100.0,0.04297652208515718,0.02626343016315161,0.4823964074707339,True,0.3265537036538505,30.51583804428745,4.125,7.390673763476894,"[np.float64(0.00023099815376179437), np.float64(-0.002190274009356063), np.float64(-0.0032334666187526996), np.float64(-0.003762610447878853), np.float64(-0.002332105950920187), np.float64(-0.000553178726466756), np.float64(0.002910028156586393), np.float64(0.006301704992376958), np.float64(0.010512815732503856), np.float64(0.01356864318898582), np.float64(0.01652870179077535), np.float64(0.02315321419801858), np.float64(0.030243155090022084), np.float64(0.03708282787233497), np.float64(0.04615987013398635), np.float64(0.057301114152727685), np.float64(0.06886939031456589), np.float64(0.07930034109048911), np.float64(0.09262824384512133), np.float64(0.10483669308917046), np.float64(0.11767725873013941), np.float64(0.1320672222519671), np.float64(0.1453855661396381), np.float64(0.16067290079369026), np.float64(0.1785817217862734), np.float64(0.1946094435426119), np.float64(0.21150491478358074), np.float64(0.2295998972201309), np.float64(0.2486991292011152), np.float64(0.26790796625442004), np.float64(0.2867380176064583), np.float64(0.30784700242478064), np.float64(0.3265537036538505)]","[np.float64(1.064936285202662), np.float64(2.132455165234485), np.float64(3.200356143517564), np.float64(4.268274603958299), np.float64(5.331516846183097), np.float64(6.3921239016006925), np.float64(7.444590825249379), np.float64(8.49375368319167), np.float64(9.535541842917478), np.float64(10.57906283168462), np.float64(11.620013753340297), np.float64(12.635274729965689), np.float64(13.64103311109284), np.float64(14.641821018434852), np.float64(15.619459822262254), np.float64(16.572743830542066), np.float64(17.512993277509374), np.float64(18.453346118277107), np.float64(19.359367730987703), np.float64(20.26537901962529), np.float64(21.156063757349756), np.float64(22.022182251752547), np.float64(22.888944321980475), np.float64(23.726304458893626), np.float64(24.526407382529772), np.float64(25.335772801869552), np.float64(26.126122189730744), np.float64(26.89365949604567), np.float64(27.640307682167954), np.float64(28.37599958626087), np.float64(29.106528258877315), np.float64(29.801991556237148), np.float64(30.51583804428745)]",14102.21503247123,5.611705146228106,-213.28418889269233,155.9554750919342
48,STATE_A_RIPENING,SEEDED,6.8,20.0,2513,0.125,120.0,300.0,60.0,100.0,0.052924791086350974,0.022284122562674095,0.48410076312184097,True,0.3360001594059094,31.259179309852048,4.25,7.933801698180543,"[np.float64(-0.004348637332336909), np.float64(-0.006144008379317672), np.float64(-0.00892763057805763), np.float64(-0.009951645449769845), np.float64(-0.008971371552191066), np.float64(-0.008243115259373433), np.float64(-0.0036859115219529024), np.float64(-0.00219364828224584), np.float64(0.0006588269267077835), np.float64(0.0073170681173644475), np.float64(0.011541979818041328), np.float64(0.017991922768889567), np.float64(0.023810190554469923), np.float64(0.03097151793913615), np.float64(0.04130590573338165), np.float64(0.05299700364775934), np.float64(0.06268856438247422), np.float64(0.07479887062737756), np.float64(0.08654690044288703), np.float64(0.09905558750606126), np.float64(0.11248822915328327), np.float64(0.12479096960203548), np.float64(0.13791126943408052), np.float64(0.15108887517441266), np.float64(0.16763433812237813), np.float64(0.1842170183947341), np.float64(0.20051469549951206), np.float64(0.2180284025478497), np.float64(0.23365089542430267), np.float64(0.2538061837609019), np.float64(0.27360883706788597), np.float64(0.2923058855299624), np.float64(0.31272553335351394), np.float64(0.3360001594059094)]","[np.float64(1.0649967032777157), np.float64(2.1319164230887226), np.float64(3.202362416419479), np.float64(4.272024137121199), np.float64(5.337388478139151), np.float64(6.4025141655494675), np.float64(7.452497068675055), np.float64(8.510768245865046), np.float64(9.560957853285545), np.float64(10.588118989356776), np.float64(11.622582544778362), np.float64(12.63894982130472), np.float64(13.653234137282887), np.float64(14.652327311296325), np.float64(15.620826292296938), np.float64(16.569458841930505), np.float64(17.524588438700963), np.float64(18.45061361074174), np.float64(19.370073647816284), np.float64(20.273189320734517), np.float64(21.157945401639626), np.float64(22.043912575967635), np.float64(22.912661884383034), np.float64(23.77161692253825), np.float64(24.586034637517823), np.float64(25.389819217611528), np.float64(26.186769981483916), np.float64(26.960704303744063), np.float64(27.746216352616905), np.float64(28.471343474223687), np.float64(29.190771379731896), np.float64(29.91363752541113), np.float64(30.607572241002178), np.float64(31.259179309852048)]",14920.59287233182,5.937362862050067,-301.7496054605581,228.41711342334747
50,STATE_B_DEFENSE,SEEDED,6.8,20.0,2513,0.125,690.0,720.0,210.0,325.16129032258067,0.3987266215678472,0.32988460007958614,0.594294464856061,True,0.3226384298198562,59.44289765780632,8.125,10.41249872755067,"[np.float64(-0.0015109587083041943), np.float64(-0.0009472983185224374), np.float64(-8.894959362625413e-05), np.float64(0.0017205574469167607), np.float64(0.0047123945261480496), np.float64(0.006476245952919871), np.float64(0.009061257092024513), np.float64(0.010260307048612971), np.float64(0.014734707047761735), np.float64(0.02100973742756179), np.float64(0.026280539399344514), np.float64(0.03102250905337832), np.float64(0.03891241992701704), np.float64(0.04688353709355873), np.float64(0.054004155528716985), np.float64(0.05975687783588112), np.float64(0.06593788337577734), np.float64(0.07242119428160385), np.float64(0.07961542027367012), np.float64(0.08504274975962592), np.float64(0.09426428133468633), np.float64(0.10026235039968073), np.float64(0.10754841470341459), np.float64(0.11367486784743333), np.float64(0.12062734604132505), np.float64(0.12875730891581968), np.float64(0.1357070200658661), np.float64(0.1397291430436393), np.float64(0.14447419805062728), np.float64(0.14876356149609923), np.float64(0.1524684918111063), np.float64(0.15757271506631357), np.float64(0.16312059379953744), np.float64(0.16780118806844554), np.float64(0.1743977270981575), np.float64(0.1812237100586802), np.float64(0.1852832984862745), np.float64(0.19130981609468203), np.float64(0.19540925725307023), np.float64(0.2024719003089011), np.float64(0.20818187822030107), np.float64(0.21185454861257905), np.float64(0.2172825957691562), np.float64(0.22265986151838218), np.float64(0.22760490495681285), np.float64(0.23249643033798492), np.float64(0.23578016536932844), np.float64(0.23826436610358617), np.float64(0.24429814986737414), np.float64(0.24796899229039726), np.float64(0.25415634216672744), np.float64(0.2603926067046838), np.float64(0.2654594797665589), np.float64(0.27077506797125167), np.float64(0.2757500269556783), np.float64(0.28087895815832414), np.float64(0.28738908381738326), np.float64(0.2898531602958699), np.float64(0.2967002849470795), np.float64(0.3008442654654787), np.float64(0.3073583038744799), np.float64(0.31028072769915105), np.float64(0.3156452187740939), np.float64(0.31770962876849407), np.float64(0.3226384298198562)]","[np.float64(1.0525325425108858), np.float64(2.104471167798103), np.float64(3.1553515626774202), np.float64(4.203333816663184), np.float64(5.24633849689997), np.float64(6.290087246650341), np.float64(7.329029298962), np.float64(8.371061367782884), np.float64(9.396658327735118), np.float64(10.408598147351988), np.float64(11.420018882355429), np.float64(12.429519967743918), np.float64(13.414085400494454), np.float64(14.390836341848434), np.float64(15.366582120520578), np.float64(16.34647235998866), np.float64(17.317697787132968), np.float64(18.28087565564899), np.float64(19.23207948200117), np.float64(20.193600247199257), np.float64(21.113749604117945), np.float64(22.058792652518157), np.float64(22.985484360977086), np.float64(23.918790552400992), np.float64(24.837997803500116), np.float64(25.738322837332678), np.float64(26.646353969203247), np.float64(27.58445376561391), np.float64(28.510325694419137), np.float64(29.438326161068435), np.float64(30.37066820305425), np.float64(31.281172361714955), np.float64(32.18168288063129), np.float64(33.09037161069786), np.float64(33.96781621475419), np.float64(34.83722926296544), np.float64(35.74356164513064), np.float64(36.61663409353258), np.float64(37.51573706741869), np.float64(38.364514519051184), np.float64(39.23059380314001), np.float64(40.12649492388983), np.float64(40.990190148213614), np.float64(41.85111497031855), np.float64(42.71598152397448), np.float64(43.5784902543155), np.float64(44.46665198479895), np.float64(45.36717465851661), np.float64(46.1999000572555), np.float64(47.07336999487053), np.float64(47.89625093557794), np.float64(48.714427594629136), np.float64(49.551742544263895), np.float64(50.38097880612331), np.float64(51.21380931457722), np.float64(52.04046459400649), np.float64(52.835658958675126), np.float64(53.711222988672006), np.float64(54.49283368000312), np.float64(55.328103079725835), np.float64(56.10992702534663), np.float64(56.966127374631775), np.float64(57.766803575332794), np.float64(58.637750058675884), np.float64(59.44289765780632)]",39591.27125954595,15.754584663567828,-148.23695279983804,24476.07322847843
52,STATE_B_DEFENSE,SEEDED,6.8,20.0,2513,0.125,690.0,720.0,210.0,325.16129032258067,0.3995224830879427,0.4413052128929566,0.6079164998649157,True,0.32749223221472756,59.27809776759252,8.125,10.50378898006287,"[np.float64(-0.0017980264496320166), np.float64(-0.0032472785994240626), np.float64(-0.0019185538005186246), np.float64(0.0016558408975626319), np.float64(0.0049365765598462915), np.float64(0.006294056257533009), np.float64(0.0116279774434468), np.float64(0.014245786649134734), np.float64(0.01866026317644244), np.float64(0.024499364582451267), np.float64(0.029173318816881785), np.float64(0.034780558006704314), np.float64(0.039916809080295636), np.float64(0.047506011557678876), np.float64(0.05337226498907026), np.float64(0.05822209877591375), np.float64(0.06650537311401601), np.float64(0.07312493800596145), np.float64(0.08026229164240209), np.float64(0.0865159639726009), np.float64(0.09337222536830626), np.float64(0.09915964765526565), np.float64(0.10604111647778748), np.float64(0.11472545651832511), np.float64(0.12197799358364854), np.float64(0.1304062396222551), np.float64(0.13562824025075543), np.float64(0.14271630916752062), np.float64(0.1495788294895559), np.float64(0.15471967373997), np.float64(0.15873924345631582), np.float64(0.16507091623013082), np.float64(0.17192854119550793), np.float64(0.17762395332486094), np.float64(0.18394944491357124), np.float64(0.18856555346182807), np.float64(0.19473147969639243), np.float64(0.19769904101108812), np.float64(0.20059900718214974), np.float64(0.20440467566812978), np.float64(0.21006087436056448), np.float64(0.21662783415258458), np.float64(0.2223123519692915), np.float64(0.2253296108034483), np.float64(0.2309714834132619), np.float64(0.2358757027127848), np.float64(0.23986564450443706), np.float64(0.2438582148923825), np.float64(0.2506279853141345), np.float64(0.2556574553605959), np.float64(0.26130895003537413), np.float64(0.2674433024991455), np.float64(0.27053738949538686), np.float64(0.2735442773052593), np.float64(0.27875044477913363), np.float64(0.28266328156385373), np.float64(0.2866550217442092), np.float64(0.29421066677001617), np.float64(0.2977623511478154), np.float64(0.3021616519070026), np.float64(0.3061839084776097), np.float64(0.31340008691705945), np.float64(0.31802229151983064), np.float64(0.3221445967642246), np.float64(0.32749223221472756)]","[np.float64(1.0516898541427233), np.float64(2.1049082821516047), np.float64(3.155260058252954), np.float64(4.199500368546501), np.float64(5.240799848879307), np.float64(6.284716518056574), np.float64(7.312813884420236), np.float64(8.346709089715599), np.float64(9.369679231295084), np.float64(10.381044425804465), np.float64(11.393189531098054), np.float64(12.395213515410674), np.float64(13.39494545698427), np.float64(14.372974993074616), np.float64(15.356675795560012), np.float64(16.342875250882344), np.float64(17.29674145452062), np.float64(18.257623948937002), np.float64(19.208165498419483), np.float64(20.160849893159636), np.float64(21.102415617263244), np.float64(22.049014802853712), np.float64(22.979421769808692), np.float64(23.884941311136572), np.float64(24.7996034015612), np.float64(25.695257322542158), np.float64(26.622115822863467), np.float64(27.52236275697187), np.float64(28.420094361915474), np.float64(29.334579584391367), np.float64(30.259777638711665), np.float64(31.150906846049885), np.float64(32.0302457354558), np.float64(32.92096052054017), np.float64(33.798572773663196), np.float64(34.696672536995735), np.float64(35.5683293584445), np.float64(36.48435240957907), np.float64(37.39921730975671), np.float64(38.297521726101515), np.float64(39.16310739689293), np.float64(40.0098858815881), np.float64(40.86714056758715), np.float64(41.76602157446036), np.float64(42.6172491936604), np.float64(43.4777770242764), np.float64(44.35141100260551), np.float64(45.22230495408354), np.float64(46.03932047888028), np.float64(46.88471828853826), np.float64(47.7151544225437), np.float64(48.5328694830288), np.float64(49.40592569669436), np.float64(50.27865273026668), np.float64(51.105387651979484), np.float64(51.955148690062046), np.float64(52.80082304980185), np.float64(53.5700932566505), np.float64(54.419095928513784), np.float64(55.247889957412625), np.float64(56.08213864526353), np.float64(56.844711339753104), np.float64(57.660189852645644), np.float64(58.48404371188449), np.float64(59.27809776759252)]",40814.83952699872,16.24148011420562,-150.1975638344884,24642.886829853058
54,STATE_B_DEFENSE,SEEDED,6.8,20.0,2513,0.125,690.0,720.0,210.0,325.16129032258067,0.40469558296856345,0.4639872662156785,0.6206992528293483,True,0.3265543721194344,60.03605265732731,8.25,10.675968573533616,"[np.float64(-0.0031558204601189353), np.float64(-0.00253992321311798), np.float64(-0.002013799338500459), np.float64(-9.634350936426287e-05), np.float64(0.0028766697977516084), np.float64(0.005308424713346302), np.float64(0.009159880763315932), np.float64(0.013655992351799514), np.float64(0.018239993782210005), np.float64(0.02273065817665345), np.float64(0.02802485414732238), np.float64(0.03169128168612556), np.float64(0.03754899992807402), np.float64(0.044662382059855815), np.float64(0.04983983244776288), np.float64(0.055859031382448826), np.float64(0.06263654419769801), np.float64(0.07019814294479791), np.float64(0.07796920480854977), np.float64(0.08310888974498126), np.float64(0.09099493911309255), np.float64(0.09793937975235849), np.float64(0.105336163671424), np.float64(0.11204924468673975), np.float64(0.12000149332587373), np.float64(0.12592889682172134), np.float64(0.1315962549050389), np.float64(0.13664810212595663), np.float64(0.1420926350402213), np.float64(0.14670597036840924), np.float64(0.15523451271088776), np.float64(0.16178505153029263), np.float64(0.16769744982575852), np.float64(0.1718601510963303), np.float64(0.17726112613710684), np.float64(0.18116493354403465), np.float64(0.18718274315463407), np.float64(0.19296882743019195), np.float64(0.19848307813971186), np.float64(0.2034165448843862), np.float64(0.20708679720782028), np.float64(0.2104346722366855), np.float64(0.21596694848681428), np.float64(0.2224042112992643), np.float64(0.2262767526928404), np.float64(0.23060595374075235), np.float64(0.23609068306578435), np.float64(0.24005811822181583), np.float64(0.24203617260214716), np.float64(0.2464151934886566), np.float64(0.24973678407201025), np.float64(0.25613513524450715), np.float64(0.2648079858973301), np.float64(0.27127872190355207), np.float64(0.27316884007346415), np.float64(0.28029575573074106), np.float64(0.28454196675783444), np.float64(0.28767644986251545), np.float64(0.29228342281870817), np.float64(0.2973806802705118), np.float64(0.30299042636277107), np.float64(0.3051234448984419), np.float64(0.3104329915701446), np.float64(0.31464891737828066), np.float64(0.32019441865044734), np.float64(0.3265543721194344)]","[np.float64(1.0493420661470905), np.float64(2.0980360996555505), np.float64(3.1462244994341657), np.float64(4.190941850583297), np.float64(5.230906558516453), np.float64(6.269491404860551), np.float64(7.300435589222552), np.float64(8.324830753202006), np.float64(9.344329753339416), np.float64(10.359769305583779), np.float64(11.36636504518886), np.float64(12.377618354571124), np.float64(13.371180953943131), np.float64(14.350623798108437), np.float64(15.33770773069111), np.float64(16.313522080210465), np.float64(17.27775334219383), np.float64(18.229347782371473), np.float64(19.172605924033622), np.float64(20.133749339524808), np.float64(21.063893422952184), np.float64(21.997038842825475), np.float64(22.919828749103225), np.float64(23.844046161829997), np.float64(24.74921507504624), np.float64(25.67134286990156), np.float64(26.59186120901447), np.float64(27.515394112747604), np.float64(28.4300782088541), np.float64(29.351205279608187), np.float64(30.217417029452967), np.float64(31.104112080932406), np.float64(31.99480709029889), np.float64(32.90574636008819), np.float64(33.79577145509238), np.float64(34.70387338411603), np.float64(35.57735509678682), np.float64(36.45018784508317), np.float64(37.32324329274405), np.float64(38.20170304141321), np.float64(39.09717055296089), np.float64(39.99533462462188), np.float64(40.85434879080567), np.float64(41.694232107503126), np.float64(42.57444430948003), np.float64(43.44392424223095), np.float64(44.28976882164938), np.float64(45.159688687032265), np.float64(46.06379129731626), np.float64(46.921226856006314), np.float64(47.796007616681706), np.float64(48.60891014382333), np.float64(49.37354290226761), np.float64(50.1769307672533), np.float64(51.06818358398073), np.float64(51.851771209504285), np.float64(52.6903919140318), np.float64(53.54949000143457), np.float64(54.37557305638716), np.float64(55.1884579193675), np.float64(55.98735421394078), np.float64(56.85865940462686), np.float64(57.65856934302638), np.float64(58.47978966173804), np.float64(59.26866327575618), np.float64(60.03605265732731)]",42096.51046337991,16.7514964040509,-141.6417666207999,25358.94853401184
51,STATE_B_DEFENSE,SEEDED,6.8,20.0,2513,0.125,690.0,720.0,210.0,325.16129032258067,0.4027059291683247,0.27337843215280544,0.6105952116716588,True,0.3285617851154615,61.000882791487356,8.375,10.782596337963794,"[np.float64(-0.0009291858299824634), np.float64(-0.00023612117592517465), np.float64(-0.0009975462121452582), np.float64(0.0012192347353848997), np.float64(0.0029240854849099675), np.float64(0.005660529044389084), np.float64(0.009308640482312145), np.float64(0.014172982758169191), np.float64(0.01867083107524953), np.float64(0.02245224255958349), np.float64(0.02815362364629721), np.float64(0.03331735865322558), np.float64(0.04186685423158746), np.float64(0.04795045655828756), np.float64(0.053154707237570195), np.float64(0.06093802334155883), np.float64(0.06851711808847384), np.float64(0.07412243591256164), np.float64(0.08200816386839241), np.float64(0.08971661802368056), np.float64(0.09495891288059921), np.float64(0.10192014031471569), np.float64(0.1084524458857783), np.float64(0.11279130656927241), np.float64(0.12059413662329646), np.float64(0.12595198352571607), np.float64(0.1321731061948575), np.float64(0.13750718299582418), np.float64(0.14397796412731598), np.float64(0.1513707245846612), np.float64(0.15627186357498646), np.float64(0.16075580198378117), np.float64(0.16652227243976428), np.float64(0.17158194929470078), np.float64(0.17732683515116923), np.float64(0.1813210417495695), np.float64(0.18534902451116225), np.float64(0.18962304426315996), np.float64(0.19508371233745728), np.float64(0.19983123710433673), np.float64(0.2042946204992764), np.float64(0.21090043555709617), np.float64(0.21431406340362733), np.float64(0.22114115057704034), np.float64(0.22443097896209235), np.float64(0.2291825489630563), np.float64(0.234062598905698), np.float64(0.24089306820739506), np.float64(0.24440475174634424), np.float64(0.250634253165494), np.float64(0.25438647225654054), np.float64(0.2586079021383664), np.float64(0.2630300766582794), np.float64(0.2695765204067277), np.float64(0.2715417150679289), np.float64(0.2772263423928509), np.float64(0.2812755514803989), np.float64(0.28711647801018453), np.float64(0.2911318885998175), np.float64(0.29460313100281094), np.float64(0.299576766346077), np.float64(0.3054019098332477), np.float64(0.31051157514615124), np.float64(0.31297921174011456), np.float64(0.3171669595905752), np.float64(0.3210982432439943), np.float64(0.3285617851154615)]","[np.float64(1.049914804016677), np.float64(2.0991016511547222), np.float64(3.1498521765743113), np.float64(4.195150972858793), np.float64(5.239479786678331), np.float64(6.2788158133888015), np.float64(7.312034635619917), np.float64(8.336546251731383), np.float64(9.357886417776706), np.float64(10.378406559351566), np.float64(11.384550171901797), np.float64(12.388438777841982), np.float64(13.365630077863868), np.float64(14.35191506506831), np.float64(15.33901131834253), np.float64(16.30148508133123), np.float64(17.258791207002623), np.float64(18.22627029392553), np.float64(19.168605860283737), np.float64(20.105987313794586), np.float64(21.060689177188703), np.float64(21.993776923567182), np.float64(22.925641586155162), np.float64(23.87572538699424), np.float64(24.783807732762682), np.float64(25.71376131368746), np.float64(26.62928725094536), np.float64(27.550732681449613), np.float64(28.45387137071347), np.float64(29.340388417060723), np.float64(30.254077176350382), np.float64(31.16963683355607), np.float64(32.06414159848877), np.float64(32.96436973226486), np.float64(33.851016793310215), np.float64(34.75927635364891), np.float64(35.66406118574009), np.float64(36.56209796013336), np.float64(37.43843091959925), np.float64(38.32234749313523), np.float64(39.2075476546477), np.float64(40.05412678364577), np.float64(40.950116220132415), np.float64(41.78514741659429), np.float64(42.67736082432582), np.float64(43.541344387080976), np.float64(44.39984543941261), np.float64(45.219551811764376), np.float64(46.09644623217467), np.float64(46.91989593214261), np.float64(47.78666150357548), np.float64(48.64187552505898), np.float64(49.49042903878814), np.float64(50.29403900981975), np.float64(51.18580981758641), np.float64(52.00035265091028), np.float64(52.845228669335135), np.float64(53.65018994325141), np.float64(54.4902629106562), np.float64(55.33948578286641), np.float64(56.154047010191164), np.float64(56.947119711587696), np.float64(57.75270286487443), np.float64(58.61425433460401), np.float64(59.43539290952194), np.float64(60.25992315094198), np.float64(61.000882791487356)]",41837.02639791679,16.648239712660878,-155.92170862061903,25004.867380023003
53,STATE_B_DEFENSE,SEEDED,6.8,20.0,2513,0.125,690.0,720.0,210.0,325.16129032258067,0.40469558296856345,0.23000397930760047,0.5527102472449286,True,0.3242893773184752,61.09327426854492,8.375,10.75138332491341,"[np.float64(-0.0027644516269348237), np.float64(-0.0012278354530768354), np.float64(-0.0007979762655096551), np.float64(-0.0005353247528511179), np.float64(0.001803249284524617), np.float64(0.0031872544824503956), np.float64(0.006042668599402926), np.float64(0.008776754364110396), np.float64(0.014860713056810837), np.float64(0.02016434884598375), np.float64(0.024935328574902375), np.float64(0.030388689753732916), np.float64(0.03657272160272617), np.float64(0.043426991494154715), np.float64(0.04804164287989543), np.float64(0.054839415188097415), np.float64(0.06246130423529185), np.float64(0.0712068879550425), np.float64(0.07867501129730627), np.float64(0.08663868405761402), np.float64(0.09146722319543998), np.float64(0.0965951991596607), np.float64(0.10145696756028622), np.float64(0.1091182515344818), np.float64(0.11442163501002382), np.float64(0.12177357035877504), np.float64(0.12967543562802578), np.float64(0.13456167346305417), np.float64(0.13997415334098973), np.float64(0.14517666716812996), np.float64(0.15027126329674032), np.float64(0.15668764961783804), np.float64(0.16322522057997185), np.float64(0.169981768318337), np.float64(0.1753671360719062), np.float64(0.1809658599303746), np.float64(0.1850744811081256), np.float64(0.18956326681417826), np.float64(0.1951512151484627), np.float64(0.20155974159284507), np.float64(0.2040165769724036), np.float64(0.20658958425319857), np.float64(0.2118718532977851), np.float64(0.2160334750305402), np.float64(0.22025957312215363), np.float64(0.22307494667452013), np.float64(0.227038798647658), np.float64(0.23288679332724974), np.float64(0.23680468133234944), np.float64(0.24141800236285105), np.float64(0.24440815997248194), np.float64(0.24998083569461707), np.float64(0.25373631638011374), np.float64(0.26184106583830496), np.float64(0.2673121270546647), np.float64(0.27119172495889393), np.float64(0.2779893240979013), np.float64(0.2850112035379784), np.float64(0.2909665913171908), np.float64(0.29704889133412055), np.float64(0.30036246074482875), np.float64(0.30529048861468183), np.float64(0.3090876525190307), np.float64(0.31238412044490205), np.float64(0.3162933299447926), np.float64(0.3202050877922027), np.float64(0.3242893773184752)]","[np.float64(1.0507784826019455), np.float64(2.0999397147625163), np.float64(3.1492319498040526), np.float64(4.198424167775353), np.float64(5.241901222846473), np.float64(6.285940908400881), np.float64(7.323182990150593), np.float64(8.358002573872039), np.float64(9.374526384808021), np.float64(10.389029402559398), np.float64(11.401303330542891), np.float64(12.404828121740083), np.float64(13.398417640422233), np.float64(14.381594814084618), np.float64(15.37489066322616), np.float64(16.346954529518307), np.float64(17.306227447984416), np.float64(18.249285831008194), np.float64(19.19633580743725), np.float64(20.13248857846728), np.float64(21.092302544067767), np.float64(22.04497229157906), np.float64(22.996096124719372), np.float64(23.912906308457494), np.float64(24.84993676248261), np.float64(25.759106387292096), np.float64(26.656122042413052), np.float64(27.583795451179256), np.float64(28.501029138254825), np.float64(29.416774811385604), np.float64(30.329943783766662), np.float64(31.221371408597868), np.float64(32.106434707459464), np.float64(32.98370340114108), np.float64(33.875937210538346), np.float64(34.76112920088584), np.float64(35.664730571611386), np.float64(36.55946828141983), np.float64(37.43374046043914), np.float64(38.29105687460134), np.float64(39.20826909121072), np.float64(40.12172076054222), np.float64(40.98737949145887), np.float64(41.86874640885055), np.float64(42.74609519988249), np.float64(43.64568793592465), np.float64(44.52241945570301), np.float64(45.361737778531705), np.float64(46.23337166490708), np.float64(47.08916955006486), np.float64(47.97321203933627), np.float64(48.804707348987826), np.float64(49.66870228704888), np.float64(50.443066245228344), np.float64(51.26617795755839), np.float64(52.11857645310195), np.float64(52.90799323212282), np.float64(53.68890952288932), np.float64(54.488462869056725), np.float64(55.28192069094883), np.float64(56.131632060098966), np.float64(56.94402343398242), np.float64(57.77849599830823), np.float64(58.621852330257724), np.float64(59.44934348239464), np.float64(60.27445345865585), np.float64(61.09327426854492)]",41373.02505353601,16.463599305028257,-136.37924576969817,24938.71006655693
56,STATE_B_DEFENSE,SEEDED,6.8,20.0,2513,0.125,690.0,720.0,210.0,325.16129032258067,0.39315559092717867,0.1408674890569041,0.5732363309998543,True,0.3236307711597644,60.33261188049756,8.25,10.368985626347133,"[np.float64(0.0013987872225640705), np.float64(0.0010696955797981132), np.float64(0.0031022804018265614), np.float64(0.003544116424721936), np.float64(0.006085592209348197), np.float64(0.010092256810805163), np.float64(0.013312387416242827), np.float64(0.016777810230668207), np.float64(0.019728968608516567), np.float64(0.025126070973739693), np.float64(0.03000954108970212), np.float64(0.035833332758837634), np.float64(0.042368179616365756), np.float64(0.05094889282698689), np.float64(0.05859170303957724), np.float64(0.06459573150817216), np.float64(0.06848194687467742), np.float64(0.07398926091364719), np.float64(0.08058296920133828), np.float64(0.0868098993818288), np.float64(0.09512451418115903), np.float64(0.10077108527044272), np.float64(0.10915229519544979), np.float64(0.1139007904365769), np.float64(0.12106484540187616), np.float64(0.12806985103214366), np.float64(0.13537713757982697), np.float64(0.14090062208127035), np.float64(0.14617074118102624), np.float64(0.15413889734697953), np.float64(0.16099695617780915), np.float64(0.1644239343928945), np.float64(0.16992373292241592), np.float64(0.17337388002792323), np.float64(0.17847284850381784), np.float64(0.18633702965317134), np.float64(0.19257066457147418), np.float64(0.19597846062556779), np.float64(0.1997977135327168), np.float64(0.2036143896852978), np.float64(0.2076207612106978), np.float64(0.21167978110489472), np.float64(0.21746257547862868), np.float64(0.21999470014113376), np.float64(0.22421255951951236), np.float64(0.23294813365151287), np.float64(0.2382443971677218), np.float64(0.24079946456715356), np.float64(0.24693001458736646), np.float64(0.25065669104056343), np.float64(0.25471051324942756), np.float64(0.25955780089606423), np.float64(0.2640986605919627), np.float64(0.2673529565045374), np.float64(0.27311262452744384), np.float64(0.2777208591371822), np.float64(0.2833694661538618), np.float64(0.2868113681297748), np.float64(0.2929007896488567), np.float64(0.29757865631623365), np.float64(0.3039279634678293), np.float64(0.30838781841023233), np.float64(0.31124921989632026), np.float64(0.31557597903947937), np.float64(0.32062156068065295), np.float64(0.3236307711597644)]","[np.float64(1.0509646011773714), np.float64(2.1022746680585636), np.float64(3.1502155047207925), np.float64(4.1993625957435965), np.float64(5.242569038451789), np.float64(6.278593242116896), np.float64(7.313377359151415), np.float64(8.343890113415119), np.float64(9.373283436864456), np.float64(10.387307286852103), np.float64(11.398919329601247), np.float64(12.400178124091903), np.float64(13.391351156284633), np.float64(14.362460788034813), np.float64(15.332699881461627), np.float64(16.308696143106648), np.float64(17.29644880901779), np.float64(18.266870694098074), np.float64(19.2227784494916), np.float64(20.17645307434912), np.float64(21.10469903329139), np.float64(22.052904313022637), np.float64(22.968036186071334), np.float64(23.915507676149694), np.float64(24.83226078203777), np.float64(25.745241534623116), np.float64(26.649269607464866), np.float64(27.569300154302404), np.float64(28.488196600994183), np.float64(29.368639917360156), np.float64(30.25782955185737), np.float64(31.18789298182004), np.float64(32.086827769131155), np.float64(33.01051711605219), np.float64(33.90782028297594), np.float64(34.760825087458464), np.float64(35.632909251932546), np.float64(36.54378577680716), np.float64(37.44572218322565), np.float64(38.34492781303662), np.float64(39.23830062102858), np.float64(40.12795046459403), np.float64(40.98569127550907), np.float64(41.89530180070141), np.float64(42.77359147548054), np.float64(43.568945289789745), np.float64(44.42079132985684), np.float64(45.31918149307363), np.float64(46.14946379867543), np.float64(47.02107650576833), np.float64(47.88395637146424), np.float64(48.72882187069485), np.float64(49.576630093946925), np.float64(50.44714437711315), np.float64(51.26499223665784), np.float64(52.102870847595305), np.float64(52.91644053020371), np.float64(53.77274016211401), np.float64(54.570889162392135), np.float64(55.395695908267946), np.float64(56.18167126938524), np.float64(57.00527725836623), np.float64(57.861481182944544), np.float64(58.68317801514193), np.float64(59.48613930252522), np.float64(60.33261188049756)]",39970.89579989736,15.90564894544264,-138.95118795707822,23927.827612400055
55,STATE_B_DEFENSE,SEEDED,6.8,20.0,2513,0.125,690.0,720.0,210.0,325.16129032258067,0.38559490648627137,0.41384799044966175,0.568723164965702,True,0.32632131845307655,61.226918355166035,8.375,10.703678459759955,"[np.float64(-0.002120021057148036), np.float64(-0.0034826356170692073), np.float64(-0.002588608472557614), np.float64(-0.00046589717052498774), np.float64(0.002345739446553886), np.float64(0.004240874514936655), np.float64(0.005417856098185877), np.float64(0.010001558737209424), np.float64(0.013133830435635), np.float64(0.019250196687238142), np.float64(0.02548859200848206), np.float64(0.031205439432678426), np.float64(0.036818686086128656), np.float64(0.043746730116581325), np.float64(0.05191295245753265), np.float64(0.06053255908156873), np.float64(0.06583196414615934), np.float64(0.07364440920593851), np.float64(0.08147887990836544), np.float64(0.08807176762485723), np.float64(0.09603364708897091), np.float64(0.10171145771962757), np.float64(0.10767294687802131), np.float64(0.11373841962516464), np.float64(0.12057158626140474), np.float64(0.12660535519420263), np.float64(0.1339346439666387), np.float64(0.1404912696663755), np.float64(0.14443515253701425), np.float64(0.1491088291229608), np.float64(0.15528850282097784), np.float64(0.1595920931051627), np.float64(0.16286205966611902), np.float64(0.1688697457803034), np.float64(0.17470875108031098), np.float64(0.18136707083602227), np.float64(0.18706470643101175), np.float64(0.19422327360321764), np.float64(0.19860804721604136), np.float64(0.20237003649540042), np.float64(0.20615298598448553), np.float64(0.21332346467228364), np.float64(0.21802895651637894), np.float64(0.22252488145247162), np.float64(0.22633377984101416), np.float64(0.23072030298922763), np.float64(0.23673970740167635), np.float64(0.24256640350873349), np.float64(0.24684701509061022), np.float64(0.2519659722922585), np.float64(0.25824880672467965), np.float64(0.2614873527587516), np.float64(0.2654887718844774), np.float64(0.2673880503242158), np.float64(0.27164626745427894), np.float64(0.27641017754572483), np.float64(0.27938567309055906), np.float64(0.28318138437126134), np.float64(0.28814890285904116), np.float64(0.2923736298296569), np.float64(0.29972099582905437), np.float64(0.3045042714963157), np.float64(0.3115542509184791), np.float64(0.3150204073470863), np.float64(0.3179909545775819), np.float64(0.3205302132155311), np.float64(0.32632131845307655)]","[np.float64(1.053544342029303), np.float64(2.1085287838537647), np.float64(3.161375377220829), np.float64(4.210688913951586), np.float64(5.255973945245859), np.float64(6.301214694047553), np.float64(7.347112954377705), np.float64(8.377625427283082), np.float64(9.410248115079815), np.float64(10.424412101856767), np.float64(11.431921724626855), np.float64(12.436570100283214), np.float64(13.436430750289297), np.float64(14.421898855712636), np.float64(15.391938924315046), np.float64(16.35121214633918), np.float64(17.32991868045334), np.float64(18.2824437265837), np.float64(19.22810802554513), np.float64(20.178700689819134), np.float64(21.110539150475716), np.float64(22.058740998893388), np.float64(22.999269131662874), np.float64(23.933797638453452), np.float64(24.85490910938389), np.float64(25.77979241792999), np.float64(26.68466320613794), np.float64(27.59332412873677), np.float64(28.52951423059668), np.float64(29.453210932454205), np.float64(30.35347665293213), np.float64(31.274424688653458), np.float64(32.20637259745271), np.float64(33.09693917745089), np.float64(33.98559799866421), np.float64(34.857966150959264), np.float64(35.740160737113335), np.float64(36.595931413457606), np.float64(37.49021975904969), np.float64(38.391306558326995), np.float64(39.28933085052911), np.float64(40.12850366547418), np.float64(41.004509649945945), np.float64(41.88087983312381), np.float64(42.766148717485216), np.float64(43.638531027224005), np.float64(44.478555989490175), np.float64(45.31827887299278), np.float64(46.18292853378981), np.float64(47.028996884093296), np.float64(47.849663305005244), np.float64(48.72522653672593), np.float64(49.58367304914167), np.float64(50.481346394575894), np.float64(51.33002818987296), np.float64(52.165679826100565), np.float64(53.035429203562316), np.float64(53.88599941002172), np.float64(54.70927396281249), np.float64(55.545538325997924), np.float64(56.31145401756921), np.float64(57.129564107557215), np.float64(57.8947780689782), np.float64(58.73618045143883), np.float64(59.58666999184026), np.float64(60.44518876384143), np.float64(61.226918355166035)]",39978.55398895563,15.90869637443519,-143.88659570831805,22846.936298966408
57,STATE_B_DEFENSE,SEEDED,6.8,20.0,2513,0.125,690.0,720.0,210.0,325.16129032258067,0.4042976522085157,0.240350179068842,0.6004729402235183,True,0.3247442168702881,60.11484819573533,8.25,10.682200538906502,"[np.float64(-0.0032557041934584484), np.float64(-0.0025828291758865545), np.float64(-0.001839397942452734), np.float64(0.0018411545289496124), np.float64(0.003968409509767545), np.float64(0.006515918462232479), np.float64(0.00940604982051887), np.float64(0.013466837020030426), np.float64(0.017220834662431062), np.float64(0.022144394822779634), np.float64(0.026350395788271197), np.float64(0.03270739320978385), np.float64(0.04029597310143873), np.float64(0.046269207250639814), np.float64(0.05351664488274927), np.float64(0.05889971420864088), np.float64(0.06510681928690519), np.float64(0.06971863699579052), np.float64(0.07698271994802151), np.float64(0.08422762188550095), np.float64(0.09187263419545325), np.float64(0.09768931471727431), np.float64(0.10397506514977398), np.float64(0.1116876389093091), np.float64(0.11841808274514838), np.float64(0.1239962557380747), np.float64(0.13140047995236495), np.float64(0.13719133934184008), np.float64(0.1420116731165733), np.float64(0.14796634828897293), np.float64(0.15407566997637487), np.float64(0.1591513514926065), np.float64(0.16550616826321773), np.float64(0.1725577792132989), np.float64(0.1780376568960587), np.float64(0.18103099598688457), np.float64(0.18475182007653895), np.float64(0.18897366645139843), np.float64(0.19352781038015804), np.float64(0.19698528226651857), np.float64(0.2025110896545514), np.float64(0.20795739940604124), np.float64(0.21039538179558687), np.float64(0.21512860117029542), np.float64(0.22131515377923872), np.float64(0.22665191617013383), np.float64(0.23167166902334854), np.float64(0.23607589209186508), np.float64(0.23959375924136805), np.float64(0.24392978599405882), np.float64(0.24931963797172016), np.float64(0.25370630330301297), np.float64(0.2564974459873432), np.float64(0.26362601959308574), np.float64(0.27015452361254316), np.float64(0.27434787142337796), np.float64(0.2785440828432209), np.float64(0.284012642028519), np.float64(0.28872118394078256), np.float64(0.2907976993517108), np.float64(0.29636612289448605), np.float64(0.3019460901686478), np.float64(0.30752100358196216), np.float64(0.31215753189783546), np.float64(0.31982183613037546), np.float64(0.3247442168702881)]","[np.float64(1.0500547791174766), np.float64(2.09940105345629), np.float64(3.147928634392635), np.float64(4.189521202442058), np.float64(5.231350465755198), np.float64(6.2696711433534125), np.float64(7.304137223002158), np.float64(8.330844942815311), np.float64(9.354890779900632), np.float64(10.369258698260747), np.float64(11.382789207951387), np.float64(12.379309992385918), np.float64(13.361915746136383), np.float64(14.348620494947578), np.float64(15.320551308561203), np.float64(16.300330213294213), np.float64(17.26856199670678), np.float64(18.244903023185373), np.float64(19.193451018920353), np.float64(20.136018308086886), np.float64(21.068670903236207), np.float64(22.013383411476124), np.float64(22.948380342822254), np.float64(23.862925683937235), np.float64(24.782308213655146), np.float64(25.709566333535722), np.float64(26.61089125241703), np.float64(27.52612609011984), np.float64(28.44897094323734), np.float64(29.353541847509508), np.float64(30.25160258824329), np.float64(31.159016466105076), np.float64(32.045015580755916), np.float64(32.916649739257906), np.float64(33.80588370186941), np.float64(34.72767338065119), np.float64(35.63623934496155), np.float64(36.53434402746609), np.float64(37.424169452151894), np.float64(38.328288023477185), np.float64(39.19612617220588), np.float64(40.061510167414056), np.float64(40.974028193987444), np.float64(41.845175170956296), np.float64(42.68767252434433), np.float64(43.54126037171069), np.float64(44.39706056489907), np.float64(45.260829038394036), np.float64(46.13815511903879), np.float64(46.99762440045521), np.float64(47.83405825627096), np.float64(48.68658064936631), np.float64(49.56771509733889), np.float64(50.360300767657684), np.float64(51.16090817742278), np.float64(52.00533082446396), np.float64(52.847060750187175), np.float64(53.65956887920125), np.float64(54.48492573196161), np.float64(55.36381316862639), np.float64(56.16552641331223), np.float64(56.96380931648628), np.float64(57.75905084132123), np.float64(58.572103415954466), np.float64(59.31431746529494), np.float64(60.11484819573533)]",41696.296069650954,16.592238786172285,-149.74339808616787,24955.743858098984
58,STATE_B_DEFENSE,SEEDED,6.8,20.0,2513,0.125,690.0,720.0,210.0,325.16129032258067,0.39753282928770395,0.2471150019896538,0.5765402385215797,True,0.32439349566282866,62.0078464026471,8.5,10.8142251899748,"[np.float64(-0.0034137936791612707), np.float64(-0.004728945147659437), np.float64(-0.0031781859170659597), np.float64(-2.4596543459908138e-05), np.float64(0.0017376081021942575), np.float64(0.003022467036686832), np.float64(0.005467765101537403), np.float64(0.0075978491083452905), np.float64(0.012875354831435573), np.float64(0.017006518726710388), np.float64(0.022876967279529373), np.float64(0.02783941279990587), np.float64(0.037103876521057566), np.float64(0.04360415478288446), np.float64(0.04949466592746654), np.float64(0.0555933391859138), np.float64(0.06391172908032519), np.float64(0.0719006441961923), np.float64(0.07879864405840865), np.float64(0.0867065651267317), np.float64(0.09102571729634086), np.float64(0.0965084449032761), np.float64(0.10257065344462041), np.float64(0.11074004100785517), np.float64(0.11599753753882376), np.float64(0.12178526399774918), np.float64(0.12789025475339902), np.float64(0.1350184150632576), np.float64(0.1420437147617375), np.float64(0.14542244537786309), np.float64(0.15029019802819082), np.float64(0.15458846377028387), np.float64(0.1601487149401801), np.float64(0.16562382494034783), np.float64(0.17220858897124405), np.float64(0.17562529721100126), np.float64(0.179933218952323), np.float64(0.18575079006288256), np.float64(0.18916911513373127), np.float64(0.1955972959970894), np.float64(0.20129928590954613), np.float64(0.2068059118925526), np.float64(0.21055049649512134), np.float64(0.21688245882550242), np.float64(0.22030164565007973), np.float64(0.22584057433688484), np.float64(0.23156210313681067), np.float64(0.23784189402821326), np.float64(0.24359320849369984), np.float64(0.24859678699246768), np.float64(0.2519937402609194), np.float64(0.2562329174120433), np.float64(0.2604494096436916), np.float64(0.2630668898040509), np.float64(0.26827100557616396), np.float64(0.2740350635354228), np.float64(0.27813374156669995), np.float64(0.28273236233152754), np.float64(0.2853791858144126), np.float64(0.2880942529441805), np.float64(0.29223019468526523), np.float64(0.295895959270774), np.float64(0.30170703643709684), np.float64(0.3066549020012742), np.float64(0.3106593067329175), np.float64(0.31583881750294557), np.float64(0.32172785182283614), np.float64(0.32439349566282866)]","[np.float64(1.051208391489319), np.float64(2.103805391484956), np.float64(3.1532524586679473), np.float64(4.197701837765499), np.float64(5.242510029121375), np.float64(6.286981390807472), np.float64(7.325887060559485), np.float64(8.363587909215559), np.float64(9.384491869890283), np.float64(10.40601354056897), np.float64(11.413720687012106), np.float64(12.421237553017095), np.float64(13.396103013043328), np.float64(14.38157302922324), np.float64(15.365524741152965), np.float64(16.34247830395193), np.float64(17.295868630795045), np.float64(18.24490028516478), np.float64(19.196836234015677), np.float64(20.133538303378746), np.float64(21.09832878469836), np.float64(22.047682461754956), np.float64(22.98639559165803), np.float64(23.897434652432693), np.float64(24.834455674605486), np.float64(25.76111981933777), np.float64(26.679433088888114), np.float64(27.580544284263237), np.float64(28.477567431514718), np.float64(29.416071002127687), np.float64(30.332222935672675), np.float64(31.25234618471037), np.float64(32.15165723274303), np.float64(33.04805952437923), np.float64(33.9243745693417), np.float64(34.84289999440906), np.float64(35.745326229843364), np.float64(36.621247992303005), np.float64(37.530906253422096), np.float64(38.389617434289114), np.float64(39.255860553652774), np.float64(40.12146946761874), np.float64(41.0131621909397), np.float64(41.857628199864976), np.float64(42.748922266114725), np.float64(43.6000603743271), np.float64(44.44428814961605), np.float64(45.274629379880565), np.float64(46.11085384452639), np.float64(46.95752007195434), np.float64(47.83164887673836), np.float64(48.68716805597261), np.float64(49.54038929424233), np.float64(50.42278617530336), np.float64(51.25106712480701), np.float64(52.064726538268744), np.float64(52.90941511627907), np.float64(53.74105930289562), np.float64(54.61131511845144), np.float64(55.478368906476376), np.float64(56.312673664232676), np.float64(57.154822013171454), np.float64(57.94689611214626), np.float64(58.75512816334702), np.float64(59.58194877568775), np.float64(60.37940701702642), np.float64(61.15754405884871), np.float64(62.0078464026471)]",41607.154401907595,16.556766574575246,-141.8950077504851,24216.456060767174
59,STATE_B_DEFENSE,SEEDED,6.8,20.0,2513,0.125,690.0,720.0,210.0,325.16129032258067,0.41146040588937527,0.36132113012335854,0.6022207744290129,True,0.32604121725985785,61.988275549974844,8.5,10.609193408139355,"[np.float64(-0.0016723358329137296), np.float64(-0.0019121976759335208), np.float64(-0.0007819076904459602), np.float64(-0.00031861589648607256), np.float64(0.001985512916162015), np.float64(0.00627802613756809), np.float64(0.008892078104247437), np.float64(0.012996885773392468), np.float64(0.017705316571563903), np.float64(0.023123915436040154), np.float64(0.030302271820913305), np.float64(0.03716524264915702), np.float64(0.04246663273855737), np.float64(0.05060964739166559), np.float64(0.057106787787814396), np.float64(0.0642756756370849), np.float64(0.07078972520059194), np.float64(0.07884995896898932), np.float64(0.08471606244059185), np.float64(0.09031475993762929), np.float64(0.09729439648169894), np.float64(0.10334568348552227), np.float64(0.10863029904045732), np.float64(0.11521516741003882), np.float64(0.12068961240228263), np.float64(0.12664385256993088), np.float64(0.13118389258175636), np.float64(0.13661277254169835), np.float64(0.14508474748258668), np.float64(0.15082247514326103), np.float64(0.15616327825399798), np.float64(0.160280841706026), np.float64(0.16562982011157049), np.float64(0.17319368254072462), np.float64(0.1779975641657471), np.float64(0.1831665392534107), np.float64(0.18903235515562894), np.float64(0.19599884449200639), np.float64(0.19887355478856045), np.float64(0.20424957030255655), np.float64(0.2086986089536803), np.float64(0.21308567629737477), np.float64(0.21860919703391513), np.float64(0.22331142154697584), np.float64(0.22834744005712818), np.float64(0.23163409019487596), np.float64(0.23762606796359775), np.float64(0.23941119701746102), np.float64(0.2439787054418508), np.float64(0.24865098723926304), np.float64(0.251195246871862), np.float64(0.2560392728394178), np.float64(0.26036419475932016), np.float64(0.2645572873967554), np.float64(0.26999088850195646), np.float64(0.27553843535949846), np.float64(0.28028686139682574), np.float64(0.2863605550685591), np.float64(0.28832988446307395), np.float64(0.2961327568343339), np.float64(0.29849964751454033), np.float64(0.30307701945560844), np.float64(0.30623536995573797), np.float64(0.3101880758064653), np.float64(0.31359458604078483), np.float64(0.31689169105659554), np.float64(0.3195333363709055), np.float64(0.32604121725985785)]","[np.float64(1.0506125903433177), np.float64(2.1014776501919155), np.float64(3.1504331174391353), np.float64(4.199604020452345), np.float64(5.243465767889636), np.float64(6.2787242445000055), np.float64(7.315682316034276), np.float64(8.343823059249381), np.float64(9.365061671856338), np.float64(10.378032722401088), np.float64(11.375998086523591), np.float64(12.369052212844483), np.float64(13.365691253155541), np.float64(14.337931372929987), np.float64(15.314787749485626), np.float64(16.280662311720132), np.float64(17.24550743515519), np.float64(18.19160989402186), np.float64(19.150261964530717), np.float64(20.106348410809282), np.float64(21.044415501519435), np.float64(21.985990428929217), np.float64(22.930504931945087), np.float64(23.85673804682021), np.float64(24.789997862505352), np.float64(25.713380485076332), np.float64(26.648717433681913), np.float64(27.56962882837031), np.float64(28.448432169209436), np.float64(29.35595688387851), np.float64(30.264343815566026), np.float64(31.185130914958417), np.float64(32.085792390006944), np.float64(32.951350073732854), np.float64(33.85127274839735), np.float64(34.74231192387751), np.float64(35.61919021073315), np.float64(36.47517384656826), np.float64(37.39013822704265), np.float64(38.263165411110464), np.float64(39.14749699753083), np.float64(40.029734250670664), np.float64(40.88983741579248), np.float64(41.7602716514904), np.float64(42.621728189614274), np.float64(43.51070648463301), np.float64(44.3488423388502), np.float64(45.25980553563419), np.float64(46.117819040362555), np.float64(46.970872324002784), np.float64(47.86155307350852), np.float64(48.70582322058029), np.float64(49.55722675002473), np.float64(50.408486652664116), np.float64(51.23202720148984), np.float64(52.04996072137909), np.float64(52.88108596509463), np.float64(53.68164185275662), np.float64(54.5654354143375), np.float64(55.32299215807367), np.float64(56.1937572286165), np.float64(57.01456307410715), np.float64(57.86407082990413), np.float64(58.69381064378254), np.float64(59.53355756894419), np.float64(60.37373729905313), np.float64(61.22711178346066), np.float64(61.988275549974844)]",41721.20605644064,16.602151236148284,-149.20296507887542,26192.638736367226
64,STATE_B_DEFENSE,SEEDED,6.8,20.0,2513,0.125,690.0,720.0,210.0,325.16129032258067,0.39594110624751294,0.3700756068444091,0.6120772762775433,True,0.32283553283448996,56.752825015803744,7.75,10.000656940917791,"[np.float64(0.0001954669096446816), np.float64(6.328819322606638e-05), np.float64(-0.0003037322107595559), np.float64(0.004624059645175048), np.float64(0.007985166993972097), np.float64(0.010619817917682399), np.float64(0.01189489837962954), np.float64(0.01573464719395172), np.float64(0.020133751088191758), np.float64(0.024943802286644598), np.float64(0.02975730267672123), np.float64(0.037444106609014365), np.float64(0.04526474023942094), np.float64(0.051503178106261635), np.float64(0.059225325921392936), np.float64(0.06702549730169159), np.float64(0.07309936392801535), np.float64(0.0778692426118416), np.float64(0.08519293732313304), np.float64(0.09240462529718188), np.float64(0.09892029517609106), np.float64(0.10643380080632536), np.float64(0.11375927241179262), np.float64(0.11929063131790572), np.float64(0.12514718611189912), np.float64(0.13150264166573872), np.float64(0.13942763568132885), np.float64(0.14560562676191594), np.float64(0.1518190264095304), np.float64(0.1564947632181076), np.float64(0.16168141011351791), np.float64(0.1685760492683535), np.float64(0.17413240129122207), np.float64(0.17800481354837125), np.float64(0.1830279177294058), np.float64(0.19005959268059866), np.float64(0.19434423730157174), np.float64(0.2002967962826648), np.float64(0.20315985014779483), np.float64(0.20841589871862556), np.float64(0.21298741917239486), np.float64(0.21897758364985317), np.float64(0.2236837851538244), np.float64(0.22808570767120487), np.float64(0.231788437332136), np.float64(0.2395164843761647), np.float64(0.24563598190402536), np.float64(0.250528881001266), np.float64(0.25684913340190696), np.float64(0.2609592783392331), np.float64(0.26654495504861037), np.float64(0.269952167170887), np.float64(0.27456726985444607), np.float64(0.27971378171388234), np.float64(0.2830806900605301), np.float64(0.28943354838632634), np.float64(0.29622100173804755), np.float64(0.3010542214178484), np.float64(0.3060992425354311), np.float64(0.31165564884369384), np.float64(0.31682996673889363), np.float64(0.32283553283448996)]","[np.float64(1.0527040168074357), np.float64(2.105547165277781), np.float64(3.158900454884568), np.float64(4.201524737927529), np.float64(5.243142420722013), np.float64(6.283564338209798), np.float64(7.32620484904675), np.float64(8.356964834154963), np.float64(9.381292396019196), np.float64(10.399170390905072), np.float64(11.412320662697924), np.float64(12.403596022924825), np.float64(13.386866209813695), np.float64(14.373795504814598), np.float64(15.344254815055992), np.float64(16.307271619943826), np.float64(17.27737158303646), np.float64(18.253165286791944), np.float64(19.202105111678318), np.float64(20.14591288054041), np.float64(21.09040495634014), np.float64(22.01956243115739), np.float64(22.94462112130285), np.float64(23.882980740482825), np.float64(24.813273385741397), np.float64(25.733228886488416), np.float64(26.629873957551567), np.float64(27.541601066409335), np.float64(28.448187050338408), np.float64(29.369607357092413), np.float64(30.280768645108726), np.float64(31.165220854156765), np.float64(32.06299774011151), np.float64(32.98026231285891), np.float64(33.87811739797423), np.float64(34.742964061883136), np.float64(35.64393851778579), np.float64(36.51640323711199), np.float64(37.43274386512829), np.float64(38.308971913358135), np.float64(39.19263198145578), np.float64(40.04978157031445), np.float64(40.92442384971771), np.float64(41.80103729549178), np.float64(42.68675812417036), np.float64(43.49911280375764), np.float64(44.33543832484051), np.float64(45.19007845262097), np.float64(46.01540259106579), np.float64(46.87790499809799), np.float64(47.70990946670996), np.float64(48.580097589565916), np.float64(49.424605292618956), np.float64(50.25578456371343), np.float64(51.11924441991693), np.float64(51.920308621245134), np.float64(52.708911768283656), np.float64(53.53391641622644), np.float64(54.35163886205004), np.float64(55.155656019756314), np.float64(55.964638845608995), np.float64(56.752825015803744)]",38407.443468113896,15.28350317075762,-162.53514726646245,24693.4150326252
60,STATE_B_DEFENSE,SEEDED,6.8,20.0,2513,0.125,690.0,720.0,210.0,325.16129032258067,0.3951452447274174,0.2554715479506566,0.5926474833493468,True,0.3227710938387559,61.21982924449201,8.375,10.635402631284325,"[np.float64(-0.0020392680214925346), np.float64(-0.0035829138551214364), np.float64(-0.0044978556114299), np.float64(-0.0008956070803269736), np.float64(0.002651856477829605), np.float64(0.007334173183331469), np.float64(0.01293345144334843), np.float64(0.01742201038637192), np.float64(0.020943069918091087), np.float64(0.026764134754191468), np.float64(0.02957418912129015), np.float64(0.03265433484101756), np.float64(0.03921323932662353), np.float64(0.04587447509471228), np.float64(0.0519280125983587), np.float64(0.05843986679008764), np.float64(0.06365520677682815), np.float64(0.07032398614646167), np.float64(0.07548837972658555), np.float64(0.0825776438172), np.float64(0.09093780770508145), np.float64(0.09706540670249587), np.float64(0.10079251540179242), np.float64(0.10685513575476298), np.float64(0.11380099520798713), np.float64(0.11978509695888932), np.float64(0.12404546339274947), np.float64(0.13124171128455564), np.float64(0.13834929590870795), np.float64(0.14497444723163702), np.float64(0.15201986605022852), np.float64(0.15694204610533224), np.float64(0.1618743449163874), np.float64(0.16762624412220248), np.float64(0.172466490020617), np.float64(0.17801753365840645), np.float64(0.18323691637567027), np.float64(0.1871877829292762), np.float64(0.19282157061794905), np.float64(0.19983972832506638), np.float64(0.20541195790412978), np.float64(0.2098251330082774), np.float64(0.21575092261611867), np.float64(0.21873071617261208), np.float64(0.22246488405885154), np.float64(0.22779075515599104), np.float64(0.23164572416218074), np.float64(0.23826581270810848), np.float64(0.24130909535335657), np.float64(0.24327941491471727), np.float64(0.2496533255299727), np.float64(0.2550650714109288), np.float64(0.2589073404884768), np.float64(0.26308484945097654), np.float64(0.2685081060492258), np.float64(0.27296533035499176), np.float64(0.27817024269841883), np.float64(0.28305326891827354), np.float64(0.28832726529923364), np.float64(0.2933003952167843), np.float64(0.2970659724002844), np.float64(0.30086762002331413), np.float64(0.3047229668449896), np.float64(0.3107829485369686), np.float64(0.3143546246784736), np.float64(0.3201259766791889), np.float64(0.3227710938387559)]","[np.float64(1.0519689774950773), np.float64(2.1055670309223298), np.float64(3.1598015945567215), np.float64(4.205466871788947), np.float64(5.2475257977914715), np.float64(6.2823789000814605), np.float64(7.30915618764891), np.float64(8.334874822915923), np.float64(9.360550827220454), np.float64(10.371087873690847), np.float64(11.392617620171452), np.float64(12.40976104199452), np.float64(13.401415612244444), np.float64(14.38626025979407), np.float64(15.369435191110737), np.float64(16.34355568426577), np.float64(17.322403287952216), np.float64(18.28413988114153), np.float64(19.253531459041366), np.float64(20.20040736777949), np.float64(21.129000693736188), np.float64(22.07323970404682), np.float64(23.03746885773681), np.float64(23.97317240097898), np.float64(24.89406774085352), np.float64(25.820560499938175), np.float64(26.762796063409056), np.float64(27.66559311825518), np.float64(28.56405662873111), np.float64(29.463410498513948), np.float64(30.35228341433991), np.float64(31.26466899694615), np.float64(32.17318215977728), np.float64(33.06637999176111), np.float64(33.9685871678111), np.float64(34.856701124314505), np.float64(35.745841696099134), np.float64(36.650807399674314), np.float64(37.5263672173566), np.float64(38.37585208265778), np.float64(39.244226006166826), np.float64(40.12801233959035), np.float64(40.98319484405133), np.float64(41.88499395815853), np.float64(42.77145029670205), np.float64(43.62699612949569), np.float64(44.50559538859915), np.float64(45.33085966337544), np.float64(46.21849189352338), np.float64(47.12434121474063), np.float64(47.94408786512923), np.float64(48.77866174084691), np.float64(49.640785589965134), np.float64(50.49369541883083), np.float64(51.31870932144506), np.float64(52.16021805752537), np.float64(52.983441430420996), np.float64(53.81028707017101), np.float64(54.62589577712461), np.float64(55.444848914311834), np.float64(56.287046525076754), np.float64(57.126129065185076), np.float64(57.96169202307825), np.float64(58.74545089362456), np.float64(59.58222771492953), np.float64(60.366487442620624), np.float64(61.21982924449201)]",40454.12448076507,16.097940501697202,-154.67604005802423,24270.81895697117
61,STATE_B_DEFENSE,SEEDED,6.8,20.0,2513,0.125,690.0,720.0,210.0,325.16129032258067,0.3979307600477517,0.34062873060087545,0.5874116531009786,True,0.3230807225502413,59.50054808100339,8.125,10.205049329899236,"[np.float64(-0.0005572900181131387), np.float64(-0.00040978954954914895), np.float64(0.0005267918645146118), np.float64(0.0037309446810232716), np.float64(0.007919002062576152), np.float64(0.010806123777636997), np.float64(0.012424492311533055), np.float64(0.015722142953966293), np.float64(0.021044135081594598), np.float64(0.02478303179971169), np.float64(0.03159425923131304), np.float64(0.037701151145445415), np.float64(0.045438460001352904), np.float64(0.05404147005475006), np.float64(0.05963209955192921), np.float64(0.06465252815188416), np.float64(0.0711400188786587), np.float64(0.07893903197787969), np.float64(0.08571558246731516), np.float64(0.0900274427699039), np.float64(0.09585977272166521), np.float64(0.10161669801545102), np.float64(0.10756731700586593), np.float64(0.11327552231144358), np.float64(0.1215841312231574), np.float64(0.1285042804181772), np.float64(0.13591083624304576), np.float64(0.14261930502101128), np.float64(0.14685590731824022), np.float64(0.1523676584761356), np.float64(0.15818280415435018), np.float64(0.16583142395473088), np.float64(0.17310935283778073), np.float64(0.17933981808618635), np.float64(0.1850659173035898), np.float64(0.18931977183536478), np.float64(0.19375799586826742), np.float64(0.197868836058537), np.float64(0.2017953769605096), np.float64(0.20481537010112275), np.float64(0.2105173357378477), np.float64(0.215767061609971), np.float64(0.22317947970330268), np.float64(0.22875059332494904), np.float64(0.23352436158821072), np.float64(0.2372912642831575), np.float64(0.2432499903884031), np.float64(0.24517578448326938), np.float64(0.24884656223461846), np.float64(0.2543044035115925), np.float64(0.26144080275404924), np.float64(0.2652941382160102), np.float64(0.2704428522780982), np.float64(0.27517461703177437), np.float64(0.2775140138935198), np.float64(0.2809087599678084), np.float64(0.28678028364260294), np.float64(0.2918254993305794), np.float64(0.29827733428791653), np.float64(0.3000352310775085), np.float64(0.3034199325481878), np.float64(0.3070927613101061), np.float64(0.31228027255376883), np.float64(0.3166596637580892), np.float64(0.3230807225502413)]","[np.float64(1.0532266222037192), np.float64(2.1062978235659493), np.float64(3.1579676285777487), np.float64(4.203897466545577), np.float64(5.243943071203846), np.float64(6.283738430723268), np.float64(7.325166472581536), np.float64(8.358018099544033), np.float64(9.378233299163494), np.float64(10.401232816103237), np.float64(11.4035220659247), np.float64(12.403546445574497), np.float64(13.387358583063056), np.float64(14.358198962628235), np.float64(15.343148432429663), np.float64(16.327391943145663), np.float64(17.295239450924544), np.float64(18.24630093032778), np.float64(19.199784133866032), np.float64(20.170286179689317), np.float64(21.122366926351383), np.float64(22.07029845531692), np.float64(23.011426963269635), np.float64(23.950285344920815), np.float64(24.855634903613545), np.float64(25.770480906150834), np.float64(26.674262657223906), np.float64(27.58087456085949), np.float64(28.513094297452323), np.float64(29.42567978212278), np.float64(30.33010529199061), np.float64(31.205624634959133), np.float64(32.08082082303312), np.float64(32.965541694465045), np.float64(33.853031927482796), np.float64(34.75793460312606), np.float64(35.65696360334605), np.float64(36.55777401179384), np.float64(37.45847762369236), np.float64(38.37077067890863), np.float64(39.237301396117935), np.float64(40.10743462942822), np.float64(40.93776632353321), np.float64(41.794736030991345), np.float64(42.66182488150079), np.float64(43.54343025170033), np.float64(44.383281216709214), np.float64(45.29254085250206), np.float64(46.16813371344842), np.float64(47.007733424623126), np.float64(47.81206697659624), np.float64(48.67527076355119), np.float64(49.51070186505053), np.float64(50.35118669295197), np.float64(51.23663901626571), np.float64(52.099038643270184), np.float64(52.908254891486216), np.float64(53.73123806030477), np.float64(54.521658035181), np.float64(55.408254610361574), np.float64(56.258537283139525), np.float64(57.10041506471896), np.float64(57.90659517720934), np.float64(58.72783473091827), np.float64(59.50054808100339)]",39528.697144334285,15.729684498342333,-158.50357630476356,24525.025312185287
63,STATE_B_DEFENSE,SEEDED,6.8,20.0,2513,0.125,690.0,720.0,210.0,325.16129032258067,0.40310385992837244,0.21130123358535616,0.61405864259386,True,0.32354719093383005,60.17788383477427,8.25,10.548701244799208,"[np.float64(-0.0018495298347671822), np.float64(-0.0014380954204552434), np.float64(-0.00035389943473819804), np.float64(-0.0014217385014459111), np.float64(-0.0004724896833913626), np.float64(0.002520813857889993), np.float64(0.004636729595030367), np.float64(0.010981052443651669), np.float64(0.0171579183611161), np.float64(0.022187949976281318), np.float64(0.028875843285904115), np.float64(0.03375303715453078), np.float64(0.037762069836315436), np.float64(0.044516462832798885), np.float64(0.0522737611452842), np.float64(0.05646263499303611), np.float64(0.06250808942321731), np.float64(0.07064235324869825), np.float64(0.07792777183542932), np.float64(0.08719496263064166), np.float64(0.09276868435277172), np.float64(0.09915360073300751), np.float64(0.10678189562426624), np.float64(0.11259142497713588), np.float64(0.11889240022068923), np.float64(0.12628554981482085), np.float64(0.130807722005274), np.float64(0.13792938198979832), np.float64(0.14122365558550046), np.float64(0.1471006742074317), np.float64(0.15185301758246988), np.float64(0.15778104601094453), np.float64(0.16598380375198896), np.float64(0.1703921503327228), np.float64(0.17640363900062045), np.float64(0.1809718124880322), np.float64(0.1872204542775497), np.float64(0.19287809458375907), np.float64(0.19976532541313125), np.float64(0.20455537285150702), np.float64(0.20887467491620376), np.float64(0.2126621679326141), np.float64(0.2163181520425136), np.float64(0.219841053526072), np.float64(0.22577238375201603), np.float64(0.2316932752524204), np.float64(0.2357926430260135), np.float64(0.23928868474684403), np.float64(0.24457814714699114), np.float64(0.24822443675755035), np.float64(0.2522746001220199), np.float64(0.2566371069334611), np.float64(0.2619981478982453), np.float64(0.26498730198881454), np.float64(0.27094047412997946), np.float64(0.27562960224218214), np.float64(0.28018611496482415), np.float64(0.2841973334335929), np.float64(0.2882816401248837), np.float64(0.2944148169808841), np.float64(0.29860332489197355), np.float64(0.30287029488138495), np.float64(0.30746244280024426), np.float64(0.3130922446545431), np.float64(0.31772916605448615), np.float64(0.32354719093383005)]","[np.float64(1.0499404884526005), np.float64(2.099448328559478), np.float64(3.1474642650718083), np.float64(4.198862267579122), np.float64(5.246084961734679), np.float64(6.285896744624511), np.float64(7.3258193569516346), np.float64(8.346053615002429), np.float64(9.360757804706386), np.float64(10.375219964086753), np.float64(11.375588964198702), np.float64(12.380424561958668), np.float64(13.38619499782089), np.float64(14.369216304427152), np.float64(15.338736251661569), np.float64(16.32885014166098), np.float64(17.299975582916527), np.float64(18.247903968441864), np.float64(19.196473855056524), np.float64(20.120509380603284), np.float64(21.072587493771646), np.float64(22.01183145530072), np.float64(22.932927822781583), np.float64(23.86745315948581), np.float64(24.791827307168454), np.float64(25.69873720377746), np.float64(26.633734909220713), np.float64(27.533604328962596), np.float64(28.47575886802521), np.float64(29.382123417065976), np.float64(30.29882962725046), np.float64(31.19603881250974), np.float64(32.05755325245047), np.float64(32.96673281279025), np.float64(33.84952323802752), np.float64(34.749249250459705), np.float64(35.62039493442556), np.float64(36.496251127374016), np.float64(37.34901436628676), np.float64(38.230440156316575), np.float64(39.116132482967366), np.float64(40.00756019787107), np.float64(40.89851628217625), np.float64(41.78916997788525), np.float64(42.635394801308806), np.float64(43.47796793840805), np.float64(44.349399792463146), np.float64(45.2290729894125), np.float64(46.07312666809957), np.float64(46.944677019097774), np.float64(47.80607423930449), np.float64(48.65876647836111), np.float64(49.489059701959036), np.float64(50.36320597108958), np.float64(51.17558026682623), np.float64(52.01018804152694), np.float64(52.84464574256624), np.float64(53.687700500127754), np.float64(54.52671000266056), np.float64(55.31936725561278), np.float64(56.15058317674001), np.float64(56.97755246773027), np.float64(57.79478195874774), np.float64(58.58616187567034), np.float64(59.39678916449008), np.float64(60.17788383477427)]",40476.82393855469,16.1069733141881,-151.88113766117021,24925.864095449448
66,STATE_B_DEFENSE,SEEDED,6.8,20.0,2513,0.125,690.0,720.0,210.0,325.16129032258067,0.403899721448468,0.2892956625547155,0.5827163756591945,True,0.32843396088271537,60.20945874181157,8.25,10.593543916536278,"[np.float64(-0.0012215555351293538), np.float64(-0.0028531714464358157), np.float64(-0.0030717920983985942), np.float64(-0.0013217274514181346), np.float64(0.0006035710927785007), np.float64(0.004684761086419038), np.float64(0.009539375751883543), np.float64(0.015379759722146422), np.float64(0.018650290131623927), np.float64(0.02424007584141263), np.float64(0.03048269792431962), np.float64(0.03669801995743852), np.float64(0.04271143139023942), np.float64(0.04898469973032539), np.float64(0.05831498528723258), np.float64(0.06444638946091584), np.float64(0.07018815010151168), np.float64(0.07474203836257118), np.float64(0.08203895261227621), np.float64(0.08774675975895464), np.float64(0.09378819498608415), np.float64(0.10146359459075607), np.float64(0.10810178214109983), np.float64(0.11369816342768999), np.float64(0.1210547703996273), np.float64(0.12886120994196687), np.float64(0.13676054437367202), np.float64(0.14203413651951596), np.float64(0.1485816546027638), np.float64(0.1533118906900406), np.float64(0.15806142979015753), np.float64(0.16495639547068935), np.float64(0.16863398282540742), np.float64(0.173618053269356), np.float64(0.17735048420678826), np.float64(0.18359470626989516), np.float64(0.18817954071064882), np.float64(0.19564490125198206), np.float64(0.20105478955284323), np.float64(0.20591063800602108), np.float64(0.2118948732132817), np.float64(0.21637420671350957), np.float64(0.22221484420078985), np.float64(0.2272627328734871), np.float64(0.2306615818645142), np.float64(0.23574886907769393), np.float64(0.24037646670487037), np.float64(0.2474630207689556), np.float64(0.25151814822289453), np.float64(0.257020778509021), np.float64(0.2626983847392462), np.float64(0.2666792151784), np.float64(0.2709983027876087), np.float64(0.2764377844977663), np.float64(0.2795954992823926), np.float64(0.28311651689837425), np.float64(0.2868785748645881), np.float64(0.290685980433043), np.float64(0.2979616964985536), np.float64(0.2980483026246858), np.float64(0.30319430224887495), np.float64(0.3089953962477961), np.float64(0.31109904456624704), np.float64(0.3150226601969579), np.float64(0.32226227139947794), np.float64(0.32843396088271537)]","[np.float64(1.0520979925062994), np.float64(2.1059168130090504), np.float64(3.159221562157777), np.float64(4.208603025041159), np.float64(5.255690138342067), np.float64(6.294005459038574), np.float64(7.32532978018673), np.float64(8.347693759885702), np.float64(9.37606749896135), np.float64(10.389386191564068), np.float64(11.393656063100122), np.float64(12.39212780680498), np.float64(13.386038115396888), np.float64(14.372563337746872), np.float64(15.33114385153313), np.float64(16.306053331686336), np.float64(17.278642729885526), np.float64(18.256232549479037), np.float64(19.20538093157382), np.float64(20.16307979807558), np.float64(21.112684178041018), np.float64(22.040852054698338), np.float64(22.973585534637305), np.float64(23.912129957803952), np.float64(24.826606772067834), np.float64(25.7302404858928), np.float64(26.626865274752603), np.float64(27.549217064164512), np.float64(28.45167456968464), np.float64(29.37234646031031), np.float64(30.289120818601415), np.float64(31.173525148501433), np.float64(32.09707497667516), np.float64(32.99941938679179), np.float64(33.916102050368515), np.float64(34.79299110959807), np.float64(35.69040378951191), np.float64(36.54039694842703), np.float64(37.41743127662645), np.float64(38.29950848752074), np.float64(39.15995237608152), np.float64(40.04114257649377), np.float64(40.89643493636782), np.float64(41.76136404821208), np.float64(42.65146613388721), np.float64(43.50943995881804), np.float64(44.37229292716075), np.float64(45.18748490053007), np.float64(46.05409755265484), np.float64(46.89100580590723), np.float64(47.721175835106735), np.float64(48.5803672791344), np.float64(49.430403618592536), np.float64(50.25562824290907), np.float64(51.12309167203291), np.float64(51.98113423702265), np.float64(52.83197460652617), np.float64(53.67950094489848), np.float64(54.45175048922723), np.float64(55.37281417762172), np.float64(56.18443541963884), np.float64(56.97881361130386), np.float64(57.851359779093976), np.float64(58.68189474478793), np.float64(59.43541861890863), np.float64(60.20945874181157)]",40424.49117690369,16.086148498568917,-147.01944272499532,24372.569718837738
65,STATE_B_DEFENSE,SEEDED,6.8,20.0,2513,0.125,690.0,720.0,210.0,325.16129032258067,0.4027059291683247,0.2594508555511341,0.6054300087863923,True,0.32396801889848437,61.06481705087993,8.375,10.6325334669862,"[np.float64(0.00011706315006230986), np.float64(-0.0016275094684602201), np.float64(0.00024509950572001565), np.float64(0.001172536800854654), np.float64(0.002483143981509544), np.float64(0.007090499246333208), np.float64(0.011577010172686942), np.float64(0.013678857602302887), np.float64(0.01921945126207228), np.float64(0.023251616334537772), np.float64(0.027669360623644963), np.float64(0.03486355825884045), np.float64(0.040018533166263935), np.float64(0.04655367828224602), np.float64(0.053658115398015495), np.float64(0.058674685906774604), np.float64(0.06511682846418454), np.float64(0.07066375700713226), np.float64(0.07696177038186958), np.float64(0.08286490333845974), np.float64(0.08897828360501588), np.float64(0.09707167394081044), np.float64(0.10331967169100241), np.float64(0.10968737814776332), np.float64(0.11309035376812251), np.float64(0.12100246662080416), np.float64(0.1277388811501527), np.float64(0.13442903573469514), np.float64(0.14132623360002178), np.float64(0.14529265446274725), np.float64(0.1508547273076667), np.float64(0.15524793500260511), np.float64(0.15998100627957598), np.float64(0.1661010238338966), np.float64(0.17247423008923068), np.float64(0.17760485011984153), np.float64(0.1838889120839284), np.float64(0.1879192250235105), np.float64(0.19410238674727204), np.float64(0.1984795836701911), np.float64(0.20285829746530454), np.float64(0.20913514870302546), np.float64(0.2134394422393649), np.float64(0.2172007961880449), np.float64(0.22346200004026787), np.float64(0.22737440091578828), np.float64(0.23379440898289006), np.float64(0.23704873668839183), np.float64(0.24585814936408176), np.float64(0.25063934866328136), np.float64(0.25444799546596325), np.float64(0.25952708408647973), np.float64(0.26241485783993324), np.float64(0.2663562781596283), np.float64(0.2692493881097922), np.float64(0.27434237017235336), np.float64(0.27937727136445795), np.float64(0.28414123354016246), np.float64(0.2908708786267326), np.float64(0.2944667369094594), np.float64(0.297666873212423), np.float64(0.3027773552253357), np.float64(0.3069656986421732), np.float64(0.3120177280071624), np.float64(0.31576309324675234), np.float64(0.32076973808718645), np.float64(0.32396801889848437)]","[np.float64(1.0486476464305043), np.float64(2.0991269173158007), np.float64(3.145741584663521), np.float64(4.192378955287245), np.float64(5.237046978773215), np.float64(6.27006446262047), np.float64(7.298835397145126), np.float64(8.332873667898982), np.float64(9.348967772126572), np.float64(10.367255104577382), np.float64(11.379442503803082), np.float64(12.37071221910861), np.float64(13.368350325135223), np.float64(14.351664932641699), np.float64(15.324856118641128), np.float64(16.307737915009298), np.float64(17.27449273046197), np.float64(18.243197474274258), np.float64(19.20031979726477), np.float64(20.155698882165122), np.float64(21.103995717565724), np.float64(22.02724512725495), np.float64(22.96318687726677), np.float64(23.892738147921634), np.float64(24.850195173770217), np.float64(25.75283639228887), np.float64(26.663336406389302), np.float64(27.569213038757457), np.float64(28.467419612978023), np.float64(29.398016003401334), np.float64(30.30445275027001), np.float64(31.22247904398112), np.float64(32.13242523839825), np.float64(33.019145775841125), np.float64(33.89779088579988), np.float64(34.79026307903273), np.float64(35.66163514535231), np.float64(36.56327981450479), np.float64(37.42819028282942), np.float64(38.31772146470551), np.float64(39.20411256129642), np.float64(40.05593487739715), np.float64(40.936848604921785), np.float64(41.824096459196824), np.float64(42.66505169661648), np.float64(43.5435974186401), np.float64(44.374294762806585), np.float64(45.25877941061282), np.float64(46.03803579738092), np.float64(46.887703805800726), np.float64(47.752800926256064), np.float64(48.59086084577004), np.float64(49.46862348887843), np.float64(50.32349677493701), np.float64(51.19696460678282), np.float64(52.02354832209053), np.float64(52.84824200187396), np.float64(53.67556230751177), np.float64(54.45849245462888), np.float64(55.30454297194819), np.float64(56.1569136043642), np.float64(56.96545805632619), np.float64(57.79143248711837), np.float64(58.595616407637394), np.float64(59.42641224451565), np.float64(60.226189404787945), np.float64(61.06481705087993)]",41403.79966906668,16.47584547117655,-147.3757173968479,25001.274542212486
62,STATE_B_DEFENSE,SEEDED,6.8,20.0,2513,0.125,690.0,720.0,210.0,325.16129032258067,0.3935535216872264,0.45403899721448465,0.6112897881319806,True,0.3241869736916978,62.05747704626706,8.5,10.77200588284935,"[np.float64(-0.0006153322454415629), np.float64(0.0005998807631275864), np.float64(0.0011642206976046241), np.float64(0.004230109786793945), np.float64(0.008495583409560515), np.float64(0.010350586285642496), np.float64(0.014336586894908337), np.float64(0.01885238038904006), np.float64(0.025022529356539976), np.float64(0.030427684181531463), np.float64(0.03466381922981932), np.float64(0.03858831424343404), np.float64(0.04261688956328927), np.float64(0.04969042546769447), np.float64(0.057079916128172266), np.float64(0.06147899396400871), np.float64(0.06838455816475465), np.float64(0.07462235329165873), np.float64(0.0804383825329731), np.float64(0.08918713015074588), np.float64(0.09790876225852385), np.float64(0.1027843954414011), np.float64(0.10817427195813681), np.float64(0.11312940499455906), np.float64(0.11594943953591962), np.float64(0.12341010962285774), np.float64(0.12770709319752444), np.float64(0.13332353286097243), np.float64(0.14048693999799755), np.float64(0.1438934979601199), np.float64(0.14829901338495632), np.float64(0.1523147836164195), np.float64(0.15775606988493915), np.float64(0.1646978542573351), np.float64(0.16779768562198819), np.float64(0.17221372943338184), np.float64(0.1788948430907858), np.float64(0.1824305677490707), np.float64(0.18943889480752152), np.float64(0.19485226504822634), np.float64(0.20106851482693358), np.float64(0.2058360543527843), np.float64(0.21043723319758312), np.float64(0.21596576212158958), np.float64(0.21879880825444192), np.float64(0.22269114551012054), np.float64(0.22834116146485878), np.float64(0.23286906762857779), np.float64(0.2375871041173894), np.float64(0.24141126326224324), np.float64(0.24551686930575436), np.float64(0.24959427274050647), np.float64(0.25522283255933365), np.float64(0.25751300745455263), np.float64(0.2621448715020267), np.float64(0.2671555306560344), np.float64(0.2713793687680429), np.float64(0.2766848555251882), np.float64(0.28000768461386544), np.float64(0.2833274806532837), np.float64(0.288088521178692), np.float64(0.29282372744901136), np.float64(0.29759543779504505), np.float64(0.3029786886968938), np.float64(0.30687374631792375), np.float64(0.3155071321089468), np.float64(0.3189443710459688), np.float64(0.3241869736916978)]","[np.float64(1.050493856953582), np.float64(2.0997115178419374), np.float64(3.1486794717949196), np.float64(4.191825837836973), np.float64(5.228689618071857), np.float64(6.268664973455215), np.float64(7.299058643335682), np.float64(8.323274408344083), np.float64(9.335458704867271), np.float64(10.345490807584104), np.float64(11.356719835474967), np.float64(12.365719430076103), np.float64(13.370290168707413), np.float64(14.35017760006829), np.float64(15.32135609798131), np.float64(16.308880061090786), np.float64(17.27209342650706), np.float64(18.23494376457868), np.float64(19.196120045164044), np.float64(20.125125782493452), np.float64(21.047282362555876), np.float64(22.00073718105776), np.float64(22.944767574143135), np.float64(23.8890166015795), np.float64(24.852930637048708), np.float64(25.76107857864368), np.float64(26.700873323909565), np.float64(27.621097839581346), np.float64(28.51758193141068), np.float64(29.456986606475066), np.float64(30.38043977634246), np.float64(31.305761316337275), np.float64(32.20811178457187), np.float64(33.085076078270916), np.float64(34.01293409040034), np.float64(34.91877158669394), np.float64(35.786897413958535), np.float64(36.69911832287315), np.float64(37.55375748497978), np.float64(38.42932391403227), np.float64(39.28799119507241), np.float64(40.16659489094389), np.float64(41.044708605322725), np.float64(41.9036507477134), np.float64(42.80616898381276), np.float64(43.68771258520719), np.float64(44.53466744035165), np.float64(45.39861642702407), np.float64(46.255997478681444), np.float64(47.127241713967145), np.float64(47.99049476352543), np.float64(48.85158835491722), np.float64(49.6792822451167), np.float64(50.570514844826064), np.float64(51.41240787179708), np.float64(52.24357929744229), np.float64(53.08809409593342), np.float64(53.907103656723194), np.float64(54.765313919411604), np.float64(55.62145707401547), np.float64(56.443877191308964), np.float64(57.264027639978465), np.float64(58.08055433897328), np.float64(58.88045752574715), np.float64(59.71128235262288), np.float64(60.43063952461497), np.float64(61.26626733143993), np.float64(62.05747704626706)]",41501.67089747263,16.514791443482938,-150.97466012649238,23936.409549593925
67,STATE_B_DEFENSE,SEEDED,6.8,20.0,2513,0.125,690.0,720.0,210.0,325.16129032258067,0.4027059291683247,0.46358933545563075,0.6481893863234969,True,0.32731225385838625,60.905181311650416,8.375,10.869116541987143,"[np.float64(-0.0005388925221240346), np.float64(-0.0010330473803192278), np.float64(-0.0025684792415362214), np.float64(-0.0012787986231782287), np.float64(-0.000347126921079603), np.float64(0.0028074801216346882), np.float64(0.005665070649083931), np.float64(0.008315777942526857), np.float64(0.014967740486174), np.float64(0.020410789448836304), np.float64(0.025235334794526526), np.float64(0.03298422856995939), np.float64(0.04091517257366408), np.float64(0.0457339068156445), np.float64(0.0524045930342415), np.float64(0.05876999869393862), np.float64(0.06285615882467703), np.float64(0.07071033562013448), np.float64(0.07870009131562386), np.float64(0.08573223565175186), np.float64(0.09131978292932665), np.float64(0.09828037035064127), np.float64(0.10563598483960748), np.float64(0.11173761950114015), np.float64(0.11878843949874972), np.float64(0.12353768895328261), np.float64(0.1296572057190285), np.float64(0.1355605129131914), np.float64(0.14008488804858146), np.float64(0.14512363729555194), np.float64(0.1480408068547941), np.float64(0.15335180618045224), np.float64(0.1591801113423788), np.float64(0.16679003096396938), np.float64(0.17241048492533784), np.float64(0.17897426161106805), np.float64(0.18445292382471443), np.float64(0.18824163818876988), np.float64(0.1935292097952563), np.float64(0.19747310613286465), np.float64(0.20125327966632778), np.float64(0.20759727352207816), np.float64(0.21058148789928688), np.float64(0.21602602036214666), np.float64(0.22367398017972734), np.float64(0.22729931960061628), np.float64(0.23312219421414407), np.float64(0.23668273104688176), np.float64(0.24173092207767344), np.float64(0.24306067126440842), np.float64(0.2470571162647644), np.float64(0.25240906162876353), np.float64(0.26137225056436125), np.float64(0.26549986383478263), np.float64(0.26769257490190834), np.float64(0.27439919477881763), np.float64(0.27991671757390735), np.float64(0.28283260270422317), np.float64(0.28872225611664865), np.float64(0.2936499168885596), np.float64(0.3011435390193054), np.float64(0.30597849471469263), np.float64(0.30933470299270543), np.float64(0.3142918794731611), np.float64(0.3165782110791984), np.float64(0.3219468904963638), np.float64(0.32731225385838625)]","[np.float64(1.0475699697615395), np.float64(2.0956580725673435), np.float64(3.145905698040559), np.float64(4.191831783430431), np.float64(5.237347430604807), np.float64(6.274923819192141), np.float64(7.3103361336286135), np.float64(8.34368106842333), np.float64(9.355831243695173), np.float64(10.367605624336743), np.float64(11.377501250541025), np.float64(12.365178504988853), np.float64(13.344480533196903), np.float64(14.337830120694393), np.float64(15.313197410555322), np.float64(16.284902359152976), np.float64(17.26941651743005), np.float64(18.218075487124814), np.float64(19.158840983442005), np.float64(20.101784790868965), np.float64(21.05277118932264), np.float64(21.985282968145683), np.float64(22.908029994693706), np.float64(23.838343883276714), np.float64(24.753237753919652), np.float64(25.688900400405128), np.float64(26.604580498159834), np.float64(27.518127581129523), np.float64(28.444309334481563), np.float64(29.360338253968077), np.float64(30.300445986555694), np.float64(31.205781832990496), np.float64(32.09995835376824), np.float64(32.96465627977559), np.float64(33.85276817195758), np.float64(34.722927087292916), np.float64(35.60482139329822), np.float64(36.50877010684551), np.float64(37.38643635931019), np.float64(38.281865823357144), np.float64(39.177124177427814), np.float64(40.02710847098078), np.float64(40.92959346276158), np.float64(41.787581065979516), np.float64(42.60353547059891), np.float64(43.48591119135165), np.float64(44.32622946533481), np.float64(45.20412621188741), np.float64(46.05198150221012), np.float64(46.96667666828866), np.float64(47.82918638712348), np.float64(48.662703473942145), np.float64(49.42198937055041), np.float64(50.27229340794553), np.float64(51.15895983686796), np.float64(51.95188051536266), np.float64(52.76549169848935), np.float64(53.63014717510898), np.float64(54.430000319913184), np.float64(55.24702002638104), np.float64(56.00582768777297), np.float64(56.818487194850064), np.float64(57.66087118205668), np.float64(58.46555158623582), np.float64(59.32749543476304), np.float64(60.11777814024771), np.float64(60.905181311650416)]",42434.8425802911,16.886129160481936,-150.57746681012213,25161.674980163574
68,STATE_B_DEFENSE,SEEDED,6.8,20.0,2513,0.125,690.0,720.0,210.0,325.16129032258067,0.40310385992837244,0.30043772383605255,0.5673463535412512,True,0.3264332083287276,61.96769933655185,8.5,10.946716426168969,"[np.float64(-0.0003355532431120233), np.float64(-0.00041352061184056884), np.float64(0.0004668283104936882), np.float64(0.0015737607156047664), np.float64(0.004352672056432195), np.float64(0.006783829197678108), np.float64(0.00949581967203549), np.float64(0.011558952090691648), np.float64(0.01616015864801062), np.float64(0.021640569127648925), np.float64(0.026845976867717804), np.float64(0.03500720682032019), np.float64(0.04006842441092799), np.float64(0.04542908185066825), np.float64(0.05238911084287546), np.float64(0.058978309340002234), np.float64(0.06592529821525478), np.float64(0.07137723827635366), np.float64(0.0787117692755222), np.float64(0.08400606254425985), np.float64(0.08860998801842412), np.float64(0.09420839102220871), np.float64(0.10195860573990766), np.float64(0.10891950420791753), np.float64(0.11379921139655413), np.float64(0.12139001483305294), np.float64(0.12631411044726262), np.float64(0.13126659841156849), np.float64(0.13666038318985715), np.float64(0.1419233792210588), np.float64(0.15019292626745792), np.float64(0.15596932946029737), np.float64(0.16123634626153893), np.float64(0.16584427466928528), np.float64(0.17095142181818332), np.float64(0.17448228157935738), np.float64(0.1781252714940648), np.float64(0.18578384600541148), np.float64(0.1907186507695429), np.float64(0.19814511759859146), np.float64(0.2006338837198337), np.float64(0.20627141181173142), np.float64(0.21078266460325912), np.float64(0.21515848073143454), np.float64(0.2181401066670307), np.float64(0.22131526767083112), np.float64(0.22658705754835698), np.float64(0.2314240249156986), np.float64(0.23637778968238637), np.float64(0.24465722947542382), np.float64(0.24940334500523176), np.float64(0.2556208870075896), np.float64(0.25777617506737527), np.float64(0.2616705323918253), np.float64(0.2684979128944004), np.float64(0.2737772624985043), np.float64(0.278667855278355), np.float64(0.2808145177099374), np.float64(0.2845518895530684), np.float64(0.28858201882317663), np.float64(0.292553323213925), np.float64(0.2943812130437799), np.float64(0.29852877346459733), np.float64(0.3062012822684953), np.float64(0.3091852178049871), np.float64(0.3166870714867812), np.float64(0.3212383607668874), np.float64(0.3264332083287276)]","[np.float64(1.0497165141654843), np.float64(2.0995149042269787), np.float64(3.147886468966166), np.float64(4.194861969174373), np.float64(5.236318293170336), np.float64(6.275990645658024), np.float64(7.3121472830576915), np.float64(8.348213377666225), np.float64(9.37045287164277), np.float64(10.383651117042703), np.float64(11.39302853474646), np.float64(12.379659852534472), np.float64(13.378627113130202), np.float64(14.370765410601397), np.float64(15.346248947898962), np.float64(16.31832593186967), np.float64(17.28162947416094), np.float64(18.251579324776795), np.float64(19.199947681764794), np.float64(20.161056792802626), np.float64(21.12429823642609), np.float64(22.073531126969623), np.float64(22.995578970339142), np.float64(23.919956391261277), np.float64(24.861979758797965), np.float64(25.76879784601137), np.float64(26.7013460065797), np.float64(27.629606645370615), np.float64(28.54840104497726), np.float64(29.46469333171025), np.float64(30.3372004103188), np.float64(31.23747888109928), np.float64(32.140511381885496), np.float64(33.04896002641491), np.float64(33.946715300048425), np.float64(34.864096822558345), np.float64(35.777100504292754), np.float64(36.62519829391322), np.float64(37.51104661635086), np.float64(38.35344973543398), np.float64(39.27152007943519), np.float64(40.1352456675402), np.float64(41.01422516391836), np.float64(41.89241221456506), np.float64(42.792045384521735), np.float64(43.68608148053815), np.float64(44.53975480694853), np.float64(45.39798521615071), np.float64(46.250841150623444), np.float64(47.03750464634114), np.float64(47.88704039936914), np.float64(48.704964461192326), np.float64(49.59904796951064), np.float64(50.456826603893546), np.float64(51.25272535698594), np.float64(52.0763375993876), np.float64(52.90480705301864), np.float64(53.78783025927292), np.float64(54.63555239492192), np.float64(55.47462432689433), np.float64(56.31249290602638), np.float64(57.195220939166596), np.float64(58.0248349320413), np.float64(58.77248773288748), np.float64(59.62274447863761), np.float64(60.36730707029858), np.float64(61.17632274262458), np.float64(61.96769933655185)]",42038.696150719996,16.728490310672502,-134.1383452201262,24865.985703468323
69,STATE_B_DEFENSE,SEEDED,6.8,20.0,2513,0.125,690.0,720.0,210.0,325.16129032258067,0.3911659371269399,0.4731396736967768,0.6145433779761579,True,0.3300734692573031,61.945994160786846,8.5,11.059348363158213,"[np.float64(-0.0004922170911961135), np.float64(-0.0016269262294569145), np.float64(-0.0010959286195529056), np.float64(0.00020737600764127273), np.float64(0.0018853498852818484), np.float64(0.00534820827247825), np.float64(0.008858540315328501), np.float64(0.01435076610786306), np.float64(0.01966267726732284), np.float64(0.02404348299844895), np.float64(0.029846682272289548), np.float64(0.035912137562569134), np.float64(0.04197448199853796), np.float64(0.04741967970723193), np.float64(0.05332851702499129), np.float64(0.060955692249951045), np.float64(0.0692459919137077), np.float64(0.07467608511256775), np.float64(0.08049920775081951), np.float64(0.08796513759078695), np.float64(0.09158966293944239), np.float64(0.09884867097951192), np.float64(0.1058557981353594), np.float64(0.11266324006947502), np.float64(0.12078679070432317), np.float64(0.12447379600633468), np.float64(0.1303878953592733), np.float64(0.13689017945466875), np.float64(0.14088622424802308), np.float64(0.1468326207959654), np.float64(0.1519363827774461), np.float64(0.15637463079842953), np.float64(0.16090376632899256), np.float64(0.16688312215421175), np.float64(0.173191971939509), np.float64(0.17663257036337612), np.float64(0.1822068952427069), np.float64(0.18582605064732835), np.float64(0.1911899577720872), np.float64(0.19554517052345555), np.float64(0.2008690437296744), np.float64(0.20642262882542353), np.float64(0.21279504479055902), np.float64(0.21849360311116003), np.float64(0.22327667092086004), np.float64(0.2279147287283571), np.float64(0.23460122605172024), np.float64(0.23757625470729687), np.float64(0.24269888415759455), np.float64(0.24767999345329664), np.float64(0.2517827883914113), np.float64(0.2544835852028154), np.float64(0.25701278503386826), np.float64(0.2618642355583372), np.float64(0.2663658735483385), np.float64(0.27010229630641286), np.float64(0.2762056139284872), np.float64(0.2801805500806905), np.float64(0.2844818644216226), np.float64(0.2904743443691092), np.float64(0.2934349149928361), np.float64(0.298402999183628), np.float64(0.3029195349215775), np.float64(0.3067514397536512), np.float64(0.31269298464231304), np.float64(0.3170329933305131), np.float64(0.32229902214705686), np.float64(0.3300734692573031)]","[np.float64(1.0508701106981748), np.float64(2.1029342572977376), np.float64(3.153562865862303), np.float64(4.202010127545784), np.float64(5.248112319408095), np.float64(6.286879352724824), np.float64(7.321920895475739), np.float64(8.345224725744023), np.float64(9.363891606850343), np.float64(10.382045572150002), np.float64(11.388028044235538), np.float64(12.386879567651672), np.float64(13.380025484843836), np.float64(14.371754861697829), np.float64(15.355058236995163), np.float64(16.319749526389888), np.float64(17.272382056769796), np.float64(18.24214244986831), np.float64(19.203637726767226), np.float64(20.144877740468708), np.float64(21.11697556919213), np.float64(22.049353850315537), np.float64(22.978449262006357), np.float64(23.904050716070607), np.float64(24.80964995082543), np.float64(25.75970043450599), np.float64(26.68038824108084), np.float64(27.5893141105428), np.float64(28.52456037385651), np.float64(29.431565667668472), np.float64(30.345170090012274), np.float64(31.263876796604237), np.float64(32.177919414389294), np.float64(33.06795727637035), np.float64(33.948894218977884), np.float64(34.86777202048154), np.float64(35.751733962080074), np.float64(36.66192233942485), np.float64(37.54189798384725), np.float64(38.434313347271086), np.float64(39.307747880641934), np.float64(40.173686205818875), np.float64(41.02200456130873), np.float64(41.87773454220467), np.float64(42.74568657058759), np.float64(43.612989536453064), np.float64(44.44026458049817), np.float64(45.331217485776534), np.float64(46.18014112423124), np.float64(47.02843521638491), np.float64(47.89032872448077), np.float64(48.776763725941706), np.float64(49.664738380313835), np.float64(50.50444163204926), np.float64(51.3481995351315), np.float64(52.20484447998111), np.float64(53.009860364950846), np.float64(53.85605169626328), np.float64(54.69279943026307), np.float64(55.49050700400684), np.float64(56.35074665444163), np.float64(57.164849497133105), np.float64(57.98609751826072), np.float64(58.820079922582906), np.float64(59.603793914330495), np.float64(60.42097625185149), np.float64(61.21418817550074), np.float64(61.945994160786846)]",42052.19961694065,16.733863755248965,-151.4473970476538,23832.493445396423
70,STATE_B_DEFENSE,SEEDED,6.8,20.0,2513,0.125,690.0,720.0,210.0,325.16129032258067,0.40151213688818144,0.3724631914046956,0.5661138065046257,True,0.326246715296036,61.184307068778125,8.375,10.759164079147117,"[np.float64(0.0003164376313982596), np.float64(-2.922759311593639e-05), np.float64(-7.724343220070087e-06), np.float64(-0.0002329845476027286), np.float64(0.004180389830849318), np.float64(0.006859793078768901), np.float64(0.01044593957364755), np.float64(0.015516517854005263), np.float64(0.018815209917587804), np.float64(0.02320414856793673), np.float64(0.02878560985224615), np.float64(0.03357040974080071), np.float64(0.040623965362808205), np.float64(0.04773728568946429), np.float64(0.055751434111646576), np.float64(0.06082126584284352), np.float64(0.06769527863083225), np.float64(0.0736121110715285), np.float64(0.08052667897902498), np.float64(0.08791257151987361), np.float64(0.09411643707078532), np.float64(0.10069753917928226), np.float64(0.10722742226631732), np.float64(0.11229018625854881), np.float64(0.11994819338179259), np.float64(0.12445056658641104), np.float64(0.12899030051869717), np.float64(0.13400730082510912), np.float64(0.13992640145708488), np.float64(0.1467957565289638), np.float64(0.1524067714182684), np.float64(0.15739418960013857), np.float64(0.1633192715155354), np.float64(0.1686947554318617), np.float64(0.17259766056798168), np.float64(0.1785441937096902), np.float64(0.18133401580556163), np.float64(0.18594521697078814), np.float64(0.19045262990863254), np.float64(0.19775215048336442), np.float64(0.2021640140407977), np.float64(0.20808303947213241), np.float64(0.2120610587987376), np.float64(0.2176877799252562), np.float64(0.22324905877662396), np.float64(0.2295585674490277), np.float64(0.23507612351892537), np.float64(0.24007363381448643), np.float64(0.24530749180325725), np.float64(0.2504193285473547), np.float64(0.2535629994711214), np.float64(0.25653143598621103), np.float64(0.2588240138284357), np.float64(0.26381612101657526), np.float64(0.27082364121990843), np.float64(0.2758140060561243), np.float64(0.2786498223119746), np.float64(0.28460253754211357), np.float64(0.2892734096975209), np.float64(0.29360791099840605), np.float64(0.2992407165864722), np.float64(0.30312145659339307), np.float64(0.30766313417549956), np.float64(0.3102599042210469), np.float64(0.3135830763738257), np.float64(0.3192866759432673), np.float64(0.326246715296036)]","[np.float64(1.0514986056925548), np.float64(2.103360657104443), np.float64(3.155007063394904), np.float64(4.2071499666058365), np.float64(5.247368213384318), np.float64(6.288457859514141), np.float64(7.323503649585895), np.float64(8.348796876121586), np.float64(9.377178935487121), np.float64(10.396717840054672), np.float64(11.405324561799645), np.float64(12.413339010354143), np.float64(13.402130561183402), np.float64(14.383985607038824), np.float64(15.352808146257189), np.float64(16.337149296488764), np.float64(17.302253236204475), np.float64(18.26948091005371), np.float64(19.222649958741357), np.float64(20.165565335426436), np.float64(21.113728237252953), np.float64(22.052919232124804), np.float64(22.98723963427432), np.float64(23.932032988491436), np.float64(24.84382410353999), np.float64(25.785797513969865), np.float64(26.723667686803278), np.float64(27.652061230473713), np.float64(28.56518200652092), np.float64(29.461551910690307), np.float64(30.369398962038844), np.float64(31.28143972919317), np.float64(32.17672822804748), np.float64(33.0754508924931), np.float64(33.99154748024297), np.float64(34.87441797305899), np.float64(35.8008034424074), np.float64(36.69684153403833), np.float64(37.59117938398073), np.float64(38.4373922356031), np.float64(39.32596594449183), np.float64(40.18632577851394), np.float64(41.07557107945937), np.float64(41.933595970870975), np.float64(42.789033059646385), np.float64(43.6275299542302), np.float64(44.47627417183156), np.float64(45.33095873528403), np.float64(46.17800680889398), np.float64(47.024000034471314), np.float64(47.904299895039514), np.float64(48.78587158895255), np.float64(49.67876191345111), np.float64(50.51603066720303), np.float64(51.3094607799343), np.float64(52.14008658637204), np.float64(53.012275732039434), np.float64(53.81718897838369), np.float64(54.64581438107585), np.float64(55.478833729963185), np.float64(56.28108064386156), np.float64(57.118480486756724), np.float64(57.93886898674229), np.float64(58.80017954804561), np.float64(59.643344455048826), np.float64(60.429882694829075), np.float64(61.184307068778125)]",41119.47095718588,16.362702330754427,-136.16406764881685,24431.512375235558
72,STATE_B_DEFENSE,SEEDED,6.8,20.0,2513,0.125,690.0,720.0,210.0,325.16129032258067,0.39992041384799043,0.3235177079188221,0.56632044040502,True,0.3236305131265409,62.02647189172569,8.5,10.743754968530336,"[np.float64(-0.0013444116388687231), np.float64(-0.0031007083211126774), np.float64(-0.002010737176692232), np.float64(-0.0024266265987405835), np.float64(-0.00031851366986129917), np.float64(0.0029693873127986724), np.float64(0.006632356150575368), np.float64(0.011386216516071258), np.float64(0.01687684817837827), np.float64(0.02184054107600339), np.float64(0.02711062678257767), np.float64(0.03405301298409956), np.float64(0.039977816112176795), np.float64(0.043465438128055804), np.float64(0.05095732328982868), np.float64(0.058656259587846794), np.float64(0.06597432319075415), np.float64(0.07252988628215461), np.float64(0.07776603607394432), np.float64(0.0836991502075368), np.float64(0.08932401409417434), np.float64(0.09496115566125204), np.float64(0.10107027216172855), np.float64(0.10797392540895213), np.float64(0.11471000955512602), np.float64(0.12050198365291576), np.float64(0.12614010151382124), np.float64(0.1335228233592914), np.float64(0.14143679696068925), np.float64(0.14644007513440005), np.float64(0.15181071023674877), np.float64(0.15618562386546825), np.float64(0.16072509554842507), np.float64(0.16661271988782467), np.float64(0.17318160342220634), np.float64(0.17880613760882416), np.float64(0.18271746845580006), np.float64(0.18454874824010897), np.float64(0.19030731546478544), np.float64(0.19459229317039137), np.float64(0.20027329357658866), np.float64(0.20707068915909496), np.float64(0.21107715470725702), np.float64(0.2179608116789223), np.float64(0.2224697657398182), np.float64(0.22656604263778338), np.float64(0.23233026616994137), np.float64(0.23604947928568223), np.float64(0.24219267994457358), np.float64(0.24706752911743057), np.float64(0.2521829888844965), np.float64(0.2562337909819037), np.float64(0.25972182449524994), np.float64(0.26615448747514636), np.float64(0.2700699733777255), np.float64(0.2718005611249925), np.float64(0.2752933274767311), np.float64(0.27932057136821203), np.float64(0.2859618924508091), np.float64(0.28873980554750805), np.float64(0.2902544180719326), np.float64(0.2968510458981088), np.float64(0.3022338180931936), np.float64(0.3074707491944458), np.float64(0.3101880517742966), np.float64(0.31458818912060016), np.float64(0.3191674254367119), np.float64(0.3236305131265409)]","[np.float64(1.0501314930367547), np.float64(2.1021122509545167), np.float64(3.1514460124786687), np.float64(4.202803819542209), np.float64(5.24796259607378), np.float64(6.287224423743636), np.float64(7.321737398558842), np.float64(8.3480111984138), np.float64(9.366123519930175), np.float64(10.38149709422895), np.float64(11.390312127639286), np.float64(12.384012883776276), np.float64(13.37774353736639), np.float64(14.382704328239958), np.float64(15.355015881497046), np.float64(16.319019038499345), np.float64(17.27933803647347), np.float64(18.239769890027738), np.float64(19.206264502679254), np.float64(20.16170149845467), np.float64(21.115059383788058), np.float64(22.063523816259632), np.float64(23.00233206464205), np.float64(23.927538462406556), np.float64(24.849096894052312), np.float64(25.776181695683835), np.float64(26.70048213362786), np.float64(27.59907000962544), np.float64(28.485484768637168), np.float64(29.40337119363396), np.float64(30.31256511505183), np.float64(31.231133525682978), np.float64(32.14406547733389), np.float64(33.03445259839875), np.float64(33.910717082045686), np.float64(34.796283284242556), np.float64(35.703662597038985), np.float64(36.64027114367304), np.float64(37.51341546747543), np.float64(38.40623087758408), np.float64(39.27311384431807), np.float64(40.117558038015666), np.float64(41.00474363171132), np.float64(41.839604473411306), np.float64(42.71151748522707), np.float64(43.587696115823164), np.float64(44.4309758392883), np.float64(45.30799674990948), np.float64(46.13740335616223), np.float64(46.98687586908098), np.float64(47.828617499180076), np.float64(48.68774488105008), np.float64(49.55529823332507), np.float64(50.36188324466837), np.float64(51.21538201413102), np.float64(52.11107978210663), np.float64(52.968949908050305), np.float64(53.8133282545668), np.float64(54.5996065802071), np.float64(55.4651485216034), np.float64(56.35646046248953), np.float64(57.13446860905294), np.float64(57.93588107772878), np.float64(58.73751034136028), np.float64(59.593389927305616), np.float64(60.40885774070913), np.float64(61.21761344197225), np.float64(62.02647189172569)]",41176.74117275755,16.385491911164962,-140.0538620641455,24027.96252119541
73,STATE_B_DEFENSE,SEEDED,6.8,20.0,2513,0.125,690.0,720.0,210.0,325.16129032258067,0.40509351372861124,0.403899721448468,0.6015108355727861,True,0.32368678250459676,60.20132257229127,8.25,10.499481314565243,"[np.float64(-0.0009389811303314231), np.float64(-0.0020556552437439903), np.float64(-0.0019373528976907018), np.float64(-0.0001669818094493428), np.float64(0.003222964663519432), np.float64(0.009525276614948444), np.float64(0.012756809830739168), np.float64(0.01440523081746731), np.float64(0.019345268372657487), np.float64(0.024304009342698763), np.float64(0.03251056969157875), np.float64(0.03766514545703441), np.float64(0.04213898136503728), np.float64(0.04917433639536328), np.float64(0.05582947751151671), np.float64(0.06160124047138167), np.float64(0.06869594126392477), np.float64(0.07455342069890883), np.float64(0.08165011364157243), np.float64(0.08783902114117675), np.float64(0.09425192015180298), np.float64(0.09989976548920862), np.float64(0.1037610252221746), np.float64(0.10981395019247296), np.float64(0.11666876239991429), np.float64(0.12306530595347685), np.float64(0.1303638532267412), np.float64(0.13761379149870911), np.float64(0.14452609991132703), np.float64(0.14961935228231654), np.float64(0.15504143121117442), np.float64(0.15840922730036971), np.float64(0.16785851170054134), np.float64(0.17346808460527138), np.float64(0.17791396786441294), np.float64(0.1823529725670397), np.float64(0.18686553239296771), np.float64(0.19083380664907618), np.float64(0.1945851388100417), np.float64(0.1991301434954577), np.float64(0.20377375694727132), np.float64(0.206963977513521), np.float64(0.21214276881921965), np.float64(0.21699111846081676), np.float64(0.22130747076040125), np.float64(0.22752782788785028), np.float64(0.2348378940326877), np.float64(0.2393419867611525), np.float64(0.2433826521278659), np.float64(0.2490462953282773), np.float64(0.25454886198431076), np.float64(0.26075231082098416), np.float64(0.26397485605138993), np.float64(0.26475304451354237), np.float64(0.26878792750492914), np.float64(0.276370314109819), np.float64(0.2821391374439774), np.float64(0.28913466835805207), np.float64(0.29456842051282217), np.float64(0.29792994426123515), np.float64(0.30189846089849565), np.float64(0.3036749580816659), np.float64(0.30731892414459405), np.float64(0.31225960142348685), np.float64(0.3181174571770726), np.float64(0.32368678250459676)]","[np.float64(1.0499260373006944), np.float64(2.1010265864245645), np.float64(3.151353094963868), np.float64(4.198082480996014), np.float64(5.238729626812905), np.float64(6.2668220778908115), np.float64(7.299618564601755), np.float64(8.335640192172212), np.float64(9.354844369521517), np.float64(10.36908123081324), np.float64(11.360570604501595), np.float64(12.362529600027633), np.float64(13.363962392845277), np.float64(14.343624894052983), np.float64(15.319658373626147), np.float64(16.296486719074), np.float64(17.25744724391066), np.float64(18.222720442353054), np.float64(19.171889353163454), np.float64(20.12344783186524), np.float64(21.06761382865314), np.float64(22.014095144050934), np.float64(22.974444625235382), np.float64(23.90786886176217), np.float64(24.82747412973322), np.float64(25.746936118127557), np.float64(26.650744553825167), np.float64(27.549601431881094), np.float64(28.44722190541469), np.float64(29.362899238487916), np.float64(30.27036276072318), np.float64(31.201371700559402), np.float64(32.04597855692952), np.float64(32.938057920568426), np.float64(33.84277538480968), np.float64(34.74430589941533), np.float64(35.641475780420784), np.float64(36.54371809265842), np.float64(37.446459853979704), np.float64(38.333771008819525), np.float64(39.2162564718193), np.float64(40.11962353874856), np.float64(40.98701409762277), np.float64(41.85657468430449), np.float64(42.73214761659649), np.float64(43.570934188030506), np.float64(44.38616229420941), np.float64(45.24810221832261), np.float64(46.11565603318985), np.float64(46.94998410675492), np.float64(47.783845632808216), np.float64(48.600772266903356), np.float64(49.47221613887575), np.float64(50.39014477436104), np.float64(51.241623801914855), np.float64(52.01808891359576), np.float64(52.827734934709746), np.float64(53.60848853145343), np.float64(54.41820600091075), np.float64(55.2688384520196), np.float64(56.104279733804006), np.float64(56.98515591437404), np.float64(57.82351504748556), np.float64(58.63066330473294), np.float64(59.41430396496945), np.float64(60.20132257229127)]",41111.47495016272,16.359520473602355,-143.00374249601737,25632.739770293236
71,STATE_B_DEFENSE,SEEDED,6.8,20.0,2513,0.125,690.0,720.0,210.0,325.16129032258067,0.40230799840827697,0.2546756864305611,0.5610892880947008,True,0.32402940019097315,62.890425393919145,8.625,11.055744449222962,"[np.float64(-0.0019429313802130587), np.float64(-0.0028669885153242004), np.float64(-0.0026239011412225507), np.float64(-0.000728587302029892), np.float64(0.0031909378263314434), np.float64(0.00469129061665194), np.float64(0.00822395917676849), np.float64(0.014172454928604894), np.float64(0.017189197639933207), np.float64(0.022771853822851018), np.float64(0.026556814949932048), np.float64(0.03166430459569694), np.float64(0.036357963390675214), np.float64(0.042423623952937806), np.float64(0.04937046242673172), np.float64(0.05590976474455278), np.float64(0.06438175228138043), np.float64(0.06881160053397169), np.float64(0.07549234617726897), np.float64(0.0810511631054772), np.float64(0.08650667155372564), np.float64(0.09292832798868672), np.float64(0.10081000887795753), np.float64(0.10356511343663777), np.float64(0.10801249503941476), np.float64(0.11431033414321105), np.float64(0.12210632041598997), np.float64(0.12829056011775594), np.float64(0.13509262216608622), np.float64(0.13815494365815545), np.float64(0.14356260339242372), np.float64(0.1504533825334495), np.float64(0.15687994738585634), np.float64(0.1630262321159067), np.float64(0.16641678289113873), np.float64(0.17057453017515323), np.float64(0.17589955579535627), np.float64(0.1808041578312255), np.float64(0.18784777131620148), np.float64(0.19129836929536875), np.float64(0.1963856943973969), np.float64(0.20166854268285744), np.float64(0.20655935451693017), np.float64(0.21119751075008217), np.float64(0.21539971140765413), np.float64(0.2210206812938017), np.float64(0.22383520590150094), np.float64(0.22870149053456307), np.float64(0.23345236088931703), np.float64(0.23683366482431098), np.float64(0.2407028035531914), np.float64(0.24502865553609016), np.float64(0.25015883514414455), np.float64(0.2567010156181212), np.float64(0.26077254215045453), np.float64(0.26559306772412644), np.float64(0.2697738825753547), np.float64(0.2735688134249282), np.float64(0.2796665397412952), np.float64(0.2830218337657563), np.float64(0.2856007129459083), np.float64(0.28897771363401614), np.float64(0.29356354488246605), np.float64(0.29802534340280434), np.float64(0.3033777288222339), np.float64(0.30835984346431067), np.float64(0.3151620462856963), np.float64(0.32095049170100537), np.float64(0.32402940019097315)]","[np.float64(1.0498000002930619), np.float64(2.100572639670429), np.float64(3.15047496158005), np.float64(4.196647729722939), np.float64(5.2355517916534975), np.float64(6.277969299774289), np.float64(7.31145462565988), np.float64(8.331406744688877), np.float64(9.35892346439792), np.float64(10.370384812481268), np.float64(11.38637403215787), np.float64(12.390713060722996), np.float64(13.392841028430357), np.float64(14.381035857061628), np.float64(15.357166655527733), np.float64(16.330174877640477), np.float64(17.281620628634712), np.float64(18.260227400819275), np.float64(19.214725957957317), np.float64(20.173958701786315), np.float64(21.12940910778753), np.float64(22.070445285573058), np.float64(22.990896543519366), np.float64(23.960535294568267), np.float64(24.90875010642066), np.float64(25.831791393255447), np.float64(26.731973124750358), np.float64(27.64596857362456), np.float64(28.547402833892633), np.float64(29.492040126654757), np.float64(30.40296765454297), np.float64(31.289579133345345), np.float64(32.177629674230964), np.float64(33.06499168494516), np.float64(33.9879851950692), np.float64(34.89692994174789), np.float64(35.78498725567496), np.float64(36.67574257080706), np.float64(37.52912763971552), np.float64(38.43562731349175), np.float64(39.31266693897703), np.float64(40.18289293270476), np.float64(41.05616366878256), np.float64(41.930442696677694), np.float64(42.80920919668682), np.float64(43.659682956716566), np.float64(44.55748224772691), np.float64(45.41531186198289), np.float64(46.27209316656165), np.float64(47.15183638285496), np.float64(48.0198224861042), np.float64(48.87625545152879), np.float64(49.71386496466545), np.float64(50.51984771459138), np.float64(51.3722484794221), np.float64(52.20657944290283), np.float64(53.05128608173768), np.float64(53.901523648191024), np.float64(54.70006727288949), np.float64(55.554402732795694), np.float64(56.423632044545585), np.float64(57.273436361428146), np.float64(58.093951995300536), np.float64(58.914560738598496), np.float64(59.712116452491145), np.float64(60.51521609040047), np.float64(61.273039590186826), np.float64(62.05115907437513), np.float64(62.890425393919145)]",42333.44111413188,16.84577839798324,-131.99907293869182,24568.596406698227
74,STATE_B_DEFENSE,SEEDED,6.8,20.0,2513,0.125,690.0,720.0,210.0,325.16129032258067,0.3995224830879427,0.24990051730998805,0.6162980511242294,True,0.32426243459983833,61.14699509716991,8.375,10.601755443690072,"[np.float64(-0.0015766272377150652), np.float64(-0.002011417700138556), np.float64(-0.0016463841642739788), np.float64(-0.0006669857269601505), np.float64(0.0009607232725640116), np.float64(0.002373360942107366), np.float64(0.0054068406252093665), np.float64(0.011549892108120883), np.float64(0.01794971932777159), np.float64(0.02287958663293633), np.float64(0.030091648601964175), np.float64(0.03546017093285099), np.float64(0.040893069814301686), np.float64(0.0478685739998805), np.float64(0.05359296811304638), np.float64(0.058476043480637556), np.float64(0.06485468496693464), np.float64(0.07117910453503694), np.float64(0.07498282079444914), np.float64(0.08115611602351262), np.float64(0.08851836542384704), np.float64(0.09710661518812858), np.float64(0.10477093737608431), np.float64(0.11189358350457085), np.float64(0.11852851621269578), np.float64(0.12443718105870205), np.float64(0.1323100014681139), np.float64(0.13761772411582587), np.float64(0.14172337451568842), np.float64(0.14623962409196928), np.float64(0.15332356495187754), np.float64(0.15955625092155087), np.float64(0.16328544045329144), np.float64(0.1698842021961971), np.float64(0.17557345419729983), np.float64(0.1812108100440072), np.float64(0.18597389034082887), np.float64(0.19052802344782668), np.float64(0.19466741097194065), np.float64(0.19804745126134538), np.float64(0.2041235154354059), np.float64(0.20954970653294397), np.float64(0.2142380350252853), np.float64(0.2200783629019784), np.float64(0.22564422883477936), np.float64(0.2308402652172928), np.float64(0.23542650861389863), np.float64(0.23914640288178052), np.float64(0.24592857464818035), np.float64(0.25055326360876795), np.float64(0.25685436726482724), np.float64(0.26050457759719453), np.float64(0.265127978513678), np.float64(0.2711079944355991), np.float64(0.2753397025766354), np.float64(0.2791145657694919), np.float64(0.28501220480995015), np.float64(0.2882216466808464), np.float64(0.29156130001672453), np.float64(0.2950122362521483), np.float64(0.29690885437789594), np.float64(0.3018614566095818), np.float64(0.3068817247676978), np.float64(0.3118025421358953), np.float64(0.31552693051020037), np.float64(0.3190448847132176), np.float64(0.32426243459983833)]","[np.float64(1.0510659745422741), np.float64(2.102589813739351), np.float64(3.153308081766391), np.float64(4.2023499998047935), np.float64(5.248664738465633), np.float64(6.29395797779694), np.float64(7.33186515356043), np.float64(8.353792424819282), np.float64(9.368427337858593), np.float64(10.38424894278596), np.float64(11.382616365535675), np.float64(12.385167761178828), np.float64(13.382203830938069), np.float64(14.363556084643417), np.float64(15.347660159265693), np.float64(16.333031997782605), np.float64(17.301792337786157), np.float64(18.265383946596586), np.float64(19.245986896584796), np.float64(20.201012515678837), np.float64(21.139210387496114), np.float64(22.058989335349374), np.float64(22.981536547969153), np.float64(23.903801651254714), np.float64(24.82583274197272), np.float64(25.750940529591176), np.float64(26.648234366229232), np.float64(27.570662580083898), np.float64(28.503940214329134), np.float64(29.428687465781238), np.float64(30.316108850610796), np.float64(31.209830812089965), np.float64(32.133508037217005), np.float64(33.013747519894864), np.float64(33.902404852888296), np.float64(34.787734038372676), np.float64(35.68219044593729), np.float64(36.57641464596934), np.float64(37.47386132945895), np.float64(38.38047349854513), np.float64(39.24060409409879), np.float64(40.1074247132712), np.float64(40.983013206720415), np.float64(41.83561528078232), np.float64(42.68916383501927), np.float64(43.545605208747205), np.float64(44.40958827461577), np.float64(45.28634532451241), np.float64(46.10381391544826), np.float64(46.95763914986942), np.float64(47.77657837688285), np.float64(48.64279000448777), np.float64(49.48755371984639), np.float64(50.30253611168414), np.float64(51.14899398675374), np.float64(52.00207239440292), np.float64(52.80907690713623), np.float64(53.66857251934889), np.float64(54.52326399691294), np.float64(55.373459998844275), np.float64(56.25517164207916), np.float64(57.06852549164914), np.float64(57.87749868411339), np.float64(58.68580776040916), np.float64(59.51834299862641), np.float64(60.35336584694435), np.float64(61.14699509716991)]",41195.94124422909,16.393132210198605,-147.80843063211069,24908.410794973373
77,STATE_B_DEFENSE,SEEDED,6.8,20.0,2513,0.125,690.0,720.0,210.0,325.16129032258067,0.405491444488659,0.28372463191404695,0.5929005519348853,True,0.3265111802905235,60.2926730836396,8.25,10.497603171591082,"[np.float64(-0.001346508097835715), np.float64(-0.002940550848709831), np.float64(-0.0014970137856463999), np.float64(0.0011560075269961595), np.float64(0.005113722517534693), np.float64(0.0065173949873784266), np.float64(0.010280909505123413), np.float64(0.015312304238326668), np.float64(0.020537451163082535), np.float64(0.025964141833776502), np.float64(0.030034886958180445), np.float64(0.03400111762440602), np.float64(0.040933896315205075), np.float64(0.0477798986569926), np.float64(0.05369487245792721), np.float64(0.060260915993429795), np.float64(0.0673192330378211), np.float64(0.07269151825996141), np.float64(0.08114387827572761), np.float64(0.08871442512935934), np.float64(0.09578874937984021), np.float64(0.10187818739618319), np.float64(0.10932734881498676), np.float64(0.1156225594391556), np.float64(0.12245746894447887), np.float64(0.12980156652410224), np.float64(0.13286964755732117), np.float64(0.13858812846272758), np.float64(0.14474333889469881), np.float64(0.1516602434673465), np.float64(0.15737228201587233), np.float64(0.16245587264383335), np.float64(0.16684321093713583), np.float64(0.17406360058160494), np.float64(0.17692300542634384), np.float64(0.18240093002289368), np.float64(0.1873031815165975), np.float64(0.19323401769576), np.float64(0.20227573121950715), np.float64(0.20852681364388256), np.float64(0.21581154200158414), np.float64(0.2208483102308232), np.float64(0.22565077091744615), np.float64(0.2298586460582755), np.float64(0.23370722937835067), np.float64(0.2363561844821816), np.float64(0.2400150917959837), np.float64(0.24528794105667906), np.float64(0.24980794519550692), np.float64(0.25519994639448723), np.float64(0.25841635159327087), np.float64(0.26228475799787276), np.float64(0.2673393890576649), np.float64(0.2732734403794043), np.float64(0.27914974215860866), np.float64(0.2839117544540428), np.float64(0.2874228910892694), np.float64(0.2920770951219091), np.float64(0.2961810465219804), np.float64(0.30273912780169276), np.float64(0.3054706431048694), np.float64(0.3079273256962007), np.float64(0.31226360508456824), np.float64(0.31529047182719505), np.float64(0.32121487942879406), np.float64(0.3265111802905235)]","[np.float64(1.0528552041890333), np.float64(2.1073929820215844), np.float64(3.1588036510027298), np.float64(4.206154034884625), np.float64(5.247331043068258), np.float64(6.292405015293074), np.float64(7.327452762152095), np.float64(8.353456645489457), np.float64(9.37354992004133), np.float64(10.387474473376606), np.float64(11.40362109213572), np.float64(12.416431661462362), np.float64(13.406266163798986), np.float64(14.390274060948968), np.float64(15.37481456007029), np.float64(16.348942523952374), np.float64(17.313218668236605), np.float64(18.285681138638683), np.float64(19.22595470370912), np.float64(20.167360783424336), np.float64(21.10726373922811), np.float64(22.051185795072584), np.float64(22.975979582411323), np.float64(23.907196902643577), np.float64(24.82739319188662), np.float64(25.736431079876613), np.float64(26.690078690271527), np.float64(27.609005693081087), np.float64(28.518061152616102), np.float64(29.41271589064214), np.float64(30.318046578626827), np.float64(31.227541990000066), np.float64(32.14280315494164), np.float64(33.014837630882056), np.float64(33.94455181757434), np.float64(34.8334251162526), np.float64(35.727034462728525), np.float64(36.6013280899645), np.float64(37.42300238731421), np.float64(38.28317129929333), np.float64(39.12251685838839), np.float64(39.993968277355116), np.float64(40.86590723557852), np.float64(41.74468014731764), np.float64(42.62677921513768), np.float64(43.52733616162942), np.float64(44.40792012011713), np.float64(45.25665035046797), np.float64(46.11587995945641), np.float64(46.95583944004454), np.float64(47.83370935040881), np.float64(48.69683494914861), np.float64(49.53423540100798), np.float64(50.35110203409762), np.float64(51.165598231568), np.float64(51.99918060647053), np.float64(52.85551428258868), np.float64(53.6858508266799), np.float64(54.52494534487436), np.float64(55.30935352356709), np.float64(56.17231732982673), np.float64(57.0395306749506), np.float64(57.86368235623544), np.float64(58.71447711233718), np.float64(59.4980440980035), np.float64(60.2926730836396)]",40679.31948003279,16.18755251891476,-133.15295915212482,25463.904708981514
75,STATE_B_DEFENSE,SEEDED,6.8,20.0,2513,0.125,690.0,720.0,210.0,325.16129032258067,0.3983286908077994,0.3469956227616395,0.5889940837280438,True,0.32684706170639855,61.09667215392511,8.375,10.624285288463495,"[np.float64(-0.0021024430374628165), np.float64(-0.0009225767556973936), np.float64(-0.0003659639565262222), np.float64(0.0027764389267543634), np.float64(0.005849414066734279), np.float64(0.008159290326425307), np.float64(0.013595877747505699), np.float64(0.018838153683173254), np.float64(0.023141593301150093), np.float64(0.02728695021101072), np.float64(0.032278157475066016), np.float64(0.036550787526119996), np.float64(0.04118648498017506), np.float64(0.04980389745748525), np.float64(0.05779789239093626), np.float64(0.06168874220062193), np.float64(0.06541569674220214), np.float64(0.07082792220183368), np.float64(0.07592509156135585), np.float64(0.08479673650500767), np.float64(0.0904472953315301), np.float64(0.09500240163977215), np.float64(0.10153113909644813), np.float64(0.1089567991039398), np.float64(0.11503699480000859), np.float64(0.1215960949572497), np.float64(0.13133435111252603), np.float64(0.13670398124136438), np.float64(0.14332106269565048), np.float64(0.14906860660075788), np.float64(0.15369089976759387), np.float64(0.15845333204648435), np.float64(0.16585096697391952), np.float64(0.1727357367476065), np.float64(0.17820878247531843), np.float64(0.18441106824423817), np.float64(0.18819353704381894), np.float64(0.1935689015170339), np.float64(0.19679460491143408), np.float64(0.2024932485637206), np.float64(0.20892933438773892), np.float64(0.21415851004915226), np.float64(0.2172322868764918), np.float64(0.22359298483979365), np.float64(0.22893910502736983), np.float64(0.2326026847494248), np.float64(0.2369346715405125), np.float64(0.24113102130585076), np.float64(0.2438602957015012), np.float64(0.25003097141098535), np.float64(0.25493020572054975), np.float64(0.25969107378348016), np.float64(0.26720700435415773), np.float64(0.27036110820322146), np.float64(0.2744462092067665), np.float64(0.28139609864845216), np.float64(0.28671222282972614), np.float64(0.28977691964259994), np.float64(0.29597592650258664), np.float64(0.3004967584505427), np.float64(0.30682352591802037), np.float64(0.31107939435215576), np.float64(0.31374601289742254), np.float64(0.315578623143233), np.float64(0.31762000901203435), np.float64(0.32074565254712595), np.float64(0.32684706170639855)]","[np.float64(1.051502250723439), np.float64(2.1017623569230373), np.float64(3.1517656910818195), np.float64(4.195764624537993), np.float64(5.236688089972238), np.float64(6.276822656927841), np.float64(7.303294414621459), np.float64(8.325121361045932), np.float64(9.346044093924192), np.float64(10.363520258672244), np.float64(11.37227891229543), np.float64(12.380527221753313), np.float64(13.38234671472624), np.float64(14.352485990031697), np.float64(15.319447290393073), np.float64(16.310773722443567), np.float64(17.299858949704564), np.float64(18.27114852199319), np.float64(19.240474108968456), np.float64(20.170143917296055), np.float64(21.12370730812053), np.float64(22.083521647503566), np.float64(23.0187975323291), np.float64(23.939061147475247), np.float64(24.86844079402417), np.float64(25.787443533783268), np.float64(26.663764414547757), np.float64(27.585923475209963), np.float64(28.488335945663135), np.float64(29.396895005584575), np.float64(30.315877721231715), np.float64(31.229418175449947), np.float64(32.10299917172408), np.float64(32.97858545323619), np.float64(33.86960274304902), np.float64(34.74597145208572), np.float64(35.65425099804161), np.float64(36.53533009918497), np.float64(37.4462197828173), np.float64(38.31526682507327), np.float64(39.168467989152155), np.float64(40.03730003705733), np.float64(40.938781310498946), np.float64(41.781821909576614), np.float64(42.638362567600744), np.float64(43.52105988244744), np.float64(44.38923522780739), np.float64(45.25698398709782), np.float64(46.149124215685525), np.float64(46.97456898617465), np.float64(47.820440910619695), np.float64(48.66587138043386), np.float64(49.45443829952315), np.float64(50.324949923487786), np.float64(51.174678260080995), np.float64(51.96363393064862), np.float64(52.782180651070824), np.float64(53.64433665753476), np.float64(54.43857278527777), np.float64(55.26495232222936), np.float64(56.049862202791296), np.float64(56.8761747502774), np.float64(57.73484846582322), np.float64(58.61040957727215), np.float64(59.480067447617266), np.float64(60.32363825837019), np.float64(61.09667215392511)]",40784.92024472973,16.229574311472234,-142.9871315555647,24087.664861679077
76,STATE_B_DEFENSE,SEEDED,6.8,20.0,2513,0.125,690.0,720.0,210.0,325.16129032258067,0.4003183446080382,0.4699562276163948,0.6299359130713582,True,0.325638920109845,60.97117208399049,8.375,10.650366910945612,"[np.float64(-0.00036291651670312735), np.float64(-0.0015939179750117495), np.float64(0.000597273226114648), np.float64(0.0019916273126322367), np.float64(0.005564014443872884), np.float64(0.010283158333810523), np.float64(0.014444486438038175), np.float64(0.017991873018482575), np.float64(0.022055452585589178), np.float64(0.026843170521419324), np.float64(0.03238772249376463), np.float64(0.036727908110590686), np.float64(0.04105006780154326), np.float64(0.047750496226221656), np.float64(0.054626042988796815), np.float64(0.06049498249616795), np.float64(0.06571701987909472), np.float64(0.07175728283846185), np.float64(0.07795226641947531), np.float64(0.08494671497241862), np.float64(0.0921218487397013), np.float64(0.09775430475853482), np.float64(0.10545398146465129), np.float64(0.11118135851824076), np.float64(0.1177530373159977), np.float64(0.1243391990699027), np.float64(0.1287571834322868), np.float64(0.13431062403353156), np.float64(0.1409805775333125), np.float64(0.1467599040789736), np.float64(0.1512026746035434), np.float64(0.15707116329996457), np.float64(0.16335428692277754), np.float64(0.16575616411401922), np.float64(0.17215036538715228), np.float64(0.17834853457754762), np.float64(0.1849177916188455), np.float64(0.19279916451175189), np.float64(0.19694058996860037), np.float64(0.20452657829505558), np.float64(0.20855212963566064), np.float64(0.21274644415653798), np.float64(0.21584351579565364), np.float64(0.22199555204921784), np.float64(0.22637954578523645), np.float64(0.2294791809141769), np.float64(0.23341883184750853), np.float64(0.23628451294806718), np.float64(0.24119616864014268), np.float64(0.24780058015829567), np.float64(0.2522035699917778), np.float64(0.2582979014937694), np.float64(0.26335251558059913), np.float64(0.26449061049666045), np.float64(0.27118019986131237), np.float64(0.2759565187898544), np.float64(0.279240211026549), np.float64(0.28286609195326273), np.float64(0.28720801690595515), np.float64(0.2924613784749137), np.float64(0.2956609940393811), np.float64(0.3015804301219785), np.float64(0.3068122376592198), np.float64(0.31129514265505753), np.float64(0.31505204335991666), np.float64(0.31879405528583593), np.float64(0.325638920109845)]","[np.float64(1.0479515029524116), np.float64(2.0971946971871405), np.float64(3.1423456993298213), np.float64(4.186878028532026), np.float64(5.224292771813829), np.float64(6.254492239469817), np.float64(7.281925999197884), np.float64(8.307688340238837), np.float64(9.327551249615404), np.float64(10.339756343869507), np.float64(11.343148920400834), np.float64(12.348414966587516), np.float64(13.349650878937972), np.float64(14.330503921647491), np.float64(15.303979577672395), np.float64(16.27901179519524), np.float64(17.254021496152628), np.float64(18.21741063035039), np.float64(19.17415351655484), np.float64(20.118155252950697), np.float64(21.05455715145374), np.float64(22.00049592696973), np.float64(22.920277222121868), np.float64(23.855094013763463), np.float64(24.77590023430884), np.float64(25.69135653170137), np.float64(26.627222345876486), np.float64(27.545736941287537), np.float64(28.446002004209205), np.float64(29.352653584764777), np.float64(30.272491303062125), np.float64(31.16967740200589), np.float64(32.0568102713457), np.float64(32.99418620222124), np.float64(33.871836547813295), np.float64(34.74785351212074), np.float64(35.613936339368216), np.float64(36.45543608757147), np.float64(37.35000582379818), np.float64(38.186878720288924), np.float64(39.07630826064869), np.float64(39.960107663749774), np.float64(40.85939937600093), np.float64(41.704241627591365), np.float64(42.57576192722677), np.float64(43.466993915820545), np.float64(44.34094398640446), np.float64(45.23185377761042), np.float64(46.08273336993876), np.float64(46.898589033886324), np.float64(47.75238545730059), np.float64(48.570656287524606), np.float64(49.40557511001537), np.float64(50.31509762067161), np.float64(51.111837447245875), np.float64(51.94364882212004), np.float64(52.803312600134866), np.float64(53.653702231140755), np.float64(54.48663756459827), np.float64(55.2974147119606), np.float64(56.14957934235205), np.float64(56.94014236384225), np.float64(57.742597626991305), np.float64(58.55879238044935), np.float64(59.38875905420522), np.float64(60.216818934260836), np.float64(60.97117208399049)]",41826.798192294475,16.644169595023666,-151.7659479789436,24720.204887151718
78,STATE_B_DEFENSE,SEEDED,6.8,20.0,2513,0.125,690.0,720.0,210.0,325.16129032258067,0.4042976522085157,0.2471150019896538,0.6130927678619463,True,0.32341091747851286,59.47685482785801,8.125,10.15458943366566,"[np.float64(-0.0016879853681432177), np.float64(0.000698787809339523), np.float64(0.003622890828300928), np.float64(0.006840116507487661), np.float64(0.008370515599400183), np.float64(0.010343540786136305), np.float64(0.014240061482786984), np.float64(0.01725893063044002), np.float64(0.021489570516840174), np.float64(0.0257947878681765), np.float64(0.03231617949105366), np.float64(0.03837469110103911), np.float64(0.0446743412541909), np.float64(0.05088396802442615), np.float64(0.057902545198370375), np.float64(0.06458768352728247), np.float64(0.07065655080724875), np.float64(0.076606171478125), np.float64(0.08616728458724249), np.float64(0.09422413667028302), np.float64(0.10016124200125197), np.float64(0.1055410952930507), np.float64(0.11226827887891852), np.float64(0.117531496659505), np.float64(0.12400668515761991), np.float64(0.13029014521516868), np.float64(0.13871142795098299), np.float64(0.14443047913608795), np.float64(0.14911284332238386), np.float64(0.156178249625025), np.float64(0.16280329848400787), np.float64(0.16571566140965543), np.float64(0.1713737742601238), np.float64(0.17459732754694066), np.float64(0.18190932263936632), np.float64(0.18651232640006182), np.float64(0.19084049259089067), np.float64(0.1965979124882617), np.float64(0.20324118446929343), np.float64(0.20687561962890427), np.float64(0.21051663742735116), np.float64(0.21579744024588643), np.float64(0.22077665849250636), np.float64(0.2253801904352584), np.float64(0.23064548987594563), np.float64(0.23749956394363614), np.float64(0.24223187496746365), np.float64(0.2474736821926202), np.float64(0.25295121130171966), np.float64(0.25435108924322963), np.float64(0.2602736240308609), np.float64(0.26587743240216816), np.float64(0.27102709103240347), np.float64(0.2783074013274356), np.float64(0.28374581279216665), np.float64(0.286628081861689), np.float64(0.29253353783072344), np.float64(0.2962346492464852), np.float64(0.29955883029136493), np.float64(0.3030645824860089), np.float64(0.3060381242395748), np.float64(0.31266024206940884), np.float64(0.31476354367604986), np.float64(0.3176984601451929), np.float64(0.32341091747851286)]","[np.float64(1.0535347029683713), np.float64(2.1045551133659917), np.float64(3.152230524408726), np.float64(4.196253633280549), np.float64(5.241335133946743), np.float64(6.28345791013262), np.float64(7.316605753246699), np.float64(8.34941842475965), np.float64(9.373624145396235), np.float64(10.39325901218311), np.float64(11.396416496196734), np.float64(12.396132037548309), np.float64(13.388591251543264), np.float64(14.37582068260944), np.float64(15.351486061986767), np.float64(16.32342388656105), np.float64(17.29441302852399), np.float64(18.261063521296645), np.float64(19.190541821732317), np.float64(20.126063800029236), np.float64(21.07526862448219), np.float64(22.025066582382166), np.float64(22.956467202481566), np.float64(23.898098685901303), np.float64(24.822044857429727), np.float64(25.743072038287163), np.float64(26.634154773394865), np.float64(27.551504424398527), np.float64(28.47728968622196), np.float64(29.36911445599612), np.float64(30.261507635905254), np.float64(31.19863960083478), np.float64(32.09579860513407), np.float64(33.02299109455498), np.float64(33.88893803961941), np.float64(34.78951450852414), np.float64(35.69085252440241), np.float64(36.567180100948185), np.float64(37.42572803585246), np.float64(38.32752087532331), np.float64(39.22658220591442), np.float64(40.095965223204836), np.float64(40.96682830436937), np.float64(41.84072906930172), np.float64(42.70001485810363), np.float64(43.52785828667394), np.float64(44.38932265655435), np.float64(45.238431204525696), np.float64(46.07984339519884), np.float64(46.994003324633255), np.float64(47.82112041607662), np.float64(48.650746608532515), np.float64(49.485784610560046), np.float64(50.27569728805313), np.float64(51.098148491397), np.float64(51.968898101317244), np.float64(52.77593545074244), np.float64(53.625107401440644), np.float64(54.479866406437374), np.float64(55.3286755916056), np.float64(56.18674874874614), np.float64(56.96361182740879), np.float64(57.836062370130946), np.float64(58.688626984335514), np.float64(59.47685482785801)]",39416.22095680662,15.684926763552175,-153.13303791731596,25414.300574421883
79,STATE_B_DEFENSE,SEEDED,6.8,20.0,2513,0.125,690.0,720.0,210.0,325.16129032258067,0.411858336649423,0.3653004377238361,0.6049898571740526,True,0.32442533790875844,60.245473492113426,8.25,10.476841546777722,"[np.float64(-0.00021737086862963107), np.float64(0.0005105799053945779), np.float64(0.001957602781770776), np.float64(0.00481582444173769), np.float64(0.006336846522634865), np.float64(0.008811838925494078), np.float64(0.011999913989739664), np.float64(0.01469728259655107), np.float64(0.017825224151834847), np.float64(0.023320197067580803), np.float64(0.028759159777831774), np.float64(0.03405622728044372), np.float64(0.04096692430517116), np.float64(0.04604244839225784), np.float64(0.052214693812319156), np.float64(0.05937252679848294), np.float64(0.06733307663941622), np.float64(0.07536080694310103), np.float64(0.08169129480220227), np.float64(0.08961480423135083), np.float64(0.09676859584550208), np.float64(0.10254959702036429), np.float64(0.10881686198989782), np.float64(0.11471174050692674), np.float64(0.12114319102807092), np.float64(0.12722833143261833), np.float64(0.13336147117156819), np.float64(0.13971884469565293), np.float64(0.1457427234558267), np.float64(0.15216300962232115), np.float64(0.1593406946671729), np.float64(0.16668987275136857), np.float64(0.17288597212280207), np.float64(0.17817019462048256), np.float64(0.18151134948457376), np.float64(0.18659034262810445), np.float64(0.19132237812277345), np.float64(0.19303569099360585), np.float64(0.20039669723956263), np.float64(0.20418242825579608), np.float64(0.20853824398554316), np.float64(0.2130271388434532), np.float64(0.21663641787856888), np.float64(0.22342635578594394), np.float64(0.22934145677107307), np.float64(0.23341988377461506), np.float64(0.23721005571641154), np.float64(0.23954540904265767), np.float64(0.2429280826794745), np.float64(0.2485395478604475), np.float64(0.25223430877130776), np.float64(0.25672095498679465), np.float64(0.26023961068801515), np.float64(0.26589934239975804), np.float64(0.2686740145117209), np.float64(0.27278769317059365), np.float64(0.2783510708906085), np.float64(0.28345866803113057), np.float64(0.28724205702084893), np.float64(0.2910152266199321), np.float64(0.29821140603308693), np.float64(0.3036426179873006), np.float64(0.3098919896244244), np.float64(0.3147844547149448), np.float64(0.31823175002782594), np.float64(0.32442533790875844)]","[np.float64(1.0506097659312232), np.float64(2.1004549908670382), np.float64(3.1484065632113207), np.float64(4.191900689320619), np.float64(5.235914474003804), np.float64(6.2753852428951), np.float64(7.3097416704605385), np.float64(8.342879389870907), np.float64(9.371306268736884), np.float64(10.384568464794633), np.float64(11.392789009539174), np.float64(12.39662305315212), np.float64(13.385022757827606), np.float64(14.379626583790653), np.float64(15.361488666130652), np.float64(16.330138063863185), np.float64(17.285946479926555), np.float64(18.234322429899084), np.float64(19.190936149555238), np.float64(20.127402192621208), np.float64(21.064735887600925), np.float64(22.009888387523855), np.float64(22.945216086090454), np.float64(23.879442366659188), np.float64(24.80297032532707), np.float64(25.72536983316108), np.float64(26.642426030861582), np.float64(27.552016737473878), np.float64(28.460902720054698), np.float64(29.360166733010907), np.float64(30.244776560205413), np.float64(31.121927820195666), np.float64(32.00960173617026), np.float64(32.90554801526423), np.float64(33.8254296971347), np.float64(34.71733042719961), np.float64(35.61076480561332), np.float64(36.546947161274744), np.float64(37.39352766475292), np.float64(38.29200221726194), np.float64(39.17850722199907), np.float64(40.059752203562375), np.float64(40.95267514267659), np.float64(41.788615936022346), np.float64(42.63541325853624), np.float64(43.510751654836376), np.float64(44.388489251406966), np.float64(45.29020053396158), np.float64(46.17079011007695), np.float64(47.00705890878128), np.float64(47.876412892057104), np.float64(48.72795014210169), np.float64(49.595643951956866), np.float64(50.41832338799945), np.float64(51.29581023793898), np.float64(52.14399124050051), np.float64(52.959516648604506), np.float64(53.78129764073483), np.float64(54.62810407732491), np.float64(55.472762633403306), np.float64(56.240782117359586), np.float64(57.04356264539883), np.float64(57.82518530180483), np.float64(58.63364868712854), np.float64(59.471884418702516), np.float64(60.245473492113426)]",41093.35285434926,16.352309134241647,-146.7750918827951,26081.796920895576
81,STATE_B_DEFENSE,SEEDED,6.8,20.0,2513,0.125,690.0,720.0,210.0,325.16129032258067,0.4042976522085157,0.4878631118185436,0.5916225100778322,True,0.3242643501600115,60.25785645732587,8.25,10.498942911122935,"[np.float64(0.000741869188839432), np.float64(-6.226505384398753e-06), np.float64(-0.0007209075381465837), np.float64(0.001894781132330869), np.float64(0.00489058283776489), np.float64(0.005391773173663175), np.float64(0.0084760139443629), np.float64(0.012320362895906264), np.float64(0.018932805218332408), np.float64(0.024812925893227623), np.float64(0.03285022039419431), np.float64(0.03835199104773949), np.float64(0.04480488486265953), np.float64(0.049176467566788), np.float64(0.053168419624524725), np.float64(0.05817062126440785), np.float64(0.06426928458467833), np.float64(0.07306381631147503), np.float64(0.08095254330138689), np.float64(0.08933288654709987), np.float64(0.09747402817525438), np.float64(0.1014847884486519), np.float64(0.10785373330159864), np.float64(0.115154462975628), np.float64(0.11980207659550987), np.float64(0.12569195009686046), np.float64(0.13268970123273557), np.float64(0.13735540806715515), np.float64(0.14191721309722072), np.float64(0.14813151167212887), np.float64(0.1535810941166917), np.float64(0.1601661140275857), np.float64(0.1668667631373099), np.float64(0.17098171504977067), np.float64(0.17605682257625635), np.float64(0.1837283358957731), np.float64(0.18885456571581014), np.float64(0.19186034964197615), np.float64(0.19688678822548805), np.float64(0.20177723086094565), np.float64(0.20722697337319534), np.float64(0.21178805081900862), np.float64(0.21871423053486502), np.float64(0.22322409228512752), np.float64(0.22698943405685829), np.float64(0.23227552268790871), np.float64(0.23458559718912725), np.float64(0.23856818869238539), np.float64(0.24584210268619044), np.float64(0.25196572981124654), np.float64(0.25636504235536206), np.float64(0.25883393965383), np.float64(0.2635378657086159), np.float64(0.268373116057897), np.float64(0.27634639631722224), np.float64(0.279230800828624), np.float64(0.2847909659594168), np.float64(0.28580627316710155), np.float64(0.29121522958857327), np.float64(0.2936514644082359), np.float64(0.2977051266846919), np.float64(0.3017495359696885), np.float64(0.30647031854938445), np.float64(0.31281977565219715), np.float64(0.3187679682556201), np.float64(0.3242643501600115)]","[np.float64(1.050258129230588), np.float64(2.1013018100472456), np.float64(3.153079646581946), np.float64(4.198614690806032), np.float64(5.240439398170512), np.float64(6.286959659056666), np.float64(7.323561624212698), np.float64(8.353877210015602), np.float64(9.367567342722497), np.float64(10.378504778815405), np.float64(11.371849378574476), np.float64(12.372744163486889), np.float64(13.362349967124668), np.float64(14.360212019345616), np.float64(15.356754164571443), np.float64(16.34177473658166), np.float64(17.313315533877077), np.float64(18.256470369975993), np.float64(19.200271682770623), np.float64(20.13292033401838), np.float64(21.061012985704586), np.float64(22.023711823353015), np.float64(22.958510584639512), np.float64(23.87815764896188), np.float64(24.821410741825694), np.float64(25.746645576332483), np.float64(26.65418300054908), np.float64(27.584620897853874), np.float64(28.51266260487143), np.float64(29.415925924164473), np.float64(30.32457450181908), np.float64(31.213823977298517), np.float64(32.096700659637904), np.float64(33.01117228188183), np.float64(33.9086873804109), np.float64(34.764306140750996), np.float64(35.65286592224306), np.float64(36.57025574347266), np.float64(37.45373707106707), np.float64(38.33584959177927), np.float64(39.20545318987764), np.float64(40.086029748008364), np.float64(40.923672579370816), np.float64(41.79812017089613), np.float64(42.682435154674984), np.float64(43.53725139545078), np.float64(44.44207641237812), np.float64(45.31462220284047), np.float64(46.1234372955161), np.float64(46.94948910173714), np.float64(47.80456173807269), np.float64(48.69408491653396), np.float64(49.53804071836026), np.float64(50.37642364471662), np.float64(51.14880576113493), np.float64(52.02003739622715), np.float64(52.834269295714954), np.float64(53.73995647001284), np.float64(54.55188709869069), np.float64(55.42423341831003), np.float64(56.259894277838804), np.float64(57.093288773342344), np.float64(57.909239636801686), np.float64(58.685999531198576), np.float64(59.46839926056383), np.float64(60.25785645732587)]",40437.07032630565,16.091154129051194,-144.1390836997889,25182.969358325005
80,STATE_B_DEFENSE,SEEDED,6.8,20.0,2513,0.125,690.0,720.0,210.0,325.16129032258067,0.3987266215678472,0.22801432550736173,0.5823041427871378,True,0.3280300401365904,61.897807006471695,8.5,10.913170803907095,"[np.float64(-0.0015288338597113183), np.float64(-0.002499805536558774), np.float64(-0.0018787267718027893), np.float64(-0.001654665069686957), np.float64(-0.0003736277883610621), np.float64(0.005949639738654762), np.float64(0.008202856854964656), np.float64(0.010888589246258414), np.float64(0.014281958390792462), np.float64(0.018013076553852474), np.float64(0.024581176386625842), np.float64(0.031115550766394235), np.float64(0.03906641698462935), np.float64(0.04663522556261819), np.float64(0.053767047362961284), np.float64(0.06004452175963684), np.float64(0.0675407699168644), np.float64(0.07534133308528913), np.float64(0.08214310537253533), np.float64(0.08953503783371705), np.float64(0.09427486361722084), np.float64(0.1012894539682578), np.float64(0.10707723532390256), np.float64(0.10971898566247248), np.float64(0.1161112200645311), np.float64(0.12144623263108394), np.float64(0.12907899476169998), np.float64(0.1344079569667696), np.float64(0.1396807123477648), np.float64(0.14651849836986358), np.float64(0.1531084348150418), np.float64(0.1594226618578232), np.float64(0.16390159042459013), np.float64(0.1700826059914927), np.float64(0.172557399890071), np.float64(0.17872836080284354), np.float64(0.18244448879971212), np.float64(0.18806698570423847), np.float64(0.1931625503405376), np.float64(0.19845480531474852), np.float64(0.2020144525588087), np.float64(0.20562732025110955), np.float64(0.21075864111123258), np.float64(0.21461453229139854), np.float64(0.21895023692949706), np.float64(0.2255533832016264), np.float64(0.23141607062227626), np.float64(0.2364466846576471), np.float64(0.24145976772609865), np.float64(0.2453717348177663), np.float64(0.25169910940705614), np.float64(0.25528350148046514), np.float64(0.26035786192248817), np.float64(0.2672234503121412), np.float64(0.2694351961278599), np.float64(0.2753192172541678), np.float64(0.2797091628936787), np.float64(0.28400285786566354), np.float64(0.287872201060734), np.float64(0.294689435603309), np.float64(0.2993054932192533), np.float64(0.3026492238665332), np.float64(0.3057291334148775), np.float64(0.3103242333694248), np.float64(0.31506859182952696), np.float64(0.31864589824454265), np.float64(0.3223000838733955), np.float64(0.3280300401365904)]","[np.float64(1.0497902511787975), np.float64(2.1006021248844546), np.float64(3.1499227134929577), np.float64(4.199425627007334), np.float64(5.245917435769833), np.float64(6.275284643731698), np.float64(7.312979861479633), np.float64(8.346581514331891), np.float64(9.374183670460283), np.float64(10.396654720111163), np.float64(11.39960486721977), np.float64(12.396465526380355), np.float64(13.378024820576462), np.float64(14.35491619361051), np.float64(15.328132701851047), np.float64(16.301524798567286), np.float64(17.259451335734692), np.float64(18.208309836524315), np.float64(19.159384443793183), np.float64(20.0992427034019), np.float64(21.058449054323937), np.float64(21.990861327468387), np.float64(22.930270346660343), np.float64(23.89874156387141), np.float64(24.823131672176835), np.float64(25.754576870668128), np.float64(26.654583426888898), np.float64(27.576789154304834), np.float64(28.49552730849687), np.float64(29.3900971014704), np.float64(30.28286208437587), np.float64(31.174492002629453), np.float64(32.086777915169435), np.float64(32.9716707720652), np.float64(33.905588571892764), np.float64(34.78291164537796), np.float64(35.69288417334429), np.float64(36.57071337159721), np.float64(37.452869682790734), np.float64(38.32829143583008), np.float64(39.22828404498659), np.float64(40.12481557820505), np.float64(40.993024891486904), np.float64(41.87971709937207), np.float64(42.75528690130661), np.float64(43.58750542096877), np.float64(44.428919221602165), np.float64(45.28181639994076), np.float64(46.13176323688998), np.float64(46.99923632787073), np.float64(47.817900477661546), np.float64(48.685847291438876), np.float64(49.52212037940822), np.float64(50.31963226205872), np.float64(51.20680993581942), np.float64(52.017427956218036), np.float64(52.85541842164364), np.float64(53.69270669797573), np.float64(54.5363322031411), np.float64(55.314468986656195), np.float64(56.136392107554954), np.float64(56.983385275119616), np.float64(57.834142624579705), np.float64(58.64903717106938), np.float64(59.45788452340958), np.float64(60.290674250653346), np.float64(61.11954173010436), np.float64(61.897807006471695)]",41896.41546540341,16.671872449424356,-138.58699887571856,24280.86731672287
83,STATE_B_DEFENSE,SEEDED,6.8,20.0,2513,0.125,690.0,720.0,210.0,325.16129032258067,0.39594110624751294,0.19259848786311182,0.5931556374503918,True,0.3257598013115718,60.12794095117362,8.25,10.820243566343729,"[np.float64(-0.002779392408499466), np.float64(-0.004246416839271158), np.float64(-0.003640859091692527), np.float64(-0.0012154409903936871), np.float64(0.0021909458353763056), np.float64(0.004734420382818637), np.float64(0.006695082238089484), np.float64(0.011668537982201539), np.float64(0.015734629628946034), np.float64(0.01981593220272627), np.float64(0.026135013716370562), np.float64(0.03169155979576356), np.float64(0.03776846491102802), np.float64(0.04249351050316685), np.float64(0.04610798589374955), np.float64(0.05200857654349679), np.float64(0.05637856630670884), np.float64(0.06297077996598689), np.float64(0.07033764773973845), np.float64(0.07802227698385097), np.float64(0.08542573366829466), np.float64(0.09227190138151865), np.float64(0.09875840079109298), np.float64(0.10336658162547967), np.float64(0.11043770683762655), np.float64(0.11726028818616964), np.float64(0.12304293776236046), np.float64(0.1290839756475489), np.float64(0.13524625751822766), np.float64(0.1398808272439077), np.float64(0.14645804054219763), np.float64(0.15186189429143895), np.float64(0.1591812983452804), np.float64(0.16653464315940789), np.float64(0.17024843871379033), np.float64(0.1752610360006767), np.float64(0.18137211090241215), np.float64(0.18601246542432162), np.float64(0.1911798576326301), np.float64(0.1969249068742109), np.float64(0.2044801786650967), np.float64(0.20913850331363196), np.float64(0.2136248751578009), np.float64(0.22019739828618456), np.float64(0.22573249804400025), np.float64(0.23149366326537782), np.float64(0.2387272089011294), np.float64(0.24552866515808483), np.float64(0.2480164681821903), np.float64(0.2526506991898555), np.float64(0.25695618148455146), np.float64(0.2603868127030036), np.float64(0.26583638871507553), np.float64(0.27166982741506934), np.float64(0.2754177665283215), np.float64(0.27778998781676295), np.float64(0.28411305804000736), np.float64(0.28785068765222904), np.float64(0.291648769278594), np.float64(0.2942877803339205), np.float64(0.30144037137259344), np.float64(0.30660536405392236), np.float64(0.30997090015419976), np.float64(0.3149979073854459), np.float64(0.3198689977110978), np.float64(0.3257598013115718)]","[np.float64(1.0504350326962641), np.float64(2.102417081354333), np.float64(3.1526671359779277), np.float64(4.198449184892523), np.float64(5.239134966619508), np.float64(6.27899922853873), np.float64(7.31836197022478), np.float64(8.343258212697243), np.float64(9.367359750440443), np.float64(10.387329862358127), np.float64(11.390826879174458), np.float64(12.392848109434766), np.float64(13.386219350815988), np.float64(14.383221719940563), np.float64(15.383948591901387), np.float64(16.363460862525503), np.float64(17.350178634852703), np.float64(18.313723864098574), np.float64(19.264512343417113), np.float64(20.206027864714475), np.float64(21.143849432993918), np.float64(22.081171948897673), np.float64(23.016620196848418), np.float64(23.967136444912022), np.float64(24.886150775924264), np.float64(25.802452448498958), np.float64(26.72578087089723), np.float64(27.641380485772004), np.float64(28.550766888088877), np.float64(29.475172125428664), np.float64(30.3701845654624), np.float64(31.276243981256865), np.float64(32.151636014588966), np.float64(33.02135698765909), np.float64(33.93859261647083), np.float64(34.83374364735625), np.float64(35.70862986264015), np.float64(36.60191342454925), np.float64(37.48355351466691), np.float64(38.35229513934058), np.float64(39.187616349766074), np.float64(40.066009032757364), np.float64(40.944072779146076), np.float64(41.78327226237853), np.float64(42.636297415961884), np.float64(43.4817045318518), np.float64(44.297053475386384), np.float64(45.11585513655254), np.float64(46.00984197227813), np.float64(46.861893360009354), np.float64(47.71719724646001), np.float64(48.58656968195193), np.float64(49.4142150796756), np.float64(50.23095047025643), np.float64(51.085926939550156), np.float64(51.96645675690058), np.float64(52.7640403965229), np.float64(53.611758933578734), np.float64(54.45585911882908), np.float64(55.322353139126264), np.float64(56.089622531213614), np.float64(56.89633483058676), np.float64(57.73970290864193), np.float64(58.543982560404686), np.float64(59.34891208020851), np.float64(60.12794095117362)]",41216.97468036393,16.401502061426154,-139.74557065591216,23614.62325513363
82,STATE_B_DEFENSE,SEEDED,6.8,20.0,2513,0.125,690.0,720.0,210.0,325.16129032258067,0.41066454436927974,0.4464783127735774,0.601384488092158,True,0.3251109622935369,60.99976105674516,8.375,10.707164508937854,"[np.float64(-0.0009394984754780394), np.float64(0.0008123860639886331), np.float64(0.0008728085635773185), np.float64(0.0017110986401186318), np.float64(0.002117937407577887), np.float64(0.005068560396887582), np.float64(0.007248538077975285), np.float64(0.010731094794643757), np.float64(0.0166828179288209), np.float64(0.023389339207087582), np.float64(0.02800588745639453), np.float64(0.03234867530005599), np.float64(0.038664606050609), np.float64(0.046085662618098426), np.float64(0.05243137696394595), np.float64(0.05752235852627011), np.float64(0.06484450072053258), np.float64(0.07076648675329593), np.float64(0.07610216625162307), np.float64(0.08292701251724645), np.float64(0.09158447433062199), np.float64(0.09769296277349514), np.float64(0.10355486726990182), np.float64(0.10804126855877795), np.float64(0.11405450445405758), np.float64(0.11985518380486164), np.float64(0.12681538594519637), np.float64(0.13288171461089304), np.float64(0.14057401378810933), np.float64(0.14919089300009686), np.float64(0.15366554429993115), np.float64(0.1578289529742509), np.float64(0.16411013374147454), np.float64(0.16781401098502313), np.float64(0.1733368390018963), np.float64(0.1776147685102397), np.float64(0.1813648309910022), np.float64(0.18801560102303547), np.float64(0.1921932940852123), np.float64(0.19952491837622074), np.float64(0.20426581237722818), np.float64(0.20806757514117824), np.float64(0.21219246147601797), np.float64(0.2187516989291027), np.float64(0.22104468635808747), np.float64(0.22780185442420633), np.float64(0.23402322885633076), np.float64(0.24098538989287252), np.float64(0.24394700840798803), np.float64(0.24743932667288585), np.float64(0.25230558144039517), np.float64(0.2546486887963407), np.float64(0.26096374115874266), np.float64(0.26492217398684004), np.float64(0.2695394306014676), np.float64(0.2758333901044505), np.float64(0.28003828455488866), np.float64(0.284966265531988), np.float64(0.2904657259689534), np.float64(0.2934261241466152), np.float64(0.2982536738730609), np.float64(0.3018594436767875), np.float64(0.3084334660572458), np.float64(0.31369556326830034), np.float64(0.3170020115342829), np.float64(0.3217617866140154), np.float64(0.3251109622935369)]","[np.float64(1.0485365166218286), np.float64(2.0952368054899604), np.float64(3.1427603400199025), np.float64(4.188593390017038), np.float64(5.23467882921789), np.float64(6.272387214745719), np.float64(7.309861890921989), np.float64(8.339723040678386), np.float64(9.354686160502434), np.float64(10.359982224474132), np.float64(11.370363233873332), np.float64(12.377915060510512), np.float64(13.368575727419564), np.float64(14.345770053448328), np.float64(15.324059154710152), np.float64(16.306271088460804), np.float64(17.26574330052545), np.float64(18.230751638682218), np.float64(19.195803812738106), np.float64(20.142336949363756), np.float64(21.065417660874992), np.float64(22.00704316872807), np.float64(22.946176259186814), np.float64(23.895313258522666), np.float64(24.823684547800667), np.float64(25.749682008182642), np.float64(26.65734142988138), np.float64(27.570535555943874), np.float64(28.458743155940542), np.float64(29.329497439160523), np.float64(30.24831502065846), np.float64(31.167877632255333), np.float64(32.055042681388834), np.float64(32.97399219837693), np.float64(33.863835492840856), np.float64(34.768049999537006), np.float64(35.677068290319966), np.float64(36.538606407926125), np.float64(37.4343868633897), np.float64(38.27672824124055), np.float64(39.15634375387783), np.float64(40.048211973757184), np.float64(40.93192038127295), np.float64(41.77096552261047), np.float64(42.68017478464661), np.float64(43.50840311533623), np.float64(44.34203751655373), np.float64(45.158276419145885), np.float64(46.04416425885446), np.float64(46.91802724694817), np.float64(47.76331623887834), np.float64(48.65435612510366), np.float64(49.46568468505226), np.float64(50.320078675395514), np.float64(51.1586466266727), np.float64(51.96016237239206), np.float64(52.801083027683305), np.float64(53.62429369640805), np.float64(54.43249344699105), np.float64(55.29169334521265), np.float64(56.10860993742262), np.float64(56.949392429700374), np.float64(57.72237370216984), np.float64(58.521043555802166), np.float64(59.36077905630017), np.float64(60.16539802743074), np.float64(60.99976105674516)]",41798.47333357696,16.63289826246596,-147.04037993960083,26073.67583477497
84,STATE_B_DEFENSE,SEEDED,6.8,20.0,2513,0.125,690.0,720.0,210.0,325.16129032258067,0.3955431754874652,0.26422602467170714,0.6303326682428059,True,0.325553066105643,61.21753341577588,8.375,10.502521106993077,"[np.float64(-0.002765901579220156), np.float64(0.0005281196959470032), np.float64(0.0012743506270161198), np.float64(0.002080021741713287), np.float64(0.003597365467033333), np.float64(0.006701776731197144), np.float64(0.010074924975802894), np.float64(0.014255326833254154), np.float64(0.01755301133568164), np.float64(0.023013039261381006), np.float64(0.030242082878294725), np.float64(0.03727513020297818), np.float64(0.04097812845134294), np.float64(0.04686048522067069), np.float64(0.054613356081742725), np.float64(0.05941447521402535), np.float64(0.06714079222159798), np.float64(0.07362270303886027), np.float64(0.0815131914385882), np.float64(0.08934909626650438), np.float64(0.09548689749081274), np.float64(0.10314607801175961), np.float64(0.11099739102356772), np.float64(0.11585435009555545), np.float64(0.12252483316670984), np.float64(0.12927796182995283), np.float64(0.13552940914476963), np.float64(0.1431351089327907), np.float64(0.14851268272998017), np.float64(0.15334053587543306), np.float64(0.15944649550730597), np.float64(0.16444816563065712), np.float64(0.17087581321415304), np.float64(0.17514135667551686), np.float64(0.18016955220745925), np.float64(0.18643826989889467), np.float64(0.1891523743702239), np.float64(0.19535556449530053), np.float64(0.20065484130620223), np.float64(0.2054547114270181), np.float64(0.21197558743096304), np.float64(0.21551082749011533), np.float64(0.2192607411318388), np.float64(0.22529917537902405), np.float64(0.2310735611602945), np.float64(0.23438732008284144), np.float64(0.2363427523711571), np.float64(0.24129587016903228), np.float64(0.24746723989526304), np.float64(0.25128536977548316), np.float64(0.25534360200233425), np.float64(0.26044402718155274), np.float64(0.2654348521991027), np.float64(0.2691250457570849), np.float64(0.2708318088593931), np.float64(0.27791505234295344), np.float64(0.28175714054469675), np.float64(0.2853494088972859), np.float64(0.28861542444331567), np.float64(0.2949497769180711), np.float64(0.3006220838417325), np.float64(0.3061501899434367), np.float64(0.31264975445929993), np.float64(0.3175215583223803), np.float64(0.31856363487515443), np.float64(0.32205055703168856), np.float64(0.325553066105643)]","[np.float64(1.0534187001138602), np.float64(2.1033663889745227), np.float64(3.1538736647827594), np.float64(4.2034740727369915), np.float64(5.250369055425161), np.float64(6.290720887062308), np.float64(7.326909522635127), np.float64(8.356336533197634), np.float64(9.385633060198957), np.float64(10.4006144869095), np.float64(11.400466580846325), np.float64(12.394637992630352), np.float64(13.403620821339695), np.float64(14.394056916524878), np.float64(15.365411977857645), np.float64(16.35259251866948), np.float64(17.311617357621273), np.float64(18.27453122693031), np.float64(19.219287085014937), np.float64(20.157935001895996), np.float64(21.106454434296175), np.float64(22.034629462446926), np.float64(22.954661880841122), np.float64(23.900504587033478), np.float64(24.82227675701662), np.float64(25.737864201543708), np.float64(26.654108083505516), np.float64(27.54918993377004), np.float64(28.46621228726629), np.float64(29.38610730935397), np.float64(30.28558181485288), np.float64(31.195322614301144), np.float64(32.081754121699795), np.float64(32.99388416116391), np.float64(33.891861656596234), np.float64(34.767984141686085), np.float64(35.69295906938565), np.float64(36.56239417358352), np.float64(37.441660619945935), np.float64(38.325173141870025), np.float64(39.17748060483168), np.float64(40.074624165525925), np.float64(40.96563998834417), np.float64(41.81491222112706), np.float64(42.66483743114729), np.float64(43.55436529757516), np.float64(44.465993264592306), np.float64(45.321384215107244), np.float64(46.15099715061529), np.float64(47.020950570543455), np.float64(47.88378288169313), np.float64(48.72379921959356), np.float64(49.56276850286366), np.float64(50.42444606220975), np.float64(51.32373273315262), np.float64(52.11186519258106), np.float64(52.962876764066515), np.float64(53.8166891475294), np.float64(54.67514361709032), np.float64(55.46568378590381), np.float64(56.26701247369004), np.float64(57.06827089532174), np.float64(57.84498358866088), np.float64(58.654412948970894), np.float64(59.54734370713617), np.float64(60.38366754197566), np.float64(61.21753341577588)]",40425.37131478588,16.086498732505323,-145.81501069106162,24779.469181537628
87,STATE_B_DEFENSE,SEEDED,6.8,20.0,2513,0.125,690.0,720.0,210.0,325.16129032258067,0.4027059291683247,0.4162355750099483,0.6362255955426677,True,0.3253499693663658,60.168340381029154,8.25,10.609620056268959,"[np.float64(-0.0028611130022972017), np.float64(-0.0033867512294242963), np.float64(-0.002211189107664451), np.float64(-6.72508428967902e-05), np.float64(0.0013583500643952304), np.float64(0.004958122519594001), np.float64(0.009209390752270214), np.float64(0.014853244167312606), np.float64(0.02109318107071239), np.float64(0.024892437361441998), np.float64(0.03136562156163278), np.float64(0.03684916293027286), np.float64(0.04261896082564156), np.float64(0.04725408791481329), np.float64(0.05412097852209814), np.float64(0.05970870959520282), np.float64(0.06733675940963964), np.float64(0.07554019555790505), np.float64(0.08267859503581541), np.float64(0.08763039345102777), np.float64(0.09230276595198653), np.float64(0.09859425376833601), np.float64(0.1042056795949227), np.float64(0.11066896366725032), np.float64(0.11707243392303876), np.float64(0.1245525260227458), np.float64(0.13226495381242603), np.float64(0.13764543060381274), np.float64(0.14402348543628316), np.float64(0.15019037935894303), np.float64(0.15418612375104682), np.float64(0.16068724417007535), np.float64(0.16585421966939856), np.float64(0.172875101224545), np.float64(0.17997002693697078), np.float64(0.18190901113187008), np.float64(0.18719634787053888), np.float64(0.19120008966791696), np.float64(0.1960770989686941), np.float64(0.2029150220465354), np.float64(0.20628187685736557), np.float64(0.21074226714345837), np.float64(0.21555669174983996), np.float64(0.22007759392462697), np.float64(0.2231875885056747), np.float64(0.22717858460423318), np.float64(0.23373875474126948), np.float64(0.23849934699812575), np.float64(0.24541631383370824), np.float64(0.24907707229288828), np.float64(0.254438371491735), np.float64(0.25910655904996716), np.float64(0.2635577376906636), np.float64(0.26738576570293215), np.float64(0.27114563750225856), np.float64(0.2743669754136928), np.float64(0.2786157712739287), np.float64(0.28590937187538135), np.float64(0.28997179009039165), np.float64(0.2944676807932823), np.float64(0.29808170312498167), np.float64(0.30391654750389735), np.float64(0.3074521547339002), np.float64(0.31466505892833346), np.float64(0.319249887740772), np.float64(0.3253499693663658)]","[np.float64(1.051021394228693), np.float64(2.1025970497993662), np.float64(3.152037118871428), np.float64(4.198208255878175), np.float64(5.244023457585288), np.float64(6.281547543996075), np.float64(7.313020346075163), np.float64(8.334465400431082), np.float64(9.347580300528932), np.float64(10.366931739156655), np.float64(11.367782165349965), np.float64(12.368380533026233), np.float64(13.361952580589856), np.float64(14.35791529029449), np.float64(15.333292273422256), np.float64(16.312334330497578), np.float64(17.269810459831596), np.float64(18.215813260657097), np.float64(19.164310946489383), np.float64(20.126984456900125), np.float64(21.088085864382727), np.float64(22.02892997803183), np.float64(22.971652127008024), np.float64(23.900572659972962), np.float64(24.824969549060118), np.float64(25.73195945623717), np.float64(26.63048738044646), np.float64(27.551417705826093), np.float64(28.45574176880438), np.float64(29.35795311553996), np.float64(30.28399408500509), np.float64(31.173226545413787), np.float64(32.07607340036027), np.float64(32.94901354294276), np.float64(33.815977020335964), np.float64(34.7536051052746), np.float64(35.63935464768746), np.float64(36.541016220649915), np.float64(37.42608526364422), np.float64(38.276471907049356), np.float64(39.17859327415976), np.float64(40.060173106565294), np.float64(40.9326846399388), np.float64(41.806935449833006), np.float64(42.702702823362074), np.float64(43.58061262549738), np.float64(44.40947484352713), np.float64(45.26710593453053), np.float64(46.08166772313917), np.float64(46.95315385038065), np.float64(47.78976492892269), np.float64(48.636406955410486), np.float64(49.484331429497715), np.float64(50.34179889867667), np.float64(51.19816751978306), np.float64(52.063115847649314), np.float64(52.90469443713531), np.float64(53.67996153878567), np.float64(54.519427703047114), np.float64(55.34712006212551), np.float64(56.191186692075306), np.float64(56.984425509613054), np.float64(57.825184892902804), np.float64(58.58167659756474), np.float64(59.39353942962036), np.float64(60.168340381029154)]",41180.43673581547,16.386962489381403,-161.85570599185303,25225.406446695328
85,STATE_B_DEFENSE,SEEDED,6.8,20.0,2513,0.125,690.0,720.0,210.0,325.16129032258067,0.40509351372861124,0.2829287703939515,0.5662372917352577,True,0.327539281529008,61.00723734082886,8.375,10.724699107542186,"[np.float64(-0.0013650479649773219), np.float64(-0.00018924199064251915), np.float64(-2.436478316495485e-05), np.float64(0.002291538471811947), np.float64(0.005816258621814605), np.float64(0.008130597064756797), np.float64(0.011143974228646372), np.float64(0.017418513917047077), np.float64(0.022672797493675793), np.float64(0.02850131589950737), np.float64(0.03405332445336053), np.float64(0.03911846867303752), np.float64(0.043166859066620634), np.float64(0.048125849077416155), np.float64(0.05506889001435277), np.float64(0.06117297878713841), np.float64(0.06663869458267578), np.float64(0.07469728187133401), np.float64(0.08097557825332531), np.float64(0.08908841067977166), np.float64(0.0951745764127244), np.float64(0.10105349221749906), np.float64(0.10636029640026812), np.float64(0.11334454805388307), np.float64(0.12018409103945833), np.float64(0.12717057790129133), np.float64(0.1328879861444404), np.float64(0.13707190819223483), np.float64(0.1425560045695476), np.float64(0.14774778284276338), np.float64(0.15317618916505543), np.float64(0.1591659678672236), np.float64(0.16307452523227348), np.float64(0.17023549853681244), np.float64(0.1748234152581437), np.float64(0.18147535869747572), np.float64(0.18488513839455448), np.float64(0.19302052619473434), np.float64(0.19774317212250042), np.float64(0.2011479109151566), np.float64(0.2054850394575805), np.float64(0.21022772602222412), np.float64(0.21427249961358394), np.float64(0.21778891236716238), np.float64(0.22358014704165727), np.float64(0.22857817948699932), np.float64(0.23373818493078863), np.float64(0.23849195097165807), np.float64(0.24289368684354687), np.float64(0.2465638209544752), np.float64(0.25241971844007055), np.float64(0.25763907271464825), np.float64(0.2614666632358232), np.float64(0.2656063666887286), np.float64(0.2689057882706756), np.float64(0.27292349933837373), np.float64(0.2790978325120697), np.float64(0.2841789375919512), np.float64(0.28856413909022544), np.float64(0.29557223733139426), np.float64(0.30050469209383535), np.float64(0.3056756211163622), np.float64(0.30861823730680255), np.float64(0.31341346434970635), np.float64(0.31717666465550876), np.float64(0.32218546343180815), np.float64(0.327539281529008)]","[np.float64(1.049849063798191), np.float64(2.098463111936701), np.float64(3.1474351593315597), np.float64(4.19172908179607), np.float64(5.230472522760841), np.float64(6.2693584142715215), np.float64(7.303344508331276), np.float64(8.320902156649199), np.float64(9.33693646922572), np.float64(10.344936294143064), np.float64(11.348839757895396), np.float64(12.350341331813548), np.float64(13.353549113495166), np.float64(14.346685108078715), np.float64(15.32078777347229), np.float64(16.29510403968538), np.float64(17.26913165587498), np.float64(18.216279292216868), np.float64(19.172374613041853), np.float64(20.106138681040925), np.float64(21.05270303320898), np.float64(21.996253586736746), np.float64(22.940865115592064), np.float64(23.863090853246923), np.float64(24.781383855300295), np.float64(25.692642405369178), np.float64(26.613410015333788), np.float64(27.548268843325243), np.float64(28.463578250307762), np.float64(29.37840880883527), np.float64(30.286152651005654), np.float64(31.182247452668392), np.float64(32.102615304230056), np.float64(32.97406801310807), np.float64(33.87754991494332), np.float64(34.74724792749572), np.float64(35.661026841068285), np.float64(36.49974960053855), np.float64(37.38634432954171), np.float64(38.29058421266573), np.float64(39.1771816823179), np.float64(40.05400868430374), np.float64(40.93931976430774), np.float64(41.83087172690558), np.float64(42.680210161197266), np.float64(43.53982501089944), np.float64(44.39321528887467), np.float64(45.250657040779274), np.float64(46.11150906799747), np.float64(46.98324312381762), np.float64(47.81074094021541), np.float64(48.646945801983726), np.float64(49.507184336244876), np.float64(50.35871976038552), np.float64(51.22456117816486), np.float64(52.07354228092403), np.float64(52.87534579067913), np.float64(53.696436926241724), np.float64(54.52921399966186), np.float64(55.30325332231483), np.float64(56.11825002938382), np.float64(56.92516370825278), np.float64(57.778240409191135), np.float64(58.58811000542235), np.float64(59.418487004352066), np.float64(60.21823094217067), np.float64(61.00723734082886)]",41611.36793556999,16.55844326922801,-138.51740815257654,25175.478897094727
86,STATE_B_DEFENSE,SEEDED,6.8,20.0,2513,0.125,690.0,720.0,210.0,325.16129032258067,0.39156386788698766,0.39275766016713093,0.5574950391204778,True,0.32809790047214615,61.21111674514132,8.375,10.93678300462301,"[np.float64(-0.0008739201107006711), np.float64(-0.0015895372883977929), np.float64(-0.0014560657062906292), np.float64(-0.00020427778339421305), np.float64(0.003521457827355233), np.float64(0.006925170052025064), np.float64(0.009987064307066007), np.float64(0.013865745469146212), np.float64(0.01966380916308772), np.float64(0.02504079876586521), np.float64(0.03004499936097916), np.float64(0.035249077062797646), np.float64(0.04100413487226805), np.float64(0.047691385371563866), np.float64(0.05353763861941894), np.float64(0.05970666612656217), np.float64(0.06657171888928524), np.float64(0.07376912982666323), np.float64(0.07898106360282525), np.float64(0.0865748713351593), np.float64(0.0918814493823421), np.float64(0.09673326518492455), np.float64(0.10300492841520917), np.float64(0.11121648286290836), np.float64(0.11830683754823872), np.float64(0.12499495405118333), np.float64(0.13112421030238716), np.float64(0.13529577715078525), np.float64(0.14111884566135655), np.float64(0.14550797451980144), np.float64(0.15025935107835015), np.float64(0.15721303712626153), np.float64(0.16326877144499702), np.float64(0.16814283191778825), np.float64(0.17375462791491775), np.float64(0.18048217247257653), np.float64(0.1843624843305888), np.float64(0.19018359041784666), np.float64(0.19638781708232006), np.float64(0.20110774645813406), np.float64(0.20450392183059524), np.float64(0.20785052358225764), np.float64(0.21134592115348888), np.float64(0.2173115801302285), np.float64(0.22179052126481005), np.float64(0.22575928140206683), np.float64(0.2298058296284457), np.float64(0.2351546666973918), np.float64(0.24011421318806536), np.float64(0.24263300045393513), np.float64(0.24682817363417847), np.float64(0.2537016941443213), np.float64(0.25721934597059604), np.float64(0.2618722523011754), np.float64(0.26821790109411836), np.float64(0.2738802512149944), np.float64(0.2781435540937852), np.float64(0.28164689066580423), np.float64(0.28719026641647455), np.float64(0.29211807629082165), np.float64(0.29634636295788613), np.float64(0.3013055658590151), np.float64(0.30677775233160365), np.float64(0.3105795066840169), np.float64(0.3155632275474688), np.float64(0.3207976417968878), np.float64(0.32809790047214615)]","[np.float64(1.053320162799192), np.float64(2.1073951644252413), np.float64(3.1608814739359246), np.float64(4.211869431092669), np.float64(5.255054422002689), np.float64(6.2953980782581365), np.float64(7.333489585363631), np.float64(8.365084014956672), np.float64(9.383925519598002), np.float64(10.399200927883063), np.float64(11.41130022088196), np.float64(12.41736266200381), np.float64(13.41490712615524), np.float64(14.400643343751971), np.float64(15.386391420616853), np.float64(16.364309877755314), np.float64(17.33103242376534), np.float64(18.288900338447494), np.float64(19.25826838796374), np.float64(20.200899703220177), np.float64(21.15933898286738), np.float64(22.11784029947205), np.float64(23.05736395319907), np.float64(23.970795652119303), np.float64(24.890296141364278), np.float64(25.808847175428284), np.float64(26.728781478320027), np.float64(27.667764178913405), np.float64(28.582690340034354), np.float64(29.51159902911973), np.float64(30.43227031007819), np.float64(31.31943109869825), np.float64(32.213984876743005), np.float64(33.12085109272863), np.float64(34.01339094431608), np.float64(34.8853696876488), np.float64(35.795624875895136), np.float64(36.67306116629354), np.float64(37.54042295357543), np.float64(38.42727183983551), np.float64(39.33238601958087), np.float64(40.235855494332775), np.float64(41.134375685422185), np.float64(41.9877250907307), np.float64(42.86320914295913), np.float64(43.74473417299927), np.float64(44.62211277889741), np.float64(45.472738646707974), np.float64(46.32717124001814), np.float64(47.22468917463371), np.float64(48.08807782386483), np.float64(48.89638842600086), np.float64(49.76693415194103), np.float64(50.612362485081036), np.float64(51.420499995337636), np.float64(52.23892964728812), np.float64(53.0830152448058), np.float64(53.94042260993484), np.float64(54.752150724566704), np.float64(55.57387687954024), np.float64(56.407889837566394), np.float64(57.223259374417445), np.float64(58.024342596782176), np.float64(58.859806891216536), np.float64(59.66615322984034), np.float64(60.463925351557144), np.float64(61.21111674514132)]",40861.93735364499,16.26022178815957,-137.32886272715405,23158.564584732056
88,STATE_B_DEFENSE,SEEDED,6.8,20.0,2513,0.125,690.0,720.0,210.0,325.16129032258067,0.405491444488659,0.24194190210903302,0.5928982551735875,True,0.3257343278258899,61.05549018408752,8.375,10.60718997892283,"[np.float64(3.8392927282670646e-05), np.float64(0.0019315255232826266), np.float64(0.0007332548205763189), np.float64(0.0034333788249849614), np.float64(0.005886905064037589), np.float64(0.006956687922681202), np.float64(0.009495345313106833), np.float64(0.014047049170805915), np.float64(0.018942043383165286), np.float64(0.02466722777619534), np.float64(0.02927604139455283), np.float64(0.03456561483283724), np.float64(0.042099785570547624), np.float64(0.04703786026526369), np.float64(0.05300968106419438), np.float64(0.06003935729152191), np.float64(0.06789748707399514), np.float64(0.07711595391400623), np.float64(0.08346567212385742), np.float64(0.08983511864325114), np.float64(0.09547459299685924), np.float64(0.10215742853719914), np.float64(0.10701736640390674), np.float64(0.11412969355132821), np.float64(0.11922929867105422), np.float64(0.12597746892546094), np.float64(0.13026498122951824), np.float64(0.13621819867234117), np.float64(0.14416591684610958), np.float64(0.14856082360094608), np.float64(0.15483044835188509), np.float64(0.16138972018933215), np.float64(0.1650022393014949), np.float64(0.17098618612995964), np.float64(0.17814930317769156), np.float64(0.18357965406925741), np.float64(0.18857499007214432), np.float64(0.1928888586563175), np.float64(0.19533992585502585), np.float64(0.20087837755882287), np.float64(0.20697262782372713), np.float64(0.21058597129451412), np.float64(0.21573214828195578), np.float64(0.2200556904609643), np.float64(0.22281918269740847), np.float64(0.22618965194595875), np.float64(0.22986402870714162), np.float64(0.2352418868190927), np.float64(0.24311114877420503), np.float64(0.24931468681446475), np.float64(0.25270155019025586), np.float64(0.258933650886991), np.float64(0.2643576023496761), np.float64(0.2677747664892838), np.float64(0.2708283931434671), np.float64(0.27494447184439097), np.float64(0.2817943309023509), np.float64(0.2861640277324076), np.float64(0.2905293813549106), np.float64(0.2952446420118145), np.float64(0.29861719427131267), np.float64(0.3031166776611157), np.float64(0.30976777957242624), np.float64(0.3138469751761154), np.float64(0.31876518917176844), np.float64(0.3223932436341298), np.float64(0.3257343278258899)]","[np.float64(1.0492279081702007), np.float64(2.0964723806729024), np.float64(3.146590733313062), np.float64(4.189805765721009), np.float64(5.230866034766404), np.float64(6.273704017115928), np.float64(7.310112323276617), np.float64(8.335642968947939), np.float64(9.355046246680706), np.float64(10.365416259597893), np.float64(11.376401837292795), np.float64(12.378852741070814), np.float64(13.361858538075627), np.float64(14.355721131445607), np.float64(15.337453095569787), np.float64(16.305614037463528), np.float64(17.260855212870396), np.float64(18.19782340927557), np.float64(19.15244366180513), np.float64(20.101467634320908), np.float64(21.052142957120882), np.float64(21.987661140445127), np.float64(22.93658673034122), np.float64(23.857313510281532), np.float64(24.79468778403433), np.float64(25.70908785444957), np.float64(26.647213319806212), np.float64(27.561657485704284), np.float64(28.446685094363158), np.float64(29.371249726688433), np.float64(30.26779273342882), np.float64(31.155818131221544), np.float64(32.079584185411434), np.float64(32.96713462959676), np.float64(33.833431647625545), np.float64(34.72017662557107), np.float64(35.60955945248369), np.float64(36.50579208209973), np.float64(37.428038254656215), np.float64(38.29910712222544), np.float64(39.15735214007686), np.float64(40.052501236863606), np.float64(40.91925099060781), np.float64(41.796606220404406), np.float64(42.698199573191154), np.float64(43.58702010958159), np.float64(44.46798789639326), np.float64(45.31514801225757), np.float64(46.11256387809098), np.float64(46.93666756711088), np.float64(47.81063801154408), np.float64(48.62729291535215), np.float64(49.45601028232484), np.float64(50.32118720155211), np.float64(51.191446959204114), np.float64(52.03799588634559), np.float64(52.82552877576138), np.float64(53.660903993245505), np.float64(54.49369214244886), np.float64(55.3163503625614), np.float64(56.16521570179304), np.float64(56.98731672648404), np.float64(57.759253112361954), np.float64(58.58490793088209), np.float64(59.38924302464605), np.float64(60.220144770846915), np.float64(61.05549018408752)]",41500.29304071819,16.51424315189741,-154.6357387173921,25308.17281270027
89,STATE_B_DEFENSE,SEEDED,6.8,20.0,2513,0.125,690.0,720.0,210.0,325.16129032258067,0.403899721448468,0.47234381217668125,0.5801751579776833,True,0.3243440838619776,61.15075188033423,8.375,10.523374085773376,"[np.float64(-0.0017298750142718292), np.float64(0.00015697774105186057), np.float64(0.0018713475261069505), np.float64(0.002894873495976944), np.float64(0.006341652821595427), np.float64(0.00940102738482571), np.float64(0.013128411673559368), np.float64(0.015138760087049395), np.float64(0.020680928459375685), np.float64(0.02398714343678878), np.float64(0.02917849770349602), np.float64(0.034591759938696905), np.float64(0.04282463148285295), np.float64(0.049663729808271544), np.float64(0.057559226702409566), np.float64(0.06390473366696485), np.float64(0.07080104935743334), np.float64(0.07872408353213575), np.float64(0.0829851193625178), np.float64(0.08758479830527761), np.float64(0.09442372460564573), np.float64(0.1007622169872432), np.float64(0.10821770500810707), np.float64(0.11500292205332016), np.float64(0.12030529818528858), np.float64(0.1268386098726227), np.float64(0.1317378570899267), np.float64(0.13722376454969576), np.float64(0.14307614870905874), np.float64(0.1482256696935286), np.float64(0.15468198587962584), np.float64(0.1598506942552252), np.float64(0.16296635796570635), np.float64(0.16704746653433436), np.float64(0.17452314830167104), np.float64(0.18023412624927715), np.float64(0.1862956698474632), np.float64(0.1921813926425649), np.float64(0.19723367816039022), np.float64(0.20271056077724484), np.float64(0.20858413681556925), np.float64(0.21311032809960734), np.float64(0.21782362629503565), np.float64(0.21944316899046293), np.float64(0.22312947925878024), np.float64(0.22916765648716936), np.float64(0.23458455599826672), np.float64(0.2377937432521989), np.float64(0.2434183686287657), np.float64(0.24789008563836443), np.float64(0.25395100056616415), np.float64(0.256845633573188), np.float64(0.26270792031176315), np.float64(0.2691900016122119), np.float64(0.27376457323142966), np.float64(0.2762414783667595), np.float64(0.2815570387240985), np.float64(0.28447612918788234), np.float64(0.29098783215551877), np.float64(0.2948851985901333), np.float64(0.2984218611811111), np.float64(0.3025427349490627), np.float64(0.30642272085850114), np.float64(0.3104507678637478), np.float64(0.31498657625233983), np.float64(0.3194746143042527), np.float64(0.3243440838619776)]","[np.float64(1.0512436351552126), np.float64(2.1005031034314143), np.float64(3.148057766311841), np.float64(4.195267929534088), np.float64(5.235096559340703), np.float64(6.272588473288199), np.float64(7.304545676830138), np.float64(8.339781997427663), np.float64(9.356747846738637), np.float64(10.379589176609578), np.float64(11.388715646114926), np.float64(12.391507810566855), np.float64(13.371038166468372), np.float64(14.3525925743529), np.float64(15.32026671870224), np.float64(16.29281133347707), np.float64(17.25527733212048), np.float64(18.203073980535805), np.float64(19.176518898500063), np.float64(20.143078620505953), np.float64(21.08404632290641), np.float64(22.024362178390962), np.float64(22.947887408088), np.float64(23.872651351251836), np.float64(24.808427108279187), np.float64(25.725860176141524), np.float64(26.65742886099835), np.float64(27.577982046879374), np.float64(28.489697168099486), np.float64(29.40593854954895), np.float64(30.301066537533107), np.float64(31.208748356601628), np.float64(32.14088126899456), np.float64(33.056896150392966), np.float64(33.92068942488314), np.float64(34.80533620570848), np.float64(35.68064265287203), np.float64(36.55441546024967), np.float64(37.43713116072251), np.float64(38.30953191433597), np.float64(39.17173685489715), np.float64(40.05221665805746), np.float64(40.92641223494738), np.float64(41.85037080877019), np.float64(42.73696857968203), np.float64(43.57924341787676), np.float64(44.42882773970062), np.float64(45.31526377312109), np.float64(46.15458571892626), np.float64(47.012056958618814), np.float64(47.8362701018606), np.float64(48.718037993098676), np.float64(49.53952450541437), np.float64(50.34517504748832), np.float64(51.185331821378924), np.float64(52.065376811886615), np.float64(52.88509660599152), np.float64(53.75172314296881), np.float64(54.54040438252097), np.float64(55.381285660884096), np.float64(56.22757350702814), np.float64(57.05886328967362), np.float64(57.89300643937886), np.float64(58.72148578086646), np.float64(59.53606315812964), np.float64(60.349104821933096), np.float64(61.15075188033423)]",40788.44903838315,16.230978527012795,-132.25342401349917,25025.454699516296
90,STATE_B_DEFENSE,SEEDED,6.8,20.0,2513,0.125,690.0,720.0,210.0,325.16129032258067,0.40350179068842024,0.45085555113410264,0.607552860909702,True,0.32361206721004765,60.13511125025864,8.25,10.563401671815848,"[np.float64(-0.0006748138995447254), np.float64(-0.0018024795481342583), np.float64(-0.0005970584382999561), np.float64(-0.00032751655587424017), np.float64(0.002719928130851704), np.float64(0.0035401858542697283), np.float64(0.007679767490112511), np.float64(0.011848585160075479), np.float64(0.017165135255913233), np.float64(0.022898463266845154), np.float64(0.027808615430170266), np.float64(0.03502861175468815), np.float64(0.03937555099741601), np.float64(0.04559334273580469), np.float64(0.05166274754422947), np.float64(0.05838424803560939), np.float64(0.06536037120513709), np.float64(0.07342889043464737), np.float64(0.07986289594798923), np.float64(0.08617539376621569), np.float64(0.09230861074042225), np.float64(0.09796520644162494), np.float64(0.10338567069918621), np.float64(0.11129543574045982), np.float64(0.11637286481776749), np.float64(0.12358271306139439), np.float64(0.13045741096559949), np.float64(0.1342096587584095), np.float64(0.14089356212995804), np.float64(0.14726392995650678), np.float64(0.15337392921647963), np.float64(0.15866608803591947), np.float64(0.16654021522131635), np.float64(0.17124275353702265), np.float64(0.17630007642646978), np.float64(0.18176226003967738), np.float64(0.18676104945405983), np.float64(0.19010340264034936), np.float64(0.19486564908749865), np.float64(0.19964119982034864), np.float64(0.20378202418998678), np.float64(0.2082188592342632), np.float64(0.2118035077149005), np.float64(0.21630435775403611), np.float64(0.22154934701310117), np.float64(0.2246643716674175), np.float64(0.23064905778528227), np.float64(0.2358961993897577), np.float64(0.23940856671098149), np.float64(0.2448571212930623), np.float64(0.24996866555883956), np.float64(0.2584688332035655), np.float64(0.2613782933600556), np.float64(0.26763115671887105), np.float64(0.27177434430874975), np.float64(0.2774511384166626), np.float64(0.2815395191884066), np.float64(0.28525059800861446), np.float64(0.29177455132461333), np.float64(0.2977073290719821), np.float64(0.30025495111524575), np.float64(0.30684411401821166), np.float64(0.3119695761307273), np.float64(0.3162391395365956), np.float64(0.32001611781324524), np.float64(0.32361206721004765)]","[np.float64(1.0486030717981143), np.float64(2.09839041811772), np.float64(3.1456868380257137), np.float64(4.193683631152167), np.float64(5.234132632033869), np.float64(6.278391718427116), np.float64(7.3097296149190605), np.float64(8.336749742479215), np.float64(9.354300533731811), np.float64(10.3644981675268), np.float64(11.373682495571254), np.float64(12.364302179633228), np.float64(13.36662136722008), np.float64(14.351958606688944), np.float64(15.33266178865426), np.float64(16.302824035627474), np.float64(17.264944814726494), np.float64(18.211696636478077), np.float64(19.166103698684804), np.float64(20.11613575428352), np.float64(21.062560141196233), np.float64(22.008626185807437), np.float64(22.952431945742543), np.float64(23.864976912836344), np.float64(24.802754520920494), np.float64(25.71197077457195), np.float64(26.619580289242833), np.float64(27.559789925350564), np.float64(28.460332874600052), np.float64(29.359869921432537), np.float64(30.25806634484146), np.float64(31.162721068022393), np.float64(32.02791184278377), np.float64(32.932143620513465), np.float64(33.82778205795333), np.float64(34.713786226120305), np.float64(35.602838500329355), np.float64(36.51369556976509), np.float64(37.39982854697564), np.float64(38.28237271758993), np.float64(39.17188510277064), np.float64(40.053551211582324), np.float64(40.946510350865914), np.float64(41.821161208542435), np.float64(42.67971866597489), np.float64(43.57263580430735), np.float64(44.41148431406317), np.float64(45.26002413361771), np.float64(46.13742745980882), np.float64(46.9758657198997), np.float64(47.81731157329806), np.float64(48.58997253563959), np.float64(49.46724631346518), np.float64(50.27613103559423), np.float64(51.12369107111739), np.float64(51.93742575956146), np.float64(52.78048738374237), np.float64(53.6288678111861), np.float64(54.415571108306736), np.float64(55.211228900997334), np.float64(56.076399243566506), np.float64(56.85181558233047), np.float64(57.65582748432217), np.float64(58.4759270665512), np.float64(59.30458644725825), np.float64(60.13511125025864)]",41308.090973857536,16.437760037348802,-149.38823692454025,24592.220903277397
91,STATE_B_DEFENSE,SEEDED,6.8,20.0,2513,0.125,690.0,720.0,210.0,325.16129032258067,0.3995224830879427,0.46637485077596497,0.6049522953885146,True,0.3241388939879467,62.03079821968792,8.5,10.93993709770264,"[np.float64(-0.0010858250415231015), np.float64(-0.0017031107311857518), np.float64(-0.0016336275747136156), np.float64(-0.00026472750470008476), np.float64(0.0033419575300998768), np.float64(0.00394582200946815), np.float64(0.005987750785944426), np.float64(0.010691653645714576), np.float64(0.014965393266529046), np.float64(0.01941789638843034), np.float64(0.02382099047144924), np.float64(0.027390998861797362), np.float64(0.033669377420827686), np.float64(0.039941391463280164), np.float64(0.04483004865477145), np.float64(0.05224545779815626), np.float64(0.057988760300809794), np.float64(0.063340828689278), np.float64(0.07030819069655408), np.float64(0.07624582400452651), np.float64(0.08248329938564461), np.float64(0.09015483183729527), np.float64(0.09656502669703827), np.float64(0.10205144041933001), np.float64(0.10883471281950277), np.float64(0.11522729522034385), np.float64(0.12088691124629754), np.float64(0.12608428817325312), np.float64(0.13383861649395146), np.float64(0.13922138385272462), np.float64(0.14480433749184102), np.float64(0.15080542930818816), np.float64(0.15768546839368616), np.float64(0.1637733144532036), np.float64(0.1674814528142697), np.float64(0.17388759694431136), np.float64(0.1780597615419939), np.float64(0.1847668505851356), np.float64(0.1883892518485592), np.float64(0.195007566411857), np.float64(0.2006501748579512), np.float64(0.2050362299618745), np.float64(0.2108617190705438), np.float64(0.21434821372036292), np.float64(0.22011939292989563), np.float64(0.22581029099917144), np.float64(0.22994906128395684), np.float64(0.23352418839525402), np.float64(0.23886275824103698), np.float64(0.24420096967564806), np.float64(0.25044556661884526), np.float64(0.25448511062507323), np.float64(0.2595706343579576), np.float64(0.26415282600928536), np.float64(0.26914634051790415), np.float64(0.2737260235094505), np.float64(0.27856987474088574), np.float64(0.28312289242036404), np.float64(0.2881096756542529), np.float64(0.2893142517654926), np.float64(0.29370122112426045), np.float64(0.2976160930331662), np.float64(0.3038336037864747), np.float64(0.30669053099882865), np.float64(0.3125667436198008), np.float64(0.31570164477481366), np.float64(0.31975389396118564), np.float64(0.3241388939879467)]","[np.float64(1.05027043475582), np.float64(2.10119019210066), np.float64(3.151675609075811), np.float64(4.199356179000098), np.float64(5.239752162927162), np.float64(6.285811312489037), np.float64(7.326000127508152), np.float64(8.353065281456775), np.float64(9.377393064169992), np.float64(10.39654652539418), np.float64(11.411583141005606), np.float64(12.427351893250338), np.float64(13.422016095661153), np.float64(14.410824584421476), np.float64(15.404005328501846), np.float64(16.372940402559145), np.float64(17.34896706674779), np.float64(18.323207023832854), np.float64(19.27810781037783), np.float64(20.23669024645544), np.float64(21.187217287199882), np.float64(22.11789627300049), np.float64(23.05557027719241), np.float64(23.998026945959413), np.float64(24.921365243932186), np.float64(25.843830323806486), np.float64(26.76998287831517), np.float64(27.697323916280027), np.float64(28.58825215349749), np.float64(29.50410321988161), np.float64(30.41314194610745), np.float64(31.31224853389616), np.float64(32.19466253048287), np.float64(33.08338568745822), np.float64(34.00229865468518), np.float64(34.87823278898631), np.float64(35.783539079704624), np.float64(36.64648944591409), np.float64(37.55350501209328), np.float64(38.40960951213759), np.float64(39.27722898893085), np.float64(40.16191997118704), np.float64(41.01912661753711), np.float64(41.912762412289915), np.float64(42.76382828326968), np.float64(43.61254477793296), np.float64(44.485607267742374), np.float64(45.36622376173821), np.float64(46.21146208375157), np.float64(47.05328672660259), np.float64(47.87436303240871), np.float64(48.73442162770118), np.float64(49.571245892947914), np.float64(50.41493343278158), np.float64(51.247427151763716), np.float64(52.085308907248844), np.float64(52.91488420867035), np.float64(53.74760231120394), np.float64(54.56834956380584), np.float64(55.467307771101986), np.float64(56.29606885103232), np.float64(57.13257602182321), np.float64(57.915484344273615), np.float64(58.77042484522015), np.float64(59.55495305614016), np.float64(60.39909828085412), np.float64(61.22003236578099), np.float64(62.03079821968792)]",41275.828379570274,16.42492175868296,-149.48138948250562,24661.619423031807
92,STATE_B_DEFENSE,SEEDED,6.8,20.0,2513,0.125,690.0,720.0,210.0,325.16129032258067,0.40787902904894546,0.32232391563867885,0.5840261856282906,True,0.3245468018038708,61.03962126656123,8.375,10.641546168923398,"[np.float64(-0.001240758276387078), np.float64(-0.001476757393078123), np.float64(0.0013255617161956016), np.float64(0.0045808663464671755), np.float64(0.006573242671358203), np.float64(0.010953955588171707), np.float64(0.01448727457987529), np.float64(0.018557414733354437), np.float64(0.023975240640658268), np.float64(0.02993957971459125), np.float64(0.03567467914305279), np.float64(0.040000656478033365), np.float64(0.04449853519052378), np.float64(0.0497757425110617), np.float64(0.05601281640231246), np.float64(0.060733286575447167), np.float64(0.06510533885579442), np.float64(0.07147697517257708), np.float64(0.07731145543009788), np.float64(0.08452209534681712), np.float64(0.09211747225853491), np.float64(0.09912590604679893), np.float64(0.10542456450868697), np.float64(0.11051992477706435), np.float64(0.11590208257359383), np.float64(0.122364104473249), np.float64(0.12881752844687638), np.float64(0.13587379855654197), np.float64(0.1397350409217158), np.float64(0.1476570449269586), np.float64(0.15290290497408918), np.float64(0.15862244644607157), np.float64(0.16326364244302943), np.float64(0.16817052858712975), np.float64(0.1730588884519302), np.float64(0.1765124024863426), np.float64(0.18037546246569378), np.float64(0.18554146111257697), np.float64(0.18884606268565568), np.float64(0.19280687894806864), np.float64(0.1991931998050565), np.float64(0.20384315775808104), np.float64(0.2091838299840612), np.float64(0.2163954666830136), np.float64(0.2203719002616576), np.float64(0.2247600002608312), np.float64(0.2308232909090227), np.float64(0.23469971829033368), np.float64(0.2397497105470629), np.float64(0.24588790451479708), np.float64(0.249814003306378), np.float64(0.2530520224435671), np.float64(0.26027252993150113), np.float64(0.2641474437649342), np.float64(0.26940805954505664), np.float64(0.2737833236909789), np.float64(0.2798735618319534), np.float64(0.285845713484212), np.float64(0.28872810937433513), np.float64(0.2942372346502508), np.float64(0.29827722563596837), np.float64(0.3018283968672122), np.float64(0.3088724889602587), np.float64(0.31226089535633844), np.float64(0.3171866870485581), np.float64(0.32174800237532), np.float64(0.3245468018038708)]","[np.float64(1.0491565015777924), np.float64(2.098560954699281), np.float64(3.1434335566288474), np.float64(4.184448450380193), np.float64(5.22538140334596), np.float64(6.256857214361183), np.float64(7.28694379705593), np.float64(8.31127995910197), np.float64(9.325421344187436), np.float64(10.331533963987974), np.float64(11.333177420511651), np.float64(12.337726000458247), np.float64(13.337060352509186), np.float64(14.326841321803972), np.float64(15.30478898981303), np.float64(16.288742793192686), np.float64(17.27123217328537), np.float64(18.232732712737306), np.float64(19.19347643275387), np.float64(20.13638356360829), np.float64(21.06955188047122), np.float64(22.002378958739623), np.float64(22.936859916360003), np.float64(23.879143530784724), np.float64(24.814049622467564), np.float64(25.73221346111354), np.float64(26.64542020855866), np.float64(27.546325325522265), np.float64(28.48175388191189), np.float64(29.362016136078463), np.float64(30.27164410331223), np.float64(31.170925063225038), np.float64(32.08082619461853), np.float64(32.983480085664944), np.float64(33.882763061416455), np.float64(34.79965413682444), np.float64(35.70773634368975), np.float64(36.59282215448069), np.float64(37.503558453809966), np.float64(38.401271596063445), np.float64(39.25635387457513), np.float64(40.13608592685268), np.float64(41.0008605369368), np.float64(41.82981672812115), np.float64(42.710739991269485), np.float64(43.58158454602612), np.float64(44.419195320016286), np.float64(45.29301640502095), np.float64(46.14235477242775), np.float64(46.96790633706087), np.float64(47.83195861909536), np.float64(48.70678618365466), np.float64(49.501039192094694), np.float64(50.35766404619689), np.float64(51.18382590861547), np.float64(52.02486109750966), np.float64(52.827736558190274), np.float64(53.62956132939366), np.float64(54.49316625219752), np.float64(55.298708320367105), np.float64(56.132811796810216), np.float64(56.975153112063914), np.float64(57.7381097243017), np.float64(58.578812312335415), np.float64(59.38275906657474), np.float64(60.192209569861156), np.float64(61.03962126656123)]",41933.38976437123,16.686585660314858,-143.09348249156028,25417.801469564438
93,STATE_B_DEFENSE,SEEDED,6.8,20.0,2513,0.125,690.0,720.0,210.0,325.16129032258067,0.40628730600875446,0.3318742538798249,0.5471499109798119,True,0.32299067953751953,60.39157683183953,8.25,10.472142596517154,"[np.float64(-0.001147614261694051), np.float64(-0.0019938025119057377), np.float64(-0.000278600455591953), np.float64(0.003159769600139373), np.float64(0.004721004795812706), np.float64(0.005156139445655085), np.float64(0.007711069998636984), np.float64(0.012087274179595596), np.float64(0.016218885971985102), np.float64(0.022005006476238806), np.float64(0.02831358623754687), np.float64(0.03459239639117502), np.float64(0.0420343917767951), np.float64(0.04939302901811449), np.float64(0.05629061767652381), np.float64(0.06371291917461551), np.float64(0.07077108039006728), np.float64(0.07563262837064741), np.float64(0.08220486577405349), np.float64(0.08761374146217735), np.float64(0.09337621446732934), np.float64(0.10016116562030909), np.float64(0.10450434052130278), np.float64(0.11163422909715763), np.float64(0.11925786786187444), np.float64(0.12642080308790032), np.float64(0.13197151698735465), np.float64(0.13667425505556324), np.float64(0.1418007938503657), np.float64(0.14841559171831006), np.float64(0.1558950936520378), np.float64(0.16074655820138578), np.float64(0.1654418535529665), np.float64(0.17160821260819406), np.float64(0.17810807093560724), np.float64(0.18291412123727105), np.float64(0.18753715462219908), np.float64(0.19136598397013047), np.float64(0.19743712929019433), np.float64(0.2021050535109098), np.float64(0.20596745355907686), np.float64(0.2114706834979444), np.float64(0.2180289856839529), np.float64(0.22256330128176433), np.float64(0.22630263879777057), np.float64(0.23047723895627756), np.float64(0.2345873066905104), np.float64(0.23870797793845733), np.float64(0.24299377852533832), np.float64(0.24755332669074104), np.float64(0.2514625657736678), np.float64(0.25747450349943674), np.float64(0.26283375785690943), np.float64(0.2681208012211454), np.float64(0.27297237803516655), np.float64(0.2763129552429137), np.float64(0.28051153082837443), np.float64(0.287193726046583), np.float64(0.2922596786374006), np.float64(0.2954762447415979), np.float64(0.3000459512253132), np.float64(0.30480781133282153), np.float64(0.30833442027392116), np.float64(0.3142218810699078), np.float64(0.3191717431417255), np.float64(0.32299067953751953)]","[np.float64(1.0530771038302993), np.float64(2.107046900178544), np.float64(3.1578579226126093), np.float64(4.203255247246848), np.float64(5.249985325081519), np.float64(6.298618603283363), np.float64(7.339066979757133), np.float64(8.369351942646814), np.float64(9.39636123553546), np.float64(10.410805056980871), np.float64(11.416703552324979), np.float64(12.416735527901034), np.float64(13.403343625750784), np.float64(14.383672106349884), np.float64(15.36067759753051), np.float64(16.327458616952214), np.float64(17.290654418063887), np.float64(18.26633201449129), np.float64(19.22249186666646), np.float64(20.18382530578598), np.float64(21.137095507980973), np.float64(22.07523580809534), np.float64(23.03323552955959), np.float64(23.957478783991608), np.float64(24.870571022951154), np.float64(25.783023395397137), np.float64(26.708951568420485), np.float64(27.64081508290705), np.float64(28.563646758021015), np.float64(29.463378207869855), np.float64(30.346828453414364), np.float64(31.260225175008493), np.float64(32.17210375471004), np.float64(33.059671921643286), np.float64(33.93800464123895), np.float64(34.836676741682616), np.float64(35.734601790909124), np.float64(36.64138023709803), np.float64(37.510173493007585), np.float64(38.3972044187126), np.float64(39.29405865276437), np.float64(40.16092081957179), np.float64(41.00628916260741), np.float64(41.88203977956935), np.float64(42.76854822117724), np.float64(43.64473544682207), np.float64(44.51924393845469), np.float64(45.39077480113124), np.float64(46.25646376624665), np.float64(47.1141403157802), np.float64(47.98130661776591), np.float64(48.80502904773354), np.float64(49.63792335978093), np.float64(50.46895037455865), np.float64(51.30551193687748), np.float64(52.16993122720716), np.float64(53.014410292071695), np.float64(53.80428474534529), np.float64(54.62455862758824), np.float64(55.48139209767677), np.float64(56.306860032559705), np.float64(57.12539834630051), np.float64(57.96849055099173), np.float64(58.75657241550878), np.float64(59.562581550339694), np.float64(60.39157683183953)]",39910.62615997101,15.881665801818947,-149.75908389128745,25082.153997659683
94,STATE_B_DEFENSE,SEEDED,6.8,20.0,2513,0.125,690.0,720.0,210.0,325.16129032258067,0.3979307600477517,0.41225626740947074,0.6098585028244166,True,0.32257994938135737,60.19721317137027,8.25,10.563343898270055,"[np.float64(-0.001455857085377553), np.float64(-0.002607298347987873), np.float64(-0.001751769144437303), np.float64(-0.00022535866870218002), np.float64(0.0029751634445369666), np.float64(0.0049729392216450044), np.float64(0.009031975809634272), np.float64(0.01101558409396721), np.float64(0.014487893913715542), np.float64(0.018964732216301683), np.float64(0.024199512807630774), np.float64(0.03174362819686145), np.float64(0.038067820943949275), np.float64(0.04486365195853989), np.float64(0.05067363419381153), np.float64(0.057036942183173185), np.float64(0.06533449795491579), np.float64(0.07225975686645908), np.float64(0.0800193193474005), np.float64(0.08646217140969537), np.float64(0.09365507981896248), np.float64(0.09912666872025662), np.float64(0.10626357695941183), np.float64(0.11145171831953123), np.float64(0.11620130450207085), np.float64(0.12282947085776083), np.float64(0.1276745732850126), np.float64(0.1320339274333658), np.float64(0.13856961600924111), np.float64(0.14601114417770963), np.float64(0.15125739364772484), np.float64(0.15659511757906452), np.float64(0.1615465438891813), np.float64(0.16677069985888018), np.float64(0.17196275946259604), np.float64(0.17883118075738175), np.float64(0.18270825282316627), np.float64(0.1867140911384402), np.float64(0.19076954109706612), np.float64(0.19653553516080713), np.float64(0.20188529221589704), np.float64(0.2084815989911366), np.float64(0.2146890081476516), np.float64(0.21910110563431617), np.float64(0.22455818638247385), np.float64(0.2304412157396939), np.float64(0.2345109981105135), np.float64(0.23916679856473338), np.float64(0.2441907575737042), np.float64(0.25015395284490505), np.float64(0.25479427953491773), np.float64(0.25746439383055925), np.float64(0.26190702003617156), np.float64(0.2685963098896256), np.float64(0.2739351247095892), np.float64(0.2783736626650076), np.float64(0.2801751686682246), np.float64(0.28429691966286974), np.float64(0.28871946356853434), np.float64(0.291875536790963), np.float64(0.2966238859482087), np.float64(0.30026098359189646), np.float64(0.3056107293205377), np.float64(0.3107605771697345), np.float64(0.31764285084633814), np.float64(0.32257994938135737)]","[np.float64(1.049686914868876), np.float64(2.1005852925779314), np.float64(3.1495274501681583), np.float64(4.196163005479858), np.float64(5.236828273141755), np.float64(6.277944677007436), np.float64(7.309522263361254), np.float64(8.345540705024051), np.float64(9.372652009908242), np.float64(10.391155438582683), np.float64(11.401022964114711), np.float64(12.391924708578339), np.float64(13.383629507599414), np.float64(14.366191216484902), np.float64(15.34973067286832), np.float64(16.323689210241405), np.float64(17.27624458140902), np.float64(18.233326945952715), np.float64(19.17702597905843), np.float64(20.12640040884129), np.float64(21.06311142555052), np.float64(22.011124273148095), np.float64(22.93728162356989), np.float64(23.87862738581298), np.float64(24.820593590045043), np.float64(25.737115065540237), np.float64(26.669525437387556), np.float64(27.60398149397135), np.float64(28.50766329138178), np.float64(29.394782563984563), np.float64(30.305321480558145), np.float64(31.210643191106712), np.float64(32.11730153600987), np.float64(33.016389361284276), np.float64(33.91209000828328), np.float64(34.779241894072555), np.float64(35.6866949197856), np.float64(36.5892885227303), np.float64(37.48816356656508), np.float64(38.35664460425589), np.float64(39.227963644769986), np.float64(40.07492212948812), np.float64(40.924117464394), np.float64(41.799995175574416), np.float64(42.65463387155838), np.float64(43.49815278234241), np.float64(44.37044598334562), np.float64(45.229290044229856), np.float64(46.07825377826539), np.float64(46.90635357119923), np.float64(47.75593239977634), np.float64(48.64059884009983), np.float64(49.488650261631776), np.float64(50.28928438490432), np.float64(51.11312701765721), np.float64(51.95203183705854), np.float64(52.842526503990854), np.float64(53.68323647266488), np.float64(54.515027501325015), np.float64(55.37125039922321), np.float64(56.19093308283925), np.float64(57.03216283908692), np.float64(57.83318519733395), np.float64(58.635644924233056), np.float64(59.39609857916096), np.float64(60.19721317137027)]",40847.875500798255,16.254626144368586,-156.41638582618907,24774.437148332596
97,STATE_B_DEFENSE,SEEDED,6.8,20.0,2513,0.125,690.0,720.0,210.0,325.16129032258067,0.40469558296856345,0.34540389972144847,0.6030779624657896,True,0.3245365498908617,60.243013502442345,8.25,10.447277266111556,"[np.float64(-0.001361596650798763), np.float64(-0.0012609651476898909), np.float64(-0.002158072346967853), np.float64(-0.0007252769527254878), np.float64(0.0010421439157613098), np.float64(0.004847002983407402), np.float64(0.009774385219020208), np.float64(0.014519730094835682), np.float64(0.018163799358825942), np.float64(0.0242634971000075), np.float64(0.029231960627982747), np.float64(0.036235417804909374), np.float64(0.04431879439733535), np.float64(0.04842560763264424), np.float64(0.05444034387899251), np.float64(0.0627636713242157), np.float64(0.07002034365302102), np.float64(0.07661522442781706), np.float64(0.0815251508714927), np.float64(0.08864888291881634), np.float64(0.0966878368379799), np.float64(0.10197607851500604), np.float64(0.11117053403700032), np.float64(0.11780847004806297), np.float64(0.12264774274297), np.float64(0.12808810334171453), np.float64(0.13246566196400877), np.float64(0.14009052504919392), np.float64(0.1452217594859939), np.float64(0.15006624176232022), np.float64(0.1560768915126983), np.float64(0.16129326277528672), np.float64(0.1675526124502572), np.float64(0.17279769486546928), np.float64(0.17856648242636447), np.float64(0.18415581062851505), np.float64(0.18960307943626972), np.float64(0.19356531787838285), np.float64(0.1955377723659649), np.float64(0.20344480425574685), np.float64(0.20858747386942478), np.float64(0.2124285911244268), np.float64(0.21716772783551483), np.float64(0.2222588364269655), np.float64(0.22724015997289074), np.float64(0.23189664930326165), np.float64(0.23615588221980233), np.float64(0.24083361770574727), np.float64(0.24671803089950356), np.float64(0.2526423765918379), np.float64(0.25695808492690636), np.float64(0.2623831093866642), np.float64(0.2684087101964988), np.float64(0.27144795142491646), np.float64(0.27377519167411446), np.float64(0.2784384887388239), np.float64(0.28335195384796164), np.float64(0.28887024270129646), np.float64(0.29255703661974164), np.float64(0.2971996978080097), np.float64(0.30425496467392343), np.float64(0.30837240371948327), np.float64(0.31117775763331207), np.float64(0.3161338138910204), np.float64(0.32035633465004887), np.float64(0.3245365498908617)]","[np.float64(1.051212689040899), np.float64(2.1023194567408705), np.float64(3.15489643028499), np.float64(4.203511757295015), np.float64(5.249749122396682), np.float64(6.2877607116114325), np.float64(7.317800934386918), np.float64(8.343618999407111), np.float64(9.369758766738359), np.float64(10.379797438901397), np.float64(11.39018503647001), np.float64(12.383595455326438), np.float64(13.363540415690617), np.float64(14.363290750399655), np.float64(15.345285684501983), np.float64(16.304082287626418), np.float64(17.264246574182213), np.float64(18.22371743016485), np.float64(19.192432213203908), np.float64(20.136352543550142), np.float64(21.065535683970236), np.float64(22.015640426088414), np.float64(22.92092837277178), np.float64(23.846369539220444), np.float64(24.78637300736328), np.float64(25.71559423756898), np.float64(26.65299200790031), np.float64(27.54755693102946), np.float64(28.467408175424275), np.float64(29.386952637033808), np.float64(30.287474382740236), np.float64(31.194192739491736), np.float64(32.08266496563871), np.float64(32.980868757633324), np.float64(33.8677018233963), np.float64(34.75304011801946), np.float64(35.63653008365568), np.float64(36.538879685078236), np.float64(37.469481393911195), np.float64(38.30377955863583), np.float64(39.17775431662822), np.float64(40.06968533130867), np.float64(40.94378304247808), np.float64(41.80861778226751), np.float64(42.67194716316805), np.float64(43.537693817403024), np.float64(44.40746315839816), np.float64(45.266736778270975), np.float64(46.100611473208524), np.float64(46.93006768947005), np.float64(47.78642093630886), np.float64(48.61860372721364), np.float64(49.43573412927601), np.float64(50.30824795350214), np.float64(51.19305207709632), np.float64(52.02868322123602), np.float64(52.85629208547919), np.float64(53.66833490896321), np.float64(54.51573598611372), np.float64(55.340433538813954), np.float64(56.11039317166555), np.float64(56.9404280893471), np.float64(57.796892506576), np.float64(58.60365143367771), np.float64(59.42408538301244), np.float64(60.243013502442345)]",41111.91729300847,16.359696495427166,-145.70864432724193,25397.964390039444
95,STATE_B_DEFENSE,SEEDED,6.8,20.0,2513,0.125,690.0,720.0,210.0,325.16129032258067,0.4027059291683247,0.3625149224035018,0.5970187816135846,True,0.32344487908396824,61.06088364714648,8.375,10.60603967650848,"[np.float64(-0.0034877514935839214), np.float64(-0.003953309544518535), np.float64(-0.0020167816576987445), np.float64(-0.002756046115989929), np.float64(-0.0020662990606873394), np.float64(0.002380999143433363), np.float64(0.005608494482737192), np.float64(0.009249858836177878), np.float64(0.015985301024093793), np.float64(0.02092707023062563), np.float64(0.028523514880051202), np.float64(0.033692742577790404), np.float64(0.040098883128728405), np.float64(0.046152511044475396), np.float64(0.05172956784755958), np.float64(0.057123312105192), np.float64(0.06550901573316192), np.float64(0.07235191468409585), np.float64(0.07919874423897941), np.float64(0.08507919514107846), np.float64(0.09145437107947935), np.float64(0.09873360850676191), np.float64(0.10454330090301923), np.float64(0.11079277076143976), np.float64(0.11681421809494524), np.float64(0.12247347488871274), np.float64(0.12865889328565733), np.float64(0.13444366016654555), np.float64(0.14180936973598604), np.float64(0.14687967593323104), np.float64(0.14984743248526275), np.float64(0.15561922100180617), np.float64(0.16271936706753282), np.float64(0.16902551971538704), np.float64(0.17372652695292434), np.float64(0.17755993477881085), np.float64(0.18329342785240077), np.float64(0.18695785349862445), np.float64(0.1927458338677173), np.float64(0.1999767862418304), np.float64(0.20506128839649176), np.float64(0.21114835949348906), np.float64(0.21638652137349623), np.float64(0.21962177742622938), np.float64(0.22582371323264167), np.float64(0.23121436694865577), np.float64(0.23350330304582512), np.float64(0.23963692437608022), np.float64(0.24587810345642), np.float64(0.24867044479585323), np.float64(0.2528634600824278), np.float64(0.2587880496430887), np.float64(0.26209612234459806), np.float64(0.26644262610011665), np.float64(0.27007318022388943), np.float64(0.27420904941918933), np.float64(0.2801216865726488), np.float64(0.28449165503445367), np.float64(0.2879573393813677), np.float64(0.2945904296627935), np.float64(0.2992069312383067), np.float64(0.3014052397978792), np.float64(0.30660483856149207), np.float64(0.3118801299860827), np.float64(0.3153714400370427), np.float64(0.32067717464629075), np.float64(0.32344487908396824)]","[np.float64(1.05026741271793), np.float64(2.1010256692205087), np.float64(3.1484793312857557), np.float64(4.19952814775718), np.float64(5.2475957399715005), np.float64(6.283130046020962), np.float64(7.318545623519802), np.float64(8.348949794372677), np.float64(9.361382879779034), np.float64(10.37633182066371), np.float64(11.371736389073316), np.float64(12.37447331937686), np.float64(13.364331769010354), np.float64(14.350655730450768), np.float64(15.334881643051764), np.float64(16.31542415572715), np.float64(17.266788449422055), np.float64(18.224056386518853), np.float64(19.175385178686064), np.float64(20.129847674158015), np.float64(21.074521061021226), np.float64(22.00481326375643), np.float64(22.944451186790896), np.float64(23.874590461771458), np.float64(24.802231263564593), np.float64(25.729213788864012), np.float64(26.645484488911542), np.float64(27.561812649388866), np.float64(28.453939763792178), np.float64(29.369972343917873), np.float64(30.30978076597766), np.float64(31.209284422380644), np.float64(32.08615652732297), np.float64(32.9691789847031), np.float64(33.8708265986938), np.float64(34.78181185200788), np.float64(35.66126207034961), np.float64(36.568501027196305), np.float64(37.43965723239242), np.float64(38.28377720539181), np.float64(39.157999833929146), np.float64(40.01214453397488), np.float64(40.87651547102548), np.float64(41.77161844781491), np.float64(42.61276506743429), np.float64(43.46425155106567), np.float64(44.36790381193675), np.float64(45.19966297849914), np.float64(46.025605919976584), np.float64(46.91236193724334), np.float64(47.77047016044003), np.float64(48.59238876217025), np.float64(49.461907911588646), np.float64(50.30859760318945), np.float64(51.1669497695774), np.float64(52.01263973972104), np.float64(52.819032189375946), np.float64(53.65417990625082), np.float64(54.50577055037057), np.float64(55.28741255257764), np.float64(56.10891643023094), np.float64(56.980548457098024), np.float64(57.784269790287055), np.float64(58.58333725356774), np.float64(59.41968754788287), np.float64(60.21252098887422), np.float64(61.06088364714648)]",41278.84354133483,16.426121584295593,-149.5002984907478,25275.491335392
96,STATE_B_DEFENSE,SEEDED,6.8,20.0,2513,0.125,690.0,720.0,210.0,325.16129032258067,0.40350179068842024,0.4488658973338639,0.6165838504468142,True,0.32526859143517906,61.729626885903535,8.5,11.000614110808705,"[np.float64(-0.0023061831217923183), np.float64(-0.003376703523308342), np.float64(-0.0031406403805181427), np.float64(-0.0011641299833110635), np.float64(-0.0004881186488681708), np.float64(0.004068901065979288), np.float64(0.008998834852081526), np.float64(0.012069849677699657), np.float64(0.01679489582081353), np.float64(0.02477082699611291), np.float64(0.02972021945807893), np.float64(0.03446506923034425), np.float64(0.03957131001222858), np.float64(0.045402948045374106), np.float64(0.05089283474025076), np.float64(0.057443388107385064), np.float64(0.06277091342051673), np.float64(0.0698839750668013), np.float64(0.07425143310448604), np.float64(0.08108281969707373), np.float64(0.08765068974709316), np.float64(0.09363575510758643), np.float64(0.10033606370603845), np.float64(0.10699301307679353), np.float64(0.11315326090729577), np.float64(0.12031725273614148), np.float64(0.12539291795599197), np.float64(0.13227847333623863), np.float64(0.13901931097603748), np.float64(0.1422473052338628), np.float64(0.14715219160164278), np.float64(0.15218094450752098), np.float64(0.15561876774782368), np.float64(0.16190338326609255), np.float64(0.1660516414354092), np.float64(0.1702802713811689), np.float64(0.17696376387542925), np.float64(0.18286285554090423), np.float64(0.18764191661093674), np.float64(0.19240069408188498), np.float64(0.19714475756890196), np.float64(0.2021462258124453), np.float64(0.20799214391532783), np.float64(0.2117844331933143), np.float64(0.21472203426115255), np.float64(0.21807721560793794), np.float64(0.22474281773682117), np.float64(0.22724913594477208), np.float64(0.2320999669264877), np.float64(0.23747709836262335), np.float64(0.24223180196696822), np.float64(0.24763051429481808), np.float64(0.25213026976347513), np.float64(0.2578999296101706), np.float64(0.2633388285414081), np.float64(0.2677418943400633), np.float64(0.27117648909988934), np.float64(0.2749219441177751), np.float64(0.28080796791915097), np.float64(0.28511849878804835), np.float64(0.2866043990863444), np.float64(0.2907349022946706), np.float64(0.29677971148490323), np.float64(0.30436624742731266), np.float64(0.31096717609167923), np.float64(0.31609883681025286), np.float64(0.3195045122049453), np.float64(0.32526859143517906)]","[np.float64(1.0462562168711667), np.float64(2.093635965591422), np.float64(3.1400820858391163), np.float64(4.182631637567332), np.float64(5.2265211933887485), np.float64(6.257576741157402), np.float64(7.282649347563171), np.float64(8.310390574913821), np.float64(9.32744125868715), np.float64(10.323413310743442), np.float64(11.328430818816726), np.float64(12.32991330000334), np.float64(13.324560760664374), np.float64(14.309447559070076), np.float64(15.291452343154049), np.float64(16.26028343615839), np.float64(17.23319425245393), np.float64(18.186153639252908), np.float64(19.15743329501834), np.float64(20.101904470169977), np.float64(21.043174999792225), np.float64(21.984825483133246), np.float64(22.914049890285355), np.float64(23.838311680368648), np.float64(24.762769731964408), np.float64(25.670807372213428), np.float64(26.59796236644945), np.float64(27.499075789343294), np.float64(28.396783232471066), np.float64(29.334444980254016), np.float64(30.24738722767888), np.float64(31.154897454036238), np.float64(32.08066326110377), np.float64(32.9632937644311), np.float64(33.87239022637288), np.float64(34.7771710055397), np.float64(35.64157358321256), np.float64(36.513468659972354), np.float64(37.39887517750714), np.float64(38.28120265019373), np.float64(39.16040860601586), np.float64(40.03200421229246), np.float64(40.885855799504874), np.float64(41.77117422643619), np.float64(42.668831629484735), np.float64(43.55691513372172), np.float64(44.38253449020108), np.float64(45.280536285480025), np.float64(46.13279834288052), np.float64(46.971898216190795), np.float64(47.819556770425024), np.float64(48.65159037754423), np.float64(49.49801743131859), np.float64(50.31615025697201), np.float64(51.137496088517295), np.float64(51.97677121601775), np.float64(52.833407527187774), np.float64(53.68128303663824), np.float64(54.481203575974135), np.float64(55.31161697367077), np.float64(56.200995835027456), np.float64(57.03085132578144), np.float64(57.81548028906494), np.float64(58.562133438370424), np.float64(59.32723930111932), np.float64(60.122409161696595), np.float64(60.95453952976873), np.float64(61.729626885903535)]",43201.692077590924,17.191282163784688,-132.70812134398147,25037.45534181595
98,STATE_B_DEFENSE,SEEDED,6.8,20.0,2513,0.125,690.0,720.0,210.0,325.16129032258067,0.40628730600875446,0.4194190210903303,0.5803006430121268,True,0.3272422342845351,61.046909841147574,8.375,10.637266996134576,"[np.float64(-0.001515430056226154), np.float64(-0.002096771857955761), np.float64(-0.002040291382102592), np.float64(0.0005563855158331544), np.float64(0.0038293808860047655), np.float64(0.005661812816411302), np.float64(0.009937254634889285), np.float64(0.01471382594914695), np.float64(0.022100318209825078), np.float64(0.026588216195256503), np.float64(0.03147631437706111), np.float64(0.035831281481566515), np.float64(0.04182523964703432), np.float64(0.045324076612228564), np.float64(0.053097451799477086), np.float64(0.05911634455525947), np.float64(0.06788835316313262), np.float64(0.07460536956199289), np.float64(0.07996294503400113), np.float64(0.08626288244011024), np.float64(0.09373710000163063), np.float64(0.10063647535388906), np.float64(0.1085597847665519), np.float64(0.114191819406313), np.float64(0.1215093622828142), np.float64(0.12709624703141992), np.float64(0.13219196828862997), np.float64(0.1396844363250385), np.float64(0.14634946397357343), np.float64(0.1494265905405118), np.float64(0.15480093085961327), np.float64(0.16078063895211084), np.float64(0.16581070162389394), np.float64(0.1694971910016533), np.float64(0.17769007882773588), np.float64(0.18345055929862672), np.float64(0.19100687627755672), np.float64(0.19665556063812253), np.float64(0.20204113744856425), np.float64(0.20649229155263654), np.float64(0.21202564894319195), np.float64(0.21605797876920108), np.float64(0.21837458122928943), np.float64(0.2226242595014929), np.float64(0.22638853633915565), np.float64(0.23037359358433987), np.float64(0.23476660220624346), np.float64(0.23887116650010884), np.float64(0.24494754041081532), np.float64(0.2512298769284324), np.float64(0.256479061939854), np.float64(0.26035518166766364), np.float64(0.265249864463703), np.float64(0.271453263531976), np.float64(0.2771850836643962), np.float64(0.27941248864149215), np.float64(0.2834079255316878), np.float64(0.28683910561770587), np.float64(0.2918775093361938), np.float64(0.2947544266685665), np.float64(0.30046481562677557), np.float64(0.30545085638731806), np.float64(0.31049671670039136), np.float64(0.3141253363694867), np.float64(0.31696788847891555), np.float64(0.32180138853297147), np.float64(0.3272422342845351)]","[np.float64(1.0504933316692622), np.float64(2.1015985531015704), np.float64(3.152308621918195), np.float64(4.197620635903942), np.float64(5.238464821814041), np.float64(6.280428122336026), np.float64(7.311640377462541), np.float64(8.336469717750902), np.float64(9.344578712235114), np.float64(10.36014518228315), np.float64(11.3691248089666), np.float64(12.376581721062273), np.float64(13.369337715047989), np.float64(14.373632534722248), np.float64(15.343377029225794), np.float64(16.31969832523284), np.float64(17.26831551891037), np.float64(18.226865164014296), np.float64(19.19168702336189), np.float64(20.143109080497773), np.float64(21.07787388684994), np.float64(22.012263809222517), np.float64(22.93043296849878), np.float64(23.866857376313), np.float64(24.780070399303508), np.float64(25.707321267217868), np.float64(26.635920389931048), np.float64(27.531489079360487), np.float64(28.431741419285075), np.float64(29.372750325979542), np.float64(30.281132258404334), np.float64(31.17732709205725), np.float64(32.08218212784566), np.float64(33.002231348767104), np.float64(33.854508649256694), np.float64(34.736928923897246), np.float64(35.58840862698346), np.float64(36.46388967847763), np.float64(37.339536312608764), np.float64(38.22624988582188), np.float64(39.09236367622479), np.float64(39.97938678452528), np.float64(40.892345317669815), np.float64(41.77054588316111), np.float64(42.65426389285478), np.float64(43.531467671534784), np.float64(44.3986126535141), np.float64(45.26808718070449), np.float64(46.09826001024153), np.float64(46.92080237849818), np.float64(47.75914321144825), np.float64(48.62065966803257), np.float64(49.45972516328378), np.float64(50.269844088259596), np.float64(51.08574715091066), np.float64(51.969281562941404), np.float64(52.81490173599852), np.float64(53.66978399272995), np.float64(54.48855887619427), np.float64(55.35049727850381), np.float64(56.14932122025579), np.float64(56.96071139209695), np.float64(57.76789727799771), np.float64(58.60377045179623), np.float64(59.45518607718477), np.float64(60.25940130949031), np.float64(61.046909841147574)]",41373.36302886787,16.463733795808942,-148.31436826987192,25157.53436732292
99,STATE_B_DEFENSE,SEEDED,6.8,20.0,2513,0.125,690.0,720.0,210.0,325.16129032258067,0.39275766016713093,0.4460803820135296,0.5976422210723699,True,0.32447809011994916,62.81953844150247,8.625,11.01830338225053,"[np.float64(-0.001803999085595489), np.float64(-0.001877036492085185), np.float64(0.0003464178117537911), np.float64(0.000397595121602525), np.float64(0.0021915041878078755), np.float64(0.004500022649781367), np.float64(0.006818908715177211), np.float64(0.012860457300467976), np.float64(0.020201686689411687), np.float64(0.02320211026439404), np.float64(0.027428677789105026), np.float64(0.03256959460926027), np.float64(0.03808766101707861), np.float64(0.04257570087348289), np.float64(0.04900431041095882), np.float64(0.05484872781218815), np.float64(0.05912165276204836), np.float64(0.06602372654971171), np.float64(0.07228259004346807), np.float64(0.07766088551966258), np.float64(0.08532326300891957), np.float64(0.09273752080583504), np.float64(0.09868302727654726), np.float64(0.10458989588746988), np.float64(0.1098510454696118), np.float64(0.11436639546421412), np.float64(0.11753561668350711), np.float64(0.1233081668151521), np.float64(0.13051285669554621), np.float64(0.13790885849309992), np.float64(0.1436133680744199), np.float64(0.14832972748772863), np.float64(0.15503441196937337), np.float64(0.16003653352288566), np.float64(0.1687487150363709), np.float64(0.17334520693026487), np.float64(0.1787622718971901), np.float64(0.18430508163048975), np.float64(0.19044532972482078), np.float64(0.1948772268179494), np.float64(0.19954455307498023), np.float64(0.20571157747101282), np.float64(0.21063186892586774), np.float64(0.21329751577181594), np.float64(0.216525267220244), np.float64(0.21951040935581778), np.float64(0.22592978676944867), np.float64(0.23139243605909715), np.float64(0.23787421323327446), np.float64(0.24026904455063736), np.float64(0.2470125268525526), np.float64(0.2526892277201587), np.float64(0.25705611572421827), np.float64(0.25760860957795695), np.float64(0.26350160211796614), np.float64(0.2686656146997086), np.float64(0.2710287718339737), np.float64(0.27396683853932713), np.float64(0.2789191502954972), np.float64(0.28368892106031945), np.float64(0.2869397390594187), np.float64(0.29192363505162694), np.float64(0.2953253974717047), np.float64(0.30035027158737493), np.float64(0.30809587943773115), np.float64(0.31205854271956696), np.float64(0.3152698678513698), np.float64(0.3206188748771071), np.float64(0.32447809011994916)]","[np.float64(1.0487213918444025), np.float64(2.097519522219247), np.float64(3.1427807453862977), np.float64(4.190267142383846), np.float64(5.233144002818208), np.float64(6.272552639189997), np.float64(7.309545907437106), np.float64(8.328815054648507), np.float64(9.336143760733536), np.float64(10.35827235795898), np.float64(11.370639298304228), np.float64(12.373416144892442), np.float64(13.368860066245245), np.float64(14.366212166222263), np.float64(15.345133191480633), np.float64(16.322735025815113), np.float64(17.307886461325506), np.float64(18.266574366372215), np.float64(19.225029428251077), np.float64(20.18631171307655), np.float64(21.120674254359876), np.float64(22.05122866193265), np.float64(22.991095633380134), np.float64(23.92647653875982), np.float64(24.864269281642812), np.float64(25.806397592340698), np.float64(26.760924770234073), np.float64(27.68067095423106), np.float64(28.57776658389524), np.float64(29.46697503700019), np.float64(30.373170063338492), np.float64(31.28849790396448), np.float64(32.17247839051557), np.float64(33.07585834246597), np.float64(33.921536116819446), np.float64(34.82231490581243), np.float64(35.70727022040395), np.float64(36.586413619461496), np.float64(37.4522504471903), np.float64(38.34126071433337), np.float64(39.22326163463736), np.float64(40.077037828055964), np.float64(40.94778781151509), np.float64(41.854008863684484), np.float64(42.74841202207606), np.float64(43.64486108120876), np.float64(44.476755519457626), np.float64(45.322205562875396), np.float64(46.14512870862154), np.float64(47.04138412793811), np.float64(47.852298992717465), np.float64(48.67990386371895), np.float64(49.52980026178349), np.float64(50.453238558836), np.float64(51.26758152188977), np.float64(52.09337342822622), np.float64(52.974297295945235), np.float64(53.84147779212367), np.float64(54.66363477469899), np.float64(55.48676350420884), np.float64(56.34024988703342), np.float64(57.15329947680257), np.float64(57.99881877976123), np.float64(58.80548514869348), np.float64(59.547235974888544), np.float64(60.37197291973136), np.float64(61.21183613504483), np.float64(61.99950216874104), np.float64(62.81953844150247)]",42304.28400317856,16.834175886660788,-136.96272873366252,24153.626443862915
100,STATE_A_RIPENING,SPONTANEOUS,6.8,20.0,2513,0.125,120.0,300.0,60.0,100.0,0.0469558296856347,0.005571030640668524,0.0067624073465078795,True,0.3278183968807723,30.539434462379013,4.125,7.560758062388596,"[np.float64(-0.00585641220753507), np.float64(-0.009530970989859026), np.float64(-0.012509743280955644), np.float64(-0.012126306391297139), np.float64(-0.011386839496851828), np.float64(-0.008513097259419391), np.float64(-0.005224233726582751), np.float64(-0.003629057181177973), np.float64(0.0003876714769236184), np.float64(0.004056222224882489), np.float64(0.00988689336068149), np.float64(0.01752891121267952), np.float64(0.025005219417735598), np.float64(0.032233499695246824), np.float64(0.043623161424370144), np.float64(0.05375965352203959), np.float64(0.06544142114882436), np.float64(0.07691301328960352), np.float64(0.08967651903472008), np.float64(0.10239782462885474), np.float64(0.11703153604320185), np.float64(0.13228750433619418), np.float64(0.14766817711190589), np.float64(0.1642162619251366), np.float64(0.180202499181262), np.float64(0.1970451400443691), np.float64(0.21340296514356952), np.float64(0.23253213926384508), np.float64(0.2504395368533644), np.float64(0.266459732042164), np.float64(0.2862991794003691), np.float64(0.3073304288280319), np.float64(0.3278183968807723)]","[np.float64(1.0695271987826276), np.float64(2.143018582370644), np.float64(3.2193725473827732), np.float64(4.291663596342841), np.float64(5.362572810116502), np.float64(6.425754822343224), np.float64(7.484311123255272), np.float64(8.546648665628966), np.float64(9.595657434551304), np.float64(10.642346022353998), np.float64(11.672737216028484), np.float64(12.685986895764545), np.float64(13.692939999730493), np.float64(14.694521622616694), np.float64(15.657982229996843), np.float64(16.62132306307653), np.float64(17.563073719108232), np.float64(18.49688446577692), np.float64(19.409806057337256), np.float64(20.313147082935004), np.float64(21.188634467184812), np.float64(22.047569221937582), np.float64(22.89475800869298), np.float64(23.719787957927654), np.float64(24.540202096932937), np.float64(25.341625894687397), np.float64(26.138317530005512), np.float64(26.895232086461075), np.float64(27.65559717329214), np.float64(28.427715023896315), np.float64(29.147887780626057), np.float64(29.845144416809617), np.float64(30.539434462379013)]",13918.774654453133,5.538708577179918,-39.548050799407065,217.82123494148254
101,STATE_A_RIPENING,SPONTANEOUS,6.8,20.0,2513,0.125,120.0,300.0,60.0,100.0,0.05013927576601671,0.006366892160764027,0.0012342094257567794,True,0.3250438776065302,30.59344327465405,4.125,7.538046689898428,"[np.float64(-0.001991063767552349), np.float64(-0.0016324221119586302), np.float64(-0.004195312120126933), np.float64(-0.004813931231434157), np.float64(-0.005801447302826982), np.float64(-0.005673416909785515), np.float64(-0.0032543634165916532), np.float64(-0.0010477932082997108), np.float64(0.001198398200431926), np.float64(0.007927383101892477), np.float64(0.011926181832104737), np.float64(0.015633391825559076), np.float64(0.021737934920372144), np.float64(0.031693338737831166), np.float64(0.039087574255749304), np.float64(0.049001215884124205), np.float64(0.05909888058842056), np.float64(0.07199567774917802), np.float64(0.08337968845096173), np.float64(0.09685789808793387), np.float64(0.11078457383162353), np.float64(0.1240935636935331), np.float64(0.13951908258939583), np.float64(0.15557657565854688), np.float64(0.17379133919842907), np.float64(0.19143282409554993), np.float64(0.20706802933731683), np.float64(0.22545589589975748), np.float64(0.2448010519224313), np.float64(0.2645387659286951), np.float64(0.2834648077375726), np.float64(0.30462578089062997), np.float64(0.3250438776065302)]","[np.float64(1.0682240079109482), np.float64(2.136064245307567), np.float64(3.208216889705012), np.float64(4.278951822750251), np.float64(5.351345488481877), np.float64(6.421201146408719), np.float64(7.482305180625342), np.float64(8.541756385794013), np.float64(9.598690438221515), np.float64(10.629551177862707), np.float64(11.6693809616498), np.float64(12.706978931162316), np.float64(13.72470892313933), np.float64(14.708970324843635), np.float64(15.703437584028178), np.float64(16.670995574137777), np.float64(17.628291210100034), np.float64(18.552632301753054), np.float64(19.480172835076424), np.float64(20.37907002520385), np.float64(21.263459492788378), np.float64(22.143741327568293), np.float64(22.993050024381095), np.float64(23.825467230520893), np.float64(24.624879139868156), np.float64(25.419565154145953), np.float64(26.225721191800076), np.float64(26.99222825951021), np.float64(27.73815520839469), np.float64(28.469820581986156), np.float64(29.201103305451532), np.float64(29.897615302222437), np.float64(30.59344327465405)]",13658.521404487148,5.435145803616056,-41.96155770868063,217.86907374858856
103,STATE_A_RIPENING,SPONTANEOUS,6.8,20.0,2513,0.125,120.0,300.0,60.0,100.0,0.05013927576601671,0.003581376840429765,-0.004371561681132504,True,0.32574214219060665,30.545813571353143,4.125,7.53687470643621,"[np.float64(-0.002522462596286002), np.float64(-0.0030277159049908876), np.float64(-0.005664046557980488), np.float64(-0.007020713180976103), np.float64(-0.005687158936020216), np.float64(-0.006312679534919226), np.float64(-0.005086296789946424), np.float64(-0.003393505599918184), np.float64(0.0005400139619482178), np.float64(0.0066584394418387), np.float64(0.011941021035357885), np.float64(0.018303989176459895), np.float64(0.0257256728810527), np.float64(0.03571212444689287), np.float64(0.04421438224987243), np.float64(0.05489032224021687), np.float64(0.06658752589403842), np.float64(0.07762536939345392), np.float64(0.08770217442379878), np.float64(0.09994826649700933), np.float64(0.11403354241096737), np.float64(0.12839919411601455), np.float64(0.14106763949233547), np.float64(0.15402789808426612), np.float64(0.16881549799851692), np.float64(0.1856498663434344), np.float64(0.20389623860740108), np.float64(0.22155379364426753), np.float64(0.24146352941549112), np.float64(0.2605474455746513), np.float64(0.2825813221410099), np.float64(0.3041245425437234), np.float64(0.32574214219060665)]","[np.float64(1.0671260594024758), np.float64(2.1347928566841983), np.float64(3.206431534064797), np.float64(4.278161591937737), np.float64(5.344114666525289), np.float64(6.414955736417101), np.float64(7.47950094739036), np.float64(8.540738371347762), np.float64(9.589424989004533), np.float64(10.622487247091088), np.float64(11.654197463869263), np.float64(12.673886434853344), np.float64(13.680281289365329), np.float64(14.661411841389818), np.float64(15.644572908730387), np.float64(16.60288716575869), np.float64(17.543569395063777), np.float64(18.480166911093207), np.float64(19.4162739240551), np.float64(20.324092070579734), np.float64(21.20495957816358), np.float64(22.072858791666874), np.float64(22.947714037871652), np.float64(23.81060199161706), np.float64(24.64531172622464), np.float64(25.44851279922329), np.float64(26.226269710002708), np.float64(27.000326802526214), np.float64(27.739479182892605), np.float64(28.47796449144274), np.float64(29.173365025608913), np.float64(29.86467081572314), np.float64(30.545813571353143)]",13948.576085848748,5.550567483425686,-37.213065781630576,201.01896607875824
102,STATE_A_RIPENING,SPONTANEOUS,6.8,20.0,2513,0.125,120.0,300.0,60.0,100.0,0.0469558296856347,0.003581376840429765,-0.003336005958297786,True,0.32260060071466284,30.475155781978835,4.125,7.495192366858874,"[np.float64(-0.0045449147850224825), np.float64(-0.008341630239838306), np.float64(-0.010297265018812233), np.float64(-0.012139786456025316), np.float64(-0.011562702022155771), np.float64(-0.009699707206620847), np.float64(-0.006475105254357695), np.float64(-0.00602184418224734), np.float64(-0.0020888870860053667), np.float64(0.002089497262287702), np.float64(0.008337140893940088), np.float64(0.016574076606888942), np.float64(0.0239675622982325), np.float64(0.030960157810497), np.float64(0.03915003459002441), np.float64(0.050127119269992026), np.float64(0.061070325661522394), np.float64(0.07329347665588745), np.float64(0.08552286142459833), np.float64(0.0986786958471394), np.float64(0.11436206541469014), np.float64(0.126674709313608), np.float64(0.140078287929729), np.float64(0.15546866025655445), np.float64(0.17129463844702306), np.float64(0.18827039099788417), np.float64(0.2041276363395647), np.float64(0.22043273675649605), np.float64(0.24019199802812796), np.float64(0.26251084515924333), np.float64(0.2808149616730538), np.float64(0.3001219830997112), np.float64(0.32260060071466284)]","[np.float64(1.0644751258136043), np.float64(2.1330218636748093), np.float64(3.2026923450681046), np.float64(4.2742369694704205), np.float64(5.3412363280236725), np.float64(6.403451859627287), np.float64(7.458560475213199), np.float64(8.522125374999513), np.float64(9.568479531124932), np.float64(10.60945553664882), np.float64(11.634190086784093), np.float64(12.640320417585759), np.float64(13.644153761622174), np.float64(14.643788472337901), np.float64(15.627822975354979), np.float64(16.58232404940966), np.float64(17.527629685260056), np.float64(18.45268688452397), np.float64(19.367807773871416), np.float64(20.26473814299685), np.float64(21.127712922485433), np.float64(22.012519829358478), np.float64(22.877409752905333), np.float64(23.71256359538348), np.float64(24.533148251810694), np.float64(25.331567379483012), np.float64(26.132072494877825), np.float64(26.918289483551114), np.float64(27.656669999630836), np.float64(28.35633172178501), np.float64(29.09141528671792), np.float64(29.806039986937606), np.float64(30.475155781978835)]",13603.37079325548,5.41319967897154,-36.64720284147188,160.6899287700653
104,STATE_A_RIPENING,SPONTANEOUS,6.8,20.0,2513,0.125,120.0,300.0,60.0,100.0,0.0477516912057302,0.002785515320334262,-0.01545162072891933,True,0.32528566490309724,30.49487649966806,4.125,7.5331959219175415,"[np.float64(-0.004056143488222043), np.float64(-0.00771279307775191), np.float64(-0.009359404139848246), np.float64(-0.010687785754803827), np.float64(-0.011565624342282909), np.float64(-0.009029612478064875), np.float64(-0.007244188866654256), np.float64(-0.0045294213697188), np.float64(-0.0002664835578090222), np.float64(0.0038958791042935444), np.float64(0.009013723744120102), np.float64(0.013169631408996765), np.float64(0.020789164556579923), np.float64(0.02859363854953632), np.float64(0.03805181821722549), np.float64(0.048082005187713245), np.float64(0.05977316628011345), np.float64(0.07058454742223665), np.float64(0.0850768947587081), np.float64(0.09960552482140084), np.float64(0.11371998412524621), np.float64(0.1277637549971542), np.float64(0.14372234116695892), np.float64(0.16039262651109365), np.float64(0.1772703340050281), np.float64(0.19661065547344372), np.float64(0.21511684812771104), np.float64(0.2313123930037637), np.float64(0.24987061899471646), np.float64(0.2652406189259532), np.float64(0.2833089431377668), np.float64(0.30357799485791426), np.float64(0.32528566490309724)]","[np.float64(1.0659829556779996), np.float64(2.135890522776121), np.float64(3.206497335238037), np.float64(4.278199129467369), np.float64(5.350123079826377), np.float64(6.411927469988768), np.float64(7.473852287533735), np.float64(8.529890611225088), np.float64(9.575645782761448), np.float64(10.61752649573055), np.float64(11.649622104322697), np.float64(12.682587091671289), np.float64(13.688095159587027), np.float64(14.684995163882983), np.float64(15.662079766998128), np.float64(16.62608664987104), np.float64(17.567507641746268), np.float64(18.50673085361221), np.float64(19.403989556106072), np.float64(20.289868307527332), np.float64(21.168933452471943), np.float64(22.03846304192216), np.float64(22.878904363635677), np.float64(23.7015337551307), np.float64(24.511483554239366), np.float64(25.285095848595883), np.float64(26.05688114785112), np.float64(26.843651704158535), np.float64(27.595175314740725), np.float64(28.372812034641967), np.float64(29.11144564639333), np.float64(29.81598471758794), np.float64(30.49487649966806)]",13912.342449268373,5.536149004881963,-36.364375757519156,152.09710383415222
105,STATE_A_RIPENING,SPONTANEOUS,6.8,20.0,2513,0.125,120.0,300.0,60.0,100.0,0.04417031436530044,0.003979307600477517,0.006706166460936517,True,0.32678914861194125,30.544880235282335,4.125,7.5719970643876255,"[np.float64(-0.002773457632719982), np.float64(-0.007646787315038143), np.float64(-0.010154472946907432), np.float64(-0.01125138300086254), np.float64(-0.010802274064817178), np.float64(-0.011128310215930175), np.float64(-0.010616218976665308), np.float64(-0.00914988357640884), np.float64(-0.005067099998071302), np.float64(0.002701043847467918), np.float64(0.010477403551699634), np.float64(0.016656961683568863), np.float64(0.024856022791650553), np.float64(0.03291332258183613), np.float64(0.04116705624529627), np.float64(0.05093473883676167), np.float64(0.06380631767095114), np.float64(0.07465394520507151), np.float64(0.08727898898054867), np.float64(0.0998046317190952), np.float64(0.11565447573208981), np.float64(0.1298125516454213), np.float64(0.14501698465696417), np.float64(0.1594033630362026), np.float64(0.17738322186726213), np.float64(0.1950162347901688), np.float64(0.2118558188140025), np.float64(0.23013259537697453), np.float64(0.24962840662249106), np.float64(0.2695434819641046), np.float64(0.28590559558678535), np.float64(0.30657073712017213), np.float64(0.32678914861194125)]","[np.float64(1.0676490736489783), np.float64(2.1405348247775433), np.float64(3.2148668054807183), np.float64(4.288866113771135), np.float64(5.359865502604957), np.float64(6.432898821101625), np.float64(7.503106119010993), np.float64(8.568631119764888), np.float64(9.619911031961411), np.float64(10.64730533681523), np.float64(11.66688250687091), np.float64(12.688768348988635), np.float64(13.691069203434703), np.float64(14.68660918671282), np.float64(15.673157296930837), np.float64(16.640162032122426), np.float64(17.57288556889432), np.float64(18.512438493511635), np.float64(19.427125481906835), np.float64(20.33282232686871), np.float64(21.197267522311414), np.float64(22.067082842898923), np.float64(22.916448527225675), np.float64(23.76399246636339), np.float64(24.564420862164727), np.float64(25.357818409271136), np.float64(26.149520526268834), np.float64(26.91581349761752), np.float64(27.65877844968925), np.float64(28.387222832547728), np.float64(29.146243775394677), np.float64(29.84756845527051), np.float64(30.544880235282335)]",13612.258921208175,5.416736538483158,-36.66037688124925,58.63789176940918
106,STATE_A_RIPENING,SPONTANEOUS,6.8,20.0,2513,0.125,120.0,300.0,60.0,100.0,0.04735376044568245,0.006366892160764027,0.008010640574618502,True,0.343523159540959,31.178111485953007,4.25,8.099541490367276,"[np.float64(-0.004088990408199248), np.float64(-0.006235526037076711), np.float64(-0.007996930430995522), np.float64(-0.009207668848636129), np.float64(-0.009982711228445582), np.float64(-0.009558852223318365), np.float64(-0.007949040064157076), np.float64(-0.006854642429518996), np.float64(-0.0020881231488959306), np.float64(0.00460554549391324), np.float64(0.01210336608254792), np.float64(0.01829043893086795), np.float64(0.025895649671563555), np.float64(0.03251545380612995), np.float64(0.04073738957297722), np.float64(0.052810109005867766), np.float64(0.06347960671815667), np.float64(0.0740353828976968), np.float64(0.08517139748245646), np.float64(0.09881476235815938), np.float64(0.1122054063353444), np.float64(0.1270896894064041), np.float64(0.14114888665575498), np.float64(0.1563206420559164), np.float64(0.17330600109324346), np.float64(0.19251171780333382), np.float64(0.20992839256884405), np.float64(0.22582517349781495), np.float64(0.24380357346428644), np.float64(0.2618609275193717), np.float64(0.2808699270704277), np.float64(0.3008491414421693), np.float64(0.32124485159036603), np.float64(0.343523159540959)]","[np.float64(1.065082380999508), np.float64(2.132464103643112), np.float64(3.2015347044713143), np.float64(4.271320305465448), np.float64(5.341239869713791), np.float64(6.408116227652967), np.float64(7.470067331850916), np.float64(8.532514711830594), np.float64(9.5761266421546), np.float64(10.604633936501656), np.float64(11.621808572692208), np.float64(12.639761526443486), np.float64(13.642225545788808), np.float64(14.644455295334915), np.float64(15.628386662797277), np.float64(16.574423316280328), np.float64(17.521763148249953), np.float64(18.461061871728038), np.float64(19.386432573357396), np.float64(20.279685710951277), np.float64(21.16509689419218), np.float64(22.026064648126773), np.float64(22.88495947832899), np.float64(23.72277936263524), np.float64(24.531710442103574), np.float64(25.30669830061254), np.float64(26.09019933882826), np.float64(26.880493065068148), np.float64(27.6385697322667), np.float64(28.38631223126444), np.float64(29.114051536593905), np.float64(29.821533908983803), np.float64(30.515167140556184), np.float64(31.178111485953007)]",15008.012732321366,5.972149913378976,-35.508642280008644,157.6913275718689
107,STATE_A_RIPENING,SPONTANEOUS,6.8,20.0,2513,0.125,120.0,300.0,60.0,100.0,0.05173099880620772,0.005571030640668524,0.0062635705044525695,True,0.32640698215477215,30.55380261484453,4.125,7.467028154362172,"[np.float64(-0.005911438794462741), np.float64(-0.0064396449234194525), np.float64(-0.006789877366900722), np.float64(-0.006829127701921979), np.float64(-0.006875514288526419), np.float64(-0.005386514730163692), np.float64(-0.004120663110764068), np.float64(-0.0005219067950824339), np.float64(0.003319007175376033), np.float64(0.008174896569894681), np.float64(0.014162162787305303), np.float64(0.02263903193555508), np.float64(0.027789703633517456), np.float64(0.0353361164652109), np.float64(0.042115212221206566), np.float64(0.05452052603398662), np.float64(0.06642426983586072), np.float64(0.08037673916627681), np.float64(0.09112880180623842), np.float64(0.1049085002512095), np.float64(0.11950703961601689), np.float64(0.13432307280036737), np.float64(0.15082543134482743), np.float64(0.16474495257255467), np.float64(0.18052883047544627), np.float64(0.1961713175937964), np.float64(0.21246529524896354), np.float64(0.22754831595204006), np.float64(0.24743753721043737), np.float64(0.2634641425581104), np.float64(0.28465984439826086), np.float64(0.30408010616198644), np.float64(0.32640698215477215)]","[np.float64(1.0694911377887726), np.float64(2.1395507732132955), np.float64(3.2098919570494164), np.float64(4.279940512329089), np.float64(5.350050580383581), np.float64(6.415253277223364), np.float64(7.479703934177841), np.float64(8.532829653835122), np.float64(9.581041427278738), np.float64(10.619933291386475), np.float64(11.647392527942035), np.float64(12.653474438127986), np.float64(13.673539495853062), np.float64(14.671586621268352), np.float64(15.66834478518924), np.float64(16.61430551424743), np.float64(17.553900797019896), np.float64(18.466076099417386), np.float64(19.39569381088369), np.float64(20.28880961013805), np.float64(21.163895513805123), np.float64(22.026425587448227), np.float64(22.86192729018905), np.float64(23.712948144718183), np.float64(24.53530370865189), np.float64(25.349324107485188), np.float64(26.146817423769324), np.float64(26.948119364410807), np.float64(27.687154368261957), np.float64(28.45964789343185), np.float64(29.16468886444978), np.float64(29.880480148858346), np.float64(30.55380261484453)]",13802.932324370087,5.492611350724268,-39.7350331377238,174.48929166793823
108,STATE_A_RIPENING,SPONTANEOUS,6.8,20.0,2513,0.125,120.0,300.0,60.0,100.0,0.04655789892558695,0.005173099880620772,-0.007399758864889429,True,0.32398214152640137,30.51041207026192,4.125,7.424359798827984,"[np.float64(-0.004485700890886121), np.float64(-0.007062065778260436), np.float64(-0.007645497896188994), np.float64(-0.009830912935199942), np.float64(-0.009266981189631826), np.float64(-0.007855846232270845), np.float64(-0.004663313471672283), np.float64(-0.0028431454653313317), np.float64(0.0034561070685498255), np.float64(0.008055495364774764), np.float64(0.013948961937260486), np.float64(0.020541552262725808), np.float64(0.029167060141642723), np.float64(0.037412657243232374), np.float64(0.04554661296565616), np.float64(0.05538264511755137), np.float64(0.06613524649539933), np.float64(0.07828421108436695), np.float64(0.08825730997321093), np.float64(0.09916693118802544), np.float64(0.11584732660479265), np.float64(0.13025657589734033), np.float64(0.14510606568833667), np.float64(0.16105968981763377), np.float64(0.1765078071514692), np.float64(0.1913757049012374), np.float64(0.2088439831140726), np.float64(0.22758716138823543), np.float64(0.2446929290769046), np.float64(0.2640171573234022), np.float64(0.2850239886244028), np.float64(0.3036172883382074), np.float64(0.32398214152640137)]","[np.float64(1.066231344959596), np.float64(2.1352274361427073), np.float64(3.2037825344459496), np.float64(4.276421521004199), np.float64(5.3440053301804245), np.float64(6.408244279273706), np.float64(7.464285306767285), np.float64(8.522822513768691), np.float64(9.55803279136418), np.float64(10.59578106636533), np.float64(11.621437063831975), np.float64(12.63691594949515), np.float64(13.632503267124452), np.float64(14.622696340609037), np.float64(15.6061133248078), np.float64(16.568767563237994), np.float64(17.51531562200032), np.float64(18.440856104139353), np.float64(19.37594983306902), np.float64(20.29426680122442), np.float64(21.14911033990248), np.float64(22.014526888109405), np.float64(22.865472244527318), np.float64(23.69513377857043), np.float64(24.51984942511778), np.float64(25.34102487102639), np.float64(26.12485174098057), np.float64(26.88481543588037), np.float64(27.652989174808855), np.float64(28.3870306823334), np.float64(29.09251542257596), np.float64(29.81605079149343), np.float64(30.51041207026192)]",13794.162592472469,5.489121604644835,-38.200976816471666,170.28907203674316
109,STATE_A_RIPENING,SPONTANEOUS,6.8,20.0,2513,0.125,120.0,300.0,60.0,100.0,0.0469558296856347,0.003979307600477517,-0.004359045819300628,True,0.32565941073718413,30.516139722904914,4.125,7.456223641656645,"[np.float64(-0.002222822050614641), np.float64(-0.006439789419210949), np.float64(-0.008757512064824008), np.float64(-0.010415889881745511), np.float64(-0.011294342130275565), np.float64(-0.010308412454017979), np.float64(-0.005464068579125761), np.float64(-0.0017652546863162135), np.float64(0.003874452113948921), np.float64(0.009723381030357504), np.float64(0.0144547657435825), np.float64(0.020035960587057904), np.float64(0.030100581555903835), np.float64(0.03765991496270457), np.float64(0.04640976301737475), np.float64(0.05465350102333477), np.float64(0.06650296016898222), np.float64(0.07714955917314764), np.float64(0.0888155365311934), np.float64(0.1048620494138857), np.float64(0.11873439766119884), np.float64(0.13372840784378234), np.float64(0.14844143711933466), np.float64(0.1641585140081207), np.float64(0.17814234553681693), np.float64(0.19390612380220448), np.float64(0.20970103081891128), np.float64(0.22673755559953787), np.float64(0.24428934441141156), np.float64(0.2644352038739303), np.float64(0.2846754723749537), np.float64(0.3046854721724454), np.float64(0.32565941073718413)]","[np.float64(1.0658960464455434), np.float64(2.136311285106552), np.float64(3.2082110817057674), np.float64(4.281197559435608), np.float64(5.353873789536173), np.float64(6.421447636133214), np.float64(7.4734207805964274), np.float64(8.525213820695612), np.float64(9.563887148833306), np.float64(10.595718897010816), np.float64(11.628079068501117), np.float64(12.65042566736447), np.float64(13.637512779119785), np.float64(14.632958806992695), np.float64(15.612483844990594), np.float64(16.588102785852573), np.float64(17.52667458264645), np.float64(18.4657153033903), np.float64(19.386887080133945), np.float64(20.258514747540833), np.float64(21.139145763142864), np.float64(21.99884100028378), np.float64(22.850991220951915), np.float64(23.683005551969515), np.float64(24.522952680392034), np.float64(25.334940723365627), np.float64(26.13703823766528), np.float64(26.91620549022539), np.float64(27.68018199951619), np.float64(28.405641377345617), np.float64(29.12035144444801), np.float64(29.82831353840942), np.float64(30.516139722904914)]",13866.37767686743,5.517858208065034,-39.120212577749044,212.3274781703949
110,STATE_A_RIPENING,SPONTANEOUS,6.8,20.0,2513,0.125,120.0,300.0,60.0,100.0,0.05372065260644648,0.005173099880620772,0.004420312463687331,True,0.3292850672108618,30.419011426193773,4.125,7.582012860636714,"[np.float64(-0.0051643914509555515), np.float64(-0.007424735273544296), np.float64(-0.008591915816498015), np.float64(-0.01007197935844499), np.float64(-0.00815975961030449), np.float64(-0.006658019435289877), np.float64(-0.004446248527955976), np.float64(-0.0027783057531948685), np.float64(0.002846653769180911), np.float64(0.007312623384635195), np.float64(0.011499699953861815), np.float64(0.01632604383960137), np.float64(0.0229649570098622), np.float64(0.03197300508677909), np.float64(0.04167984263784763), np.float64(0.05279268916179309), np.float64(0.0650904793579477), np.float64(0.07524321865551471), np.float64(0.08920529416098318), np.float64(0.10195204182318997), np.float64(0.11701036426055313), np.float64(0.13010655379854297), np.float64(0.14557071909969432), np.float64(0.1617757741745979), np.float64(0.17848721773223794), np.float64(0.19285881404786304), np.float64(0.21084838904591202), np.float64(0.22927267850868663), np.float64(0.24721911429962826), np.float64(0.26759139759809103), np.float64(0.28695006145537316), np.float64(0.3089406438809024), np.float64(0.3292850672108618)]","[np.float64(1.0655272434979977), np.float64(2.1334795809923057), np.float64(3.2021026197295663), np.float64(4.272660657739739), np.float64(5.335674912076223), np.float64(6.397968161267927), np.float64(7.456000055062957), np.float64(8.514013749667521), np.float64(9.551365484515932), np.float64(10.589076379999502), np.float64(11.623850754654162), np.float64(12.650419804803553), np.float64(13.66007843809612), np.float64(14.646507771230338), np.float64(15.619400039093321), np.float64(16.572528386817165), np.float64(17.506361377752395), np.float64(18.44842810718379), np.float64(19.348127841824468), np.float64(20.248314038719304), np.float64(21.116936428365914), np.float64(21.993948470329528), np.float64(22.837949217302345), np.float64(23.664116939653375), np.float64(24.474723247118288), np.float64(25.29991401441394), np.float64(26.0770883949347), np.float64(26.839482380559964), np.float64(27.597315465467567), np.float64(28.318603464343376), np.float64(29.041635178395094), np.float64(29.72557203507583), np.float64(30.419011426193773)]",14181.41409173032,5.643220888074143,-37.79301562346518,193.2170271873474
111,STATE_A_RIPENING,SPONTANEOUS,6.8,20.0,2513,0.125,120.0,300.0,60.0,100.0,0.04417031436530044,0.005173099880620772,0.0025104148322330974,True,0.3335139487414739,30.373070076240307,4.125,7.659578926293285,"[np.float64(-0.005307737911951565), np.float64(-0.009211325078473498), np.float64(-0.010836497006931603), np.float64(-0.010814589332272756), np.float64(-0.009989013627537966), np.float64(-0.008852602546113558), np.float64(-0.008010037961249753), np.float64(-0.00443225981021059), np.float64(0.0009221167336442712), np.float64(0.005939246465983018), np.float64(0.011600547751648038), np.float64(0.018049765773564413), np.float64(0.02558642901299192), np.float64(0.03429621712300978), np.float64(0.04453946098676116), np.float64(0.05370689073708733), np.float64(0.06636207897167044), np.float64(0.07814229621346461), np.float64(0.0906542219355174), np.float64(0.1045103791247045), np.float64(0.11729867744005175), np.float64(0.13145501466062104), np.float64(0.14790948770316947), np.float64(0.1655740260037368), np.float64(0.18244666695758735), np.float64(0.19990440257734848), np.float64(0.21731541363947735), np.float64(0.23578095283088862), np.float64(0.2536264298476761), np.float64(0.270226699388738), np.float64(0.2914089449133388), np.float64(0.3146229026370837), np.float64(0.3335139487414739)]","[np.float64(1.0656857631539416), np.float64(2.135566071476401), np.float64(3.205979540128226), np.float64(4.2745920509557696), np.float64(5.341011720137479), np.float64(6.405538732500272), np.float64(7.469954128730939), np.float64(8.521736728016776), np.float64(9.561276998786115), np.float64(10.597115248043181), np.float64(11.624162991664699), np.float64(12.640675293557534), np.float64(13.643655759202918), np.float64(14.631171509146975), np.float64(15.599201461291436), np.float64(16.56660838906198), np.float64(17.497262556766035), np.float64(18.42502122269919), np.float64(19.336754889708768), np.float64(20.22640172476004), np.float64(21.115831417710172), np.float64(21.982524644034388), np.float64(22.816422329043277), np.float64(23.627340764017877), np.float64(24.435586176777125), np.float64(25.22746185912672), np.float64(26.009723613962286), np.float64(26.770767140152486), np.float64(27.528811482376728), np.float64(28.29138246305737), np.float64(28.993679403781915), np.float64(29.663535708628896), np.float64(30.373070076240307)]",14463.28381228817,5.755385520210175,-37.31278458191082,129.42740535736084
112,STATE_A_RIPENING,SPONTANEOUS,6.8,20.0,2513,0.125,120.0,300.0,60.0,100.0,0.04894548348587346,0.00477516912057302,-0.013393872532312449,True,0.32919897961697436,30.47461771000897,4.125,7.471651111314955,"[np.float64(-0.0029587112966233775), np.float64(-0.006998908241190942), np.float64(-0.00949316215482902), np.float64(-0.011560900036305161), np.float64(-0.012041690619298924), np.float64(-0.010069752930879874), np.float64(-0.00775439773002746), np.float64(-0.004724146653858005), np.float64(-0.0015896393415097626), np.float64(0.004001034932923542), np.float64(0.012217987452668264), np.float64(0.02133982695722662), np.float64(0.029501637231604178), np.float64(0.03880988112737343), np.float64(0.04884259359041606), np.float64(0.05964751263126883), np.float64(0.07375775061520594), np.float64(0.0854307666807977), np.float64(0.09849671411151494), np.float64(0.11183622271840299), np.float64(0.12454508664936405), np.float64(0.1377735310431192), np.float64(0.15402131646135656), np.float64(0.16864358850850256), np.float64(0.18599430497121636), np.float64(0.20300734454182826), np.float64(0.21912769046605018), np.float64(0.23556780909276764), np.float64(0.25342579362296025), np.float64(0.27046599446463454), np.float64(0.2870756539867145), np.float64(0.3065258155215903), np.float64(0.32919897961697436)]","[np.float64(1.0662591090141045), np.float64(2.1368520741191674), np.float64(3.2093112740324727), np.float64(4.283555113823729), np.float64(5.355746605687737), np.float64(6.42049155844143), np.float64(7.4818289424138795), np.float64(8.537634906303575), np.float64(9.589750230528258), np.float64(10.625570221879558), np.float64(11.640589810332756), np.float64(12.641989880168698), np.float64(13.641092614615598), np.float64(14.624442716865897), np.float64(15.593924499990836), np.float64(16.548498585740187), np.float64(17.46687014535783), np.float64(18.394617748608738), np.float64(19.300721579096372), np.float64(20.19430504686059), np.float64(21.083862951499018), np.float64(21.95907761550734), np.float64(22.795034118706305), np.float64(23.636846092157736), np.float64(24.440947204723447), np.float64(25.238209124621516), np.float64(26.03505457336289), np.float64(26.819091682188752), np.float64(27.578332928149543), np.float64(28.337338511087403), np.float64(29.09236195047936), np.float64(29.806453623656065), np.float64(30.47461771000897)]",13926.77319616913,5.541891442964237,-37.77744364971295,120.56145000457764
113,STATE_A_RIPENING,SPONTANEOUS,6.8,20.0,2513,0.125,120.0,300.0,60.0,100.0,0.05372065260644648,0.003979307600477517,-0.007914628781341148,True,0.34266573497533115,31.232028993704713,4.25,8.04887616407303,"[np.float64(-0.0049901823212662455), np.float64(-0.008004664198647182), np.float64(-0.010397679048402029), np.float64(-0.011684411616492764), np.float64(-0.009563627807330229), np.float64(-0.006396557137815788), np.float64(-0.0033642225874253137), np.float64(-0.00012217689467273785), np.float64(0.0035172581708632733), np.float64(0.008590339537312267), np.float64(0.014584291155989453), np.float64(0.020541213521837715), np.float64(0.02712395721259539), np.float64(0.03422708039383036), np.float64(0.043510308926218495), np.float64(0.05174343289199882), np.float64(0.06352750494659407), np.float64(0.07410227788651472), np.float64(0.08580039683277195), np.float64(0.09725912569644218), np.float64(0.11328658135675539), np.float64(0.12764813785808246), np.float64(0.14358847515486442), np.float64(0.1583433518389913), np.float64(0.17360836614671887), np.float64(0.19260894332599013), np.float64(0.20824011446304505), np.float64(0.22573017104119533), np.float64(0.2462175539186133), np.float64(0.26352491450869087), np.float64(0.2815857685096887), np.float64(0.30116351461604335), np.float64(0.32073712675649646), np.float64(0.34266573497533115)]","[np.float64(1.0670666631158392), np.float64(2.137373475667103), np.float64(3.209934253112057), np.float64(4.282697536531316), np.float64(5.347637363175289), np.float64(6.406929446774838), np.float64(7.463371130381768), np.float64(8.515727466079102), np.float64(9.562805476332908), np.float64(10.598583677050206), np.float64(11.62395321347642), np.float64(12.643613371179269), np.float64(13.653285061706633), np.float64(14.652958448414228), np.float64(15.629609308346058), np.float64(16.606201876087916), np.float64(17.546067402041523), np.float64(18.48650962832771), np.float64(19.408136498272402), np.float64(20.32266367371358), np.float64(21.18463776942446), np.float64(22.05165109096771), np.float64(22.89276162046593), np.float64(23.73546921568197), np.float64(24.5631265262476), np.float64(25.341338617488177), np.float64(26.145224415116093), np.float64(26.919428044258233), np.float64(27.650710852243332), np.float64(28.40760265890414), np.float64(29.14694831142833), np.float64(29.859963662224573), np.float64(30.564055648510358), np.float64(31.232028993704713)]",14649.590932562753,5.829522854183348,-34.788585640024394,204.14955925941467
114,STATE_A_RIPENING,SPONTANEOUS,6.8,20.0,2513,0.125,120.0,300.0,60.0,100.0,0.046159968165539196,0.013131715081575806,0.007033643797260881,True,0.34279350094746525,31.251673474785395,4.25,8.066361784369787,"[np.float64(-0.0021588511860711353), np.float64(-0.005275184423589513), np.float64(-0.0069957686703656895), np.float64(-0.006403626966385456), np.float64(-0.006042032313846735), np.float64(-0.008538539031457158), np.float64(-0.007041259606641267), np.float64(-0.0037812413114839648), np.float64(-0.0009338315110361717), np.float64(0.003671236931462853), np.float64(0.009775712869814452), np.float64(0.015792498924130424), np.float64(0.022571326948862037), np.float64(0.029091983133549045), np.float64(0.03829855287420546), np.float64(0.05002089469535499), np.float64(0.06468059954527784), np.float64(0.07701815199663259), np.float64(0.08989098914199714), np.float64(0.10413305542997689), np.float64(0.11817749455996744), np.float64(0.12996097584945776), np.float64(0.14442468459944865), np.float64(0.15878008231209773), np.float64(0.17327519980356612), np.float64(0.18930707984590622), np.float64(0.20555869523195597), np.float64(0.22679214219840252), np.float64(0.24670192122749307), np.float64(0.2624689457865234), np.float64(0.2825358389599667), np.float64(0.30022763181200773), np.float64(0.3215587751372663), np.float64(0.34279350094746525)]","[np.float64(1.066272654883395), np.float64(2.1358831801176135), np.float64(3.206599211844372), np.float64(4.274191426961821), np.float64(5.341767370526368), np.float64(6.418186134702438), np.float64(7.482236215541615), np.float64(8.537124318480723), np.float64(9.5905686727995), np.float64(10.631712820874265), np.float64(11.659480516958293), np.float64(12.681707194402646), np.float64(13.692902733154018), np.float64(14.699410371608673), np.float64(15.67938813612924), np.float64(16.63106221884524), np.float64(17.548428375524335), np.float64(18.47395876640075), np.float64(19.38478757690354), np.float64(20.273011465981213), np.float64(21.15255814547019), np.float64(22.043976258960683), np.float64(22.899879863581038), np.float64(23.747052214295653), np.float64(24.58323538587678), np.float64(25.39366127041816), np.float64(26.19199387895139), np.float64(26.92597975106896), np.float64(27.664043564061394), np.float64(28.438709106746856), np.float64(29.15586396552219), np.float64(29.890918403968772), np.float64(30.575225926731658), np.float64(31.251673474785395)]",14280.120896420753,5.682499361886491,-34.5088569894433,146.58084440231323
115,STATE_A_RIPENING,SPONTANEOUS,6.8,20.0,2513,0.125,120.0,300.0,60.0,100.0,0.05173099880620772,0.008754476721050538,0.008680167621517059,True,0.33838024817346174,31.255452833517392,4.25,8.04770553879161,"[np.float64(-0.0031855674230613115), np.float64(-0.006481824065819014), np.float64(-0.009747864437768263), np.float64(-0.010351617082599133), np.float64(-0.009139879153961422), np.float64(-0.0073622417632429405), np.float64(-0.0044835616547696765), np.float64(-0.0010062680207069137), np.float64(0.0017640813324738156), np.float64(0.0042129522216070876), np.float64(0.008048650154020422), np.float64(0.014642676373048348), np.float64(0.021740104063651875), np.float64(0.029201610230355522), np.float64(0.039439627958951805), np.float64(0.04973455120527713), np.float64(0.05966046599081164), np.float64(0.07085042183675698), np.float64(0.08322947723602254), np.float64(0.09397148776278312), np.float64(0.10569086106829953), np.float64(0.11882879173768286), np.float64(0.13517433416944807), np.float64(0.15168219732827243), np.float64(0.16927035631176665), np.float64(0.1852954481075219), np.float64(0.20158651351353732), np.float64(0.21886863771179618), np.float64(0.2358363276496684), np.float64(0.25395056271311955), np.float64(0.27429867176781636), np.float64(0.29563282306978594), np.float64(0.31606168496907705), np.float64(0.33838024817346174)]","[np.float64(1.0651958825063712), np.float64(2.133922904766793), np.float64(3.206158575375278), np.float64(4.2761818844920105), np.float64(5.3419579758057925), np.float64(6.404607101827831), np.float64(7.461230551891742), np.float64(8.512267109196609), np.float64(9.563049840547228), np.float64(10.612647233293378), np.float64(11.651680749487191), np.float64(12.669553835107637), np.float64(13.677595945967584), np.float64(14.676227825388356), np.float64(15.646898370892012), np.float64(16.607982341602895), np.float64(17.5631412101572), np.float64(18.498850250441457), np.float64(19.414669587467426), np.float64(20.335910966676607), np.float64(21.23924489195084), np.float64(22.11961183874755), np.float64(22.957954564689125), np.float64(23.78381689113791), np.float64(24.587771963128937), np.float64(25.3978338281096), np.float64(26.195270005341204), np.float64(26.972190464466326), np.float64(27.743046959065744), np.float64(28.49165553604867), np.float64(29.20537024725397), np.float64(29.89824147387875), np.float64(30.59232291768631), np.float64(31.255452833517392)]",14677.672003057054,5.840697175908099,-36.9135971441865,72.22612762451172
117,STATE_A_RIPENING,SPONTANEOUS,6.8,20.0,2513,0.125,120.0,300.0,60.0,100.0,0.050537206526064464,0.004377238360525269,0.003270025552457956,True,0.33187214496588696,30.445118519826224,4.125,7.535111058898055,"[np.float64(-0.0029720775047938825), np.float64(-0.005602534479139141), np.float64(-0.006291508397020163), np.float64(-0.007696268358583473), np.float64(-0.006771888901418317), np.float64(-0.005947018527557459), np.float64(-0.0061441393009406325), np.float64(-0.0014453811143844753), np.float64(0.0049496892126426875), np.float64(0.010392122525311557), np.float64(0.01564325914577761), np.float64(0.023166192081080686), np.float64(0.03066729637171424), np.float64(0.038248486378966745), np.float64(0.04833816207444921), np.float64(0.05851136934901098), np.float64(0.06936068587211197), np.float64(0.08012971205388324), np.float64(0.09321959291818746), np.float64(0.10632879987817387), np.float64(0.11872849114565019), np.float64(0.1329766832509215), np.float64(0.14879556936579924), np.float64(0.16433428742144493), np.float64(0.1819799051303994), np.float64(0.20091628009980556), np.float64(0.22126071024528418), np.float64(0.24022735006704335), np.float64(0.2564691681847788), np.float64(0.27448055947152467), np.float64(0.29099795701996994), np.float64(0.3114001264674372), np.float64(0.33187214496588696)]","[np.float64(1.0663047322855557), np.float64(2.1354282732995116), np.float64(3.204252644590148), np.float64(4.275359867944507), np.float64(5.341712380925611), np.float64(6.407394756597094), np.float64(7.476035168587194), np.float64(8.523914243985079), np.float64(9.558843396134659), np.float64(10.592293874987886), np.float64(11.621363544024414), np.float64(12.631157559244516), np.float64(13.633868522991973), np.float64(14.628923862266149), np.float64(15.598238573662771), np.float64(16.557974763672544), np.float64(17.503375580617956), np.float64(18.44036639824104), np.float64(19.347947259510637), np.float64(20.24523787064674), np.float64(21.139365251278235), np.float64(22.006308250050758), np.float64(22.84764579297238), np.float64(23.681401202831562), np.float64(24.483300292880667), np.float64(25.26108376914968), np.float64(26.013247240369285), np.float64(26.769630481514167), np.float64(27.545907010241947), np.float64(28.293693482025468), np.float64(29.049182402786176), np.float64(29.752082179938245), np.float64(30.445118519826224)]",13806.632082284797,5.494083598203262,-37.02645850600675,193.19752836227417
116,STATE_A_RIPENING,SPONTANEOUS,6.8,20.0,2513,0.125,120.0,300.0,60.0,100.0,0.03939514524472742,0.003581376840429765,-0.006961963279689987,True,0.3334510766311184,31.30652608437797,4.25,7.933094299592244,"[np.float64(-0.004175886816468962), np.float64(-0.008421070004681834), np.float64(-0.011957621779731897), np.float64(-0.013121129241902172), np.float64(-0.014001040841934312), np.float64(-0.013990598532933935), np.float64(-0.011930451856020178), np.float64(-0.008248934496040437), np.float64(-0.002576062160113213), np.float64(0.002455005690441217), np.float64(0.008238149971802286), np.float64(0.01505574819472533), np.float64(0.023991009106035497), np.float64(0.03151776063249909), np.float64(0.039768390921385725), np.float64(0.04929761582004292), np.float64(0.06149473911160462), np.float64(0.07106624453295604), np.float64(0.08263954156238555), np.float64(0.09417137680062589), np.float64(0.1059908869093136), np.float64(0.11739895620637918), np.float64(0.13542509963046048), np.float64(0.15150261939241413), np.float64(0.16646894025668452), np.float64(0.18216131164384305), np.float64(0.19985816414145638), np.float64(0.2185019350201401), np.float64(0.2389380576121327), np.float64(0.25673394851298387), np.float64(0.27776030389005973), np.float64(0.29628759983277053), np.float64(0.3126259474270664), np.float64(0.3334510766311184)]","[np.float64(1.0654993424184893), np.float64(2.135555466783771), np.float64(3.2090610083479696), np.float64(4.281269540828933), np.float64(5.353974288249606), np.float64(6.42473512512741), np.float64(7.487706068932857), np.float64(8.541480509970524), np.float64(9.581800429544533), np.float64(10.619695411561725), np.float64(11.648114393632435), np.float64(12.664288740715364), np.float64(13.65965673428476), np.float64(14.656632070811893), np.float64(15.641105984727329), np.float64(16.607916197173136), np.float64(17.54423772664783), np.float64(18.49306278086653), np.float64(19.415839068807337), np.float64(20.329740074051678), np.float64(21.231859205780165), np.float64(22.12906453257263), np.float64(22.950549906146428), np.float64(23.780625942369586), np.float64(24.61205767720797), np.float64(25.42608426773955), np.float64(26.20856929667466), np.float64(26.97052652085343), np.float64(27.702419792948252), np.float64(28.454049740383436), np.float64(29.1595960286514), np.float64(29.884349035598305), np.float64(30.625835997272915), np.float64(31.30652608437797)]",14425.653219982032,5.740411150012746,-36.21026053884998,134.06817078590393
118,STATE_A_RIPENING,SPONTANEOUS,6.8,20.0,2513,0.125,120.0,300.0,60.0,100.0,0.05372065260644648,0.005173099880620772,0.012536279140370884,True,0.32324839983681075,30.533090386148448,4.125,7.3758567351906645,"[np.float64(-0.0020930770141454726), np.float64(-0.005018921468712744), np.float64(-0.008196238011430445), np.float64(-0.009794836087685218), np.float64(-0.00925831322883519), np.float64(-0.007101604055270204), np.float64(-0.003168602989208345), np.float64(0.00020005080881951617), np.float64(0.004651698382783666), np.float64(0.006971519136488118), np.float64(0.013232539139384365), np.float64(0.018214515756971042), np.float64(0.024883471774627672), np.float64(0.03323890177147472), np.float64(0.04350929381570041), np.float64(0.05418326529243031), np.float64(0.06517896796772256), np.float64(0.07679948113828326), np.float64(0.08919513776486321), np.float64(0.10217438731406348), np.float64(0.11714268789142919), np.float64(0.13066290490570945), np.float64(0.14575950990224099), np.float64(0.16100123403671365), np.float64(0.1775493009049864), np.float64(0.1955666208860702), np.float64(0.21373015005627943), np.float64(0.2332818802532577), np.float64(0.25189663100966886), np.float64(0.27064686594073506), np.float64(0.2867461905195729), np.float64(0.303905361085139), np.float64(0.32324839983681075)]","[np.float64(1.0654485788216983), np.float64(2.134027919156283), np.float64(3.206165165749761), np.float64(4.278336208209728), np.float64(5.346472016958337), np.float64(6.408794677597417), np.float64(7.462162427488507), np.float64(8.513812139346303), np.float64(9.556794781779066), np.float64(10.6064223926231), np.float64(11.630961902600378), np.float64(12.657242948528252), np.float64(13.667328086067911), np.float64(14.659027964227334), np.float64(15.62861923957314), np.float64(16.585915024934913), np.float64(17.531341202422222), np.float64(18.462163745260913), np.float64(19.37663088208474), np.float64(20.276003177447354), np.float64(21.146694115863387), np.float64(22.02082679875598), np.float64(22.86960233081739), np.float64(23.706771473378705), np.float64(24.520423762948965), np.float64(25.308358018047983), np.float64(26.084361248021256), np.float64(26.83517106882584), np.float64(27.586161522469606), np.float64(28.326070526510968), np.float64(29.086586734550565), np.float64(29.826648422004943), np.float64(30.533090386148448)]",13931.798741483242,5.543891262030737,-40.35599141009152,240.16812360286713
119,STATE_A_RIPENING,SPONTANEOUS,6.8,20.0,2513,0.125,120.0,300.0,60.0,100.0,0.04934341424592121,0.006764822920811779,0.0027490444593736263,True,0.33526196745464487,30.424210537941445,4.125,7.503542766816199,"[np.float64(-0.0026084619766671945), np.float64(-0.006954687613120553), np.float64(-0.009749139957439836), np.float64(-0.009736127493432884), np.float64(-0.006907545994130394), np.float64(-0.0027919428940139305), np.float64(-0.0007091485335972195), np.float64(0.0024923591464561484), np.float64(0.007372391743595229), np.float64(0.014081209847715822), np.float64(0.02149920976823495), np.float64(0.02780505910672505), np.float64(0.035736366657751144), np.float64(0.045799644544962305), np.float64(0.054377438631449775), np.float64(0.06533149715535248), np.float64(0.07408796124574027), np.float64(0.08504860330679116), np.float64(0.09831733739695085), np.float64(0.10983104142302375), np.float64(0.12421156811945833), np.float64(0.13830293504393645), np.float64(0.1564998527130478), np.float64(0.17432385681032966), np.float64(0.19243532873133068), np.float64(0.20950673946777645), np.float64(0.22494896713574697), np.float64(0.24092347151063734), np.float64(0.25996454412936626), np.float64(0.27715316407994306), np.float64(0.2966543524542401), np.float64(0.31806625929812016), np.float64(0.33526196745464487)]","[np.float64(1.066733116254076), np.float64(2.13812986768072), np.float64(3.211716907706173), np.float64(4.282261074684565), np.float64(5.345197797706394), np.float64(6.400987489904563), np.float64(7.4600321944724195), np.float64(8.512126494452978), np.float64(9.552919205979954), np.float64(10.579185921418208), np.float64(11.594773922519925), np.float64(12.609982618516371), np.float64(13.608409110597135), np.float64(14.584528993322447), np.float64(15.562588146246044), np.float64(16.514529928358563), np.float64(17.475017299979097), np.float64(18.409268263696575), np.float64(19.314270024349526), np.float64(20.225076792896182), np.float64(21.100069569866182), np.float64(21.967587777689854), np.float64(22.78471824838591), np.float64(23.594235897910895), np.float64(24.389966781725484), np.float64(25.18591997340299), np.float64(25.98922827068161), np.float64(26.77775410546306), np.float64(27.523740418725833), np.float64(28.280584444632733), np.float64(29.002684630064685), np.float64(29.694086843320342), np.float64(30.424210537941445)]",13841.889102189143,5.508113450930817,-37.7577915689908,201.56409883499146
120,STATE_A_RIPENING,SPONTANEOUS,6.8,20.0,2513,0.125,120.0,300.0,60.0,100.0,0.052924791086350974,0.005571030640668524,0.008288777022967549,True,0.33227372514098585,30.535683929233034,4.125,7.730972981192339,"[np.float64(-0.006913534635186526), np.float64(-0.010374990840914792), np.float64(-0.012580918662006328), np.float64(-0.012835171502877668), np.float64(-0.013956929026450902), np.float64(-0.01002527512097186), np.float64(-0.006557285231563229), np.float64(-0.002968927611080849), np.float64(-0.0021271769559198577), np.float64(0.002639340930288689), np.float64(0.008596861654784103), np.float64(0.015297381586062614), np.float64(0.024733967152899772), np.float64(0.033579455203495666), np.float64(0.042987414069411374), np.float64(0.05281558793914919), np.float64(0.0639885613480358), np.float64(0.07641825202520057), np.float64(0.08925439546991096), np.float64(0.10106645362892247), np.float64(0.11593983126445817), np.float64(0.13021441466233577), np.float64(0.14471489305864368), np.float64(0.16165947617211834), np.float64(0.17776192889638598), np.float64(0.1949250264752061), np.float64(0.21166061592726684), np.float64(0.23036752843523453), np.float64(0.25105385161805865), np.float64(0.27151915244815156), np.float64(0.2909326421169956), np.float64(0.3111654910873366), np.float64(0.33227372514098585)]","[np.float64(1.0717584387443024), np.float64(2.147262343197754), np.float64(3.224489300485815), np.float64(4.299872695076946), np.float64(5.3778973044916), np.float64(6.440649125199719), np.float64(7.500963783382666), np.float64(8.557089681239043), np.float64(9.622664746408661), np.float64(10.66640507215652), np.float64(11.698342225168043), np.float64(12.719646923622712), np.float64(13.716023781846399), np.float64(14.70776035071976), np.float64(15.687082060853095), np.float64(16.654602535044447), np.float64(17.602359442229467), np.float64(18.529872102817915), np.float64(19.44372112964769), np.float64(20.356995156960352), np.float64(21.23192387374155), np.float64(22.102057430572064), np.float64(22.9598799349033), np.float64(23.782760651351047), np.float64(24.603772126679292), np.float64(25.403494526234816), np.float64(26.197732993638144), np.float64(26.960692565389085), np.float64(27.691752346230935), np.float64(28.4151690963511), np.float64(29.140724554562514), np.float64(29.847754664223086), np.float64(30.535683929233034)]",13676.442336804232,5.4422770938337575,-38.6257716557011,330.0574345588684
121,STATE_A_RIPENING,SPONTANEOUS,6.8,20.0,2513,0.125,120.0,300.0,60.0,100.0,0.05730202944687624,0.005571030640668524,0.008178808073986474,True,0.3230396533062086,30.480010205083843,4.125,7.513065247472452,"[np.float64(-0.003500932032627044), np.float64(-0.008791123474381346), np.float64(-0.011852135076417436), np.float64(-0.01233776831530103), np.float64(-0.011983538340020928), np.float64(-0.010193746695082119), np.float64(-0.01036148611617912), np.float64(-0.005928212011414468), np.float64(-0.0025355672422754517), np.float64(0.0035687539498787555), np.float64(0.008769588018692678), np.float64(0.015739312346938622), np.float64(0.02445637031313096), np.float64(0.03382726498436586), np.float64(0.042403000183636914), np.float64(0.05155780109699837), np.float64(0.06204440108609995), np.float64(0.0740096419767106), np.float64(0.08584707387398856), np.float64(0.0990061487724163), np.float64(0.11264226271955244), np.float64(0.12475123894324985), np.float64(0.13883198729593488), np.float64(0.15422732753097323), np.float64(0.17061606500555773), np.float64(0.1879420298453701), np.float64(0.20463736048026043), np.float64(0.22269659737691092), np.float64(0.2390571221520041), np.float64(0.2596991735886348), np.float64(0.2807925816485305), np.float64(0.3003411218845014), np.float64(0.3230396533062086)]","[np.float64(1.0642634567072693), np.float64(2.134199446571176), np.float64(3.2062537101431148), np.float64(4.276055827053254), np.float64(5.344111523631475), np.float64(6.407133193809567), np.float64(7.475622188298614), np.float64(8.524495999484612), np.float64(9.573734924722094), np.float64(10.605082052126587), np.float64(11.635479714200226), np.float64(12.649626834351857), np.float64(13.64533546925668), np.float64(14.628225396859289), np.float64(15.608495061345321), np.float64(16.5764300932525), np.float64(17.52528878520161), np.float64(18.452533971701722), np.float64(19.371215245382896), np.float64(20.268309767053797), np.float64(21.150912919846544), np.float64(22.038500374022718), np.float64(22.897370216418043), np.float64(23.73302868068885), np.float64(24.54824038062821), np.float64(25.34330921729014), np.float64(26.13504177638851), np.float64(26.9021059102497), np.float64(27.67833314308308), np.float64(28.397194175010096), np.float64(29.1011325238485), np.float64(29.813222992949907), np.float64(30.480010205083843)]",14121.443671555377,5.619356813193544,-37.31546373013407,273.9767224788666
123,STATE_A_RIPENING,SPONTANEOUS,6.8,20.0,2513,0.125,120.0,300.0,60.0,100.0,0.05769996020692399,0.004377238360525269,0.012526923331877002,True,0.33383312413486305,30.509486673786192,4.125,7.743889415073697,"[np.float64(-0.004648542690683999), np.float64(-0.009095692127309795), np.float64(-0.01035437576937098), np.float64(-0.012874398504778789), np.float64(-0.013155645305621626), np.float64(-0.012462200476854285), np.float64(-0.008540634735720665), np.float64(-0.004479789259706175), np.float64(-0.0010917652361520634), np.float64(0.002892554616108972), np.float64(0.009232324203057843), np.float64(0.014908197731987838), np.float64(0.023067192671508464), np.float64(0.030133417663637845), np.float64(0.03979107092228701), np.float64(0.05093225746574084), np.float64(0.06338467361298986), np.float64(0.07449720623739621), np.float64(0.08821933296883173), np.float64(0.10203207266791106), np.float64(0.11554434862334297), np.float64(0.13000917601253514), np.float64(0.14739385210042427), np.float64(0.16451226481095665), np.float64(0.18289173934988381), np.float64(0.2009619089326117), np.float64(0.22007642305840236), np.float64(0.23613387195351823), np.float64(0.2549333239754175), np.float64(0.2749618311157757), np.float64(0.2935818314466751), np.float64(0.3141003383460893), np.float64(0.33383312413486305)]","[np.float64(1.0702456754149112), np.float64(2.1452892048635244), np.float64(3.2199795262364717), np.float64(4.298782710152487), np.float64(5.374244043357238), np.float64(6.446828191659714), np.float64(7.50641014465356), np.float64(8.56123969114492), np.float64(9.615047248669255), np.float64(10.662143084000391), np.float64(11.691461912347977), np.float64(12.71860781360542), np.float64(13.723439852562407), np.float64(14.72831308864019), np.float64(15.706880051677757), np.float64(16.664962139756383), np.float64(17.602543775603085), np.float64(18.541359294477832), np.float64(19.447648317621407), np.float64(20.342512362388543), np.float64(21.229882206198994), np.float64(22.098022209977195), np.float64(22.926791777643544), np.float64(23.747118433518892), np.float64(24.543653957383565), np.float64(25.33263941461491), np.float64(26.100087103313154), np.float64(26.890382994736168), np.float64(27.64135838961584), np.float64(28.369022581760365), np.float64(29.102912273556154), np.float64(29.806255829877905), np.float64(30.509486673786192)]",13918.45624467555,5.538581872135118,-37.05909496964887,214.818368434906
122,STATE_A_RIPENING,SPONTANEOUS,6.8,20.0,2513,0.125,120.0,300.0,60.0,100.0,0.05491444488658973,0.00477516912057302,-0.001954547405741239,True,0.3392430082805636,31.214925163031417,4.25,8.045832056155268,"[np.float64(-0.003855672762128474), np.float64(-0.007398617164748085), np.float64(-0.009773055947387347), np.float64(-0.011932581066927194), np.float64(-0.012462538763167932), np.float64(-0.010613907944037255), np.float64(-0.009405238439054319), np.float64(-0.006777384587015641), np.float64(-0.004443989032521623), np.float64(0.0023146322181348505), np.float64(0.006351374796321223), np.float64(0.01127395121711937), np.float64(0.017932036942790074), np.float64(0.02679490033740671), np.float64(0.03772668377618993), np.float64(0.04982170455889422), np.float64(0.06150706275434532), np.float64(0.07426590581103512), np.float64(0.08693239207867706), np.float64(0.0990644384939603), np.float64(0.1142428526920022), np.float64(0.12537534103111317), np.float64(0.14179953246050064), np.float64(0.15743992917289928), np.float64(0.17180745428718264), np.float64(0.18638552951456), np.float64(0.2028644424751885), np.float64(0.2207076834685141), np.float64(0.2385315571638408), np.float64(0.2576591295122996), np.float64(0.2780266985280829), np.float64(0.29937808643037556), np.float64(0.31977423601922234), np.float64(0.3392430082805636)]","[np.float64(1.0645153833723928), np.float64(2.132827013059665), np.float64(3.203073909733115), np.float64(4.275429768612522), np.float64(5.345721012708968), np.float64(6.408869445648708), np.float64(7.472451439158595), np.float64(8.528639589293816), np.float64(9.583468835061831), np.float64(10.612337169018964), np.float64(11.650134463638395), np.float64(12.678267495777256), np.float64(13.689797867073343), np.float64(14.679094252927793), np.float64(15.644541579383686), np.float64(16.591103931189956), np.float64(17.530752250720482), np.float64(18.451415287524455), np.float64(19.3626774139512), np.float64(20.26896125722726), np.float64(21.136955892084902), np.float64(22.03368104244261), np.float64(22.86893712672166), np.float64(23.701459299195857), np.float64(24.53719731977283), np.float64(25.361416270053745), np.float64(26.155829370050334), np.float64(26.92559240058561), np.float64(27.68582914559802), np.float64(28.421883550341594), np.float64(29.134314595115306), np.float64(29.826018581112095), np.float64(30.519484360472525), np.float64(31.214925163031417)]",14539.25785471726,5.785617928657883,-31.608726277947426,136.48011827468872
124,STATE_A_RIPENING,SPONTANEOUS,6.8,20.0,2513,0.125,120.0,300.0,60.0,100.0,0.04974134500596896,0.005968961400716275,0.00044617727744732273,True,0.333628083193252,30.457263555688215,4.125,7.637262008203041,"[np.float64(-0.004850352730860146), np.float64(-0.007792070074880005), np.float64(-0.00847530172465343), np.float64(-0.008624220473168107), np.float64(-0.009711446897484951), np.float64(-0.008236633661415298), np.float64(-0.0061179269403857555), np.float64(-0.005058060932350958), np.float64(0.0012932559371793906), np.float64(0.007780744881031925), np.float64(0.01248583730807017), np.float64(0.019369298078834897), np.float64(0.02831105206283038), np.float64(0.036194402934301734), np.float64(0.04521603315788057), np.float64(0.05497428043718126), np.float64(0.06565365313728963), np.float64(0.07656832169032823), np.float64(0.0911870123038598), np.float64(0.10378552024128201), np.float64(0.1189789154404273), np.float64(0.13583435734366558), np.float64(0.15171895785720688), np.float64(0.1681693751900053), np.float64(0.1840309376962082), np.float64(0.2018724583676749), np.float64(0.2199279232368913), np.float64(0.23749208565383947), np.float64(0.25631153571576604), np.float64(0.27530998414802815), np.float64(0.293703749689503), np.float64(0.313851777113936), np.float64(0.333628083193252)]","[np.float64(1.0684399317129478), np.float64(2.1400452504258287), np.float64(3.211173668708251), np.float64(4.28188645552045), np.float64(5.3552954096173675), np.float64(6.421574521298614), np.float64(7.483847324811952), np.float64(8.548411614931018), np.float64(9.586413800753673), np.float64(10.61723131865886), np.float64(11.651786392141625), np.float64(12.668050299202719), np.float64(13.663923068301834), np.float64(14.658911478207912), np.float64(15.638047760009913), np.float64(16.603259444371133), np.float64(17.552346752659922), np.float64(18.490387576823952), np.float64(19.386451118494296), np.float64(20.289995793183795), np.float64(21.1593659963676), np.float64(22.001864603937737), np.float64(22.842776253104883), np.float64(23.667513910483056), np.float64(24.487970372654434), np.float64(25.277752892237196), np.float64(26.05499449374779), np.float64(26.827556853419743), np.float64(27.576784906853764), np.float64(28.31442082325304), np.float64(29.049494734112375), np.float64(29.755763586284107), np.float64(30.457263555688215)]",14133.84165620413,5.624290352647883,-35.978868297766894,197.80349779129028
125,STATE_A_RIPENING,SPONTANEOUS,6.8,20.0,2513,0.125,120.0,300.0,60.0,100.0,0.0477516912057302,0.003979307600477517,-0.0009982933697490275,True,0.33240362814250923,30.497598961913166,4.125,7.530399200675794,"[np.float64(-0.004657538139896024), np.float64(-0.006540586086377987), np.float64(-0.007918349576528752), np.float64(-0.008042949847427726), np.float64(-0.008142677618913715), np.float64(-0.00534599232518147), np.float64(-0.0024213981502887887), np.float64(0.0016595781619984824), np.float64(0.007520297930438808), np.float64(0.012975370867884894), np.float64(0.019559993040498186), np.float64(0.02785369957316188), np.float64(0.03466411214482158), np.float64(0.0433049334080397), np.float64(0.05246311193962411), np.float64(0.0612912061176963), np.float64(0.07354820530945617), np.float64(0.08516680062047413), np.float64(0.09612694942992746), np.float64(0.10848041878693065), np.float64(0.12143708143019726), np.float64(0.13607531469477277), np.float64(0.15099811508588135), np.float64(0.1648683958543801), np.float64(0.1809369593744935), np.float64(0.19816848273953042), np.float64(0.2161313127229164), np.float64(0.23442576390387806), np.float64(0.25252246797991507), np.float64(0.27178990397071406), np.float64(0.2917003397256203), np.float64(0.3114082998770977), np.float64(0.33240362814250923)]","[np.float64(1.0692600645445187), np.float64(2.1405458935432087), np.float64(3.213047595454949), np.float64(4.284332513942187), np.float64(5.3556848697807835), np.float64(6.417780282501831), np.float64(7.476426879534447), np.float64(8.527064057530637), np.float64(9.565005407791682), np.float64(10.599128796182416), np.float64(11.62133190970608), np.float64(12.626564658032049), np.float64(13.633685519374469), np.float64(14.62150300427515), np.float64(15.59758748349865), np.float64(16.56808494284172), np.float64(17.502809215563417), np.float64(18.432908550604697), np.float64(19.359439791352848), np.float64(20.264486136324138), np.float64(21.154436006528975), np.float64(22.018550814621527), np.float64(22.86968287539712), np.float64(23.721515045428692), np.float64(24.54122651193813), np.float64(25.338681633337533), np.float64(26.118193882263927), np.float64(26.884078528382364), np.float64(27.642342771339422), np.float64(28.37809125010159), np.float64(29.097147767617248), np.float64(29.80922101070283), np.float64(30.497598961913166)]",13828.43477099637,5.502759558693342,-40.48677126178518,137.16281533241272
127,STATE_A_RIPENING,SPONTANEOUS,6.8,20.0,2513,0.125,120.0,300.0,60.0,100.0,0.043772383605252686,0.00477516912057302,-0.003602241572230435,True,0.33523101351673096,30.441879362855545,4.125,7.830939379564129,"[np.float64(-0.004107162761949887), np.float64(-0.008809405948027607), np.float64(-0.009086016117212568), np.float64(-0.010276613333633436), np.float64(-0.012432539751037338), np.float64(-0.010788107905156807), np.float64(-0.007936283820358363), np.float64(-0.0066514328978403755), np.float64(-0.0015033436035084553), np.float64(0.0017763635621402096), np.float64(0.007145751515161572), np.float64(0.015428940109651863), np.float64(0.02159980771263825), np.float64(0.026838370861021657), np.float64(0.03818851864473105), np.float64(0.04759983623319876), np.float64(0.05880462415209494), np.float64(0.07174928849307967), np.float64(0.08623864247411427), np.float64(0.09799241187419706), np.float64(0.11302835447097515), np.float64(0.12800419432175897), np.float64(0.1433826709660324), np.float64(0.16009074924603525), np.float64(0.17883050721701532), np.float64(0.19735062193592456), np.float64(0.2163260677594857), np.float64(0.23253706860491058), np.float64(0.2523835287082012), np.float64(0.2720284240959643), np.float64(0.2910415122514025), np.float64(0.3116822298299202), np.float64(0.33523101351673096)]","[np.float64(1.0681430569776091), np.float64(2.1413474266842063), np.float64(3.2124694209720883), np.float64(4.285868100843325), np.float64(5.363179650120897), np.float64(6.430464015859222), np.float64(7.491417191758779), np.float64(8.556080824445402), np.float64(9.60074485574202), np.float64(10.650017858784558), np.float64(11.683749817350845), np.float64(12.693816149481972), np.float64(13.710038593957057), np.float64(14.72694678290617), np.float64(15.6923821036101), np.float64(16.663184308942018), np.float64(17.61070462682344), np.float64(18.533678684556225), np.float64(19.43241169933142), np.float64(20.345391561351672), np.float64(21.21787599669732), np.float64(22.08020238881498), np.float64(22.92808374967342), np.float64(23.752043838900995), np.float64(24.544266152953355), np.float64(25.327854473564482), np.float64(26.096032419089944), np.float64(26.88399233109798), np.float64(27.622631554369892), np.float64(28.353623816572018), np.float64(29.082204012449203), np.float64(29.78320200682809), np.float64(30.441879362855545)]",14131.911985512415,5.623522477322887,-35.13263654522598,154.85910844802856
128,STATE_A_RIPENING,SPONTANEOUS,6.8,20.0,2513,0.125,120.0,300.0,60.0,100.0,0.04894548348587346,0.00477516912057302,0.011847103266158145,True,0.3231027083741072,30.4776729541775,4.125,7.303683585430873,"[np.float64(-0.002037558357895457), np.float64(-0.005265077269615118), np.float64(-0.004902675789213014), np.float64(-0.003874667780973673), np.float64(-0.002342496906803541), np.float64(-0.002796770483462621), np.float64(0.0004418160624020803), np.float64(0.0038791686345371885), np.float64(0.007540844950553587), np.float64(0.011041197935113234), np.float64(0.016551184730877598), np.float64(0.023008325283969195), np.float64(0.03149454486927998), np.float64(0.03974015751805837), np.float64(0.047030000911435686), np.float64(0.05751512599199559), np.float64(0.07028704772039658), np.float64(0.07989667937286717), np.float64(0.09386382187639551), np.float64(0.10682918587499625), np.float64(0.1164034821429067), np.float64(0.13022023303179847), np.float64(0.1463049176478066), np.float64(0.16324177004637583), np.float64(0.1785754170506596), np.float64(0.19448793087685354), np.float64(0.21057476681396703), np.float64(0.22720008467085093), np.float64(0.24448376108757752), np.float64(0.2621330032832257), np.float64(0.28175890154705685), np.float64(0.30089556090733266), np.float64(0.3231027083741072)]","[np.float64(1.063426663740108), np.float64(2.130300929492284), np.float64(3.19486947036913), np.float64(4.257627308642354), np.float64(5.317945859595322), np.float64(6.38298841262007), np.float64(7.434756784424358), np.float64(8.48230549248521), np.float64(9.52523771063245), np.float64(10.565260692426373), np.float64(11.590247326388972), np.float64(12.603939383582526), np.float64(13.597984079306151), np.float64(14.58580054762703), np.float64(15.573145453817098), np.float64(16.52880029674869), np.float64(17.45675152466263), np.float64(18.401195780194417), np.float64(19.29908039770658), np.float64(20.195487367044382), np.float64(21.11413759183137), np.float64(21.983952943834723), np.float64(22.82140625140474), np.float64(23.63964177991677), np.float64(24.463915239089943), np.float64(25.2724361966861), np.float64(26.06949385627385), np.float64(26.851279600123554), np.float64(27.616461061375375), np.float64(28.36830169323295), np.float64(29.08862323334563), np.float64(29.805293738591853), np.float64(30.4776729541775)]",13653.724335203433,5.433236902189985,-36.624692203942686,226.426473736763
126,STATE_A_RIPENING,SPONTANEOUS,6.8,20.0,2513,0.125,120.0,300.0,60.0,100.0,0.05372065260644648,0.005173099880620772,0.0004085177080081275,True,0.34004977996365593,31.2644754335649,4.25,8.04699505143826,"[np.float64(-0.005656270293216139), np.float64(-0.00829039163489926), np.float64(-0.009618914171255011), np.float64(-0.011000291922765684), np.float64(-0.010392228975774069), np.float64(-0.009760466174525237), np.float64(-0.006884128567971908), np.float64(-0.00490015196918656), np.float64(-0.0019970764768653753), np.float64(0.002900887197601404), np.float64(0.00968933572487376), np.float64(0.01722344696221581), np.float64(0.022974185263613427), np.float64(0.03069092451987111), np.float64(0.040815918751954894), np.float64(0.05087176812445837), np.float64(0.06296064995696317), np.float64(0.07389043856284887), np.float64(0.08578692207652346), np.float64(0.09857623390112845), np.float64(0.1110823911673436), np.float64(0.12454489128333025), np.float64(0.13894079603122728), np.float64(0.15553245586146303), np.float64(0.17402632915239177), np.float64(0.18926644224368228), np.float64(0.2054426917264479), np.float64(0.22394350719222364), np.float64(0.241714277227701), np.float64(0.26124602714392), np.float64(0.2783573036211996), np.float64(0.2992688226672551), np.float64(0.3187071079668231), np.float64(0.34004977996365593)]","[np.float64(1.0674914996413536), np.float64(2.137816527757711), np.float64(3.208874862192518), np.float64(4.2814867545149236), np.float64(5.350213969969259), np.float64(6.4182084077825), np.float64(7.477058419707852), np.float64(8.536686882502263), np.float64(9.589794436017215), np.float64(10.629276081340983), np.float64(11.652832280433065), np.float64(12.665016507280718), np.float64(13.681814889401801), np.float64(14.679001161838169), np.float64(15.65081620231345), np.float64(16.61413807512736), np.float64(17.551855013756917), np.float64(18.48950193697187), np.float64(19.40948413698361), np.float64(20.311761625530167), np.float64(21.206981499422408), np.float64(22.083452809716068), np.float64(22.94087383705711), np.float64(23.765823245167777), np.float64(24.56030668297037), np.float64(25.37852988564602), np.float64(26.17719903937045), np.float64(26.940772225893973), np.float64(27.702556910567054), np.float64(28.43505314422183), np.float64(29.185575436973682), np.float64(29.883617220046574), np.float64(30.589505861355867), np.float64(31.2644754335649)]",14362.175117517552,5.715151260452667,-34.32741113100201,198.04799509048462
129,STATE_A_RIPENING,SPONTANEOUS,6.8,20.0,2513,0.125,120.0,300.0,60.0,100.0,0.05252686032630322,0.00477516912057302,-0.0065516612448517,True,0.33138909469468225,30.549202742026047,4.125,7.608736413383607,"[np.float64(-0.004500304741190403), np.float64(-0.008287680931888603), np.float64(-0.010539400210047862), np.float64(-0.011449353581246758), np.float64(-0.01173394836029562), np.float64(-0.012198670963359382), np.float64(-0.010539646217842154), np.float64(-0.007678702825068821), np.float64(-0.002400963547802285), np.float64(0.0038525557622338096), np.float64(0.01054116187340621), np.float64(0.0200647273330008), np.float64(0.028618163007516493), np.float64(0.03659729397272583), np.float64(0.0454785870074541), np.float64(0.05552795353978667), np.float64(0.06871098383224049), np.float64(0.08154163251988983), np.float64(0.0962480744333582), np.float64(0.10955396626436538), np.float64(0.124247801917679), np.float64(0.1373522640939757), np.float64(0.15199261900616126), np.float64(0.16707251782929347), np.float64(0.1841135170846461), np.float64(0.20166944356198005), np.float64(0.21898877829018032), np.float64(0.2348608640510912), np.float64(0.25287776555368713), np.float64(0.2700271016399549), np.float64(0.2882753619652511), np.float64(0.310076699077341), np.float64(0.33138909469468225)]","[np.float64(1.070576911106275), np.float64(2.1452384882687574), np.float64(3.22151709726417), np.float64(4.297332596326629), np.float64(5.372439139363984), np.float64(6.448443304731575), np.float64(7.516874161403181), np.float64(8.57832052422429), np.float64(9.625048741487888), np.float64(10.661135766808508), np.float64(11.688374540782613), np.float64(12.691291501250719), np.float64(13.691615565964872), np.float64(14.687958568560004), np.float64(15.67011293536994), np.float64(16.635028588575725), np.float64(17.56536681107731), np.float64(18.487974045476967), np.float64(19.383741868608396), np.float64(20.28122667854119), np.float64(21.155666380923567), np.float64(22.035028730447355), np.float64(22.88976986575173), np.float64(23.73016505826835), np.float64(24.540407939873354), np.float64(25.33490484849988), np.float64(26.12175482238353), np.float64(26.91457066270598), np.float64(27.674646707707993), np.float64(28.434997795695164), np.float64(29.173986780280867), np.float64(29.863455303975066), np.float64(30.549202742026047)]",13688.003061548376,5.4468774618178974,-39.71740138810128,247.6253546476364
130,STATE_A_RIPENING,SPONTANEOUS,6.8,20.0,2513,0.125,120.0,300.0,60.0,100.0,0.04536410664544369,0.003979307600477517,-0.002457358972545753,True,0.32734833358185794,30.49692882245945,4.125,7.466453586520031,"[np.float64(-0.0025490803601946064), np.float64(-0.0036368982714494553), np.float64(-0.006063083908310689), np.float64(-0.006279256211319064), np.float64(-0.004899016542548642), np.float64(-0.0029038206068349066), np.float64(-0.0012064855527068573), np.float64(0.000592665259272384), np.float64(0.0029292727584401225), np.float64(0.008470414452660618), np.float64(0.014183923054022152), np.float64(0.020588457159374563), np.float64(0.027216022829384182), np.float64(0.03519152137977558), np.float64(0.04371468988231607), np.float64(0.0541310014454724), np.float64(0.06463499888968985), np.float64(0.07912511026881561), np.float64(0.09207970600287968), np.float64(0.10464322359189288), np.float64(0.11942563339888194), np.float64(0.1324959297750623), np.float64(0.14931270851220463), np.float64(0.1653402549413642), np.float64(0.182052070914748), np.float64(0.19695069282854738), np.float64(0.21188571320872124), np.float64(0.22774088923271085), np.float64(0.24696087778597625), np.float64(0.2638192468338768), np.float64(0.28694870541971323), np.float64(0.306098338976228), np.float64(0.32734833358185794)]","[np.float64(1.0660776858342729), np.float64(2.133318985651964), np.float64(3.203881648626571), np.float64(4.2723068175075705), np.float64(5.33667858789204), np.float64(6.397603859904347), np.float64(7.4575264766072), np.float64(8.515221515673817), np.float64(9.56845847543705), np.float64(10.602372043845948), np.float64(11.629711600194973), np.float64(12.647088007413698), np.float64(13.656741233462787), np.float64(14.650495158648951), np.float64(15.632735569024591), np.float64(16.592327468971344), np.float64(17.54216422982254), np.float64(18.448931854110505), np.float64(19.358025308555604), np.float64(20.260660533604014), np.float64(21.132763447575496), np.float64(22.010959598619667), np.float64(22.842485204327705), np.float64(23.671157116766462), np.float64(24.482531688742284), np.float64(25.30287316222087), np.float64(26.11364838104028), np.float64(26.905390026773475), np.float64(27.650704728826952), np.float64(28.4127580407147), np.float64(29.094821419449037), np.float64(29.812380837568792), np.float64(30.49692882245945)]",13793.748778584613,5.488956935369922,-38.89975300617516,201.75004625320435
132,STATE_A_RIPENING,SPONTANEOUS,6.8,20.0,2513,0.125,120.0,300.0,60.0,100.0,0.050935137286112216,0.00716275368085953,-0.011175038447775388,True,0.3271409852487161,30.56149024127502,4.125,7.4976414925405335,"[np.float64(-0.004774365883285328), np.float64(-0.007055467393419969), np.float64(-0.011509091303366581), np.float64(-0.01229215076344241), np.float64(-0.013515857609576363), np.float64(-0.012855932656050372), np.float64(-0.010253574762890454), np.float64(-0.006983399430910237), np.float64(-0.0015605166569910343), np.float64(0.005468961381042465), np.float64(0.012256111307977572), np.float64(0.019101412019889446), np.float64(0.02849260926088173), np.float64(0.03835569163394387), np.float64(0.04724855687416605), np.float64(0.058712807177391454), np.float64(0.07076572223439166), np.float64(0.08264653343934111), np.float64(0.09441981560235738), np.float64(0.1068609275085136), np.float64(0.11945227581540158), np.float64(0.13301846343608084), np.float64(0.15002063975687252), np.float64(0.16541685873401782), np.float64(0.18183902921825978), np.float64(0.19820637593691523), np.float64(0.21570980252615415), np.float64(0.23166056634037607), np.float64(0.24899576654523423), np.float64(0.2679734570555605), np.float64(0.2883238897877434), np.float64(0.30810764228177306), np.float64(0.3271409852487161)]","[np.float64(1.0694447221605003), np.float64(2.1413448810738456), np.float64(3.2192450261682697), np.float64(4.294027852921739), np.float64(5.370862925107746), np.float64(6.442880834342223), np.float64(7.506805913454098), np.float64(8.565068703383425), np.float64(9.609499186480832), np.float64(10.639832329352062), np.float64(11.664512686448628), np.float64(12.682114291195264), np.float64(13.676087886969833), np.float64(14.657978492883574), np.float64(15.638154233941751), np.float64(16.590138727547224), np.float64(17.527533657996578), np.float64(18.456454595495824), np.float64(19.37674149585322), np.float64(20.281617388068682), np.float64(21.17559495807912), np.float64(22.050746961065343), np.float64(22.882008202480986), np.float64(23.718636094507247), np.float64(24.534655426777736), np.float64(25.34116946552792), np.float64(26.125699259085533), np.float64(26.917308450153175), np.float64(27.684496735930885), np.float64(28.424006373765373), np.float64(29.13857318908235), np.float64(29.850207553982006), np.float64(30.56149024127502)]",13973.368585139402,5.560433181511899,-38.01328330906108,184.44264316558838
131,STATE_A_RIPENING,SPONTANEOUS,6.8,20.0,2513,0.125,120.0,300.0,60.0,100.0,0.04974134500596896,0.005173099880620772,0.022748357850500646,True,0.34184380394949404,31.262789555411537,4.25,8.070148297238829,"[np.float64(-0.0038811402526015373), np.float64(-0.008373125982655568), np.float64(-0.008466067106713682), np.float64(-0.009448681468757388), np.float64(-0.011659900292488007), np.float64(-0.010525321101456937), np.float64(-0.007857483217446943), np.float64(-0.006274888928118862), np.float64(-0.0020855746607850623), np.float64(0.0037521244732143452), np.float64(0.009539632649167688), np.float64(0.016880949684513633), np.float64(0.023722909546073454), np.float64(0.03198258887155757), np.float64(0.040268868822580524), np.float64(0.049537063797754174), np.float64(0.06098613089452912), np.float64(0.07349561141201023), np.float64(0.0855583516844172), np.float64(0.09770994909707055), np.float64(0.11254632901882415), np.float64(0.1252633944296929), np.float64(0.1414371682910799), np.float64(0.15901462302046418), np.float64(0.17605848393281082), np.float64(0.1926565842972466), np.float64(0.21101156569981283), np.float64(0.22846808612820368), np.float64(0.24514014059073172), np.float64(0.26452354342173207), np.float64(0.28384282474386), np.float64(0.3014509105873378), np.float64(0.32131878089710897), np.float64(0.34184380394949404)]","[np.float64(1.0671960554042015), np.float64(2.1392209561420037), np.float64(3.208981820096011), np.float64(4.280764080309626), np.float64(5.356937616939402), np.float64(6.424638570046203), np.float64(7.485327426413981), np.float64(8.547845178903613), np.float64(9.596119594348492), np.float64(10.63130441807005), np.float64(11.660865638884282), np.float64(12.674942070310673), np.float64(13.68522474092944), np.float64(14.678836844656782), np.float64(15.664561812556217), np.float64(16.63492646276402), np.float64(17.578987634605852), np.float64(18.504278711377744), np.float64(19.423469466006), np.float64(20.33227561418276), np.float64(21.206062395445116), np.float64(22.089982810894405), np.float64(22.929871641164553), np.float64(23.744693976280484), np.float64(24.55417471762694), np.float64(25.358025580990844), np.float64(26.133008603494567), np.float64(26.907657110872183), np.float64(27.681439683519674), np.float64(28.415649526214384), np.float64(29.141074248399597), np.float64(29.876923510368993), np.float64(30.5780600073557), np.float64(31.262789555411537)]",14429.409407923176,5.741905852735048,-37.151418863330036,252.0294086933136
134,STATE_A_RIPENING,SPONTANEOUS,6.8,20.0,2513,0.125,120.0,300.0,60.0,100.0,0.0469558296856347,0.00477516912057302,0.01013103775479664,True,0.32312746845537327,30.551409281934028,4.125,7.468470580275531,"[np.float64(-0.0034952935935085297), np.float64(-0.005918113767551126), np.float64(-0.008003885913480087), np.float64(-0.008135562402951218), np.float64(-0.008711359253225073), np.float64(-0.0074867410113308875), np.float64(-0.00445693572837345), np.float64(-0.002453283310371201), np.float64(0.0005687345351813868), np.float64(0.005276687901177087), np.float64(0.010525809190101513), np.float64(0.018551434634964982), np.float64(0.025177579846344316), np.float64(0.034486994057644584), np.float64(0.043923549065993675), np.float64(0.05445920282248722), np.float64(0.0650166707692695), np.float64(0.07305103237245072), np.float64(0.08313239379011272), np.float64(0.09743515551145158), np.float64(0.11170643607510786), np.float64(0.1265960619862492), np.float64(0.1408581158921372), np.float64(0.15538471796196213), np.float64(0.17340511890159507), np.float64(0.19077465830704943), np.float64(0.20860129249357653), np.float64(0.22484961966050587), np.float64(0.2421923632611247), np.float64(0.2616295353059401), np.float64(0.2809794199766121), np.float64(0.30330523889740507), np.float64(0.32312746845537327)]","[np.float64(1.0667888654078301), np.float64(2.136176173346807), np.float64(3.207631135969932), np.float64(4.277125394542918), np.float64(5.347959266395591), np.float64(6.4135907313228975), np.float64(7.471127803709219), np.float64(8.529852403620756), np.float64(9.581581468681266), np.float64(10.621243009841388), np.float64(11.652983495037358), np.float64(12.662163435391763), np.float64(13.672941434850996), np.float64(14.658302146181656), np.float64(15.634178385590166), np.float64(16.5929361914437), np.float64(17.54239434945692), np.float64(18.504632647266114), np.float64(19.441554171946066), np.float64(20.33099870335436), np.float64(21.21008387555237), np.float64(22.072763884166687), np.float64(22.931378834083144), np.float64(23.77749414691354), np.float64(24.57729999715455), np.float64(25.37328557076396), np.float64(26.154136629759105), np.float64(26.942308005199337), np.float64(27.709055440943533), np.float64(28.442874312379942), np.float64(29.168142213189526), np.float64(29.850049730834677), np.float64(30.551409281934028)]",13856.6201350648,5.513975382039316,-41.148685610853136,236.27996706962585
133,STATE_A_RIPENING,SPONTANEOUS,6.8,20.0,2513,0.125,120.0,300.0,60.0,100.0,0.055312375646637484,0.005571030640668524,-0.0054518067923003165,True,0.3419369413535973,31.251130071896913,4.25,8.084042480605744,"[np.float64(-0.0032994055687865), np.float64(-0.0057781641061132255), np.float64(-0.008629130983357193), np.float64(-0.010892470141394892), np.float64(-0.01076537209673018), np.float64(-0.009813937069553644), np.float64(-0.007735101079027258), np.float64(-0.005134237073217422), np.float64(-0.0003227762306080113), np.float64(0.005647718630956339), np.float64(0.011005663728464312), np.float64(0.014976259887539771), np.float64(0.02247128347236912), np.float64(0.032601139431929355), np.float64(0.04222992355873829), np.float64(0.0523107595868824), np.float64(0.06318289552656339), np.float64(0.07456871676111988), np.float64(0.08471465129490699), np.float64(0.09669068841777498), np.float64(0.10845759944570355), np.float64(0.1235525053573484), np.float64(0.14179636287614872), np.float64(0.1566871245773454), np.float64(0.17203873610891682), np.float64(0.1859109371628994), np.float64(0.20387905408784535), np.float64(0.22500732008752308), np.float64(0.24426988829824633), np.float64(0.264427920188666), np.float64(0.28292737683751523), np.float64(0.30330316858191303), np.float64(0.3220210405820026), np.float64(0.3419369413535973)]","[np.float64(1.0665236861954281), np.float64(2.1357047360509984), np.float64(3.208160163639673), np.float64(4.282438166599789), np.float64(5.352703814226844), np.float64(6.420157900311811), np.float64(7.482333980416021), np.float64(8.54005382619936), np.float64(9.584412003800672), np.float64(10.617687213802256), np.float64(11.648466487703349), np.float64(12.682537863814192), np.float64(13.688966359953731), np.float64(14.669475947899025), np.float64(15.644523994650736), np.float64(16.60736920928534), np.float64(17.554877147254132), np.float64(18.488780744308606), np.float64(19.424449143296208), np.float64(20.33484101651343), np.float64(21.237951066012734), np.float64(22.099317338119373), np.float64(22.918509610878502), np.float64(23.76053169452717), np.float64(24.587925560721022), np.float64(25.42144157371567), np.float64(26.201442315136223), np.float64(26.936524077098344), np.float64(27.6817515211431), np.float64(28.407111759229988), np.float64(29.141608614606987), np.float64(29.84558641404966), np.float64(30.55959680358363), np.float64(31.251130071896913)]",14456.206467255732,5.752569226922296,-35.007891670800745,259.47292971611023
135,STATE_A_RIPENING,SPONTANEOUS,6.8,20.0,2513,0.125,120.0,300.0,60.0,100.0,0.06247512932749701,0.004377238360525269,0.0017226637930219506,True,0.32356306798611795,30.646108762223275,4.125,7.469721762619923,"[np.float64(-0.002629118254857852), np.float64(-0.005258856986322191), np.float64(-0.008545421013868027), np.float64(-0.012016133301774588), np.float64(-0.012160475888122033), np.float64(-0.010075478088925453), np.float64(-0.008664456379474777), np.float64(-0.006122619967631795), np.float64(-0.0013514971835043427), np.float64(0.00456115142959092), np.float64(0.011866771908552416), np.float64(0.019058634627428704), np.float64(0.026171823983450963), np.float64(0.03686420612274739), np.float64(0.045761170794937626), np.float64(0.056108831599398355), np.float64(0.06529484143131101), np.float64(0.0760422479764312), np.float64(0.08787735739387639), np.float64(0.10192841129907337), np.float64(0.11616082911168966), np.float64(0.12776737890073023), np.float64(0.14117846531205547), np.float64(0.15777797936289134), np.float64(0.1755773990630998), np.float64(0.19337010533820026), np.float64(0.2112148099108626), np.float64(0.2310836471965356), np.float64(0.24808355461407916), np.float64(0.2649238574594501), np.float64(0.2849230123066436), np.float64(0.3039426754354815), np.float64(0.32356306798611795)]","[np.float64(1.0698068550543804), np.float64(2.142440028943637), np.float64(3.218982103200004), np.float64(4.299508221590802), np.float64(5.374777913806478), np.float64(6.44293764079569), np.float64(7.511409169261413), np.float64(8.573483227951845), np.float64(9.622100765535338), np.float64(10.659713425348134), np.float64(11.68327869868245), np.float64(12.700340898191348), np.float64(13.710933618297458), np.float64(14.689290286489618), np.float64(15.671433411506335), np.float64(16.634102155532513), np.float64(17.59736848703118), np.float64(18.53922445041983), np.float64(19.46244287988833), np.float64(20.355746049003134), np.float64(21.236826793406955), np.float64(22.13332369396307), np.float64(23.003015444165875), np.float64(23.830454093150067), np.float64(24.63474740267435), np.float64(25.42842665248871), np.float64(26.21119954849831), np.float64(26.961743264025234), np.float64(27.733832377668286), np.float64(28.498551174533954), np.float64(29.218428849076236), np.float64(29.940182798451787), np.float64(30.646108762223275)]",13815.888238888692,5.4977669076357705,-41.416697453241795,279.8351638317108
136,STATE_A_RIPENING,SPONTANEOUS,6.8,20.0,2513,0.125,120.0,300.0,60.0,100.0,0.05133306804615997,0.006366892160764027,0.00745585976298464,True,0.32639854033971594,30.57476543317817,4.125,7.552543613966561,"[np.float64(-0.0031178514456885608), np.float64(-0.004999498138753221), np.float64(-0.006968142683220645), np.float64(-0.008399214198997133), np.float64(-0.008150093117556908), np.float64(-0.00661472021726827), np.float64(-0.0035318944080915287), np.float64(-0.0008989226815467424), np.float64(0.0034402721316574257), np.float64(0.01093316175032474), np.float64(0.018574812241466263), np.float64(0.022324278124089), np.float64(0.02897017662686697), np.float64(0.03552391829406412), np.float64(0.04282748045290556), np.float64(0.05240439079755703), np.float64(0.06285516273367946), np.float64(0.07373864564701937), np.float64(0.08383125793155503), np.float64(0.09632724658981297), np.float64(0.10824476158831867), np.float64(0.12146112399362495), np.float64(0.1389574451182358), np.float64(0.1552696982398509), np.float64(0.17279033170234434), np.float64(0.19097371523686538), np.float64(0.20821709682893416), np.float64(0.22535450404045942), np.float64(0.24568801137982946), np.float64(0.26594162236072144), np.float64(0.28441077259643255), np.float64(0.3051192784560435), np.float64(0.32639854033971594)]","[np.float64(1.0687208988243542), np.float64(2.1394619024720494), np.float64(3.2123723246799925), np.float64(4.286252701192027), np.float64(5.35714297795069), np.float64(6.423601663280085), np.float64(7.4826003570033075), np.float64(8.54026771653598), np.float64(9.587005080797415), np.float64(10.612678064775752), np.float64(11.630072725983087), np.float64(12.664064692769836), np.float64(13.6750262979375), np.float64(14.680274623909042), np.float64(15.673689430875488), np.float64(16.642358327394405), np.float64(17.595357280496977), np.float64(18.535718469411222), np.float64(19.474170883338267), np.float64(20.381967440452737), np.float64(21.285686562806617), np.float64(22.167503252799644), np.float64(22.996423539294494), np.float64(23.8262537201486), np.float64(24.632927677482176), np.float64(25.421927230183442), np.float64(26.210631661261495), np.float64(26.99065147211484), np.float64(27.72551150357553), np.float64(28.451202504278736), np.float64(29.187435335734865), np.float64(29.888979523187505), np.float64(30.57476543317817)]",13698.783200373025,5.451167210653811,-38.90062206564471,204.32805454730988
137,STATE_A_RIPENING,SPONTANEOUS,6.8,20.0,2513,0.125,120.0,300.0,60.0,100.0,0.050537206526064464,0.004377238360525269,-0.0021899633634659484,True,0.32810367670019364,30.554152220695446,4.125,7.488433841216169,"[np.float64(-0.0036475866255277272), np.float64(-0.005786030180077598), np.float64(-0.008510446904689948), np.float64(-0.009194162034547902), np.float64(-0.0091041610340553), np.float64(-0.007187571357989449), np.float64(-0.003458056220585334), np.float64(-0.0006054896821636219), np.float64(0.00533481708703461), np.float64(0.010564243989861406), np.float64(0.015965871770304535), np.float64(0.022640502546941575), np.float64(0.03023895094328228), np.float64(0.038292231653206985), np.float64(0.04589846090233415), np.float64(0.056847592882408975), np.float64(0.06874898870936767), np.float64(0.07961017328101658), np.float64(0.09115365318508248), np.float64(0.10488090162283233), np.float64(0.11749208240226676), np.float64(0.13406241616144252), np.float64(0.15108217974448807), np.float64(0.1652950914801122), np.float64(0.17956390610977865), np.float64(0.19553289302713972), np.float64(0.21353420383165525), np.float64(0.23137044651780125), np.float64(0.25021316963965534), np.float64(0.2690434851168509), np.float64(0.28909124901971206), np.float64(0.30864353711856235), np.float64(0.32810367670019364)]","[np.float64(1.0689706937610457), np.float64(2.140239389443692), np.float64(3.214766773526079), np.float64(4.287834363543497), np.float64(5.359549539499463), np.float64(6.425248594711358), np.float64(7.482083253275142), np.float64(8.538740099671719), np.float64(9.577660428838609), np.float64(10.614274713421025), np.float64(11.64462247460005), np.float64(12.661700571410604), np.float64(13.666164911673903), np.float64(14.660221122791317), np.float64(15.650160098697135), np.float64(16.6068051072256), np.float64(17.546211118714513), np.float64(18.484653266126728), np.float64(19.408096057832633), np.float64(20.302267697274807), np.float64(21.1967537705928), np.float64(22.043293820323203), np.float64(22.87425500273909), np.float64(23.722779421826846), np.float64(24.56131182008351), np.float64(25.37259403794453), np.float64(26.152309119282844), np.float64(26.923775206204308), np.float64(27.674402352117987), np.float64(28.415499216633407), np.float64(29.133465712087943), np.float64(29.847748974131086), np.float64(30.554152220695446)]",13627.55867678356,5.422824781847815,-38.591479517519474,156.8438537120819
138,STATE_A_RIPENING,SPONTANEOUS,6.8,20.0,2513,0.125,120.0,300.0,60.0,100.0,0.05372065260644648,0.00477516912057302,-0.005360640579061481,True,0.34269522265087077,31.224390767205747,4.25,8.106263586108932,"[np.float64(-0.004938348258316262), np.float64(-0.007579460337299629), np.float64(-0.00996617539101805), np.float64(-0.011400276368497239), np.float64(-0.010733839380448286), np.float64(-0.0088296506920188), np.float64(-0.005217892560269829), np.float64(-0.003840699261634938), np.float64(0.0007826601818043679), np.float64(0.0052391300314206584), np.float64(0.01095304831802883), np.float64(0.017955623983914083), np.float64(0.024569881806330664), np.float64(0.03109360462350445), np.float64(0.03996239581754154), np.float64(0.05075429436958187), np.float64(0.06070943954680383), np.float64(0.07156047805711718), np.float64(0.08392871258971828), np.float64(0.0968791911577437), np.float64(0.11089261743585861), np.float64(0.1243033769075385), np.float64(0.1398897970404929), np.float64(0.1558947127321188), np.float64(0.17129472024184988), np.float64(0.1896242639431643), np.float64(0.2073443382396025), np.float64(0.22520697822232053), np.float64(0.2427571714232569), np.float64(0.26401150278003815), np.float64(0.28261450816709177), np.float64(0.3028223345298734), np.float64(0.32118274324984597), np.float64(0.34269522265087077)]","[np.float64(1.0667896253721056), np.float64(2.1364163936633256), np.float64(3.208485025086276), np.float64(4.281081810576269), np.float64(5.349549442068234), np.float64(6.413289988112388), np.float64(7.468576531022534), np.float64(8.529613806194066), np.float64(9.573624768956353), np.float64(10.613755657952208), np.float64(11.642090482777188), np.float64(12.65670335197428), np.float64(13.66709892421433), np.float64(14.671778685746308), np.float64(15.652590351696064), np.float64(16.610135452984903), np.float64(17.565255960787628), np.float64(18.50409884436426), np.float64(19.420348489320695), np.float64(20.321435124171675), np.float64(21.20249808428533), np.float64(22.079269549737077), np.float64(22.924516304447003), np.float64(23.755046306076345), np.float64(24.581630941402725), np.float64(25.367181682843224), np.float64(26.14881228809294), np.float64(26.918885718469685), np.float64(27.682712167461915), np.float64(28.395499970056417), np.float64(29.128451522359146), np.float64(29.833977575983095), np.float64(30.55176267949407), np.float64(31.224390767205747)]",14636.893447103488,5.824470134143847,-33.9509861911647,281.7614446878433
139,STATE_A_RIPENING,SPONTANEOUS,6.8,20.0,2513,0.125,120.0,300.0,60.0,100.0,0.05212892956625547,0.005173099880620772,-0.007329661558116814,True,0.327193324982467,30.49374936174889,4.125,7.525166559892493,"[np.float64(-0.004112946340379736), np.float64(-0.007582304048680664), np.float64(-0.009924306815586651), np.float64(-0.012112226293295761), np.float64(-0.012096298343802325), np.float64(-0.011006327038254157), np.float64(-0.007822544111431245), np.float64(-0.0044790689127420374), np.float64(-5.2507216724268926e-05), np.float64(0.0056843849201722715), np.float64(0.013560212759120565), np.float64(0.019428338085115383), np.float64(0.02632518279000143), np.float64(0.03440893611949443), np.float64(0.04502073574166444), np.float64(0.056471551068646306), np.float64(0.0661489861524204), np.float64(0.07885581783578367), np.float64(0.09125386745452181), np.float64(0.10215141115712244), np.float64(0.11741780122893473), np.float64(0.1311769409285686), np.float64(0.14639611822879148), np.float64(0.16333128517373172), np.float64(0.17754683740261196), np.float64(0.19349879542885812), np.float64(0.21258905801619987), np.float64(0.22888428317762244), np.float64(0.2482294673446055), np.float64(0.2672671628090684), np.float64(0.2862740701283558), np.float64(0.30581959970778255), np.float64(0.327193324982467)]","[np.float64(1.0667408774324987), np.float64(2.1372076828448665), np.float64(3.209600923775156), np.float64(4.284204242369791), np.float64(5.355212131456926), np.float64(6.422712389469226), np.float64(7.481132444401009), np.float64(8.535496135687048), np.float64(9.5811555812934), np.float64(10.61532090034074), np.float64(11.631397262869882), np.float64(12.652224108228324), np.float64(13.66044479505968), np.float64(14.653652376292253), np.float64(15.620422840680925), np.float64(16.571242019995854), np.float64(17.5268533604109), np.float64(18.44823329466257), np.float64(19.362199200820253), np.float64(20.28025194535962), np.float64(21.14830098788499), np.float64(22.02020663267169), np.float64(22.86780411852265), np.float64(23.687734068176127), np.float64(24.52533195525657), np.float64(25.335316632730663), np.float64(26.10182794047097), np.float64(26.88849640375567), np.float64(27.632155442970507), np.float64(28.36946493135809), np.float64(29.097717108177832), np.float64(29.81071329748833), np.float64(30.49374936174889)]",13949.432504422808,5.55090827871978,-38.97212670976296,210.06971287727356
140,STATE_A_RIPENING,SPONTANEOUS,6.8,20.0,2513,0.125,120.0,300.0,60.0,100.0,0.052924791086350974,0.004377238360525269,-0.006135102362457262,True,0.3277540350237923,30.45851769163831,4.125,7.53812456947036,"[np.float64(-0.003577083547861133), np.float64(-0.008458475671764398), np.float64(-0.010729958573957603), np.float64(-0.0104383378194251), np.float64(-0.01077932487628824), np.float64(-0.010807337747831595), np.float64(-0.007866774842962469), np.float64(-0.0040213278672878066), np.float64(0.0017177216532499246), np.float64(0.004072408234362012), np.float64(0.010519190055813428), np.float64(0.017113500424220263), np.float64(0.025235342807933447), np.float64(0.03572975786765305), np.float64(0.04550173896047035), np.float64(0.0556833922183788), np.float64(0.06599344807072573), np.float64(0.07851093886740425), np.float64(0.09093227959963733), np.float64(0.10514754703557745), np.float64(0.1165444738115901), np.float64(0.12899429949224844), np.float64(0.14516851712892587), np.float64(0.1606645345678041), np.float64(0.1777235438864332), np.float64(0.19615678150382385), np.float64(0.212092338896056), np.float64(0.2302286905756209), np.float64(0.24783673224701344), np.float64(0.2665151728639092), np.float64(0.28740680626580944), np.float64(0.3064400651096968), np.float64(0.3277540350237923)]","[np.float64(1.0654468394004906), np.float64(2.136132469496115), np.float64(3.2078752076780765), np.float64(4.276536663211693), np.float64(5.346592083267799), np.float64(6.4160013451182145), np.float64(7.47423385725428), np.float64(8.525475422323602), np.float64(9.563645508177759), np.float64(10.613805444523733), np.float64(11.637884467487975), np.float64(12.65465109584603), np.float64(13.654795701200795), np.float64(14.630475713787632), np.float64(15.60208064270406), np.float64(16.5617710621765), np.float64(17.511578394674093), np.float64(18.433757372699993), np.float64(19.346764438428718), np.float64(20.233615957327686), np.float64(21.13658987059117), np.float64(22.02066577252746), np.float64(22.85844983785691), np.float64(23.692534602994343), np.float64(24.500331981014874), np.float64(25.283252014545315), np.float64(26.08252005857225), np.float64(26.84842072665142), np.float64(27.610403536491116), np.float64(28.351085729204073), np.float64(29.05744553461652), np.float64(29.775486904590778), np.float64(30.45851769163831)]",14093.130437549682,5.608090106466248,-39.43711664993316,318.94659757614136
141,STATE_A_RIPENING,SPONTANEOUS,6.8,20.0,2513,0.125,120.0,300.0,60.0,100.0,0.04536410664544369,0.006764822920811779,-0.006572986834911998,True,0.32604015962223654,30.51511399481036,4.125,7.568111265077994,"[np.float64(-0.006143005109722004), np.float64(-0.00858841447850296), np.float64(-0.010807871135477922), np.float64(-0.011632079197091106), np.float64(-0.009188241710575574), np.float64(-0.007078207610968099), np.float64(-0.005652590690420096), np.float64(-0.00245863689348405), np.float64(0.0005987955887621518), np.float64(0.0060039718491646165), np.float64(0.010311549465693744), np.float64(0.017132148608982767), np.float64(0.023361274956110508), np.float64(0.03220980973096802), np.float64(0.04225352427171401), np.float64(0.05207574995394484), np.float64(0.06445750500453085), np.float64(0.07695379537839797), np.float64(0.08611489920287807), np.float64(0.09729120631569656), np.float64(0.11212897510072019), np.float64(0.125622609583445), np.float64(0.13975026811785002), np.float64(0.1546330515350422), np.float64(0.1711012913733693), np.float64(0.18845187966213084), np.float64(0.20748632541635106), np.float64(0.2275309416227001), np.float64(0.2460914896669416), np.float64(0.26436742819057263), np.float64(0.28387198980944145), np.float64(0.3053993635878536), np.float64(0.32604015962223654)]","[np.float64(1.068113602770361), np.float64(2.1388601849838635), np.float64(3.2118874914611255), np.float64(4.284301895942109), np.float64(5.348768772474033), np.float64(6.411698976365081), np.float64(7.474951205734607), np.float64(8.529114131694504), np.float64(9.580582540925263), np.float64(10.61645559613634), np.float64(11.653179110006509), np.float64(12.669863929283624), np.float64(13.68384853027606), np.float64(14.673152793814673), np.float64(15.645302630575028), np.float64(16.610238669838697), np.float64(17.54543550450851), np.float64(18.46942457039359), np.float64(19.413109786625615), np.float64(20.330517880933773), np.float64(21.204161928438072), np.float64(22.080335713775874), np.float64(22.940473614255453), np.float64(23.783109997316544), np.float64(24.599267436814483), np.float64(25.39580258191258), np.float64(26.16387399545561), np.float64(26.910465029225687), np.float64(27.663200739936336), np.float64(28.409526825254716), np.float64(29.132665825421903), np.float64(29.823435838660984), np.float64(30.51511399481036)]",13754.190526648485,5.473215490110817,-35.268133064266294,216.96770548820496
142,STATE_A_RIPENING,SPONTANEOUS,6.8,20.0,2513,0.125,120.0,300.0,60.0,100.0,0.053322721846398725,0.00915240748109829,0.02887674784867935,True,0.33160411853614613,30.413571540330246,4.125,7.656782750595152,"[np.float64(-0.00307500211207485), np.float64(-0.006373399502549123), np.float64(-0.007121009955102443), np.float64(-0.008933127103125939), np.float64(-0.009355580725560293), np.float64(-0.00869835968522242), np.float64(-0.0060447553511641175), np.float64(-0.004302757262960122), np.float64(0.003104356112653635), np.float64(0.0062948130444480865), np.float64(0.009759017594015599), np.float64(0.016171342180789174), np.float64(0.024741742719511753), np.float64(0.033602681204429746), np.float64(0.04291292705343751), np.float64(0.05264528607307502), np.float64(0.0652954413080356), np.float64(0.07709990456104508), np.float64(0.08846293862118072), np.float64(0.10042415843658506), np.float64(0.11268318793513304), np.float64(0.12843880285661735), np.float64(0.14300356511012585), np.float64(0.16014896649279736), np.float64(0.1752584361494516), np.float64(0.1937481598658986), np.float64(0.2104653930979561), np.float64(0.22962044522453146), np.float64(0.24934022399689118), np.float64(0.2702923954293773), np.float64(0.29113193308925117), np.float64(0.31091332212542183), np.float64(0.33160411853614613)]","[np.float64(1.0651476299366094), np.float64(2.133828145727487), np.float64(3.2019470270742243), np.float64(4.273163988937691), np.float64(5.34259377848056), np.float64(6.408986936635231), np.float64(7.4671637218485), np.float64(8.52643298777792), np.float64(9.556756038407904), np.float64(10.601771297058503), np.float64(11.641926776334065), np.float64(12.660149174348247), np.float64(13.657687987273556), np.float64(14.64509760460018), np.float64(15.620980207615093), np.float64(16.58517300227593), np.float64(17.516806618513556), np.float64(18.44529306302693), np.float64(19.368136010804392), np.float64(20.27640634129547), np.float64(21.172618881651523), np.float64(22.025446614235), np.float64(22.87942427468075), np.float64(23.69711146517712), np.float64(24.525302254633633), np.float64(25.30801241252515), np.float64(26.099285836477627), np.float64(26.854281796417876), np.float64(27.592985001209048), np.float64(28.308082589925554), np.float64(29.01465633867392), np.float64(29.72377999923395), np.float64(30.413571540330246)]",14156.678812115935,5.633377959457197,-40.029215454123914,210.12104320526123
143,STATE_A_RIPENING,SPONTANEOUS,6.8,20.0,2513,0.125,120.0,300.0,60.0,100.0,0.0469558296856347,0.004377238360525269,-0.006254836994144247,True,0.3273255182144743,30.48011412667515,4.125,7.490184829264206,"[np.float64(-0.0022786854775487387), np.float64(-0.003684024360345046), np.float64(-0.00575060236770241), np.float64(-0.005948464430278385), np.float64(-0.007541911989601186), np.float64(-0.0068540637886163385), np.float64(-0.005993419014812326), np.float64(-0.0037397068291017024), np.float64(0.002836718354065481), np.float64(0.007751541804919005), np.float64(0.013589330280051387), np.float64(0.0206774225670973), np.float64(0.028421937030323755), np.float64(0.03681186405669213), np.float64(0.04615473812271811), np.float64(0.05666605562861094), np.float64(0.06784252891637559), np.float64(0.07881351914948992), np.float64(0.09260647684787948), np.float64(0.10351236239305285), np.float64(0.11659332669927278), np.float64(0.1312562398486821), np.float64(0.14715354657649554), np.float64(0.16040673108208472), np.float64(0.17752825038603318), np.float64(0.19471932064401937), np.float64(0.2117508912162356), np.float64(0.22782140515280133), np.float64(0.24502767468648573), np.float64(0.2645107152425132), np.float64(0.2849387610961678), np.float64(0.304820310971494), np.float64(0.3273255182144743)]","[np.float64(1.0653363501481243), np.float64(2.132174865328183), np.float64(3.20158441597215), np.float64(4.269204042045087), np.float64(5.340787364627017), np.float64(6.406725050617581), np.float64(7.47127601447106), np.float64(8.528937798828052), np.float64(9.563541940597364), np.float64(10.600214054476599), np.float64(11.626608288621226), np.float64(12.639455429674223), np.float64(13.641089464345093), np.float64(14.630845609902607), np.float64(15.605750769152221), np.float64(16.563132471628354), np.float64(17.505990381321322), np.float64(18.441264032617404), np.float64(19.342521421877045), np.float64(20.25968856932538), np.float64(21.147700522228476), np.float64(22.01068496377089), np.float64(22.85116945232298), np.float64(23.70814053407597), np.float64(24.515779804069684), np.float64(25.312309689638095), np.float64(26.100478007198724), np.float64(26.88944274579121), np.float64(27.656668631152538), np.float64(28.38908327054054), np.float64(29.101263790642893), np.float64(29.810275864604616), np.float64(30.48011412667515)]",14223.756928288582,5.660070405208349,-39.238653185311705,166.63338923454285
144,STATE_A_RIPENING,SPONTANEOUS,6.8,20.0,2513,0.125,120.0,300.0,60.0,100.0,0.058097890966971745,0.006764822920811779,-0.0009738569999464082,True,0.33208504817437523,30.482241683229553,4.125,7.600269447186156,"[np.float64(-0.004863141697619567), np.float64(-0.008930344846232903), np.float64(-0.010973493354840439), np.float64(-0.011151267847717946), np.float64(-0.009803623468582864), np.float64(-0.007042018282512473), np.float64(-0.003846367155375272), np.float64(-0.0049413233175103375), np.float64(-0.002073712396265907), np.float64(0.003291212273421576), np.float64(0.010195614727547146), np.float64(0.018126572200121698), np.float64(0.027508880715980847), np.float64(0.03651695758675518), np.float64(0.04582623601191798), np.float64(0.05540916269877962), np.float64(0.06819131887745093), np.float64(0.08066301122389805), np.float64(0.09444516127451949), np.float64(0.10903163529070874), np.float64(0.12249170961327804), np.float64(0.1363099690106649), np.float64(0.15099079797823428), np.float64(0.16628177001221753), np.float64(0.18247779514261508), np.float64(0.19910487413941141), np.float64(0.21801058742864687), np.float64(0.23617206140707012), np.float64(0.25675775487482677), np.float64(0.2740524371505914), np.float64(0.29278216609375896), np.float64(0.3127830910621381), np.float64(0.33208504817437523)]","[np.float64(1.0687042414561085), np.float64(2.1417897964469295), np.float64(3.2160013931576192), np.float64(4.288387287120669), np.float64(5.356835092364543), np.float64(6.419256859961228), np.float64(7.477110821009033), np.float64(8.549969796817894), np.float64(9.604886052611356), np.float64(10.643523782658763), np.float64(11.667797544273325), np.float64(12.678833508905214), np.float64(13.672549340677246), np.float64(14.660161983294687), np.float64(15.63725188618335), np.float64(16.6038381603271), np.float64(17.53570934313841), np.float64(18.459770645299937), np.float64(19.362237247419714), np.float64(20.246826785207368), np.float64(21.13132175094477), np.float64(22.002559874298644), np.float64(22.85550645893142), np.float64(23.69236622572639), np.float64(24.509951430689448), np.float64(25.31300488201215), np.float64(26.081776651014792), np.float64(26.848344295683727), np.float64(27.578532321413782), np.float64(28.335216958391968), np.float64(29.066849147913484), np.float64(29.775045256447914), np.float64(30.482241683229553)]",14173.108591565751,5.639915874081079,-36.215285029262304,303.4151511192322
146,STATE_A_RIPENING,SPONTANEOUS,6.8,20.0,2513,0.125,120.0,300.0,60.0,100.0,0.055312375646637484,0.005968961400716275,0.0006688965513152137,True,0.33187850065164637,30.48838935364888,4.125,7.5601132838976115,"[np.float64(-0.0030069161449567073), np.float64(-0.0066051264024263555), np.float64(-0.006424453340588488), np.float64(-0.006896574515240137), np.float64(-0.00518410717652385), np.float64(-0.004862803528013028), np.float64(-0.001920724597696244), np.float64(0.0006868520393021365), np.float64(0.005619189712895121), np.float64(0.010175258129779721), np.float64(0.016828885874646586), np.float64(0.023521045585015155), np.float64(0.03032941713508519), np.float64(0.03898478083164789), np.float64(0.04902440707128697), np.float64(0.05941095602374338), np.float64(0.07104404267766364), np.float64(0.0821102169830835), np.float64(0.09352682668573169), np.float64(0.1054695640132265), np.float64(0.12032665226719358), np.float64(0.13305391007327133), np.float64(0.14725682076176738), np.float64(0.16345745071975884), np.float64(0.18107355587228963), np.float64(0.19821592332318183), np.float64(0.21463206124662101), np.float64(0.23247916180762937), np.float64(0.2514464080049904), np.float64(0.2698559918992524), np.float64(0.2891222417949252), np.float64(0.3095633374154573), np.float64(0.33187850065164637)]","[np.float64(1.0678414472190147), np.float64(2.1395472640751985), np.float64(3.209029089316282), np.float64(4.279722379442847), np.float64(5.345046568275651), np.float64(6.41302033329481), np.float64(7.470821629731755), np.float64(8.526950395554865), np.float64(9.569264958901512), np.float64(10.608512262686286), np.float64(11.631121541660514), np.float64(12.646947155992777), np.float64(13.655517051004406), np.float64(14.64455869623519), np.float64(15.615335119576475), np.float64(16.574506223596956), np.float64(17.514514481811837), np.float64(18.449712488249016), np.float64(19.37277018082253), np.float64(20.28193782488957), np.float64(21.154355927025676), np.float64(22.03688677501054), np.float64(22.8955119123328), np.float64(23.724050264548172), np.float64(24.527561997756585), np.float64(25.325536307351157), np.float64(26.12126711487855), np.float64(26.891875077730077), np.float64(27.64042498380553), np.float64(28.385520670218526), np.float64(29.111694791497865), np.float64(29.815326576427072), np.float64(30.48838935364888)]",13804.415453508438,5.493201533429541,-37.241404604166746,278.03898561000824
145,STATE_A_RIPENING,SPONTANEOUS,6.8,20.0,2513,0.125,120.0,300.0,60.0,100.0,0.048547552725825706,0.004377238360525269,0.0007446393071614533,True,0.3416426564513694,31.24255511120045,4.25,8.017699545097425,"[np.float64(-0.0029483213521722903), np.float64(-0.005054504955698024), np.float64(-0.006741367186353386), np.float64(-0.007105305532388137), np.float64(-0.008306451552971715), np.float64(-0.007579538909748661), np.float64(-0.005760879024537828), np.float64(-0.0033233492938341703), np.float64(-0.00023987450228377078), np.float64(0.00527255565764593), np.float64(0.012282519477525792), np.float64(0.020321243216603984), np.float64(0.028032517713538315), np.float64(0.03470534395096918), np.float64(0.042966712989175114), np.float64(0.05359685462457609), np.float64(0.06324445320000809), np.float64(0.07495585658188494), np.float64(0.08763176599434978), np.float64(0.10020236290099216), np.float64(0.11274633154585877), np.float64(0.12683599039037208), np.float64(0.14317953758056576), np.float64(0.15818707558357037), np.float64(0.17205685038843901), np.float64(0.19061564308659004), np.float64(0.20910065938265182), np.float64(0.22629313825883057), np.float64(0.24503694267998388), np.float64(0.26298401758794737), np.float64(0.2804120106515001), np.float64(0.29972328774760826), np.float64(0.32076724680951585), np.float64(0.3416426564513694)]","[np.float64(1.0659264082665385), np.float64(2.1341080655597655), np.float64(3.203879229869386), np.float64(4.2726218072202675), np.float64(5.344010673242805), np.float64(6.4104637991748294), np.float64(7.472031131651448), np.float64(8.529015455772399), np.float64(9.580334221838685), np.float64(10.615590162577002), np.float64(11.636647344367116), np.float64(12.644417818659289), np.float64(13.646647786220287), np.float64(14.648924683081546), np.float64(15.632991494850266), np.float64(16.590856478417617), np.float64(17.547627836442892), np.float64(18.478352451964994), np.float64(19.390933445079234), np.float64(20.29456586497667), np.float64(21.18884410047231), np.float64(22.058622196559067), np.float64(22.895844739514793), np.float64(23.736022285016737), np.float64(24.57829351946911), np.float64(25.361422686974116), np.float64(26.13476453574426), np.float64(26.91205977425297), np.float64(27.662596080607393), np.float64(28.41243032861102), np.float64(29.159017105035094), np.float64(29.87518371056908), np.float64(30.562357469879938), np.float64(31.24255511120045)]",14574.119285209052,5.799490364189833,-34.58272054931149,201.73905611038208
147,STATE_A_RIPENING,SPONTANEOUS,6.8,20.0,2513,0.125,120.0,300.0,60.0,100.0,0.04257859132510943,0.004377238360525269,-0.022132405690319098,True,0.32301563283166,30.525053450662682,4.125,7.387527976108184,"[np.float64(-0.00254116623814035), np.float64(-0.005113375190803694), np.float64(-0.00725233796468433), np.float64(-0.010635423548853249), np.float64(-0.009070731286499588), np.float64(-0.006987897166796884), np.float64(-0.005372252880079173), np.float64(-0.0013243494273021423), np.float64(0.00438152099616452), np.float64(0.009522823993572146), np.float64(0.013799219272275178), np.float64(0.02034461763593111), np.float64(0.026955694140609394), np.float64(0.034823788267822814), np.float64(0.0417850583996212), np.float64(0.05143690098129815), np.float64(0.06270987870115413), np.float64(0.07351954410993639), np.float64(0.08647169953171706), np.float64(0.10093929248711937), np.float64(0.1165437173316207), np.float64(0.1314217132104173), np.float64(0.14659610783955132), np.float64(0.16124427137763073), np.float64(0.17880180936912568), np.float64(0.19330449080475878), np.float64(0.2133784236337365), np.float64(0.23131060203700135), np.float64(0.24904018882409465), np.float64(0.2652893537942567), np.float64(0.2859472559773852), np.float64(0.3029348337743277), np.float64(0.32301563283166)]","[np.float64(1.065313647444425), np.float64(2.133379809964102), np.float64(3.2035152768317), np.float64(4.278650316591075), np.float64(5.344088694192743), np.float64(6.406177395338687), np.float64(7.467800989731324), np.float64(8.517315554757227), np.float64(9.554723719349399), np.float64(10.589291655683478), np.float64(11.623627668994407), np.float64(12.639584225968708), np.float64(13.648737454598319), np.float64(14.642654496294773), np.float64(15.636054590282578), np.float64(16.60173037775339), np.float64(17.545532106233715), np.float64(18.483853108651402), np.float64(19.394088494776703), np.float64(20.28024936821088), np.float64(21.144937694063668), np.float64(22.00571111852415), np.float64(22.853229740129645), np.float64(23.69596668432008), np.float64(24.498787625949422), np.float64(25.32343945128697), np.float64(26.078980600670757), np.float64(26.847212666695558), np.float64(27.607988975655392), np.float64(28.376008719835827), np.float64(29.085403756347393), np.float64(29.82727730923905), np.float64(30.525053450662682)]",13862.06369873177,5.516141543466682,-38.12937677651644,109.90905487537384
148,STATE_A_RIPENING,SPONTANEOUS,6.8,20.0,2513,0.125,120.0,300.0,60.0,100.0,0.052924791086350974,0.0031834460803820135,-0.008697386526612016,True,0.33221515768334015,30.46643841684986,4.125,7.65441018098185,"[np.float64(-0.0038189809265048273), np.float64(-0.005848730304970118), np.float64(-0.008256364164436616), np.float64(-0.007616997342834686), np.float64(-0.00692854849305511), np.float64(-0.004326917324903012), np.float64(-0.003106568762329795), np.float64(0.0012803066642764946), np.float64(0.00547247743221699), np.float64(0.010236727186334182), np.float64(0.017277835683559915), np.float64(0.024141774746980964), np.float64(0.030715773897674964), np.float64(0.03723289640916215), np.float64(0.045889076223800083), np.float64(0.054651450178556334), np.float64(0.06456015109617112), np.float64(0.0750090644723767), np.float64(0.08516554169599871), np.float64(0.0975282314336933), np.float64(0.11062289124794611), np.float64(0.12503728431842603), np.float64(0.14046096720987625), np.float64(0.15752671217567277), np.float64(0.17559723333928132), np.float64(0.192431719260939), np.float64(0.21122343465968485), np.float64(0.22987341048245072), np.float64(0.2505837010446675), np.float64(0.27160809110916173), np.float64(0.2911690072178517), np.float64(0.3097171577109232), np.float64(0.33221515768334015)]","[np.float64(1.067642372092029), np.float64(2.137463428178437), np.float64(3.2100845872634935), np.float64(4.278733777626411), np.float64(5.346562999933358), np.float64(6.407487977461927), np.float64(7.4708257266565345), np.float64(8.519362198743147), np.float64(9.564281470415514), np.float64(10.601891520883791), np.float64(11.621650932600103), np.float64(12.635607826632222), np.float64(13.64485182620382), np.float64(14.648219103768266), np.float64(15.62943858734112), np.float64(16.602001103493), np.float64(17.557341295914064), np.float64(18.49955896430106), np.float64(19.43571564158099), np.float64(20.343097394525135), np.float64(21.233956204186622), np.float64(22.102131369640574), np.float64(22.949992918224943), np.float64(23.7706284354122), np.float64(24.570028702663336), np.float64(25.37181410922537), np.float64(26.142466761125053), np.float64(26.904365729782604), np.float64(27.63354157550907), np.float64(28.349117646786073), np.float64(29.071341997402634), np.float64(29.795875618330815), np.float64(30.46643841684986)]",14114.09335060393,5.61643189439074,-38.202758870553225,300.83947467803955
149,STATE_A_RIPENING,SPONTANEOUS,6.8,20.0,2513,0.125,120.0,300.0,60.0,100.0,0.053322721846398725,0.007958615200955034,0.0015028627237323078,True,0.3238364840595953,30.56074194632652,4.125,7.691135123621702,"[np.float64(-0.005833171836446564), np.float64(-0.009565575346745544), np.float64(-0.013356154768429048), np.float64(-0.015251313551506562), np.float64(-0.014463931715009891), np.float64(-0.010926516988253398), np.float64(-0.010153156828967213), np.float64(-0.00818287319008205), np.float64(-0.0046637485504707945), np.float64(-0.0004571364951432621), np.float64(0.0036922656340808886), np.float64(0.012196425476198274), np.float64(0.019775697646985755), np.float64(0.02689014973818894), np.float64(0.03463150903366467), np.float64(0.04327968690060931), np.float64(0.05098276422910353), np.float64(0.06370997071179797), np.float64(0.07728580790150105), np.float64(0.08871468934478868), np.float64(0.10219035328888185), np.float64(0.11771537794519328), np.float64(0.13278192741704714), np.float64(0.15011320214427337), np.float64(0.16795441804126449), np.float64(0.18428011890788476), np.float64(0.20130097709320313), np.float64(0.22178026597102432), np.float64(0.24201367164793955), np.float64(0.2628970943243572), np.float64(0.2809556579335427), np.float64(0.3015344883997063), np.float64(0.3238364840595953)]","[np.float64(1.068654927635418), np.float64(2.141333241987406), np.float64(3.218164026962301), np.float64(4.295012310746224), np.float64(5.3666203055912165), np.float64(6.428417842268263), np.float64(7.4968904656984945), np.float64(8.559360377517356), np.float64(9.61224264298292), np.float64(10.65777175842235), np.float64(11.699290452955681), np.float64(12.709134421377037), np.float64(13.716968775190574), np.float64(14.720859524988908), np.float64(15.713232464377079), np.float64(16.691168199596934), np.float64(17.669255519244768), np.float64(18.596363076355722), np.float64(19.505417855644613), np.float64(20.423966106949816), np.float64(21.313664177629686), np.float64(22.172986597435145), np.float64(23.026175316291884), np.float64(23.845590090110242), np.float64(24.64870961807597), np.float64(25.457353628883396), np.float64(26.248529345818238), np.float64(26.991598489385034), np.float64(27.726939604522755), np.float64(28.444899222976517), np.float64(29.18513942777342), np.float64(29.887477676436802), np.float64(30.56074194632652)]",13626.299498856402,5.4223237162182265,-36.85146501939744,180.36509346961975
151,STATE_B_DEFENSE,SPONTANEOUS,6.8,20.0,2513,0.125,690.0,720.0,210.0,325.16129032258067,0.4027059291683247,0.4942300039793076,-0.012161640870840387,True,0.32255890689479927,60.12312056495823,8.125,10.56324033589159,"[np.float64(-0.0006185386250041133), np.float64(-0.001991147388989196), np.float64(-0.0033623826712199786), np.float64(-0.0021045593083460243), np.float64(0.001640179492959598), np.float64(0.0028286778552363235), np.float64(0.006449096020668664), np.float64(0.01047742730072065), np.float64(0.016345462634818685), np.float64(0.02096201955781185), np.float64(0.02417903636305874), np.float64(0.03136849436643666), np.float64(0.03725368355033301), np.float64(0.04304895514494793), np.float64(0.04765975503569629), np.float64(0.05640053548407976), np.float64(0.06154894978768031), np.float64(0.0696231349498249), np.float64(0.07554208411259368), np.float64(0.08075303753245602), np.float64(0.08856118871238497), np.float64(0.09780813620481406), np.float64(0.10546380032890398), np.float64(0.11155099159438599), np.float64(0.11910168819160469), np.float64(0.12618056987143025), np.float64(0.13260905355965946), np.float64(0.1372975636421521), np.float64(0.14372973875915088), np.float64(0.15000095131963176), np.float64(0.1577290582228655), np.float64(0.1638057379711661), np.float64(0.17087035866729935), np.float64(0.17477640722191043), np.float64(0.1774126547781631), np.float64(0.1806171253141886), np.float64(0.18498441208015107), np.float64(0.1904272461626037), np.float64(0.1964416050410395), np.float64(0.2014258179905381), np.float64(0.20692451838896966), np.float64(0.21119951831355502), np.float64(0.21682927855728318), np.float64(0.2231944599594464), np.float64(0.22803614177354845), np.float64(0.23445233402719817), np.float64(0.23855811978347086), np.float64(0.2416069408637149), np.float64(0.24646612512618274), np.float64(0.25202629767692364), np.float64(0.2565021558043244), np.float64(0.2615124422896739), np.float64(0.2673342903393376), np.float64(0.27123492227555007), np.float64(0.27582166628778715), np.float64(0.2808532904098809), np.float64(0.28300392894720255), np.float64(0.2885924707675306), np.float64(0.294202822847703), np.float64(0.2989437103312492), np.float64(0.30365501070026135), np.float64(0.3102512377257209), np.float64(0.3154914786740703), np.float64(0.31990256967930386), np.float64(0.32255890689479927)]","[np.float64(1.0640695732379133), np.float64(2.1296021088249626), np.float64(3.196599935975363), np.float64(4.259446242406079), np.float64(5.314345736507325), np.float64(6.373434798241128), np.float64(7.422288007327822), np.float64(8.465689743828898), np.float64(9.496367268439489), np.float64(10.527636379249797), np.float64(11.56219829619091), np.float64(12.569267963404867), np.float64(13.578022648132732), np.float64(14.581807438761158), np.float64(15.588947620356906), np.float64(16.55927603379702), np.float64(17.551513732846452), np.float64(18.513681179852064), np.float64(19.488372232476674), np.float64(20.46456099369176), np.float64(21.41058536454043), np.float64(22.335471641529345), np.float64(23.26972455283387), np.float64(24.21487412549008), np.float64(25.13858928802883), np.float64(26.061835680362236), np.float64(26.987298895045384), np.float64(27.929081045325333), np.float64(28.84509412395811), np.float64(29.7582798936302), np.float64(30.647418316092413), np.float64(31.55334460896731), np.float64(32.441072487587086), np.float64(33.368522580477226), np.float64(34.3114730961487), np.float64(35.243873261202374), np.float64(36.156058023300105), np.float64(37.048261788524165), np.float64(37.9275267188798), np.float64(38.819253575247444), np.float64(39.69899121072541), np.float64(40.595427107479004), np.float64(41.46572846982429), np.float64(42.31950635232287), np.float64(43.1959081313542), np.float64(44.040915515253126), np.float64(44.923680706938136), np.float64(45.823139497014466), np.float64(46.686520673249916), np.float64(47.53340747512465), np.float64(48.39764463765682), np.float64(49.248526809554946), np.float64(50.08018748275874), np.float64(50.94675434276588), np.float64(51.79685275529688), np.float64(52.63492424323987), np.float64(53.52991229771119), np.float64(54.350790894347526), np.float64(55.16790724240221), np.float64(56.00048058370727), np.float64(56.8308517716051), np.float64(57.616924089014105), np.float64(58.42950393530416), np.float64(59.25768842303204), np.float64(60.12312056495823)]",34424.02234204314,13.698377374470013,-78.01157268648967,17284.667214393616
150,STATE_B_DEFENSE,SPONTANEOUS,6.8,20.0,2513,0.125,690.0,720.0,210.0,325.16129032258067,0.39594110624751294,0.49462793473935535,-0.009660616245614147,True,0.32478726792331053,62.538694228224834,8.5,11.147712952264623,"[np.float64(-0.0034336172348149803), np.float64(-0.0032679972573770536), np.float64(-0.003265450819331877), np.float64(-0.0015846282070940399), np.float64(-0.0014472490676663721), np.float64(-0.0005162815139056798), np.float64(0.0027718583513307096), np.float64(0.005689779630727726), np.float64(0.011177290148340392), np.float64(0.016213984331752595), np.float64(0.022833528496828466), np.float64(0.02882787452722046), np.float64(0.03459565001549087), np.float64(0.039171327764920105), np.float64(0.045488438352968036), np.float64(0.05195951669485732), np.float64(0.0594760738680566), np.float64(0.06466353289220449), np.float64(0.07210574464830637), np.float64(0.0767061477602778), np.float64(0.08514870991153595), np.float64(0.09124087225299847), np.float64(0.09979826891894082), np.float64(0.10648565170040895), np.float64(0.11231310119900474), np.float64(0.11817425546271569), np.float64(0.1252416455278056), np.float64(0.13030499030124518), np.float64(0.1357761336325086), np.float64(0.13933990005584487), np.float64(0.14573900434760229), np.float64(0.15157845239627868), np.float64(0.1548886109651573), np.float64(0.160118645542044), np.float64(0.16433592316885626), np.float64(0.1702853475924325), np.float64(0.1767703809476203), np.float64(0.18408856008945276), np.float64(0.18790955550615887), np.float64(0.19358750677221567), np.float64(0.19716282333099888), np.float64(0.20236362985297052), np.float64(0.20639971720854397), np.float64(0.2086085038853183), np.float64(0.21340304579801012), np.float64(0.21928064160784833), np.float64(0.2274848558944827), np.float64(0.2336425679181336), np.float64(0.23746811605852677), np.float64(0.24294326255731785), np.float64(0.24762131807005716), np.float64(0.2510072280011064), np.float64(0.25379496273603186), np.float64(0.26056173705559493), np.float64(0.2639963129241777), np.float64(0.26888652210115516), np.float64(0.27472623764383275), np.float64(0.2787138538948847), np.float64(0.2875298364494957), np.float64(0.2915183376889704), np.float64(0.2937479709946188), np.float64(0.29738759728595715), np.float64(0.3028491875620531), np.float64(0.3080016604421337), np.float64(0.3130588522342983), np.float64(0.3162120480934167), np.float64(0.321762826093707), np.float64(0.32478726792331053)]","[np.float64(1.0603759101587849), np.float64(2.120575617757803), np.float64(3.1808593634300926), np.float64(4.237574350178933), np.float64(5.296603551402273), np.float64(6.352963464184679), np.float64(7.3996289111126385), np.float64(8.444441627476253), np.float64(9.474184219773335), np.float64(10.500751614370875), np.float64(11.513388953502234), np.float64(12.52341735722646), np.float64(13.529165128864003), np.float64(14.537757734458902), np.float64(15.529040088381956), np.float64(16.51328355961751), np.float64(17.48301434499932), np.float64(18.466274413637365), np.float64(19.42440652658809), np.float64(20.403015925377222), np.float64(21.339666838357545), np.float64(22.293350189193717), np.float64(23.215833980860424), np.float64(24.15190088139604), np.float64(25.09224109239438), np.float64(26.027447118637628), np.float64(26.94348910093595), np.float64(27.878742343087872), np.float64(28.80478234342512), np.float64(29.751411210082306), np.float64(30.65715249218528), np.float64(31.565755086925776), np.float64(32.50550068417206), np.float64(33.41493978815689), np.float64(34.335380549083574), np.float64(35.2265073940943), np.float64(36.10512300954841), np.float64(36.96617143449938), np.float64(37.87789958661228), np.float64(38.756614073399696), np.float64(39.66616509196072), np.float64(40.54565720068203), np.float64(41.44153291383402), np.float64(42.366522981483996), np.float64(43.24370964689023), np.float64(44.098006958673444), np.float64(44.905832888999186), np.float64(45.74667495161244), np.float64(46.6274902914981), np.float64(47.474163518739765), np.float64(48.33277736814659), np.float64(49.213743731571924), np.float64(50.104366856395565), np.float64(50.9125288124803), np.float64(51.78485388857721), np.float64(52.624696490309695), np.float64(53.441588970297104), np.float64(54.294304918688375), np.float64(55.04100181058841), np.float64(55.88740327155053), np.float64(56.769878330707726), np.float64(57.61954013753623), np.float64(58.4260391649357), np.float64(59.23641889538692), np.float64(60.04602046938344), np.float64(60.8967301617103), np.float64(61.68946520297593), np.float64(62.538694228224834)]",37062.21284570284,14.748194526742076,-70.5567080960609,16092.752336382866
152,STATE_B_DEFENSE,SPONTANEOUS,6.8,20.0,2513,0.125,690.0,720.0,210.0,325.16129032258067,0.4011142061281337,0.4926382809391166,0.007416184155404171,True,0.32468019396747255,61.7412749516098,8.375,10.886671641597859,"[np.float64(-0.0014245036645162364), np.float64(-0.0005552989943330413), np.float64(-0.0016720387909843525), np.float64(-0.0026293999554090467), np.float64(0.0001124174680996471), np.float64(0.0022201945079674545), np.float64(0.006458195777537793), np.float64(0.009102264801609018), np.float64(0.013915346172428837), np.float64(0.019390634649235076), np.float64(0.024298777947195285), np.float64(0.028632161733417247), np.float64(0.036081138746700964), np.float64(0.042033758042574074), np.float64(0.050519117944911394), np.float64(0.05517318024331263), np.float64(0.0620890795561938), np.float64(0.06907523141002604), np.float64(0.07517668644957484), np.float64(0.08405732581383445), np.float64(0.0900326914550099), np.float64(0.09559335883222665), np.float64(0.10259239220501454), np.float64(0.10768846890553131), np.float64(0.11391791681077279), np.float64(0.12284744256845331), np.float64(0.12777436790031843), np.float64(0.13304894358549121), np.float64(0.14015533008304584), np.float64(0.14670733680914574), np.float64(0.15287621208581947), np.float64(0.15656030345178756), np.float64(0.16209215136565788), np.float64(0.16896108612275268), np.float64(0.17255153028571552), np.float64(0.17801223905578872), np.float64(0.18441544366418477), np.float64(0.1868878259195614), np.float64(0.19412112739706064), np.float64(0.1999640990920607), np.float64(0.20554680316146734), np.float64(0.21014912502738659), np.float64(0.21472911678183043), np.float64(0.21661101937762628), np.float64(0.22058367796026604), np.float64(0.22661249333384575), np.float64(0.2319140656522973), np.float64(0.23893760246488602), np.float64(0.24558994080601748), np.float64(0.24805611961632928), np.float64(0.25092928161953704), np.float64(0.2544644815344477), np.float64(0.25906173122219817), np.float64(0.26293901010863646), np.float64(0.26851116300793676), np.float64(0.2723424177107227), np.float64(0.2761399526538332), np.float64(0.285606116274111), np.float64(0.29032889090743336), np.float64(0.2955761641223213), np.float64(0.2981149264116744), np.float64(0.3030489779380831), np.float64(0.3039569224308953), np.float64(0.30744030840694275), np.float64(0.3127083346004842), np.float64(0.3180246247678293), np.float64(0.32468019396747255)]","[np.float64(1.0613676826029343), np.float64(2.1218121061055992), np.float64(3.184497772052849), np.float64(4.248034375228944), np.float64(5.3027592075795695), np.float64(6.35661616289299), np.float64(7.400421936253874), np.float64(8.446537386843001), np.float64(9.479773773690585), np.float64(10.50475656259009), np.float64(11.527514310653055), np.float64(12.548953461089036), np.float64(13.545741410566986), np.float64(14.545995654201516), np.float64(15.521925371738947), np.float64(16.520166603530466), np.float64(17.495435674535806), np.float64(18.463952888638875), np.float64(19.434348831825073), np.float64(20.373243857779052), np.float64(21.333192160266393), np.float64(22.292270152309165), np.float64(23.231467925475158), np.float64(24.185704174329988), np.float64(25.12289748163157), np.float64(26.023714338145062), np.float64(26.965530362128494), np.float64(27.89908810661481), np.float64(28.80529313399194), np.float64(29.71332623567013), np.float64(30.621514524824388), np.float64(31.55892123642602), np.float64(32.467583643067776), np.float64(33.35302294127735), np.float64(34.28138721875273), np.float64(35.179034151573546), np.float64(36.05836291707428), np.float64(36.99432189857583), np.float64(37.852688255553836), np.float64(38.72863380631964), np.float64(39.60482795371794), np.float64(40.49357841143366), np.float64(41.379481736057876), np.float64(42.309034599615316), np.float64(43.200129319730664), np.float64(44.05147472152568), np.float64(44.9121621388427), np.float64(45.737543172157096), np.float64(46.56556170348419), np.float64(47.46891000688799), np.float64(48.36265214524434), np.float64(49.241408969143926), np.float64(50.096648221324266), np.float64(50.9634573702588), np.float64(51.79309393068918), np.float64(52.65532966529705), np.float64(53.515799145313146), np.float64(54.25382232290741), np.float64(55.08814051364563), np.float64(55.90827438264545), np.float64(56.78446982980935), np.float64(57.60598827839178), np.float64(58.514734587848324), np.float64(59.36429999176809), np.float64(60.17076699743525), np.float64(60.973129418650764), np.float64(61.7412749516098)]",36536.97989330143,14.53918817879086,-71.23143922211602,16932.54257118702
153,STATE_B_DEFENSE,SPONTANEOUS,6.8,20.0,2513,0.125,690.0,720.0,210.0,325.16129032258067,0.3903700756068444,0.49303621169916434,-0.006602150137765729,True,0.3277807773429421,61.67426596229851,8.375,11.266102449965334,"[np.float64(-0.003129339139222449), np.float64(-0.007204011601126045), np.float64(-0.008584859574803413), np.float64(-0.00968300104392229), np.float64(-0.008533496652329846), np.float64(-0.004340251173666311), np.float64(-0.00021021318018199373), np.float64(0.004862820413188283), np.float64(0.009772123343985702), np.float64(0.016271993181905014), np.float64(0.022763225522816823), np.float64(0.030402760349193366), np.float64(0.03616193805148543), np.float64(0.04232014328331476), np.float64(0.046344787409965275), np.float64(0.05265726863647216), np.float64(0.060353178642203), np.float64(0.0660053553521053), np.float64(0.07154995317718132), np.float64(0.07837207371827425), np.float64(0.08473118357717858), np.float64(0.09138372217083783), np.float64(0.09874162038200762), np.float64(0.10537751595810897), np.float64(0.11108272360077626), np.float64(0.11624615408754395), np.float64(0.12233874296382578), np.float64(0.1283604092681359), np.float64(0.1337008778258671), np.float64(0.1386804446225045), np.float64(0.14538213230075742), np.float64(0.15343135584943035), np.float64(0.16040341556863472), np.float64(0.16493130689555652), np.float64(0.1704520758061069), np.float64(0.17854246239769744), np.float64(0.18252861830406025), np.float64(0.18822380217071968), np.float64(0.19389930780718148), np.float64(0.20061251387987383), np.float64(0.20407251113455052), np.float64(0.20890531632583476), np.float64(0.21403154736038563), np.float64(0.21654527421747644), np.float64(0.22146574606297575), np.float64(0.22393499312619247), np.float64(0.22772673404764496), np.float64(0.23338130577892208), np.float64(0.23808650225927552), np.float64(0.2431527830347371), np.float64(0.24794165602576024), np.float64(0.25265455710595874), np.float64(0.2586447732718904), np.float64(0.26259849142948516), np.float64(0.2680833474973799), np.float64(0.2739928428891457), np.float64(0.27639548532595093), np.float64(0.2816921668134123), np.float64(0.28605435995449213), np.float64(0.2899238150454334), np.float64(0.2948065560252417), np.float64(0.30014021922359807), np.float64(0.303872096489224), np.float64(0.30930510636804864), np.float64(0.31593402976780255), np.float64(0.3222469230483477), np.float64(0.3277807773429421)]","[np.float64(1.0623630763459384), np.float64(2.129081880479454), np.float64(3.1958460937730204), np.float64(4.2634900076515825), np.float64(5.326272187161679), np.float64(6.378053388254727), np.float64(7.425677215504578), np.float64(8.465039191845378), np.float64(9.499991046896245), np.float64(10.521735895006598), np.float64(11.53712261155532), np.float64(12.539208227533898), np.float64(13.546338068194055), np.float64(14.54520495925097), np.float64(15.554147983612685), np.float64(16.541270392033994), np.float64(17.511204712898387), np.float64(18.492055445091783), np.float64(19.46882606724628), np.float64(20.42857410994637), np.float64(21.38703632838536), np.float64(22.337075896877973), np.float64(23.27407465869712), np.float64(24.21298335686797), np.float64(25.157019498034533), np.float64(26.102718224124185), np.float64(27.032994854310818), np.float64(27.959312394257296), np.float64(28.889573576564494), np.float64(29.82034740515881), np.float64(30.724078561224403), np.float64(31.604321905584953), np.float64(32.49389821331505), np.float64(33.413435691446196), np.float64(34.31496824355118), np.float64(35.17404043738001), np.float64(36.09011527134787), np.float64(36.97658914600608), np.float64(37.859348126901644), np.float64(38.72138951593241), np.float64(39.63235788388446), np.float64(40.5177687781036), np.float64(41.39480532460802), np.float64(42.313691320555826), np.float64(43.18811435309393), np.float64(44.10329435346423), np.float64(44.9924224314325), np.float64(45.844256277043215), np.float64(46.71033270270792), np.float64(47.56638274499709), np.float64(48.424529568148934), np.float64(49.281061898919276), np.float64(50.10910620679977), np.float64(50.9745618893644), np.float64(51.80613165008271), np.float64(52.62558152995241), np.float64(53.51488555933853), np.float64(54.34110978473126), np.float64(55.18419652576424), np.float64(56.035286270440004), np.float64(56.861690248760176), np.float64(57.67518124396252), np.float64(58.521497251045304), np.float64(59.326935847211686), np.float64(60.101965213162885), np.float64(60.88075478467304), np.float64(61.67426596229851)]",36975.236499424165,14.713583963161227,-70.16841660346836,15832.227209687233
154,STATE_B_DEFENSE,SPONTANEOUS,6.8,20.0,2513,0.125,690.0,720.0,210.0,325.16129032258067,0.4027059291683247,0.4910465578989256,0.0036865420715326775,True,0.3275399228476717,62.57294253648172,8.5,11.3273353614183,"[np.float64(-0.003169991091718414), np.float64(-0.0029583216138127813), np.float64(-0.004215991315127158), np.float64(-0.004334052441862511), np.float64(-0.003188769683991774), np.float64(-0.00038941018626920175), np.float64(0.005129009670790319), np.float64(0.00872680369121891), np.float64(0.014654924292816781), np.float64(0.01791721890021433), np.float64(0.020893677659556784), np.float64(0.026102545136897283), np.float64(0.03331593931895069), np.float64(0.038530059784379574), np.float64(0.043220329330806655), np.float64(0.04917198411536509), np.float64(0.055779500314855616), np.float64(0.06415683552533541), np.float64(0.07274996057742734), np.float64(0.08024577083362325), np.float64(0.08561197857178225), np.float64(0.09497991611513938), np.float64(0.1013469838107018), np.float64(0.10651558113749633), np.float64(0.11417612271461176), np.float64(0.11908140982532697), np.float64(0.1258946579004288), np.float64(0.1320766611346168), np.float64(0.1377115794670564), np.float64(0.14178581060575726), np.float64(0.14715528483479973), np.float64(0.15254235429317337), np.float64(0.15608554620865303), np.float64(0.1614112040117956), np.float64(0.16909566745420854), np.float64(0.17366419962310667), np.float64(0.17926649672181055), np.float64(0.1845662627850409), np.float64(0.18897715193275816), np.float64(0.19341454620978638), np.float64(0.1948682532213466), np.float64(0.20085147264687706), np.float64(0.2076669259432717), np.float64(0.21052535273880751), np.float64(0.2173368334526534), np.float64(0.22250167498326232), np.float64(0.2263432790703065), np.float64(0.2303459297792076), np.float64(0.23537603947251517), np.float64(0.24071096879530152), np.float64(0.2447757977996797), np.float64(0.24828892399745625), np.float64(0.25454883488198743), np.float64(0.259090619533952), np.float64(0.2631943608951219), np.float64(0.26717306907026883), np.float64(0.27439642682606563), np.float64(0.2790889430399641), np.float64(0.28472764268977047), np.float64(0.28998965963865153), np.float64(0.2939942415655627), np.float64(0.3002993543820461), np.float64(0.30094091449968474), np.float64(0.3052816153817157), np.float64(0.31176369133616705), np.float64(0.3167095386707757), np.float64(0.32132833495055635), np.float64(0.3275399228476717)]","[np.float64(1.0619178209411886), np.float64(2.1236101873936617), np.float64(3.1874262272877494), np.float64(4.250153595037126), np.float64(5.309639117254119), np.float64(6.362639058412696), np.float64(7.402673537697277), np.float64(8.445097490807301), np.float64(9.472940002635177), np.float64(10.508608933010226), np.float64(11.542606463924976), np.float64(12.559933054663087), np.float64(13.559018364797987), np.float64(14.565317664492046), np.float64(15.570576736808203), np.float64(16.561440209003766), np.float64(17.541380521916164), np.float64(18.49997521398502), np.float64(19.449382090465228), np.float64(20.401879082042587), np.float64(21.368962767281424), np.float64(22.290564400419775), np.float64(23.236312768590484), np.float64(24.189892357787777), np.float64(25.11103110902725), np.float64(26.05817331452596), np.float64(26.978409711344295), np.float64(27.90111593902257), np.float64(28.82593279008741), np.float64(29.76667973887389), np.float64(30.686831573433786), np.float64(31.602612953123277), np.float64(32.5402147744715), np.float64(33.449326087268304), np.float64(34.319778778599584), np.float64(35.23157293785656), np.float64(36.12411406052638), np.float64(37.01735448273178), np.float64(37.92095913857577), np.float64(38.82091691022783), np.float64(39.76722682891702), np.float64(40.635546404519104), np.float64(41.4855001438781), np.float64(42.4001304402718), np.float64(43.24228087015931), np.float64(44.10974643264552), np.float64(44.99800827630621), np.float64(45.88059906823402), np.float64(46.740995094324674), np.float64(47.59224092362202), np.float64(48.464760307722536), np.float64(49.345465025034876), np.float64(50.1687805564926), np.float64(51.02308651027142), np.float64(51.88347562073725), np.float64(52.743812732225855), np.float64(53.533303484511315), np.float64(54.372472482790215), np.float64(55.18841714347814), np.float64(56.00922931092017), np.float64(56.85453660236771), np.float64(57.6463052368355), np.float64(58.56163914953185), np.float64(59.39218792675223), np.float64(60.170970279449946), np.float64(60.98182335589789), np.float64(61.79749763166492), np.float64(62.57294253648172)]",37462.299793019076,14.907401429772811,-70.0772859910503,16810.04194331169
157,STATE_B_DEFENSE,SPONTANEOUS,6.8,20.0,2513,0.125,690.0,720.0,210.0,325.16129032258067,0.40071627536808596,0.4950258654994031,-0.013580486594961883,True,0.32415959164838953,61.73731175704307,8.375,11.04186750757475,"[np.float64(-0.0022296087803963488), np.float64(-0.003020778210890093), np.float64(-0.002539747282317943), np.float64(-0.0015803139147464056), np.float64(0.0005509884554959113), np.float64(0.0020357358147940286), np.float64(0.004264348945336125), np.float64(0.007353001832939832), np.float64(0.0106980046670393), np.float64(0.015011380306716046), np.float64(0.019208106639914086), np.float64(0.02765507812880678), np.float64(0.034285879163053194), np.float64(0.04295261697911231), np.float64(0.04968397496564389), np.float64(0.05607472370430368), np.float64(0.06252334883557373), np.float64(0.06755964279644097), np.float64(0.07451334991669666), np.float64(0.07915263299998279), np.float64(0.08594213042826182), np.float64(0.09244984094027406), np.float64(0.09918536393295019), np.float64(0.10644235931170175), np.float64(0.1120689205156274), np.float64(0.11688790629511871), np.float64(0.12313043226658227), np.float64(0.1304265851663303), np.float64(0.1352065479376774), np.float64(0.1425990056376806), np.float64(0.14797093058480845), np.float64(0.1539469531859175), np.float64(0.158852803995267), np.float64(0.16522369983781754), np.float64(0.17101879764004585), np.float64(0.17763081420093538), np.float64(0.1811530842586496), np.float64(0.18765489623067658), np.float64(0.19187580079096406), np.float64(0.19348624538837553), np.float64(0.19849885393121303), np.float64(0.20174385251322596), np.float64(0.20639453680618372), np.float64(0.21320344750912443), np.float64(0.21896446978835038), np.float64(0.2226472166506526), np.float64(0.22852571169249397), np.float64(0.2322834832326424), np.float64(0.2375989337412625), np.float64(0.24104246592411005), np.float64(0.2450421936866394), np.float64(0.2510148348294914), np.float64(0.256613654853591), np.float64(0.2616048629603944), np.float64(0.2657847512079244), np.float64(0.27029645898680243), np.float64(0.27306425242494153), np.float64(0.2796316532728153), np.float64(0.28484618953330054), np.float64(0.2902249894421517), np.float64(0.29461903289943403), np.float64(0.29830058156059536), np.float64(0.30249553026321974), np.float64(0.30858972439306714), np.float64(0.3125862208693816), np.float64(0.3200688805723289), np.float64(0.32415959164838953)]","[np.float64(1.0615189990328657), np.float64(2.1238802170529762), np.float64(3.1850520428777447), np.float64(4.244695112042707), np.float64(5.300214785671279), np.float64(6.355543900634014), np.float64(7.406569370250382), np.float64(8.451663980793379), np.float64(9.492374913674357), np.float64(10.524649022440757), np.float64(11.553254176800856), np.float64(12.551644705699701), np.float64(13.553957896330568), np.float64(14.535796164015474), np.float64(15.524050725271149), np.float64(16.508808741398745), np.float64(17.48729988905118), np.float64(18.47223771931805), np.float64(19.43527861161184), np.float64(20.414165717051407), np.float64(21.367761675024045), np.float64(22.318500140359472), np.float64(23.261378347012677), np.float64(24.193010966986723), np.float64(25.137219332199095), np.float64(26.086248758340624), np.float64(27.014177198432666), np.float64(27.924147776588782), np.float64(28.860485441724617), np.float64(29.758936826161975), np.float64(30.67886766359314), np.float64(31.58640019668688), np.float64(32.50445431779133), np.float64(33.39776004021292), np.float64(34.29487219083562), np.float64(35.175558193516515), np.float64(36.09871207862439), np.float64(36.97273197549746), np.float64(37.87844863545389), np.float64(38.82347091813966), np.float64(39.71075304777605), np.float64(40.62434889723538), np.float64(41.511349512552286), np.float64(42.35736508652728), np.float64(43.21754251245872), np.float64(44.111347791256605), np.float64(44.962330172403625), np.float64(45.84890851388531), np.float64(46.70347485837664), np.float64(47.59044445355137), np.float64(48.464219046739856), np.float64(49.29639846567291), np.float64(50.132349639077354), np.float64(50.97710407401676), np.float64(51.83532637778124), np.float64(52.68397814177309), np.float64(53.566438433080855), np.float64(54.36615062228338), np.float64(55.191159584612656), np.float64(56.009488097097844), np.float64(56.8462628519087), np.float64(57.69619080802065), np.float64(58.53228873504107), np.float64(59.32275321315007), np.float64(60.15787872392673), np.float64(60.91001642703146), np.float64(61.73731175704307)]",36405.109323328856,14.486712822653743,-68.09613076457754,16626.558411717415
156,STATE_B_DEFENSE,SPONTANEOUS,6.8,20.0,2513,0.125,690.0,720.0,210.0,325.16129032258067,0.40350179068842024,0.4970155192996419,-0.007188609064709177,True,0.32339051265027435,62.628154818191064,8.5,11.00308941274557,"[np.float64(-0.0019735521565255984), np.float64(-0.002090428490925525), np.float64(-0.0037967943918180147), np.float64(-0.005458551989253757), np.float64(-0.002273794425153655), np.float64(0.0010219282458619825), np.float64(0.004793620160067413), np.float64(0.011130790157969753), np.float64(0.014227706890331798), np.float64(0.017578984980617763), np.float64(0.024189745733955756), np.float64(0.030557384950316853), np.float64(0.03533665663617486), np.float64(0.04174166988847364), np.float64(0.047263789086451985), np.float64(0.05477541449420306), np.float64(0.06097812102164964), np.float64(0.0684483712987936), np.float64(0.07613044785352538), np.float64(0.08337310064653337), np.float64(0.08801427303555079), np.float64(0.09678685164365819), np.float64(0.10308542447514392), np.float64(0.10938023140614213), np.float64(0.1136654746482202), np.float64(0.11846891583641574), np.float64(0.12476522602460499), np.float64(0.1298065184738164), np.float64(0.13538913495189983), np.float64(0.14103714598194492), np.float64(0.14693032905891099), np.float64(0.1520374642039937), np.float64(0.15781233883103962), np.float64(0.16287014986800893), np.float64(0.16688522074601903), np.float64(0.17466874750447334), np.float64(0.17908436929597854), np.float64(0.18327493569762796), np.float64(0.18756796027059391), np.float64(0.19364338725683733), np.float64(0.1997067377099203), np.float64(0.20288522929381886), np.float64(0.2069173026427893), np.float64(0.21072434248818447), np.float64(0.21509788398555318), np.float64(0.22099897313460573), np.float64(0.22750338613681761), np.float64(0.23400551511560352), np.float64(0.23758142409434138), np.float64(0.24206977650914308), np.float64(0.2451324505809209), np.float64(0.25053839413037327), np.float64(0.25463858755086394), np.float64(0.25973989885051274), np.float64(0.2633154504575913), np.float64(0.2686031269769668), np.float64(0.27303379527512145), np.float64(0.28077985684154916), np.float64(0.2861192280615709), np.float64(0.28922015748794916), np.float64(0.29463493172857413), np.float64(0.29965825479253344), np.float64(0.3044437632472832), np.float64(0.306211359218398), np.float64(0.30783624649506075), np.float64(0.31513044177215066), np.float64(0.31901332301890256), np.float64(0.32339051265027435)]","[np.float64(1.0605561997053539), np.float64(2.1212366093545656), np.float64(3.1845787989373036), np.float64(4.2496509468204025), np.float64(5.303578812209749), np.float64(6.353809168656735), np.float64(7.398851618691607), np.float64(8.429290699241909), np.float64(9.468462999590512), np.float64(10.50317611113128), np.float64(11.51614662450638), np.float64(12.52419636899446), np.float64(13.53652747775174), np.float64(14.532914874420003), np.float64(15.52987383807736), np.float64(16.506108505643283), np.float64(17.4864004384776), np.float64(18.45017316619548), np.float64(19.405545409266185), np.float64(20.358495662311434), np.float64(21.33077872750909), np.float64(22.25698203797385), np.float64(23.202136378648685), np.float64(24.142138805794637), np.float64(25.099631350925797), np.float64(26.04750324364936), np.float64(26.973514474604844), np.float64(27.910055848325737), np.float64(28.835689679927224), np.float64(29.756104517021868), np.float64(30.66887796694784), np.float64(31.587946171247097), np.float64(32.49372983988246), np.float64(33.40550319060329), np.float64(34.32880509537163), np.float64(35.192450288622176), np.float64(36.102227218756624), np.float64(37.01224908121095), np.float64(37.917533853291744), np.float64(38.79068111668289), np.float64(39.659845679002956), np.float64(40.57344708886983), np.float64(41.47003587453869), np.float64(42.36768666431651), np.float64(43.25253773646633), np.float64(44.10673339757469), np.float64(44.94601793418726), np.float64(45.78122395016623), np.float64(46.66743177389607), np.float64(47.53371079182698), np.float64(48.42471934989936), np.float64(49.26738832589427), np.float64(50.13271921860795), np.float64(50.975093342539466), np.float64(51.8455514179359), np.float64(52.67806944107162), np.float64(53.525360545597145), np.float64(54.29945385051771), np.float64(55.120875665185146), np.float64(55.98767320125399), np.float64(56.801641536087864), np.float64(57.621136106016046), np.float64(58.443010801549576), np.float64(59.33049314086701), np.float64(60.22008775698056), np.float64(60.97674427948654), np.float64(61.809456357276424), np.float64(62.628154818191064)]",36766.44278198328,14.63049852048678,-66.6462258589454,16753.264719247818
155,STATE_B_DEFENSE,SPONTANEOUS,6.8,20.0,2513,0.125,690.0,720.0,210.0,325.16129032258067,0.4058893752487067,0.49462793473935535,-0.002411739215737854,True,0.3249966259284169,62.6084218662151,8.5,11.076469334241777,"[np.float64(-0.002645773631202417), np.float64(-0.004455504520309827), np.float64(-0.0037507693070822795), np.float64(-0.0050071307781283), np.float64(-0.0036702507316713276), np.float64(-0.0008612851695229666), np.float64(0.0021244793882915503), np.float64(0.005509181493322089), np.float64(0.010210673560905274), np.float64(0.014247925221886504), np.float64(0.018626217988221932), np.float64(0.026255169109779774), np.float64(0.03332012569017854), np.float64(0.041086762176994356), np.float64(0.04772796618982645), np.float64(0.05367739152427339), np.float64(0.06151956376271889), np.float64(0.06681704774889488), np.float64(0.07361445184053354), np.float64(0.08059896963755964), np.float64(0.08909183579232137), np.float64(0.09501038777527195), np.float64(0.10100056832286201), np.float64(0.1059938755946819), np.float64(0.11152073667741012), np.float64(0.11766897627609024), np.float64(0.12177621501823119), np.float64(0.12752050335553652), np.float64(0.13539611948596275), np.float64(0.14102743631816445), np.float64(0.14770236965409692), np.float64(0.15562091104460687), np.float64(0.16069145990946873), np.float64(0.16410815371870427), np.float64(0.16965088194704686), np.float64(0.17511614015427018), np.float64(0.17971912301319398), np.float64(0.1840074725184443), np.float64(0.18933768402221232), np.float64(0.19493215015964893), np.float64(0.20049628880471834), np.float64(0.20466403024522564), np.float64(0.20797627065473664), np.float64(0.21097286442375154), np.float64(0.2170631945574327), np.float64(0.22483000645361712), np.float64(0.2280394240826785), np.float64(0.23537647980785614), np.float64(0.24055536103865618), np.float64(0.24537294181413882), np.float64(0.25113272899750966), np.float64(0.2567900657841701), np.float64(0.26144754668878434), np.float64(0.26566882547602877), np.float64(0.2695372577191128), np.float64(0.2733719702160643), np.float64(0.2772673936841936), np.float64(0.28093500593514514), np.float64(0.28638780456614205), np.float64(0.29134547063566346), np.float64(0.29692954511856), np.float64(0.3018785534635909), np.float64(0.3044167366310971), np.float64(0.30783906816209433), np.float64(0.31289274500543157), np.float64(0.31714459488164437), np.float64(0.3211451953965287), np.float64(0.3249966259284169)]","[np.float64(1.0612226585858937), np.float64(2.1243735639034718), np.float64(3.1854330784514358), np.float64(4.249924722039059), np.float64(5.308840600275289), np.float64(6.361647294220641), np.float64(7.410857029237973), np.float64(8.455283953828339), np.float64(9.49003389159716), np.float64(10.52347482390038), np.float64(11.550917725662334), np.float64(12.554077276749245), np.float64(13.553677217231124), np.float64(14.541720865500086), np.float64(15.53095714232153), np.float64(16.519518408632507), np.float64(17.487033839954176), np.float64(18.46965409560949), np.float64(19.43393102094977), np.float64(20.390550526761643), np.float64(21.326435517704127), np.float64(22.281518843253952), np.float64(23.230860388942663), np.float64(24.186114862704798), np.float64(25.131155325952623), np.float64(26.064414902946613), np.float64(27.017295994360428), np.float64(27.946475085286508), np.float64(28.844002564257803), np.float64(29.764900936377988), np.float64(30.667493723224418), np.float64(31.548122084960358), np.float64(32.46285977142848), np.float64(33.39746334368948), np.float64(34.29818578013092), np.float64(35.19600214494163), np.float64(36.103029381848856), np.float64(37.01157830478403), np.float64(37.90035235576007), np.float64(38.7810531408943), np.float64(39.65835318960522), np.float64(40.55529354759207), np.float64(41.46393207634912), np.float64(42.37568202324736), np.float64(43.230193518545455), np.float64(44.05053155509628), np.float64(44.94930008920852), np.float64(45.7691454098957), np.float64(46.62504194087441), np.float64(47.48446201424738), np.float64(48.322535512482716), np.float64(49.159018632352314), np.float64(50.011801844149275), np.float64(50.870376112430314), np.float64(51.73342056009413), np.float64(52.59465546264667), np.float64(53.452149360009805), np.float64(54.31198512876678), np.float64(55.131179613458656), np.float64(55.95788081999506), np.float64(56.76790583528523), np.float64(57.58875418233219), np.float64(58.46064445484596), np.float64(59.31083675321927), np.float64(60.12152150452379), np.float64(60.94785686189421), np.float64(61.777561004385554), np.float64(62.6084218662151)]",37015.47000714372,14.729594113467456,-71.36846409039572,17585.181497335434
158,STATE_B_DEFENSE,SPONTANEOUS,6.8,20.0,2513,0.125,690.0,720.0,210.0,325.16129032258067,0.3935535216872264,0.4966175885395941,0.0016627766971092908,True,0.32379052818091386,61.77620274875923,8.375,10.823939160179751,"[np.float64(-0.0019442388733891382), np.float64(-0.004226020901803816), np.float64(-0.0037799267380277933), np.float64(-0.0028320759664731397), np.float64(-0.00036462546501676206), np.float64(0.001514241988918552), np.float64(0.00653352980800106), np.float64(0.009491037075424133), np.float64(0.012734025732206824), np.float64(0.01727390556609791), np.float64(0.021474823824515796), np.float64(0.027380533024237447), np.float64(0.03398972867508554), np.float64(0.039174748217056944), np.float64(0.04772170279128996), np.float64(0.05473100627695452), np.float64(0.062221523255466524), np.float64(0.0687149635937231), np.float64(0.0762240658822025), np.float64(0.08507521224612696), np.float64(0.09183215990725165), np.float64(0.09808668451788988), np.float64(0.10423346447214298), np.float64(0.11059765679787167), np.float64(0.11615146000723649), np.float64(0.12193558971237567), np.float64(0.1266926666188107), np.float64(0.13102411712187728), np.float64(0.13807838753634272), np.float64(0.14542852942513032), np.float64(0.15149715046862877), np.float64(0.15709090616497196), np.float64(0.1614810738379437), np.float64(0.16914585516043312), np.float64(0.17647237894188772), np.float64(0.18140310355231248), np.float64(0.18710340678532855), np.float64(0.19093793876550927), np.float64(0.1935980552599643), np.float64(0.19876435985275587), np.float64(0.20523878447901167), np.float64(0.21189041007718606), np.float64(0.21716791828215398), np.float64(0.22271889906189427), np.float64(0.2255102178452536), np.float64(0.22693064822655942), np.float64(0.23078989019215657), np.float64(0.23612684224314537), np.float64(0.2401252500282299), np.float64(0.24659717782028373), np.float64(0.2508465888185904), np.float64(0.25511923038476264), np.float64(0.26059145414143003), np.float64(0.2635256634434653), np.float64(0.2661975161349445), np.float64(0.27426349922922), np.float64(0.27817693171814495), np.float64(0.2828062150930139), np.float64(0.28824075068447247), np.float64(0.29465728274489866), np.float64(0.29831375555466916), np.float64(0.3022700575432013), np.float64(0.3084884788719641), np.float64(0.31299200755144485), np.float64(0.3169889679793183), np.float64(0.3209327901525341), np.float64(0.32379052818091386)]","[np.float64(1.0618878181691096), np.float64(2.126207523619021), np.float64(3.188597139781891), np.float64(4.249441773986154), np.float64(5.305242472148081), np.float64(6.360316497293869), np.float64(7.401844519925644), np.float64(8.446850251301221), np.float64(9.487479494288714), np.float64(10.518095008184442), np.float64(11.54608879791969), np.float64(12.559478923622494), np.float64(13.562547792781096), np.float64(14.569336860759018), np.float64(15.54620286596759), np.float64(16.527423956052225), np.float64(17.498362710558514), np.float64(18.471305941141534), np.float64(19.429350949058588), np.float64(20.368362520513156), np.float64(21.320500481825743), np.float64(22.27206112220461), np.float64(23.219530035227056), np.float64(24.159553678262583), np.float64(25.103512033885025), np.float64(26.04026665729399), np.float64(26.98466755129171), np.float64(27.9304633306676), np.float64(28.8381868554614), np.float64(29.73673607536465), np.float64(30.646882386300955), np.float64(31.55893069965071), np.float64(32.483581957753444), np.float64(33.35804663364788), np.float64(34.232074472749304), np.float64(35.13658010263148), np.float64(36.02578808266801), np.float64(36.93984535669151), np.float64(37.86967668957342), np.float64(38.75690796526657), np.float64(39.61898534610519), np.float64(40.473769831903844), np.float64(41.34749932352819), np.float64(42.21292105999019), np.float64(43.12311127620803), np.float64(44.05587849905604), np.float64(44.94298765186702), np.float64(45.800029782247414), np.float64(46.67876385258044), np.float64(47.50758742918115), np.float64(48.37535815839194), np.float64(49.23986951593664), np.float64(50.077741256365535), np.float64(50.963326509119376), np.float64(51.85229730557896), np.float64(52.627706871325074), np.float64(53.48541989792219), np.float64(54.325471894605215), np.float64(55.14543117354392), np.float64(55.940955832632696), np.float64(56.79316178869316), np.float64(57.63644735235761), np.float64(58.426737927808524), np.float64(59.25226743587887), np.float64(60.086696790439206), np.float64(60.91996100095656), np.float64(61.77620274875923)]",35980.520938922724,14.317756044139564,-76.67245856206864,16322.913086414337
159,STATE_B_DEFENSE,SPONTANEOUS,6.8,20.0,2513,0.125,690.0,720.0,210.0,325.16129032258067,0.3907680063668922,0.4982093115797851,-0.007643097067673892,True,0.3227058270894363,60.981616467919736,8.25,10.73547360270343,"[np.float64(-0.0029347335997036155), np.float64(-0.00449163073939223), np.float64(-0.004777166191710387), np.float64(-0.003788847576884207), np.float64(-0.0018076880011649), np.float64(0.001498039560118521), np.float64(0.005393327131319495), np.float64(0.008830246793317849), np.float64(0.01370227402246432), np.float64(0.018095601044750997), np.float64(0.022307872239050067), np.float64(0.02657044002534447), np.float64(0.03345413248017048), np.float64(0.04176115367957144), np.float64(0.04926679554600347), np.float64(0.05627077594649892), np.float64(0.060382004367036626), np.float64(0.06894695065842513), np.float64(0.07620710087310768), np.float64(0.0837025848328786), np.float64(0.0887539431278609), np.float64(0.09410667362646315), np.float64(0.10350139549881066), np.float64(0.10903479506762631), np.float64(0.11654163011866885), np.float64(0.12292636003742108), np.float64(0.12856996013237762), np.float64(0.13546560980972291), np.float64(0.14083191026313616), np.float64(0.14927877865048214), np.float64(0.152720980147085), np.float64(0.15837615964879587), np.float64(0.1630197258784793), np.float64(0.16876895038517495), np.float64(0.17419366785267534), np.float64(0.17823095277518464), np.float64(0.182501444411723), np.float64(0.1868370642477098), np.float64(0.1903767329492453), np.float64(0.19652873854298444), np.float64(0.2027292839340511), np.float64(0.20821771567994626), np.float64(0.2136774005542956), np.float64(0.2195043706330436), np.float64(0.2260223729712707), np.float64(0.23140132107559097), np.float64(0.23647151288375615), np.float64(0.24159511754046842), np.float64(0.24573983306808442), np.float64(0.2525013569260472), np.float64(0.2538776013745315), np.float64(0.25560999561206793), np.float64(0.2602395468237523), np.float64(0.2658410092111903), np.float64(0.27061312132800097), np.float64(0.27601424079900305), np.float64(0.2815998858493723), np.float64(0.28682286371045396), np.float64(0.29350413084791754), np.float64(0.29779843903464476), np.float64(0.3008128399309069), np.float64(0.30590915480138586), np.float64(0.31146950462094464), np.float64(0.3153330426239912), np.float64(0.31906412545942353), np.float64(0.3227058270894363)]","[np.float64(1.0642038759298573), np.float64(2.1300714331801625), np.float64(3.1955654646854255), np.float64(4.258639929517266), np.float64(5.3180145853086485), np.float64(6.371076630069059), np.float64(7.418509734019089), np.float64(8.46384243205085), np.float64(9.498913418668307), np.float64(10.531551349168103), np.float64(11.560815297896958), np.float64(12.58558765714847), np.float64(13.588902396282746), np.float64(14.575739109734597), np.float64(15.560907614776054), np.float64(16.543179446077502), np.float64(17.543020750958807), np.float64(18.500397460127132), np.float64(19.462216725852695), np.float64(20.415572879626822), np.float64(21.386565903332105), np.float64(22.350100347836538), np.float64(23.266337451694202), np.float64(24.217275688810467), np.float64(25.141383840811898), np.float64(26.072599869825268), np.float64(27.00760984659059), np.float64(27.92271662291081), np.float64(28.85185878076737), np.float64(29.736865670454858), np.float64(30.6821808245662), np.float64(31.594523002997295), np.float64(32.516742328514454), np.float64(33.41959744785018), np.float64(34.32296578840859), np.float64(35.24308497346944), np.float64(36.15659413345379), np.float64(37.06591081067645), np.float64(37.98472812718701), np.float64(38.85841251586947), np.float64(39.72707078348912), np.float64(40.603485944900086), np.float64(41.47662910266066), np.float64(42.33968533000831), np.float64(43.18669267273519), np.float64(44.0498723450759), np.float64(44.915106157597464), np.float64(45.77600305189721), np.float64(46.65186759942091), np.float64(47.47527968305615), np.float64(48.39820268247962), np.float64(49.313132568966275), np.float64(50.16905813927557), np.float64(51.002423046434814), np.float64(51.849270647445024), np.float64(52.680137087894316), np.float64(53.5038773333258), np.float64(54.33194336575276), np.float64(55.125777992374566), np.float64(55.96728721096879), np.float64(56.83410922341465), np.float64(57.65299010308129), np.float64(58.45855570037422), np.float64(59.29918697237223), np.float64(60.14049969266814), np.float64(60.981616467919736)]",35159.02560209855,13.990857780381436,-79.38482145546004,16302.73896420002
160,STATE_B_DEFENSE,SPONTANEOUS,6.8,20.0,2513,0.125,690.0,720.0,210.0,325.16129032258067,0.40310385992837244,0.49621965777954635,-0.01077390278799459,True,0.3253753599076406,62.51766887881801,8.5,11.14418077182653,"[np.float64(-0.0013797843577734589), np.float64(-0.0023929699292113793), np.float64(-0.0033791164590272977), np.float64(-0.0017673140130220705), np.float64(-0.001140853561560186), np.float64(0.0025866211084154657), np.float64(0.005666435832687698), np.float64(0.010208066637174204), np.float64(0.01325140123802714), np.float64(0.0162821199851781), np.float64(0.022063360959390436), np.float64(0.02612749388157698), np.float64(0.0323949786202569), np.float64(0.03782943741816997), np.float64(0.04639579878176736), np.float64(0.051594650507803874), np.float64(0.058834537769923485), np.float64(0.06461063553545504), np.float64(0.07090069404673408), np.float64(0.07818164198508974), np.float64(0.08493531485305035), np.float64(0.09123656093886574), np.float64(0.09902635482207342), np.float64(0.10353603779058176), np.float64(0.1087189133218622), np.float64(0.11321985288269061), np.float64(0.11768342172463325), np.float64(0.12470742004117383), np.float64(0.13190270501738163), np.float64(0.13814631965255664), np.float64(0.1454826246085999), np.float64(0.1508708749904347), np.float64(0.15670243322699443), np.float64(0.16113125204455306), np.float64(0.1660028267533618), np.float64(0.17179465510504566), np.float64(0.1795014422596099), np.float64(0.18386655449833103), np.float64(0.19107478910175227), np.float64(0.19630463841582177), np.float64(0.20156369991459194), np.float64(0.20789819107671786), np.float64(0.2107812655132876), np.float64(0.21506577313860653), np.float64(0.219709008736138), np.float64(0.2250699824806938), np.float64(0.22889196674346857), np.float64(0.23259518393952316), np.float64(0.2395074962675269), np.float64(0.24532242039054036), np.float64(0.24887198769246316), np.float64(0.2524692099138885), np.float64(0.2574781564209829), np.float64(0.26187882814593394), np.float64(0.26718577655322534), np.float64(0.27161044942356255), np.float64(0.277156231549707), np.float64(0.2797225414306369), np.float64(0.28286236714380053), np.float64(0.28657386046553956), np.float64(0.2931133944035906), np.float64(0.29861763226899424), np.float64(0.3027862585527141), np.float64(0.3077048572279225), np.float64(0.3155988846424267), np.float64(0.3182974735682382), np.float64(0.3198861675590288), np.float64(0.3253753599076406)]","[np.float64(1.0591638087606268), np.float64(2.119403048149664), np.float64(3.1806770296396345), np.float64(4.237477523398012), np.float64(5.295185616186009), np.float64(6.342399691227298), np.float64(7.388127328200771), np.float64(8.424572660461152), np.float64(9.463400328121109), np.float64(10.49919899113995), np.float64(11.516409115336996), np.float64(12.538451181565758), np.float64(13.542028390176975), np.float64(14.545489881947606), np.float64(15.520530972120108), np.float64(16.514259625206645), np.float64(17.48631031972287), np.float64(18.46462169730228), np.float64(19.433110061159365), np.float64(20.386719082241775), np.float64(21.339325168338487), np.float64(22.290845211372734), np.float64(23.221330086887747), np.float64(24.18139164243556), np.float64(25.130005869509645), np.float64(26.082318021867223), np.float64(27.031345840827864), np.float64(27.944835702245378), np.float64(28.850726809513166), np.float64(29.763603811582755), np.float64(30.657077395729047), np.float64(31.57184688706384), np.float64(32.476291038003794), np.float64(33.39654727393362), np.float64(34.30690596354168), np.float64(35.19978848417937), np.float64(36.05917575473359), np.float64(36.965410236866724), np.float64(37.82321142017291), np.float64(38.70814929445754), np.float64(39.58893022450345), np.float64(40.448035586805496), np.float64(41.36175127991467), np.float64(42.2489667423467), np.float64(43.12684693529903), np.float64(43.98865587311432), np.float64(44.87498482394455), np.float64(45.7608743111776), np.float64(46.583789068725146), np.float64(47.42336974120264), np.float64(48.303046552042495), np.float64(49.179388450004296), np.float64(50.02521388554038), np.float64(50.88013352080535), np.float64(51.71372886779768), np.float64(52.56229173748733), np.float64(53.38461950957178), np.float64(54.26669755877344), np.float64(55.13473460612364), np.float64(55.98828930352796), np.float64(56.777313483482196), np.float64(57.585660334055774), np.float64(58.420769667839224), np.float64(59.236366976482756), np.float64(59.98116790521062), np.float64(60.84158718684705), np.float64(61.726247144684784), np.float64(62.51766887881801)]",37209.91578206781,14.806970068471074,-65.97561378078535,17036.153190493584
161,STATE_B_DEFENSE,SPONTANEOUS,6.8,20.0,2513,0.125,690.0,720.0,210.0,325.16129032258067,0.3935535216872264,0.4954237962594509,-0.00989893150401147,True,0.32778416365663204,62.61706481565727,8.5,11.143214344183589,"[np.float64(-0.00041519439457727723), np.float64(-0.0036694633405034687), np.float64(-0.002718484394264672), np.float64(-0.0006400904403858694), np.float64(0.002482979060775095), np.float64(0.007275209688017796), np.float64(0.010510818388595314), np.float64(0.01409323369979605), np.float64(0.017624409948702905), np.float64(0.022345276211354598), np.float64(0.028466380953376204), np.float64(0.03476829999579578), np.float64(0.04276711158741117), np.float64(0.048669245860697374), np.float64(0.05264490731119517), np.float64(0.0599559297500169), np.float64(0.06505288292326414), np.float64(0.07198558422467664), np.float64(0.07898480647286288), np.float64(0.08221226678161413), np.float64(0.08951321902110689), np.float64(0.09512538201154974), np.float64(0.10048668431346512), np.float64(0.108202278040228), np.float64(0.11455092534217062), np.float64(0.12163799393596914), np.float64(0.12802563125374927), np.float64(0.13358528632828073), np.float64(0.13698527844896308), np.float64(0.14227123238971065), np.float64(0.14703002665303483), np.float64(0.1542259497947997), np.float64(0.16024693208902055), np.float64(0.1658731449933295), np.float64(0.16993680719964885), np.float64(0.17530915297943117), np.float64(0.18210633406143775), np.float64(0.18716167150044807), np.float64(0.1918870441161664), np.float64(0.19545278786133494), np.float64(0.19881747594570423), np.float64(0.20228019717671994), np.float64(0.20673863491493882), np.float64(0.21195992272041347), np.float64(0.21790730388300225), np.float64(0.22132518279200722), np.float64(0.2268972034259487), np.float64(0.23396063702361647), np.float64(0.2400140960422475), np.float64(0.2428204835378725), np.float64(0.24943626271891167), np.float64(0.2512541447884003), np.float64(0.2572053833252481), np.float64(0.2613548537207868), np.float64(0.26660211507812914), np.float64(0.27148803350566814), np.float64(0.2785162422325166), np.float64(0.28405887866112794), np.float64(0.2861303343360881), np.float64(0.29055681263786026), np.float64(0.296075349366319), np.float64(0.2981678594757902), np.float64(0.30430584098889407), np.float64(0.30658377803540265), np.float64(0.31094971667008614), np.float64(0.3163442052195831), np.float64(0.3208066425724053), np.float64(0.32778416365663204)]","[np.float64(1.0612988967043688), np.float64(2.126061439561433), np.float64(3.187571283447712), np.float64(4.245673229549121), np.float64(5.298818406657359), np.float64(6.343438202140379), np.float64(7.3888200894099585), np.float64(8.429437214110981), np.float64(9.466649268903453), np.float64(10.494185540289882), np.float64(11.509200898945302), np.float64(12.51720093567003), np.float64(13.508192015405104), np.float64(14.50628833647539), np.float64(15.513073420143495), np.float64(16.49011232698913), np.float64(17.47877013491595), np.float64(18.4469923751688), np.float64(19.408567039106853), np.float64(20.39958372207925), np.float64(21.347674807166975), np.float64(22.30685242398371), np.float64(23.263924284331953), np.float64(24.190745815802075), np.float64(25.126823318986432), np.float64(26.04920824799039), np.float64(26.97440140412607), np.float64(27.90477126331193), np.float64(28.858125172871183), np.float64(29.78407869684207), np.float64(30.71297145377786), np.float64(31.604730909856503), np.float64(32.50770135061886), np.float64(33.41187156928578), np.float64(34.33478860420309), np.float64(35.23497578061666), np.float64(36.109459481684276), np.float64(37.006345486480406), np.float64(37.90483349423569), np.float64(38.81872907284162), np.float64(39.73332044147499), np.float64(40.643769448756764), np.float64(41.53453786418038), np.float64(42.40880966648265), np.float64(43.2666162815869), np.float64(44.16616711439424), np.float64(45.02371279157209), np.float64(45.84987120613841), np.float64(46.69069136135943), np.float64(47.589740736159776), np.float64(48.412850987604344), np.float64(49.32625171184484), np.float64(50.155699223852054), np.float64(51.01790892503777), np.float64(51.85493816852165), np.float64(52.69621521346172), np.float64(53.4895896958614), np.float64(54.310407352227095), np.float64(55.202285210154166), np.float64(56.041560802326735), np.float64(56.85415974129345), np.float64(57.739603728522866), np.float64(58.53267410233739), np.float64(59.40990785092694), np.float64(60.23762982923114), np.float64(61.03890559609135), np.float64(61.858974532753855), np.float64(62.61706481565727)]",36663.67448638463,14.589603854510399,-70.43534904392436,16056.946454882622
162,STATE_B_DEFENSE,SPONTANEOUS,6.8,20.0,2513,0.125,690.0,720.0,210.0,325.16129032258067,0.3939514524472742,0.4894548348587346,0.005153410776681371,True,0.3267019556599467,61.85030237798638,8.375,10.78623049420908,"[np.float64(-0.002963875443594748), np.float64(-0.0019495449746187994), np.float64(-0.0023069841489879056), np.float64(0.0004276702499335186), np.float64(0.0012567937352682128), np.float64(0.0028977772260231323), np.float64(0.006708164077848479), np.float64(0.010295624441787898), np.float64(0.015357059878027095), np.float64(0.021661292026084297), np.float64(0.02868519893763082), np.float64(0.03374778721915502), np.float64(0.0400355084203981), np.float64(0.04734262572612477), np.float64(0.05455632927744438), np.float64(0.06121964639182084), np.float64(0.06731010225057073), np.float64(0.07381905012319803), np.float64(0.07896134952063183), np.float64(0.08585820859609848), np.float64(0.09248563912294648), np.float64(0.09787342239309398), np.float64(0.10509954328551938), np.float64(0.11342681494507437), np.float64(0.12025117528782733), np.float64(0.12674693157709863), np.float64(0.1315971083134778), np.float64(0.13707162001453466), np.float64(0.14256205132916322), np.float64(0.1475013574227927), np.float64(0.15463838092645368), np.float64(0.1592124432592544), np.float64(0.16501132964540208), np.float64(0.1718643870505666), np.float64(0.17766339133193443), np.float64(0.182779090061913), np.float64(0.18716600584272283), np.float64(0.19256411297813908), np.float64(0.19765188789192284), np.float64(0.20206356954172214), np.float64(0.20789804679770668), np.float64(0.21352361367027684), np.float64(0.21864134733026164), np.float64(0.22066928669835514), np.float64(0.2273203006408312), np.float64(0.23216507959396862), np.float64(0.23709382802034307), np.float64(0.24018888800997776), np.float64(0.24502611439447206), np.float64(0.24936629980538588), np.float64(0.25402224660743367), np.float64(0.26238454627342295), np.float64(0.26668201513432366), np.float64(0.2700339911746434), np.float64(0.2753484094524313), np.float64(0.2823805491311053), np.float64(0.2846316201118641), np.float64(0.2886167198654781), np.float64(0.29451604902647854), np.float64(0.3027734103363985), np.float64(0.3041555063812472), np.float64(0.30984363537271536), np.float64(0.3130111752864519), np.float64(0.3175246192723619), np.float64(0.31846294600592834), np.float64(0.321910330066372), np.float64(0.3267019556599467)]","[np.float64(1.0648740950337394), np.float64(2.128665670829479), np.float64(3.1935704259267292), np.float64(4.252270200073317), np.float64(5.313136524531148), np.float64(6.370545547608084), np.float64(7.418224183458101), np.float64(8.462904889806413), np.float64(9.497008400389902), np.float64(10.519624537360327), np.float64(11.532013675750152), np.float64(12.549535710535855), np.float64(13.554171546518813), np.float64(14.54579140372911), np.float64(15.531381121406225), np.float64(16.5147137726294), np.float64(17.496747339268655), np.float64(18.46973490519075), np.float64(19.44931751041962), np.float64(20.407844921239622), np.float64(21.363142404639216), np.float64(22.325451679228138), np.float64(23.263810172307096), np.float64(24.184332920448185), np.float64(25.115163727638528), np.float64(26.044370512829044), np.float64(26.988053275801466), np.float64(27.920155348891118), np.float64(28.84774093931493), np.float64(29.778194338417904), np.float64(30.675553529331143), np.float64(31.602553142504938), np.float64(32.50892245744611), np.float64(33.395961218759446), np.float64(34.29344903087087), np.float64(35.19689809929776), np.float64(36.10769015789583), np.float64(36.99954962022855), np.float64(37.8924786388291), np.float64(38.79269776005561), np.float64(39.66636705735291), np.float64(40.53954627996303), np.float64(41.41753139349546), np.float64(42.345510891002654), np.float64(43.19040376121389), np.float64(44.06330743497705), np.float64(44.93143064174931), np.float64(45.83012361264079), np.float64(46.69394406656698), np.float64(47.564049223264405), np.float64(48.42518234387457), np.float64(49.21088983781904), np.float64(50.072096622307875), np.float64(50.94948478724127), np.float64(51.78476099880529), np.float64(52.58153680163853), np.float64(53.473580046757576), np.float64(54.327512660679645), np.float64(55.138125969475624), np.float64(55.89468545428725), np.float64(56.79614437112961), np.float64(57.60174915373153), np.float64(58.46016642254791), np.float64(59.28629539020396), np.float64(60.19121380595958), np.float64(61.03748723763428), np.float64(61.85030237798638)]",35561.3342293933,14.150948758214605,-77.28458645986393,16205.570215702057
163,STATE_B_DEFENSE,SPONTANEOUS,6.8,20.0,2513,0.125,690.0,720.0,210.0,325.16129032258067,0.3995224830879427,0.49940310385992837,0.00029983936745308607,True,0.3255179693374177,61.75597489057458,8.375,10.72683447308804,"[np.float64(-0.0007803421235201321), np.float64(-0.00016681413966040774), np.float64(0.002065880266830911), np.float64(0.0024927186591170722), np.float64(0.006962262393063139), np.float64(0.010776517930055154), np.float64(0.013263766295790782), np.float64(0.01919766404857005), np.float64(0.022891427020559078), np.float64(0.02753316025692978), np.float64(0.03198834532892081), np.float64(0.036879569050657326), np.float64(0.04363918073648633), np.float64(0.04838828941570107), np.float64(0.05314600590217483), np.float64(0.0600732971341939), np.float64(0.06735331574939145), np.float64(0.07426822739498312), np.float64(0.08005234459719435), np.float64(0.08737130907067592), np.float64(0.09449100419211029), np.float64(0.09869860353136273), np.float64(0.10512614510400996), np.float64(0.11118918194095397), np.float64(0.11623079239081491), np.float64(0.12411670725490127), np.float64(0.12832855238366597), np.float64(0.13425511687645855), np.float64(0.1407225685988882), np.float64(0.14664878297589484), np.float64(0.1528807640707723), np.float64(0.15918858736538455), np.float64(0.1635321870280427), np.float64(0.16937118791283562), np.float64(0.17606881407552824), np.float64(0.17922780441842626), np.float64(0.1843568509093246), np.float64(0.18857443505291555), np.float64(0.19336455499583094), np.float64(0.1979327928954939), np.float64(0.20255951908539707), np.float64(0.2092277609394709), np.float64(0.21353647291011243), np.float64(0.21770252101339038), np.float64(0.22299877564603826), np.float64(0.2280171204836649), np.float64(0.23270152658093388), np.float64(0.2368517819681749), np.float64(0.2417030499393466), np.float64(0.24769627530653182), np.float64(0.253588574434747), np.float64(0.25810887541629296), np.float64(0.26511688271396033), np.float64(0.2697439917823405), np.float64(0.2762162601738101), np.float64(0.28032907775063487), np.float64(0.2858707627441575), np.float64(0.2892461054604873), np.float64(0.29450441006215244), np.float64(0.2969153335994791), np.float64(0.30104675370538936), np.float64(0.3055087062117597), np.float64(0.3090686279188581), np.float64(0.31389830589057366), np.float64(0.3176188400808216), np.float64(0.3217253871504314), np.float64(0.3255179693374177)]","[np.float64(1.0616136753943062), np.float64(2.122575812455318), np.float64(3.1803147709925437), np.float64(4.239516861851179), np.float64(5.287621939796192), np.float64(6.33316302364376), np.float64(7.379616150622947), np.float64(8.409259727202171), np.float64(9.443320489607862), np.float64(10.468852139971187), np.float64(11.490853239235602), np.float64(12.505874801016484), np.float64(13.504084715675), np.float64(14.509884122810965), np.float64(15.511148496829952), np.float64(16.49107718063406), np.float64(17.46191253907736), np.float64(18.42948199752478), np.float64(19.40118192194873), np.float64(20.35345071376764), np.float64(21.30149995696465), np.float64(22.273085470263062), np.float64(23.217684121331544), np.float64(24.16096234247138), np.float64(25.110768158043378), np.float64(26.023435863583348), np.float64(26.973851619260568), np.float64(27.899707285906306), np.float64(28.814094090388817), np.float64(29.730556370190744), np.float64(30.63842854269097), np.float64(31.540597700028957), np.float64(32.465472508209395), np.float64(33.365659354214344), np.float64(34.24906079784382), np.float64(35.180388775714995), np.float64(36.07924367006391), np.float64(36.98855736998558), np.float64(37.885674957311444), np.float64(38.78294224933539), np.float64(39.67597021615611), np.float64(40.531457858331244), np.float64(41.422759547330706), np.float64(42.31351101752531), np.float64(43.18137743522943), np.float64(44.05067929418814), np.float64(44.92270302103328), np.float64(45.8014678860983), np.float64(46.66423979568584), np.float64(47.50207205436103), np.float64(48.33810854071292), np.float64(49.197294421159164), np.float64(50.004320832521785), np.float64(50.8548837200705), np.float64(51.66513181242222), np.float64(52.519938830473244), np.float64(53.34247764262021), np.float64(54.20721167958763), np.float64(55.02971119216485), np.float64(55.910377804880284), np.float64(56.751895620491865), np.float64(57.58359732540619), np.float64(58.43275069352401), np.float64(59.25105487558525), np.float64(60.09183245546042), np.float64(60.92146082881083), np.float64(61.75597489057458)]",35836.86692033281,14.260591691338165,-73.18927924986929,16971.38641190529
166,STATE_B_DEFENSE,SPONTANEOUS,6.8,20.0,2513,0.125,690.0,720.0,210.0,325.16129032258067,0.4074810982888977,0.4966175885395941,-0.0007628818829787713,True,0.3288591069280872,59.940644119726336,8.125,10.804225316264926,"[np.float64(0.000254225883275436), np.float64(-0.0030409473190214577), np.float64(-0.0034574692771287296), np.float64(-0.0025734119770718378), np.float64(0.0005133917500143877), np.float64(0.0033069503583920907), np.float64(0.005712084232211979), np.float64(0.009049306538520173), np.float64(0.013343021330165074), np.float64(0.01969918738937074), np.float64(0.02538323905365602), np.float64(0.03290666148562488), np.float64(0.037980412656593784), np.float64(0.044182065124916306), np.float64(0.051581598172246675), np.float64(0.059132571712826335), np.float64(0.06697988635806393), np.float64(0.07319706546199575), np.float64(0.08130915558663518), np.float64(0.08769984517499785), np.float64(0.093592585819131), np.float64(0.10020832760560426), np.float64(0.10838236345149632), np.float64(0.11504523572507723), np.float64(0.12146275411300277), np.float64(0.12891522508773723), np.float64(0.13446687773375982), np.float64(0.13708854330623235), np.float64(0.14481327792506113), np.float64(0.15062759654764557), np.float64(0.156750142238891), np.float64(0.16125981655451646), np.float64(0.1679193665966524), np.float64(0.17344736868405689), np.float64(0.17979430744680647), np.float64(0.18569569614464887), np.float64(0.1927180920071579), np.float64(0.19810339210126285), np.float64(0.20281362372198072), np.float64(0.2087850010365831), np.float64(0.21153830042689833), np.float64(0.21617968240872104), np.float64(0.22063757743506696), np.float64(0.22525311797769834), np.float64(0.22924923157636615), np.float64(0.23416469322914196), np.float64(0.23843611722144922), np.float64(0.2438953273522098), np.float64(0.2502011709048487), np.float64(0.2531550746419368), np.float64(0.25713852216731664), np.float64(0.2601724174692625), np.float64(0.26551139349049613), np.float64(0.2722382996275993), np.float64(0.2804753700069737), np.float64(0.28373740320313345), np.float64(0.2881611970272413), np.float64(0.2903254194544332), np.float64(0.29502094304940746), np.float64(0.3038009756138657), np.float64(0.3077578809244767), np.float64(0.31355744212264813), np.float64(0.3175567959752301), np.float64(0.3219895646099443), np.float64(0.3288591069280872)]","[np.float64(1.0628997869377004), np.float64(2.129309797862752), np.float64(3.194632113089155), np.float64(4.257621382638881), np.float64(5.313810575122563), np.float64(6.367689194195647), np.float64(7.420082315688525), np.float64(8.46605938084819), np.float64(9.504117270507955), np.float64(10.527166231874945), np.float64(11.54774261703733), np.float64(12.551574966238215), np.float64(13.564265774834842), np.float64(14.564226968940886), np.float64(15.549530753947462), np.float64(16.526935721706973), np.float64(17.495176269663443), np.float64(18.470569420096282), np.float64(19.423441337109594), np.float64(20.38557565576136), np.float64(21.347107325240245), np.float64(22.296296667343793), np.float64(23.223653872459423), np.float64(24.160867070811616), np.float64(25.095456427670417), np.float64(26.012985586789824), np.float64(26.947307071482694), np.float64(27.913121556362306), np.float64(28.812317135997397), np.float64(29.730442912531867), np.float64(30.640047235225627), np.float64(31.566962665283775), np.float64(32.46048670833305), np.float64(33.365268703825315), np.float64(34.254088354526836), np.float64(35.144987765378026), np.float64(36.014744491562126), np.float64(36.904894246950995), np.float64(37.80184135935431), np.float64(38.67523644679257), np.float64(39.59704709531847), np.float64(40.48535352273019), np.float64(41.37353272542773), np.float64(42.2558931544595), np.float64(43.14595224669207), np.float64(44.01683281058155), np.float64(44.896095258403484), np.float64(45.750604484476156), np.float64(46.58580954038479), np.float64(47.48048135978124), np.float64(48.3533008048004), np.float64(49.24202182231409), np.float64(50.08300251584433), np.float64(50.89288192788816), np.float64(51.66834994085185), np.float64(52.54089263653291), np.float64(53.38721507946418), np.float64(54.2782559366194), np.float64(55.11389863423081), np.float64(55.8589949032431), np.float64(56.703997861922424), np.float64(57.50620024214616), np.float64(58.3449664120678), np.float64(59.17162250396519), np.float64(59.940644119726336)]",35757.65779869929,14.229071945363826,-75.05028654355556,17638.64736044407
164,STATE_B_DEFENSE,SPONTANEOUS,6.8,20.0,2513,0.125,690.0,720.0,210.0,325.16129032258067,0.4042976522085157,0.49383207321925987,-0.005951460388352555,True,0.3265466200630506,61.62333342253352,8.375,11.122307009579583,"[np.float64(-0.0025730431419377486), np.float64(-0.0053617735504035684), np.float64(-0.00573984082789839), np.float64(-0.0029773986315951946), np.float64(0.00011569163960742546), np.float64(0.0036737831073342794), np.float64(0.0056445293373974855), np.float64(0.0093443625062131), np.float64(0.013179538129167853), np.float64(0.017056806016239774), np.float64(0.022670967842178695), np.float64(0.027783428335831393), np.float64(0.033295337791006276), np.float64(0.04026055219873249), np.float64(0.04652458950232676), np.float64(0.05279451197786952), np.float64(0.062003274706766344), np.float64(0.0690653352490659), np.float64(0.07593615906899191), np.float64(0.0824129621472242), np.float64(0.09009560333273182), np.float64(0.09571747824496625), np.float64(0.1017086072308862), np.float64(0.1071997461030805), np.float64(0.1121221113385537), np.float64(0.11883278825699634), np.float64(0.12525696296214073), np.float64(0.13049544754121364), np.float64(0.1374074594119937), np.float64(0.14441428563737868), np.float64(0.15012201481748258), np.float64(0.1562765437506683), np.float64(0.16151679903620583), np.float64(0.1670267506218127), np.float64(0.1715957948327052), np.float64(0.17703078768025376), np.float64(0.18128350714064068), np.float64(0.18566791757870202), np.float64(0.18824242177197856), np.float64(0.19361873393045614), np.float64(0.19829926300535378), np.float64(0.20397470919682326), np.float64(0.21043197955697712), np.float64(0.21491331462125804), np.float64(0.22093501569501442), np.float64(0.225633777903905), np.float64(0.22692960936332238), np.float64(0.23229697980599315), np.float64(0.2380198076789475), np.float64(0.24352583773186987), np.float64(0.2476986855811238), np.float64(0.25115217927505845), np.float64(0.2546020995413186), np.float64(0.26063253770553163), np.float64(0.26678869710604913), np.float64(0.27165408746078346), np.float64(0.2757832960922339), np.float64(0.27972765172016484), np.float64(0.2876921807977925), np.float64(0.2906951023017786), np.float64(0.2930191784550293), np.float64(0.2991982798140514), np.float64(0.3053631846152246), np.float64(0.3111589034149005), np.float64(0.3174285638372247), np.float64(0.32188018886566905), np.float64(0.3265466200630506)]","[np.float64(1.0606963939963592), np.float64(2.1243646482434984), np.float64(3.1871527567892683), np.float64(4.243645847220344), np.float64(5.296348168632785), np.float64(6.344342252781442), np.float64(7.394476540379197), np.float64(8.435327512020958), np.float64(9.471765719563106), np.float64(10.504104602892829), np.float64(11.522755977199978), np.float64(12.538976362727329), np.float64(13.54761232542608), np.float64(14.54081047443568), np.float64(15.53274396637667), np.float64(16.518850381446672), np.float64(17.475018193053536), np.float64(18.441745501537483), np.float64(19.404032462509026), np.float64(20.36409651030305), np.float64(21.306820337746355), np.float64(22.26409412067173), np.float64(23.212724014890586), np.float64(24.161833990526446), np.float64(25.112815966834194), np.float64(26.038885895487432), np.float64(26.96308326088373), np.float64(27.8968563152948), np.float64(28.805247091555714), np.float64(29.707168709952015), np.float64(30.62114166613368), np.float64(31.524685574513523), np.float64(32.436414033086784), np.float64(33.34034999915811), np.float64(34.25395993132287), np.float64(35.15120621676942), np.float64(36.062538733757954), np.float64(36.96865969320437), np.float64(37.900393894444875), np.float64(38.784555746177986), np.float64(39.676454245553984), np.float64(40.548262694329345), np.float64(41.40281824731919), np.float64(42.287467185256375), np.float64(43.141762364429596), np.float64(44.01585213595868), np.float64(44.948963065662085), np.float64(45.80524268542199), np.float64(46.651318916993155), np.float64(47.49788162198582), np.float64(48.36675606512552), np.float64(49.247015746945515), np.float64(50.12501409382163), np.float64(50.94847002994599), np.float64(51.7657180744185), np.float64(52.605987128549884), np.float64(53.45865686234447), np.float64(54.31263329642175), np.float64(55.07793199646205), np.float64(55.94626040830984), np.float64(56.827558129125485), np.float64(57.62163991843206), np.float64(58.412596641721656), np.float64(59.20848557718277), np.float64(59.9903591655314), np.float64(60.810634063426576), np.float64(61.62333342253352)]",37176.06407262815,14.793499432004834,-67.33616034686565,16606.13344025612
165,STATE_B_DEFENSE,SPONTANEOUS,6.8,20.0,2513,0.125,690.0,720.0,210.0,325.16129032258067,0.39156386788698766,0.49303621169916434,-0.018934748700246425,True,0.32479729076556124,61.8044882764268,8.375,11.001567826165703,"[np.float64(-0.0010048702404924358), np.float64(-0.0014156220868596768), np.float64(-0.00022314211843537784), np.float64(0.0010642531913664288), np.float64(0.0019597874193299403), np.float64(0.004240445691165149), np.float64(0.008072357437291748), np.float64(0.011403994048511258), np.float64(0.015800805634553924), np.float64(0.022203964168530516), np.float64(0.02422244989743839), np.float64(0.029204968789765234), np.float64(0.033721190781784684), np.float64(0.03859930884863163), np.float64(0.04469367717444662), np.float64(0.050726577552113704), np.float64(0.05663251626949944), np.float64(0.06407766075765134), np.float64(0.07013183091536472), np.float64(0.07616495935862944), np.float64(0.08258536371088525), np.float64(0.08952617754095751), np.float64(0.09675892625598065), np.float64(0.10250622201870528), np.float64(0.11065004432073994), np.float64(0.11753258006079918), np.float64(0.12584848760307224), np.float64(0.13195404412874326), np.float64(0.13799857320359252), np.float64(0.14230988415180867), np.float64(0.14844965186238204), np.float64(0.1527004401139278), np.float64(0.1572929375480731), np.float64(0.1655419372450204), np.float64(0.17000548650897854), np.float64(0.17644970813093885), np.float64(0.18193463551068928), np.float64(0.18668370113499888), np.float64(0.19211244850523718), np.float64(0.19725875934852494), np.float64(0.20263383113807532), np.float64(0.20680778786472837), np.float64(0.21281458417337812), np.float64(0.2187826746918395), np.float64(0.2214112732155713), np.float64(0.22543490730888577), np.float64(0.2303157312322829), np.float64(0.23745068829699476), np.float64(0.2395533481133214), np.float64(0.24628358322878535), np.float64(0.25310417936035556), np.float64(0.25638697348050316), np.float64(0.2601734697640793), np.float64(0.26601973331698614), np.float64(0.270388991003888), np.float64(0.2729856364340585), np.float64(0.27701723293571173), np.float64(0.28146827802781743), np.float64(0.28763430820493174), np.float64(0.2931987187067677), np.float64(0.2971886327345584), np.float64(0.3018623286620348), np.float64(0.30649266498919464), np.float64(0.31110247568402066), np.float64(0.31608812113282536), np.float64(0.321712157192521), np.float64(0.32479729076556124)]","[np.float64(1.0622781349156312), np.float64(2.1249931761703893), np.float64(3.1855882640597275), np.float64(4.244718972486411), np.float64(5.303527025560261), np.float64(6.357001647666864), np.float64(7.40239259808006), np.float64(8.445932042992588), np.float64(9.481087635567402), np.float64(10.501495424130463), np.float64(11.540256654486045), np.float64(12.558860510730758), np.float64(13.575679317701303), np.float64(14.585588238009171), np.float64(15.58176692619179), np.float64(16.57276803664541), np.float64(17.559286447705823), np.float64(18.527028523589866), np.float64(19.500910437392008), np.float64(20.46965391649836), np.float64(21.429308003547877), np.float64(22.378129053019187), np.float64(23.318047092480974), np.float64(24.268372089859895), np.float64(25.186702791267823), np.float64(26.113385450044813), np.float64(27.01741026424841), np.float64(27.94239074595934), np.float64(28.86337201931853), np.float64(29.80226109966346), np.float64(30.7132405706466), np.float64(31.645479217740952), np.float64(32.56958436379591), np.float64(33.43758417984113), np.float64(34.35532197757221), np.float64(35.23998748439178), np.float64(36.134739005757496), np.float64(37.03701997562544), np.float64(37.92502915997911), np.float64(38.81377711860109), np.float64(39.69511607493792), np.float64(40.592908163217885), np.float64(41.45636105997761), np.float64(42.31647353522695), np.float64(43.23161698000861), np.float64(44.119708654795545), np.float64(44.98932707563051), np.float64(45.813894825500824), np.float64(46.728667451624055), np.float64(47.55339137946009), np.float64(48.3722751738621), np.float64(49.25627429795702), np.float64(50.12802929856512), np.float64(50.955779566425676), np.float64(51.81007925066004), np.float64(52.69825118672178), np.float64(53.55455371693755), np.float64(54.39938519654603), np.float64(55.20465113393303), np.float64(56.01941192956994), np.float64(56.86541274909909), np.float64(57.693792373331924), np.float64(58.520360043344084), np.float64(59.34465141145043), np.float64(60.15764131305028), np.float64(60.95304707268563), np.float64(61.8044882764268)]",35710.5643881559,14.210332028713053,-72.77436137152836,15982.223014593124
168,STATE_B_DEFENSE,SPONTANEOUS,6.8,20.0,2513,0.125,690.0,720.0,210.0,325.16129032258067,0.40787902904894546,0.4970155192996419,-0.0028996254796599666,True,0.3248747488012007,61.73011653477259,8.375,10.829437852996188,"[np.float64(-0.0013852792966044481), np.float64(-0.00029567779892137924), np.float64(-0.0015350021092764728), np.float64(-0.0016932537490762906), np.float64(-0.000472002746260968), np.float64(0.0009283443565899764), np.float64(0.005844700579212127), np.float64(0.009479483487183988), np.float64(0.013107069305875558), np.float64(0.018463984209178042), np.float64(0.022950044494056233), np.float64(0.02732088422069564), np.float64(0.032024548323377026), np.float64(0.037744722191900594), np.float64(0.04658385486075699), np.float64(0.05491536711196508), np.float64(0.0618579129145577), np.float64(0.06940048294363939), np.float64(0.07668973208313486), np.float64(0.08435873573759282), np.float64(0.09030584399126021), np.float64(0.09713531866162936), np.float64(0.10363732094699124), np.float64(0.10922255133545632), np.float64(0.11656561670076569), np.float64(0.12174709567807378), np.float64(0.12753740402818475), np.float64(0.13251977772127524), np.float64(0.13767057061847807), np.float64(0.14455877568103467), np.float64(0.14834078612308896), np.float64(0.1536235377695923), np.float64(0.16210815820014257), np.float64(0.17006521801363725), np.float64(0.17627559254719696), np.float64(0.1797184785278472), np.float64(0.18509612920104235), np.float64(0.19135288162953173), np.float64(0.19750621418568254), np.float64(0.2022698911121536), np.float64(0.20636625042999976), np.float64(0.2113410160525069), np.float64(0.21611736966603992), np.float64(0.22048615169023286), np.float64(0.2254769346040411), np.float64(0.23142659111188812), np.float64(0.23551545850624075), np.float64(0.241444175783282), np.float64(0.24687081656799761), np.float64(0.249538644051264), np.float64(0.25373312567668754), np.float64(0.25628242497962256), np.float64(0.2629020839356018), np.float64(0.2673692367518522), np.float64(0.27165984455548997), np.float64(0.27575507795381815), np.float64(0.2816194747658803), np.float64(0.28695140744153447), np.float64(0.29170134172818973), np.float64(0.2967059081924802), np.float64(0.3033201442010414), np.float64(0.3052905487769457), np.float64(0.30952701774635366), np.float64(0.31279134414991683), np.float64(0.31592070318022963), np.float64(0.3206429374606744), np.float64(0.3248747488012007)]","[np.float64(1.0612329446896682), np.float64(2.1213089110333443), np.float64(3.183937527702168), np.float64(4.24558650223619), np.float64(5.303740027346992), np.float64(6.360034361450957), np.float64(7.401884081966503), np.float64(8.444052875148346), np.float64(9.482536915349371), np.float64(10.508406579729932), np.float64(11.533873341301266), np.float64(12.555612193641393), np.float64(13.570881052274041), np.float64(14.574460064957444), np.float64(15.549411224467535), np.float64(16.52041218532578), np.float64(17.49546231152534), np.float64(18.459163761798816), np.float64(19.418604691085818), np.float64(20.36822622454509), np.float64(21.328230730661826), np.float64(22.274208899065616), np.float64(23.217975704663385), np.float64(24.166380100086432), np.float64(25.090400236743392), np.float64(26.0336808589719), np.float64(26.96546978426961), np.float64(27.902610671004453), np.float64(28.833637988780804), np.float64(29.73801050052085), np.float64(30.678633014347085), np.float64(31.59567439414809), np.float64(32.463875967301625), np.float64(33.33370501644178), np.float64(34.223404238777064), np.float64(35.14981270938615), np.float64(36.04413766987526), np.float64(36.92096914264289), np.float64(37.795093554086684), np.float64(38.687325844980535), np.float64(39.58712595246718), np.float64(40.46930858723796), np.float64(41.3514188229077), np.float64(42.237281100722775), np.float64(43.109168736079766), np.float64(43.96056580955057), np.float64(44.84184484788386), np.float64(45.68644285818956), np.float64(46.53664342200974), np.float64(47.43565086384504), np.float64(48.30335886080965), np.float64(49.200487627628235), np.float64(50.015053212488134), np.float64(50.868845925062764), np.float64(51.72338225523008), np.float64(52.57921280345735), np.float64(53.3955435894238), np.float64(54.219639354815655), np.float64(55.052958408858935), np.float64(55.877917368657336), np.float64(56.66488173051174), np.float64(57.55032735793338), np.float64(58.383889419388204), np.float64(59.23683240318523), np.float64(60.09082994994229), np.float64(60.906120093349294), np.float64(61.73011653477259)]",36461.84095805106,14.509288085177502,-70.02121272776276,17590.610718250275
167,STATE_B_DEFENSE,SPONTANEOUS,6.8,20.0,2513,0.125,690.0,720.0,210.0,325.16129032258067,0.3895742140867489,0.4926382809391166,0.01592823227312058,True,0.3294182253845217,62.5066250817848,8.5,11.387744814016706,"[np.float64(-0.0014197762797461089), np.float64(-0.0016564716622754), np.float64(-0.003050536302094278), np.float64(-0.0037658835826780823), np.float64(-0.0022834347109552465), np.float64(0.0013663507290557595), np.float64(0.007242576913686853), np.float64(0.01002711912986613), np.float64(0.013458603461899725), np.float64(0.018089677678500407), np.float64(0.024103038262555936), np.float64(0.02956035059417389), np.float64(0.03555631053492701), np.float64(0.04026954861844536), np.float64(0.0469114647141487), np.float64(0.05268509172554838), np.float64(0.0575546707832677), np.float64(0.0647808924607213), np.float64(0.07228260127273567), np.float64(0.07785174210349706), np.float64(0.08521544507276421), np.float64(0.08990655443525285), np.float64(0.09614824172880851), np.float64(0.10263722590522915), np.float64(0.10834529366412578), np.float64(0.11640558189209853), np.float64(0.12411019442226537), np.float64(0.12893886492490622), np.float64(0.13548291143265534), np.float64(0.14109749190805893), np.float64(0.14799110140775631), np.float64(0.1540230781225193), np.float64(0.15833764953231413), np.float64(0.16161542893751626), np.float64(0.16535973032914256), np.float64(0.17228301431348228), np.float64(0.17777778755750387), np.float64(0.18439669980188092), np.float64(0.18894968598330958), np.float64(0.19324291097283153), np.float64(0.19931475809005628), np.float64(0.20683357735099256), np.float64(0.2111402597353588), np.float64(0.21627843270614514), np.float64(0.22250381667532912), np.float64(0.22620990427891757), np.float64(0.23087214862641187), np.float64(0.23477842238170735), np.float64(0.23876234466962284), np.float64(0.24325674963633936), np.float64(0.2473256939386566), np.float64(0.25124475941168944), np.float64(0.2556084738267715), np.float64(0.2606121839332192), np.float64(0.2652680225324979), np.float64(0.2711911091525331), np.float64(0.2747872790177928), np.float64(0.2765362373428684), np.float64(0.2817237153943712), np.float64(0.2859547676411656), np.float64(0.29299056835718035), np.float64(0.2968292269716364), np.float64(0.30334287132022164), np.float64(0.30974087629141234), np.float64(0.31537106819710015), np.float64(0.3197895422451265), np.float64(0.32243166275345836), np.float64(0.3294182253845217)]","[np.float64(1.0606118417723118), np.float64(2.121475127101353), np.float64(3.1844368056204697), np.float64(4.247439860102712), np.float64(5.305353969330607), np.float64(6.354811982413081), np.float64(7.392289293624136), np.float64(8.436676988902418), np.float64(9.475179687098231), np.float64(10.50400536882372), np.float64(11.520433198907904), np.float64(12.534392605268723), np.float64(13.53955668100634), np.float64(14.547991711806059), np.float64(15.5376106092707), np.float64(16.527938896239085), np.float64(17.520458196745533), np.float64(18.488017038166042), np.float64(19.44674518098933), np.float64(20.417305816429472), np.float64(21.365313209069797), np.float64(22.334487986549448), np.float64(23.283118171695953), np.float64(24.223833268938357), np.float64(25.168099375717414), np.float64(26.08016294681085), np.float64(26.990272736236875), np.float64(27.929989428751554), np.float64(28.84401074896866), np.float64(29.76513327523185), np.float64(30.66481755699245), np.float64(31.57117049093169), np.float64(32.49707747517674), np.float64(33.43456546918578), np.float64(34.36259813548938), np.float64(35.2398634366342), np.float64(36.13416276644828), np.float64(37.00692112424443), np.float64(37.90799554586967), np.float64(38.80998831910985), np.float64(39.67941127886703), np.float64(40.52038378613386), np.float64(41.411330804581794), np.float64(42.284784903025496), np.float64(43.135551411678705), np.float64(44.02743392806263), np.float64(44.89927595762841), np.float64(45.781990795425116), np.float64(46.66056943102399), np.float64(47.52668723898379), np.float64(48.398086784528076), np.float64(49.26972746921315), np.float64(50.129884357510235), np.float64(50.974263760607485), np.float64(51.82262115990151), np.float64(52.641778783183454), np.float64(53.506180133554395), np.float64(54.40757530719694), np.float64(55.23352411372677), np.float64(56.07720457221221), np.float64(56.85649830091785), np.float64(57.70298058894879), np.float64(58.48697517864555), np.float64(59.27004203303091), np.float64(60.06716931694633), np.float64(60.88909880864136), np.float64(61.7498824791667), np.float64(62.5066250817848)]",37714.9437984326,15.007936250868523,-67.92982595227659,16011.8737783432
169,STATE_B_DEFENSE,SPONTANEOUS,6.8,20.0,2513,0.125,690.0,720.0,210.0,325.16129032258067,0.3995224830879427,0.49224035017906886,-0.01787502657156952,True,0.3238046353794946,60.97657629286532,8.25,10.685432516830335,"[np.float64(-0.0028334422903946396), np.float64(-0.003436368961511157), np.float64(-0.002289315458202995), np.float64(-0.0002387784744434535), np.float64(0.001852904348732054), np.float64(0.002876040206113366), np.float64(0.00516279873969346), np.float64(0.009955933666172328), np.float64(0.012801022002969646), np.float64(0.019076683321299536), np.float64(0.027093603087955317), np.float64(0.03389293135140655), np.float64(0.038561567903365665), np.float64(0.045144463817407506), np.float64(0.05290644024250227), np.float64(0.05887721828478557), np.float64(0.06472416850361337), np.float64(0.07223552660068645), np.float64(0.07899160406725904), np.float64(0.08713690240499058), np.float64(0.09206330489238734), np.float64(0.09749601693812676), np.float64(0.10313263635342598), np.float64(0.11055812684974599), np.float64(0.11833875792150997), np.float64(0.12334530600483919), np.float64(0.12790875467353766), np.float64(0.13561515488961837), np.float64(0.1405975852512523), np.float64(0.1473569031786817), np.float64(0.1532330179797067), np.float64(0.16068485465434784), np.float64(0.1663908098773054), np.float64(0.16978786959659511), np.float64(0.17443125327786296), np.float64(0.1802271153654904), np.float64(0.18621217395501286), np.float64(0.1931710637919138), np.float64(0.19843078838270753), np.float64(0.2038527692425455), np.float64(0.21029022517832682), np.float64(0.21390684661676046), np.float64(0.21941702783429587), np.float64(0.22320858040262379), np.float64(0.22705821162537357), np.float64(0.23176064829451432), np.float64(0.2350550662748312), np.float64(0.24107164507549525), np.float64(0.24443169753341304), np.float64(0.2474316986752169), np.float64(0.25340727353038633), np.float64(0.2601825732011589), np.float64(0.26466580877681023), np.float64(0.27001820594591125), np.float64(0.2747958759497438), np.float64(0.2791400861928825), np.float64(0.28126360283380136), np.float64(0.28695391021420835), np.float64(0.29180938231390535), np.float64(0.2969743484751567), np.float64(0.30007498114612013), np.float64(0.3043703321901761), np.float64(0.3080919835016053), np.float64(0.3126857487392662), np.float64(0.3171743278105514), np.float64(0.3238046353794946)]","[np.float64(1.0645037523995964), np.float64(2.1296514382494536), np.float64(3.1926403072446545), np.float64(4.252486041880208), np.float64(5.310055652263645), np.float64(6.368815556544322), np.float64(7.421828005748993), np.float64(8.46193770116309), np.float64(9.506299507732239), np.float64(10.529981706540033), np.float64(11.537686179668059), np.float64(12.545111110953357), np.float64(13.559955920445487), np.float64(14.556967843543482), np.float64(15.53915566066085), np.float64(16.52830161962886), np.float64(17.513034949843703), np.float64(18.478148709714546), np.float64(19.44355251714766), np.float64(20.39007981910587), np.float64(21.361238881541983), np.float64(22.322984289930442), np.float64(23.27796540778936), np.float64(24.208709756782937), np.float64(25.129530211033572), np.float64(26.0764075291828), np.float64(27.02451008273132), np.float64(27.93016431701603), np.float64(28.864419198294716), np.float64(29.771659096742958), np.float64(30.685570991379322), np.float64(31.57358299238061), np.float64(32.48051782995814), np.float64(33.41614982400515), np.float64(34.33090828194668), np.float64(35.22498005226051), np.float64(36.112003583297415), np.float64(36.979691990653166), np.float64(37.86946566590413), np.float64(38.75291291937869), np.float64(39.61595621623106), np.float64(40.52170020201956), np.float64(41.39266390548121), np.float64(42.28958918034125), np.float64(43.18281800147073), np.float64(44.05809531961665), np.float64(44.95580164599287), np.float64(45.80088394770225), np.float64(46.6919053893758), np.float64(47.5874754336397), np.float64(48.423382189036516), np.float64(49.23995621017625), np.float64(50.09784331917443), np.float64(50.935413440041735), np.float64(51.78135535903824), np.float64(52.633229868163816), np.float64(53.52869556574347), np.float64(54.347246548153414), np.float64(55.180272847548096), np.float64(56.0036852598081), np.float64(56.869143025988045), np.float64(57.70617421508229), np.float64(58.55344562334066), np.float64(59.37869354755272), np.float64(60.203643729582204), np.float64(60.97657629286532)]",35483.22535922962,14.119866836143899,-71.06034480035305,16792.53083205223
170,STATE_B_DEFENSE,SPONTANEOUS,6.8,20.0,2513,0.125,690.0,720.0,210.0,325.16129032258067,0.40151213688818144,0.49064862713887786,-0.019093699932163994,True,0.32404955836506333,61.7722844493042,8.375,10.873997556086161,"[np.float64(-0.0018608420273561078), np.float64(-0.003937075488876633), np.float64(-0.0045767471633639785), np.float64(-0.0023380087182503866), np.float64(-0.002091399357805501), np.float64(0.0002767230215700546), np.float64(0.004451955888184229), np.float64(0.00965408945809115), np.float64(0.014583650833884375), np.float64(0.0180508760291181), np.float64(0.023605544428315025), np.float64(0.028298152265555983), np.float64(0.03483196125424551), np.float64(0.040745682949679826), np.float64(0.04745306998531552), np.float64(0.05343751146521275), np.float64(0.06090980588830414), np.float64(0.06918124221051078), np.float64(0.07374058240858819), np.float64(0.08240494724308196), np.float64(0.0888705220760083), np.float64(0.0972927970758055), np.float64(0.10315876994863113), np.float64(0.1106203328476099), np.float64(0.11642296778687097), np.float64(0.1217226951714547), np.float64(0.12847375724271676), np.float64(0.13315510371848188), np.float64(0.13825295746882604), np.float64(0.14439557433820618), np.float64(0.1497635666808538), np.float64(0.15575203492087158), np.float64(0.15889989027610554), np.float64(0.16619190030786452), np.float64(0.17086325319407192), np.float64(0.1765959953144024), np.float64(0.18062461306928337), np.float64(0.18614620270127463), np.float64(0.1931022807424606), np.float64(0.19926672553195177), np.float64(0.20280467036540664), np.float64(0.20747727406287306), np.float64(0.2103718112611361), np.float64(0.21552993169929313), np.float64(0.22113367583248172), np.float64(0.22519420845892366), np.float64(0.23224602152139998), np.float64(0.23844827464960913), np.float64(0.2427927821714445), np.float64(0.24946558982814163), np.float64(0.2540578925430756), np.float64(0.25804935640248183), np.float64(0.2616675713192046), np.float64(0.2669595301895537), np.float64(0.2688102155116803), np.float64(0.2746398508599205), np.float64(0.2806038546229436), np.float64(0.28449581258516443), np.float64(0.2904249196648054), np.float64(0.2943978640867307), np.float64(0.29888721622425624), np.float64(0.30358905203200875), np.float64(0.30866779067529565), np.float64(0.31291892979718167), np.float64(0.3164887242736505), np.float64(0.31990063230248517), np.float64(0.32404955836506333)]","[np.float64(1.0618799811772541), np.float64(2.125972235288083), np.float64(3.189982821023809), np.float64(4.248535565656873), np.float64(5.310013213743611), np.float64(6.364468617467249), np.float64(7.409765023071365), np.float64(8.446458702061085), np.float64(9.479153583731687), np.float64(10.514442233580269), np.float64(11.534462214118538), np.float64(12.554305672218893), np.float64(13.557493840630109), np.float64(14.558837778382706), np.float64(15.548731080346215), np.float64(16.53813655254342), np.float64(17.509779211324123), np.float64(18.467913000310965), np.float64(19.452476413464826), np.float64(20.39417265541695), np.float64(21.350210176353826), np.float64(22.28088294052195), np.float64(23.23163658573201), np.float64(24.16013807593148), np.float64(25.10132274318105), np.float64(26.043633487551276), np.float64(26.964291438502055), np.float64(27.90514811847424), np.float64(28.83696727043508), np.float64(29.75117689700923), np.float64(30.671032965275355), np.float64(31.578291197809985), np.float64(32.52085532088393), np.float64(33.40141665815016), np.float64(34.3151527610549), np.float64(35.209495161195385), np.float64(36.12574299154922), np.float64(37.015657282670915), np.float64(37.87884686112636), np.float64(38.75012248584704), np.float64(39.66041772835466), np.float64(40.54905971524069), np.float64(41.46484397399518), np.float64(42.339022594843506), np.float64(43.20180477087678), np.float64(44.0886036579466), np.float64(44.917970535196154), np.float64(45.75865825147623), np.float64(46.63024520333264), np.float64(47.45465654816283), np.float64(48.3150422339107), np.float64(49.18418552464548), np.float64(50.05810208666771), np.float64(50.8959668388384), np.float64(51.80066516610899), np.float64(52.62174687158719), np.float64(53.43655275757295), np.float64(54.291598343561574), np.float64(55.100637219853915), np.float64(55.94848575891226), np.float64(56.78257642396845), np.float64(57.609262772038164), np.float64(58.42474465482984), np.float64(59.255954648694775), np.float64(60.100178944774704), np.float64(60.945872306086194), np.float64(61.7722844493042)]",35983.8840548475,14.319094331415638,-69.28364250529557,16545.132199287415
173,STATE_B_DEFENSE,SPONTANEOUS,6.8,20.0,2513,0.125,690.0,720.0,210.0,325.16129032258067,0.39992041384799043,0.4942300039793076,-0.012592909528106046,True,0.32549705443570476,60.9910596180833,8.25,10.6322869503509,"[np.float64(-0.0021749021217611414), np.float64(-0.0019365395528450392), np.float64(-0.0017603573371271766), np.float64(-0.0017053390487919075), np.float64(-0.0007447322201226585), np.float64(0.0025249495811375355), np.float64(0.007494229450450989), np.float64(0.014198551785179793), np.float64(0.01956879454179376), np.float64(0.025627439294187718), np.float64(0.029955804863033994), np.float64(0.034026032727322186), np.float64(0.03904151778217556), np.float64(0.04679567903841339), np.float64(0.05580709125279987), np.float64(0.06310504120798484), np.float64(0.06844822084058949), np.float64(0.07537125388613276), np.float64(0.08198513137330721), np.float64(0.09084194532805306), np.float64(0.09659312454224564), np.float64(0.10275658275687956), np.float64(0.10859890951072146), np.float64(0.11391369193034499), np.float64(0.11832122059465221), np.float64(0.12342344239628951), np.float64(0.13010221998830723), np.float64(0.1378590230084695), np.float64(0.1423140685386173), np.float64(0.14914137169118857), np.float64(0.1536401742504089), np.float64(0.15932172126515262), np.float64(0.16641876034077274), np.float64(0.1712760574014115), np.float64(0.17700909058296663), np.float64(0.1817098920681799), np.float64(0.1891865101412568), np.float64(0.19348125414566014), np.float64(0.19835295986623452), np.float64(0.20583502422637426), np.float64(0.21181616596452787), np.float64(0.21585025010221742), np.float64(0.22049663260406366), np.float64(0.2243378166523966), np.float64(0.2284881069931887), np.float64(0.23513935101534228), np.float64(0.23978151772983472), np.float64(0.24659115817025953), np.float64(0.2527346678561283), np.float64(0.2577193970943098), np.float64(0.2610977791348875), np.float64(0.2642061511483831), np.float64(0.2681136292630567), np.float64(0.272602929194334), np.float64(0.27827056962783747), np.float64(0.28258400837221875), np.float64(0.2860289777731165), np.float64(0.2915420976562943), np.float64(0.2951300737188793), np.float64(0.2976411775484016), np.float64(0.30227099633166543), np.float64(0.3056341374074775), np.float64(0.3096076551586141), np.float64(0.3144176235943716), np.float64(0.32020443386781816), np.float64(0.32549705443570476)]","[np.float64(1.065085359114996), np.float64(2.1299163339626563), np.float64(3.1945925521599774), np.float64(4.259339360423878), np.float64(5.321614460287989), np.float64(6.375515150029495), np.float64(7.419734801224549), np.float64(8.451623080742714), np.float64(9.483002576801416), np.float64(10.505502026176265), np.float64(11.531744642104973), np.float64(12.555301210110846), np.float64(13.568708988508408), np.float64(14.558234196465715), np.float64(15.531399767033617), np.float64(16.509864935348606), np.float64(17.497814485995708), np.float64(18.46736445449424), np.float64(19.43365914052263), np.float64(20.373268442319965), np.float64(21.33576218563141), np.float64(22.289199832178213), np.float64(23.24086237805168), np.float64(24.193410653349346), np.float64(25.15175837418807), np.float64(26.09836096068804), np.float64(27.02194008126716), np.float64(27.92707356161799), np.float64(28.868010969064333), np.float64(29.774614754164368), np.float64(30.707052719399027), np.float64(31.619836383262523), np.float64(32.50860385942827), np.float64(33.42419148358299), np.float64(34.32335738129793), np.float64(35.23373566277519), np.float64(36.098434128332094), np.float64(37.00730182243807), np.float64(37.90389646374605), np.float64(38.75499371579975), np.float64(39.62571506272725), np.float64(40.524799300440165), np.float64(41.41062538900727), np.float64(42.3071403302181), np.float64(43.195515577612255), np.float64(44.03636664674953), np.float64(44.909364091426355), np.float64(45.73943996436914), np.float64(46.577712777077714), np.float64(47.43400023711133), np.float64(48.31783007777875), np.float64(49.20463568315506), np.float64(50.07355333079858), np.float64(50.92827039136383), np.float64(51.75626418236893), np.float64(52.60859981699706), np.float64(53.47626969767954), np.float64(54.298187993111235), np.float64(55.15780105948958), np.float64(56.03837946036942), np.float64(56.87098855499314), np.float64(57.72880500707553), np.float64(58.57085630420063), np.float64(59.391584753394035), np.float64(60.187234633182925), np.float64(60.9910596180833)]",34984.19543651735,13.921287479712436,-72.19354691822082,16538.143569469452
171,STATE_B_DEFENSE,SPONTANEOUS,6.8,20.0,2513,0.125,690.0,720.0,210.0,325.16129032258067,0.4058893752487067,0.4958217270194986,0.005264267731677166,True,0.3250605896533715,62.501960299151456,8.5,11.160733574913328,"[np.float64(-0.0023912789898863987), np.float64(-0.0012196013462508933), np.float64(-0.0037568697429947286), np.float64(-0.002337654199598357), np.float64(-0.001400787310056782), np.float64(0.001616491798137819), np.float64(0.005533820075264804), np.float64(0.0072187225780047295), np.float64(0.013239127608924086), np.float64(0.017924078304698256), np.float64(0.022603912990022772), np.float64(0.027341108687999865), np.float64(0.03308177369521048), np.float64(0.04008473539460871), np.float64(0.04313916336425016), np.float64(0.04919003787894254), np.float64(0.055957322234469774), np.float64(0.06472285867703599), np.float64(0.07045570296317367), np.float64(0.07642229527866803), np.float64(0.08421837156088335), np.float64(0.09107268747254271), np.float64(0.09774023680068593), np.float64(0.10335812952667917), np.float64(0.10877573808716623), np.float64(0.11477262075194732), np.float64(0.1206641180953035), np.float64(0.1265733952517736), np.float64(0.13318930641710458), np.float64(0.13866428171626582), np.float64(0.1456659391345792), np.float64(0.15088260884278298), np.float64(0.15775162060846223), np.float64(0.1643569212019811), np.float64(0.1681085707312692), np.float64(0.17286250413574997), np.float64(0.17632021440639767), np.float64(0.18269475240504585), np.float64(0.1890062151013445), np.float64(0.19327492876378813), np.float64(0.19851454419174636), np.float64(0.20311843317225525), np.float64(0.2078310384510637), np.float64(0.21411800646752507), np.float64(0.21756464903847827), np.float64(0.22146817669418592), np.float64(0.22513282878314606), np.float64(0.23160267441009721), np.float64(0.23758890124076007), np.float64(0.24146022004396334), np.float64(0.2473890344807734), np.float64(0.25311180395412736), np.float64(0.25834315047598366), np.float64(0.26260027417298737), np.float64(0.2651081868720146), np.float64(0.26845994180393856), np.float64(0.27341120886187276), np.float64(0.2779297357116891), np.float64(0.2843530790245646), np.float64(0.2882536124419864), np.float64(0.2921800135119962), np.float64(0.2969901127823989), np.float64(0.3038292456547155), np.float64(0.3076711669440864), np.float64(0.31489255260109944), np.float64(0.3179771876488504), np.float64(0.3215900699500246), np.float64(0.3250605896533715)]","[np.float64(1.0593085462431449), np.float64(2.117374044101612), np.float64(3.1801029484576766), np.float64(4.237120306840908), np.float64(5.29391530923147), np.float64(6.343122689476703), np.float64(7.385880785963269), np.float64(8.433943486279782), np.float64(9.459956249712912), np.float64(10.486846253104817), np.float64(11.50910506390379), np.float64(12.526406680979676), np.float64(13.532517492968363), np.float64(14.524335392847966), np.float64(15.538987891917218), np.float64(16.527055979687045), np.float64(17.503638404975586), np.float64(18.45681718980546), np.float64(19.42995726649031), np.float64(20.395823640643627), np.float64(21.33848138595488), np.float64(22.284271100897357), np.float64(23.226332503163075), np.float64(24.17439347876334), np.float64(25.120064265977476), np.float64(26.05450314807978), np.float64(26.98538542765614), np.float64(27.91135242979155), np.float64(28.823675428177573), np.float64(29.745823761325227), np.float64(30.64328268821657), np.float64(31.560004699915936), np.float64(32.449561743290296), np.float64(33.33791593339212), np.float64(34.26328776211472), np.float64(35.17074308962901), np.float64(36.094542258510366), np.float64(36.97003453752292), np.float64(37.84209217817126), np.float64(38.742918050367415), np.float64(39.62459140932909), np.float64(40.51330696537158), np.float64(41.396913061599435), np.float64(42.2498159129901), np.float64(43.148836869567404), np.float64(44.03716454709091), np.float64(44.927149408465006), np.float64(45.76237128215219), np.float64(46.60263483489274), np.float64(47.47950635121664), np.float64(48.31386814571247), np.float64(49.148586003940785), np.float64(49.989514567029886), np.float64(50.84677525101593), np.float64(51.73702486382095), np.float64(52.60805472244398), np.float64(53.443281436838696), np.float64(54.28465728134416), np.float64(55.08234114568469), np.float64(55.93107421763536), np.float64(56.776801088247744), np.float64(57.6004599574118), np.float64(58.375791880141705), np.float64(59.21521283441541), np.float64(59.97507758525681), np.float64(60.8264658164259), np.float64(61.66361960748621), np.float64(62.501960299151456)]",37602.509873710325,14.963195333748637,-72.754844492767,17349.249380230904
172,STATE_B_DEFENSE,SPONTANEOUS,6.8,20.0,2513,0.125,690.0,720.0,210.0,325.16129032258067,0.40350179068842024,0.4986072423398329,-0.004081288820284249,True,0.32611674994141615,62.57969796516083,8.5,11.089827744493657,"[np.float64(-0.001055774148893936), np.float64(-0.0015610158263016556), np.float64(-0.0007016426435401295), np.float64(-6.003681499746403e-05), np.float64(0.0019241906282337943), np.float64(0.005622812699069495), np.float64(0.009070836408296722), np.float64(0.012769212404236367), np.float64(0.01669033699401934), np.float64(0.021917315240096706), np.float64(0.026562343301559602), np.float64(0.03011610351423212), np.float64(0.03515991979128127), np.float64(0.04172939333479194), np.float64(0.050185538351688486), np.float64(0.056804773009529394), np.float64(0.06394904364901684), np.float64(0.07100734969720186), np.float64(0.07889933753993283), np.float64(0.08560652887408249), np.float64(0.0901197731037041), np.float64(0.09666735124205524), np.float64(0.10283910805525187), np.float64(0.10985201355493093), np.float64(0.11594170911401909), np.float64(0.1217226794589438), np.float64(0.12825441391033868), np.float64(0.1356839895926687), np.float64(0.14094330358068807), np.float64(0.14599899411589493), np.float64(0.15065018966588242), np.float64(0.15519440858027023), np.float64(0.15880556348856092), np.float64(0.16575192789850154), np.float64(0.16916787594789987), np.float64(0.17501533591710033), np.float64(0.17920517342984885), np.float64(0.18485766882106255), np.float64(0.18918740173059448), np.float64(0.19189975763363606), np.float64(0.19597842856618322), np.float64(0.2023915109594924), np.float64(0.20802300676603608), np.float64(0.21182003540248334), np.float64(0.21681634913310532), np.float64(0.22237443984601205), np.float64(0.2271728351314694), np.float64(0.23346423842979763), np.float64(0.23811185015034847), np.float64(0.2447565216501918), np.float64(0.24748693228864696), np.float64(0.25168542416945233), np.float64(0.2553919512193501), np.float64(0.2608592622343182), np.float64(0.2640627484608578), np.float64(0.26818623947771975), np.float64(0.27277521115099657), np.float64(0.2780858964463875), np.float64(0.2822522275713444), np.float64(0.2874652891366603), np.float64(0.2919823490393755), np.float64(0.2953012814200315), np.float64(0.30018048450221213), np.float64(0.3060924939121112), np.float64(0.3092407141505934), np.float64(0.31485289404182204), np.float64(0.31978993033105835), np.float64(0.32611674994141615)]","[np.float64(1.0603391819469985), np.float64(2.121214861165011), np.float64(3.1804538511527976), np.float64(4.239244436399814), np.float64(5.293805775864141), np.float64(6.3408739842503365), np.float64(7.385036447342898), np.float64(8.424617115111882), np.float64(9.459400030459657), np.float64(10.48353021911908), np.float64(11.505763710463524), np.float64(12.530072623840296), np.float64(13.541134707972557), np.float64(14.536705992009386), np.float64(15.512209898323551), np.float64(16.4944572605526), np.float64(17.466421543603715), np.float64(18.432816931792924), np.float64(19.385569679958667), np.float64(20.342728491171442), np.float64(21.31560268134469), np.float64(22.26386982138122), np.float64(23.210643821661243), np.float64(24.143161243291164), np.float64(25.080413015023133), np.float64(26.016329715440115), np.float64(26.938640454677305), np.float64(27.84483892813673), np.float64(28.77275159744042), np.float64(29.69918740570808), np.float64(30.62707115093397), np.float64(31.55279745184853), np.float64(32.48808287916045), np.float64(33.372694755728325), np.float64(34.3040216354254), np.float64(35.19623134297224), np.float64(36.109582444011), np.float64(36.99695105623294), np.float64(37.90136817389946), np.float64(38.82894188771765), np.float64(39.73174264872159), np.float64(40.59212338868149), np.float64(41.46162154582297), np.float64(42.359326128437786), np.float64(43.2330052829759), np.float64(44.09315062493748), np.float64(44.9635322966085), np.float64(45.80294326911159), np.float64(46.669330444501675), np.float64(47.494490102773455), np.float64(48.39133505777837), np.float64(49.25736508580665), np.float64(50.13045310074116), np.float64(50.96545239646604), np.float64(51.843439103522115), np.float64(52.70016064390611), np.float64(53.544446291312255), np.float64(54.37050948764402), np.float64(55.21800488864836), np.float64(56.04010188517053), np.float64(56.874419258566306), np.float64(57.73268052541708), np.float64(58.55367505232666), np.float64(59.34832106916127), np.float64(60.20312510682016), np.float64(60.99872852712766), np.float64(61.807023275564084), np.float64(62.57969796516083)]",36682.97947095159,14.597285901691839,-66.99585343291983,17064.741553902626
175,STATE_B_DEFENSE,SPONTANEOUS,6.8,20.0,2513,0.125,690.0,720.0,210.0,325.16129032258067,0.405491444488659,0.49900517309988063,-0.026062517037864406,True,0.32434867778979104,61.711754349059916,8.375,10.904211127619472,"[np.float64(-0.00235970777200202), np.float64(-0.003146302365420001), np.float64(-0.003052217101682073), np.float64(-0.002852207288675592), np.float64(2.2436580653868913e-05), np.float64(0.0014187149300858449), np.float64(0.0035252072469303406), np.float64(0.009308416725961128), np.float64(0.014576629090099233), np.float64(0.020980128562136883), np.float64(0.02742701912489407), np.float64(0.030231439900884338), np.float64(0.035515934607027386), np.float64(0.04096027453283828), np.float64(0.04802901261197807), np.float64(0.05469133391238748), np.float64(0.06013444997707454), np.float64(0.0676950764050488), np.float64(0.07283874788780294), np.float64(0.07874323167490735), np.float64(0.08586428211376226), np.float64(0.0929293542664537), np.float64(0.100323623404213), np.float64(0.10701299343242328), np.float64(0.11263023722441272), np.float64(0.11932587977493551), np.float64(0.1263216449302873), np.float64(0.13344301538686426), np.float64(0.13862517344596462), np.float64(0.14428080582806166), np.float64(0.149649068704304), np.float64(0.1573771187634409), np.float64(0.16229212325559683), np.float64(0.16700827245210845), np.float64(0.1713357815073651), np.float64(0.17584130074925355), np.float64(0.1800695108748685), np.float64(0.18384540581863748), np.float64(0.1885322209716006), np.float64(0.19687803036796567), np.float64(0.2023557261271297), np.float64(0.2056581212885048), np.float64(0.21333428516176103), np.float64(0.22078393904090915), np.float64(0.2242541453200064), np.float64(0.22905689029156284), np.float64(0.23309442168458988), np.float64(0.23622907070040156), np.float64(0.24337842523208017), np.float64(0.24831942062524423), np.float64(0.25319569854944046), np.float64(0.25731633272312837), np.float64(0.2625776272254004), np.float64(0.267802933978289), np.float64(0.27246367033558644), np.float64(0.2769461659838213), np.float64(0.28061633881642667), np.float64(0.28350832293251377), np.float64(0.2884371883103605), np.float64(0.2945369341299742), np.float64(0.29653748651883766), np.float64(0.2994268733127563), np.float64(0.3041726686270449), np.float64(0.30922410166692366), np.float64(0.3135610647995689), np.float64(0.31899899423730244), np.float64(0.32434867778979104)]","[np.float64(1.0612245072563242), np.float64(2.123286237522888), np.float64(3.1847790665731743), np.float64(4.245946194685505), np.float64(5.299798935066352), np.float64(6.355323468981773), np.float64(7.406758051919328), np.float64(8.440580199561296), np.float64(9.470967441039706), np.float64(10.490244642644994), np.float64(11.503008880876196), np.float64(12.531645694292344), np.float64(13.54126447485168), np.float64(14.54471510173542), np.float64(15.530980254681618), np.float64(16.513972425257602), np.float64(17.50099371452285), np.float64(18.464737854002564), np.float64(19.443777238635676), np.float64(20.41104381323497), np.float64(21.361206677225702), np.float64(22.30595885383445), np.float64(23.24137824071406), np.float64(24.178488274061014), np.float64(25.12226779453182), np.float64(26.048896886396353), np.float64(26.966638313605433), np.float64(27.87741159584344), np.float64(28.80725443621644), np.float64(29.726871742171166), np.float64(30.64596555513311), np.float64(31.528752944049106), np.float64(32.44520733362091), np.float64(33.36078113190765), np.float64(34.27848351939476), np.float64(35.19025442102017), np.float64(36.10290847620235), np.float64(37.019484022777036), np.float64(37.918695517426606), np.float64(38.75513953869318), np.float64(39.63342733186141), np.float64(40.54445468869533), np.float64(41.37828456302123), np.float64(42.21118401676397), np.float64(43.109301235630845), np.float64(43.9811012924843), np.float64(44.86358272420623), np.float64(45.76000071168314), np.float64(46.57884095529033), np.float64(47.43527274093332), np.float64(48.289753613920595), np.float64(49.155863126494985), np.float64(49.99667077677756), np.float64(50.83492004064498), np.float64(51.681398218564354), np.float64(52.52862030675118), np.float64(53.38996026402307), np.float64(54.26538769786323), np.float64(55.095312045289155), np.float64(55.896972826349156), np.float64(56.784728966708194), np.float64(57.65142263689319), np.float64(58.474600502815676), np.float64(59.288059942040796), np.float64(60.11494918216676), np.float64(60.91383808188755), np.float64(61.711754349059916)]",36446.556807766116,14.503206051637928,-65.47092006215826,16780.825682520866
174,STATE_B_DEFENSE,SPONTANEOUS,6.8,20.0,2513,0.125,690.0,720.0,210.0,325.16129032258067,0.40469558296856345,0.4954237962594509,-0.016346499970439583,True,0.3270042405566734,63.4419369529145,8.625,11.341482914032705,"[np.float64(-0.0029193420313814618), np.float64(-0.006450054139714985), np.float64(-0.007965679943980364), np.float64(-0.006775049471491106), np.float64(-0.00491722875363747), np.float64(-0.0030386503644727917), np.float64(-0.0006413149603549844), np.float64(0.004249764451683532), np.float64(0.0111214222837754), np.float64(0.01764101033968984), np.float64(0.02294505260634229), np.float64(0.026869486867584152), np.float64(0.03393787625405652), np.float64(0.03830534292902809), np.float64(0.045566370697398086), np.float64(0.051487231812756495), np.float64(0.059699032366240294), np.float64(0.06694992687331154), np.float64(0.07281391694188753), np.float64(0.08123506975135225), np.float64(0.085731232701072), np.float64(0.09238321522846753), np.float64(0.0961983941394803), np.float64(0.1029094368083035), np.float64(0.10874464342865238), np.float64(0.11563787651006126), np.float64(0.11924456969793903), np.float64(0.12631209672993418), np.float64(0.1302016654887801), np.float64(0.13795188564543095), np.float64(0.14386473408636963), np.float64(0.15055353612964684), np.float64(0.15515793765254765), np.float64(0.1620236004352972), np.float64(0.16842892190638528), np.float64(0.17422874867928143), np.float64(0.1804445422202223), np.float64(0.1861953224663638), np.float64(0.18887501409226998), np.float64(0.19401229234963574), np.float64(0.19530358595414887), np.float64(0.20088472487685932), np.float64(0.2051357831645137), np.float64(0.20985935458446062), np.float64(0.21706543711892123), np.float64(0.22222008798601456), np.float64(0.22864399299257698), np.float64(0.23297119595571397), np.float64(0.2395214882231723), np.float64(0.2428728223766616), np.float64(0.24550031638043943), np.float64(0.25191866893713116), np.float64(0.25579720643987824), np.float64(0.2594089969784768), np.float64(0.2648260421831656), np.float64(0.26830148781056473), np.float64(0.27582218025627486), np.float64(0.2803525569914711), np.float64(0.2842003451392027), np.float64(0.28842329235540876), np.float64(0.2951452945729986), np.float64(0.29840958187474753), np.float64(0.30081789683034416), np.float64(0.30444726725939364), np.float64(0.3102656710071036), np.float64(0.3136279805583524), np.float64(0.3162485504243722), np.float64(0.3214612553511891), np.float64(0.3270042405566734)]","[np.float64(1.060714126560719), np.float64(2.1251942992749773), np.float64(3.1902256666120974), np.float64(4.251083931199087), np.float64(5.308892109802942), np.float64(6.364665561233161), np.float64(7.416531456393928), np.float64(8.45536999259721), np.float64(9.479913010489101), np.float64(10.499441506127578), np.float64(11.51940455297689), np.float64(12.542586941340367), np.float64(13.541277195164051), np.float64(14.55221122526093), np.float64(15.537421753049575), np.float64(16.52652251264893), np.float64(17.491262242274328), np.float64(18.457122078434587), np.float64(19.42919916698313), np.float64(20.371988976453952), np.float64(21.34625178650709), np.float64(22.29454791390264), np.float64(23.267340950490283), np.float64(24.204984784955325), np.float64(25.147090222205467), np.float64(26.072052465269927), np.float64(27.031165080211167), np.float64(27.94423054799111), np.float64(28.89239376189272), np.float64(29.7867282601193), np.float64(30.699963356649242), np.float64(31.598033935012033), np.float64(32.520465623871765), np.float64(33.40680494807061), np.float64(34.29496735082596), np.float64(35.18759987441996), np.float64(36.06969154488075), np.float64(36.95464134264338), np.float64(37.88436443475396), np.float64(38.772079182332185), np.float64(39.719908935439975), np.float64(40.594026292318986), np.float64(41.487184553770625), np.float64(42.3690505231924), np.float64(43.20351158637153), np.float64(44.07036237941387), np.float64(44.91054503678337), np.float64(45.78553260371979), np.float64(46.61573633019891), np.float64(47.5029036711573), np.float64(48.40182683976792), np.float64(49.224213341926266), np.float64(50.093296450056826), np.float64(50.9652152393401), np.float64(51.79773729148976), np.float64(52.667205400567894), np.float64(53.44945487261251), np.float64(54.29085805099312), np.float64(55.144108387464236), np.float64(55.9867767612492), np.float64(56.771986079240236), np.float64(57.63009456525273), np.float64(58.50537890757067), np.float64(59.35129631033201), np.float64(60.144673819803195), np.float64(60.991770285925675), np.float64(61.854221947435455), np.float64(62.65347940455544), np.float64(63.4419369529145)]",37408.66972785625,14.886060377181158,-63.614294519182295,16706.555310726166
179,STATE_B_DEFENSE,SPONTANEOUS,6.8,20.0,2513,0.125,690.0,720.0,210.0,325.16129032258067,0.39992041384799043,0.48865897333863906,0.0027360877149355855,True,0.32533006179026264,61.63806423175477,8.375,11.132522565550524,"[np.float64(-0.0037974097768165146), np.float64(-0.0036021716362578996), np.float64(-0.004762314401518979), np.float64(-0.0051864288427793444), np.float64(-0.004076999279503598), np.float64(-0.0007543407198045033), np.float64(0.002925198063517283), np.float64(0.00571397628012838), np.float64(0.01071448613903793), np.float64(0.015303887909776008), np.float64(0.021126491201243595), np.float64(0.026304428154148532), np.float64(0.0319130182473578), np.float64(0.0372370389351064), np.float64(0.044652135254193835), np.float64(0.05247078919855807), np.float64(0.059638081905165355), np.float64(0.06388690483362179), np.float64(0.07228607459932705), np.float64(0.07728012201337675), np.float64(0.08260973560430815), np.float64(0.08905642749251384), np.float64(0.09635237462283253), np.float64(0.10359236752505491), np.float64(0.10921767619517507), np.float64(0.11846622330074212), np.float64(0.12323215397971549), np.float64(0.12950223258604165), np.float64(0.1347219262541302), np.float64(0.14073243456539267), np.float64(0.14606248562013263), np.float64(0.14850057926879098), np.float64(0.15495416305215437), np.float64(0.1619661940675904), np.float64(0.16956051531312685), np.float64(0.17315628027682514), np.float64(0.17744560178600802), np.float64(0.1829936295175869), np.float64(0.18929614962962465), np.float64(0.19386619531563462), np.float64(0.19922915176962916), np.float64(0.20452790068281687), np.float64(0.2110768772282505), np.float64(0.21585608579032203), np.float64(0.22058193612275395), np.float64(0.2238374609183541), np.float64(0.22855832122723252), np.float64(0.2339654454172788), np.float64(0.23696685621769975), np.float64(0.2426845928529954), np.float64(0.2485504297293669), np.float64(0.2524500837283089), np.float64(0.25727956048217787), np.float64(0.26179560689039777), np.float64(0.26670820092005026), np.float64(0.27332641815092446), np.float64(0.27756598661590237), np.float64(0.28388580886256887), np.float64(0.289867093801542), np.float64(0.29617774994715135), np.float64(0.29937017968017937), np.float64(0.30282399342399885), np.float64(0.30917894625279674), np.float64(0.3102345228621844), np.float64(0.31482213713683216), np.float64(0.3214985610605886), np.float64(0.32533006179026264)]","[np.float64(1.0611148185799757), np.float64(2.12202170792965), np.float64(3.184887242800213), np.float64(4.247421426477003), np.float64(5.306318768304815), np.float64(6.356987069502624), np.float64(7.402867587976881), np.float64(8.448681865387561), np.float64(9.481225527153553), np.float64(10.510858468362287), np.float64(11.528933293527302), np.float64(12.545251075371262), np.float64(13.553704706212763), np.float64(14.558788608176553), np.float64(15.543242535533624), np.float64(16.517760698869687), np.float64(17.490666349781986), np.float64(18.482511551852507), np.float64(19.43275972063836), np.float64(20.408067655803965), np.float64(21.375660515009248), np.float64(22.327171196876808), np.float64(23.264245280256223), np.float64(24.19597407165595), np.float64(25.140148034201456), np.float64(26.03743052612232), np.float64(26.981445538202404), np.float64(27.902987037837327), np.float64(28.8329771194456), np.float64(29.748534264573202), np.float64(30.668586373997318), np.float64(31.62427528892831), np.float64(32.521291069853845), np.float64(33.40553129927989), np.float64(34.27621893892457), np.float64(35.20146828593011), np.float64(36.11332788635582), np.float64(37.00229033690056), np.float64(37.875276627160794), np.float64(38.77201540137496), np.float64(39.65235457306528), np.float64(40.53004362517743), np.float64(41.38269900994467), np.float64(42.26178174830598), np.float64(43.13852161183038), np.float64(44.038465041651314), np.float64(44.909289255460216), np.float64(45.764208022966436), np.float64(46.66091612258461), np.float64(47.50351653383676), np.float64(48.33963253713142), np.float64(49.210677417033025), np.float64(50.060612018396206), np.float64(50.9137947164867), np.float64(51.755988918734936), np.float64(52.55988000331256), np.float64(53.409608939633706), np.float64(54.21269623122481), np.float64(55.01938641407834), np.float64(55.81554660470951), np.float64(56.67605330376199), np.float64(57.52876200320825), np.float64(58.31459396346327), np.float64(59.21635450100353), np.float64(60.03659674906643), np.float64(60.80605123483623), np.float64(61.63806423175477)]",37252.252191940635,14.823817028229461,-69.18149903789163,17038.355105161667
176,STATE_B_DEFENSE,SPONTANEOUS,6.8,20.0,2513,0.125,690.0,720.0,210.0,325.16129032258067,0.38838042180660565,0.4862713887783526,-0.0115466370955031,True,0.3263289181144347,63.41985576276975,8.625,11.386197709144824,"[np.float64(-0.0024709642295906863), np.float64(-0.0041451234323938956), np.float64(-0.006432847560876533), np.float64(-0.00631197131922472), np.float64(-0.005647532581901823), np.float64(-0.0010044311548706233), np.float64(0.0023578179290805585), np.float64(0.006085997424153863), np.float64(0.012121611545640067), np.float64(0.01552723574172434), np.float64(0.01994190891763958), np.float64(0.025203535294239066), np.float64(0.030380195553685548), np.float64(0.03690232169649567), np.float64(0.04480599356863697), np.float64(0.0512491569519666), np.float64(0.05927297316480587), np.float64(0.06569976328412541), np.float64(0.07225962748242463), np.float64(0.07776935930835985), np.float64(0.08411912345434172), np.float64(0.09025320075164618), np.float64(0.09681571957080787), np.float64(0.10527282676931728), np.float64(0.10892227515571959), np.float64(0.11588336133019166), np.float64(0.12342795253805729), np.float64(0.131058188610064), np.float64(0.13633682736575148), np.float64(0.14099690833046283), np.float64(0.14598111760068821), np.float64(0.15059623869405434), np.float64(0.15484147115180275), np.float64(0.1589932464827975), np.float64(0.1645957979969247), np.float64(0.17010297669553118), np.float64(0.17455884070232597), np.float64(0.18162167178697158), np.float64(0.18564835444343944), np.float64(0.19021526446665038), np.float64(0.19156227224338535), np.float64(0.19667688010581671), np.float64(0.20444629249555032), np.float64(0.20908982792170291), np.float64(0.21307650415155652), np.float64(0.21718473400922958), np.float64(0.2230566770418962), np.float64(0.23027653534240558), np.float64(0.23404920286680436), np.float64(0.23790849609303266), np.float64(0.24499851623253405), np.float64(0.24912403387564405), np.float64(0.25295717288494096), np.float64(0.256859853026987), np.float64(0.2614961434617627), np.float64(0.2666926896672997), np.float64(0.27253885764752717), np.float64(0.2742807795783837), np.float64(0.27903607950722853), np.float64(0.2853340559191214), np.float64(0.2901588956813743), np.float64(0.2935977089097712), np.float64(0.29805434026059063), np.float64(0.30245624193348425), np.float64(0.30673806547242644), np.float64(0.31237709229927196), np.float64(0.31897200555736754), np.float64(0.3224349284499031), np.float64(0.3263289181144347)]","[np.float64(1.0598368256229909), np.float64(2.121454624078292), np.float64(3.185843373900945), np.float64(4.247532798071814), np.float64(5.307641792113895), np.float64(6.354351693977523), np.float64(7.400966315563291), np.float64(8.442561117711941), np.float64(9.46951941625279), np.float64(10.504030905664022), np.float64(11.529401018612349), np.float64(12.54521119878628), np.float64(13.556462577039449), np.float64(14.553280191456764), np.float64(15.533710607236397), np.float64(16.518436226413865), np.float64(17.484239794215927), np.float64(18.456818820381198), np.float64(19.422512175701662), np.float64(20.392424260323025), np.float64(21.349247435348442), np.float64(22.30287109257933), np.float64(23.246778711094773), np.float64(24.164525619357317), np.float64(25.129927380702085), np.float64(26.053479084108567), np.float64(26.96453466632484), np.float64(27.868740123356503), np.float64(28.796932972555506), np.float64(29.72903412229188), np.float64(30.653123962792964), np.float64(31.57841165695141), np.float64(32.50532651023932), np.float64(33.430297617149975), np.float64(34.33066480687371), np.float64(35.228344709164034), np.float64(36.13816642672892), np.float64(37.0037852068608), np.float64(37.91302473121703), np.float64(38.81047981988356), np.float64(39.75825028377728), np.float64(40.640834664535625), np.float64(41.47405646414172), np.float64(42.356997892363005), np.float64(43.24841510853084), np.float64(44.13482022150097), np.float64(44.985892908970165), np.float64(45.80803320562004), np.float64(46.690832844254544), np.float64(47.56938219791544), np.float64(48.38241449355259), np.float64(49.24955831403255), np.float64(50.119823719376804), np.float64(50.98613732452192), np.float64(51.83480922659049), np.float64(52.66889095049116), np.float64(53.486121671915825), np.float64(54.387263258903), np.float64(55.22203317489819), np.float64(56.02024729489917), np.float64(56.84732232812278), np.float64(57.702396306085156), np.float64(58.53234061553023), np.float64(59.360859676447504), np.float64(60.18951780036507), np.float64(60.98406835731311), np.float64(61.753104019297155), np.float64(62.59267836618901), np.float64(63.41985576276975)]",37460.28387699436,14.906599234776905,-68.82151899579912,15199.130930185318
178,STATE_B_DEFENSE,SPONTANEOUS,6.8,20.0,2513,0.125,690.0,720.0,210.0,325.16129032258067,0.3951452447274174,0.49064862713887786,0.0012696297312814841,True,0.32991803181122176,62.48849612695142,8.5,11.431646691943717,"[np.float64(-0.0025857172698518774), np.float64(-0.0025593905130469837), np.float64(-0.00084973703770427), np.float64(0.0016451544029632142), np.float64(0.0027663612934474766), np.float64(0.005460958028071865), np.float64(0.008085410577574996), np.float64(0.011398412396906334), np.float64(0.015430866984354736), np.float64(0.01715891709081245), np.float64(0.02292107430192377), np.float64(0.02824046870433013), np.float64(0.035459621403825296), np.float64(0.04038627306902757), np.float64(0.04447893390925023), np.float64(0.05042598404745543), np.float64(0.056771088487619664), np.float64(0.06221652333772725), np.float64(0.06891267929283636), np.float64(0.07505628764309101), np.float64(0.08223118251016075), np.float64(0.08983770114076785), np.float64(0.0970725376485347), np.float64(0.10333264523018758), np.float64(0.10841937586392818), np.float64(0.11473383505168902), np.float64(0.12144375843158094), np.float64(0.12860728387581555), np.float64(0.13352492226529095), np.float64(0.14242330859213406), np.float64(0.14559179523811833), np.float64(0.15185429266951), np.float64(0.15837082786603696), np.float64(0.16255235573372603), np.float64(0.16778292142857487), np.float64(0.17348281268886062), np.float64(0.1796451638321208), np.float64(0.18313125315795822), np.float64(0.18819543850073664), np.float64(0.193555881899566), np.float64(0.19861057155622716), np.float64(0.20442528855182304), np.float64(0.2084998123121747), np.float64(0.213732094351092), np.float64(0.21723043200611497), np.float64(0.22335967938378348), np.float64(0.22787628476519797), np.float64(0.23376472951268013), np.float64(0.23746085744319578), np.float64(0.2411392572047349), np.float64(0.2471474977328215), np.float64(0.2525314061283468), np.float64(0.25454790316736203), np.float64(0.2597229453866832), np.float64(0.26607576811948364), np.float64(0.27194834194557044), np.float64(0.27685090181440336), np.float64(0.2819391795190092), np.float64(0.2867393632867546), np.float64(0.2913836574988004), np.float64(0.29533450212777324), np.float64(0.30038024688720477), np.float64(0.3039336159976676), np.float64(0.3073083844659763), np.float64(0.31182932618713016), np.float64(0.3163818284266366), np.float64(0.32177969643025145), np.float64(0.32991803181122176)]","[np.float64(1.061123190405604), np.float64(2.122218373011798), np.float64(3.180602885688167), np.float64(4.235519070956202), np.float64(5.29143814070526), np.float64(6.3412115500321455), np.float64(7.388443773881904), np.float64(8.430094647544264), np.float64(9.465006714794496), np.float64(10.507736947345691), np.float64(11.525909879848772), np.float64(12.541153895757668), np.float64(13.538806018197617), np.float64(14.545689959585701), np.float64(15.554104553294753), np.float64(16.54401259220732), np.float64(17.52516264545447), np.float64(18.50842980219028), np.float64(19.47538644645553), np.float64(20.44174617240767), np.float64(21.392565508697288), np.float64(22.332912505625703), np.float64(23.27093116649436), np.float64(24.213724960691007), np.float64(25.164688080803682), np.float64(26.097046160776497), np.float64(27.019581155095292), np.float64(27.93123921776571), np.float64(28.865963539191725), np.float64(29.7448185843026), np.float64(30.693777740533502), np.float64(31.59765137978274), np.float64(32.49329334996915), np.float64(33.41767678370604), np.float64(34.32342216593234), np.float64(35.218246725119904), np.float64(36.10186398861348), np.float64(37.022925294083436), np.float64(37.916152736845284), np.float64(38.80093669820821), np.float64(39.68701197789668), np.float64(40.556732196632765), np.float64(41.45231209986387), np.float64(42.324794280889925), np.float64(43.22447333802844), np.float64(44.074190843144095), np.float64(44.949425939789165), np.float64(45.796117343536984), np.float64(46.680332647587164), np.float64(47.56235449255996), np.float64(48.39660126966566), np.float64(49.23938601904011), np.float64(50.14594760629552), np.float64(50.98704435476635), np.float64(51.80079661233757), np.float64(52.6207322981676), np.float64(53.45746488129563), np.float64(54.287254764916376), np.float64(55.1201404639511), np.float64(55.95349318221396), np.float64(56.79923228852882), np.float64(57.618255491677594), np.float64(58.46775332189163), np.float64(59.319099305884514), np.float64(60.14205816997868), np.float64(60.96163322331457), np.float64(61.758801848723046), np.float64(62.48849612695142)]",37730.14483254351,15.01398520992579,-66.60597507748753,16444.843432068825
177,STATE_B_DEFENSE,SPONTANEOUS,6.8,20.0,2513,0.125,690.0,720.0,210.0,325.16129032258067,0.40509351372861124,0.4966175885395941,-0.01451382441401831,True,0.324539363678704,62.569636857083786,8.5,11.049258879795794,"[np.float64(-0.0012903850405967027), np.float64(-0.002325219025234757), np.float64(-0.0017353271614517012), np.float64(0.00021638992170814182), np.float64(0.0016175362632234577), np.float64(0.004604557527675202), np.float64(0.007468087161907499), np.float64(0.01113193675051133), np.float64(0.016083680311090247), np.float64(0.021911979778235044), np.float64(0.024788655295026645), np.float64(0.03036347439897045), np.float64(0.03707927112384906), np.float64(0.04274973215531576), np.float64(0.04779725821443873), np.float64(0.05443455910902339), np.float64(0.05957280192799632), np.float64(0.06634199812832918), np.float64(0.07384853590560211), np.float64(0.0776820748053065), np.float64(0.0835280753526934), np.float64(0.09035617722759952), np.float64(0.09708098805902146), np.float64(0.10499087743336308), np.float64(0.11225595800222636), np.float64(0.11877202687929916), np.float64(0.12698224723813364), np.float64(0.13292261808278963), np.float64(0.13776531468511546), np.float64(0.14306158728268947), np.float64(0.14755624673341555), np.float64(0.1515525745226095), np.float64(0.15680922300651007), np.float64(0.16322806719578853), np.float64(0.1711894076019098), np.float64(0.17388397342581238), np.float64(0.17765238699033267), np.float64(0.182622255614549), np.float64(0.18906778227691423), np.float64(0.19552063690525773), np.float64(0.20013452967529546), np.float64(0.20579249147234652), np.float64(0.20970960349378756), np.float64(0.21560959227193804), np.float64(0.21968502582554097), np.float64(0.22463173825084165), np.float64(0.22899217264496266), np.float64(0.234456565276965), np.float64(0.23984864148174995), np.float64(0.24291991608706953), np.float64(0.24642460442561864), np.float64(0.2503480639668385), np.float64(0.25407020995986196), np.float64(0.2620282899613588), np.float64(0.2641864122472364), np.float64(0.26777008489021964), np.float64(0.2738488592490198), np.float64(0.2786380699951401), np.float64(0.28179121997472395), np.float64(0.28803769991157785), np.float64(0.2929204492033841), np.float64(0.2972180040756177), np.float64(0.30076870535779116), np.float64(0.30265039362629653), np.float64(0.3098113977642391), np.float64(0.3146890940439283), np.float64(0.3190063352780112), np.float64(0.324539363678704)]","[np.float64(1.0596624400807118), np.float64(2.120423725716251), np.float64(3.1796957034103084), np.float64(4.235455902215332), np.float64(5.290615513206078), np.float64(6.339293140747158), np.float64(7.3853239061221325), np.float64(8.425064405681129), np.float64(9.455073906137342), np.float64(10.475636285293836), np.float64(11.507015209627609), np.float64(12.519101919256114), np.float64(13.518376315945563), np.float64(14.51861365453719), np.float64(15.518144325684373), np.float64(16.50050831796451), np.float64(17.48922950561731), np.float64(18.45913748213268), np.float64(19.416423801207838), np.float64(20.401956747103537), np.float64(21.364186808822307), np.float64(22.31133941957137), np.float64(23.253891833633084), np.float64(24.17792643756727), np.float64(25.10295194689721), np.float64(26.03093123715012), np.float64(26.933474553087443), np.float64(27.857687621043198), np.float64(28.791136556649114), np.float64(29.714853671677464), np.float64(30.64515763191696), np.float64(31.57877286115453), np.float64(32.49153469035616), np.float64(33.38363606388473), np.float64(34.248506123546356), np.float64(35.18658108557605), np.float64(36.10607851300525), np.float64(37.003919649320466), np.float64(37.87463510863096), np.float64(38.740802184908155), np.float64(39.63291789455494), np.float64(40.504209369540796), np.float64(41.40140197334823), np.float64(42.26129236132558), np.float64(43.149505625178044), np.float64(44.01920885366723), np.float64(44.8962901390822), np.float64(45.749935589793296), np.float64(46.601393270295965), np.float64(47.4936543586074), np.float64(48.37537291024302), np.float64(49.24646223364972), np.float64(50.11896574946933), np.float64(50.90335076519816), np.float64(51.80173274005263), np.float64(52.66898313571615), np.float64(53.481436141884686), np.float64(54.31769530389655), np.float64(55.18620398597229), np.float64(55.985314150919734), np.float64(56.810824106553184), np.float64(57.646422730310796), np.float64(58.49620153650953), np.float64(59.38177743965515), np.float64(60.14452931384471), np.float64(60.956435316045976), np.float64(61.778664886462686), np.float64(62.569636857083786)]",37209.27490173526,14.806715042473243,-67.16782302316278,17141.259425878525
181,STATE_B_DEFENSE,SPONTANEOUS,6.8,20.0,2513,0.125,690.0,720.0,210.0,325.16129032258067,0.39156386788698766,0.4958217270194986,-0.009559917068208431,True,0.32675445042942947,60.874672807082625,8.25,11.00794244778223,"[np.float64(-0.0025407534718856666), np.float64(-0.00270769389111414), np.float64(-0.0027712226508420017), np.float64(-0.0032969701559232754), np.float64(-0.0005895287320843793), np.float64(0.0033247841608657117), np.float64(0.006537254491194569), np.float64(0.012279363975750312), np.float64(0.014940829000770012), np.float64(0.018343070493197937), np.float64(0.023534405503616924), np.float64(0.02939734501678921), np.float64(0.03535288567352333), np.float64(0.04130443648287891), np.float64(0.04624988906627183), np.float64(0.05423418112272655), np.float64(0.06041956729382021), np.float64(0.06498060710354019), np.float64(0.07087096815320372), np.float64(0.07967547532280497), np.float64(0.08678481465449396), np.float64(0.09479117229674484), np.float64(0.10079641951108312), np.float64(0.10785537122749868), np.float64(0.11444304199963336), np.float64(0.1205206176993398), np.float64(0.12844067487213467), np.float64(0.13522453432403853), np.float64(0.14095695847436682), np.float64(0.1459148613999464), np.float64(0.1503420735812951), np.float64(0.1564781550409997), np.float64(0.16390641490093513), np.float64(0.1700941066608674), np.float64(0.17348853797447386), np.float64(0.17808835318395858), np.float64(0.18398551816055697), np.float64(0.18838642149804877), np.float64(0.19333308425480042), np.float64(0.2008600296121889), np.float64(0.20477567557202048), np.float64(0.2082023954180265), np.float64(0.21238565819456845), np.float64(0.21742369072626583), np.float64(0.22346141386951673), np.float64(0.22789632522304518), np.float64(0.23364609327712801), np.float64(0.2371648019570254), np.float64(0.24259809480447775), np.float64(0.2506033513866205), np.float64(0.25424877676769964), np.float64(0.2592634401796091), np.float64(0.2655727943798117), np.float64(0.2689038441269488), np.float64(0.2731362249626443), np.float64(0.2746030741377393), np.float64(0.27674743785651285), np.float64(0.2833816983569499), np.float64(0.2887523263334777), np.float64(0.292647941045032), np.float64(0.29611371688034815), np.float64(0.3034522841772219), np.float64(0.31122074666958827), np.float64(0.317101722792333), np.float64(0.3219217036979819), np.float64(0.32675445042942947)]","[np.float64(1.0637520269863152), np.float64(2.127682111877317), np.float64(3.1916248246694896), np.float64(4.256621977836114), np.float64(5.31356548914008), np.float64(6.3638284109976695), np.float64(7.412609025012223), np.float64(8.447491747561992), np.float64(9.490959683722156), np.float64(10.527879966834755), np.float64(11.551262234094478), np.float64(12.565440126181498), np.float64(13.573352695643456), np.float64(14.575624026338732), np.float64(15.579787417735053), np.float64(16.55539004019876), np.float64(17.538725698444786), np.float64(18.530606604843534), np.float64(19.5062151241238), np.float64(20.448966259457382), np.float64(21.40107036502028), np.float64(22.338037637254264), np.float64(23.289615190220882), np.float64(24.22465991831889), np.float64(25.159328815932792), np.float64(26.094645599436422), np.float64(27.003022551414386), np.float64(27.91933874719244), np.float64(28.84372512510594), np.float64(29.77371725281443), np.float64(30.706913996552494), np.float64(31.61325703539554), np.float64(32.49697152977683), np.float64(33.39308185334025), np.float64(34.325478441618785), np.float64(35.23721290497364), np.float64(36.125719860713886), np.float64(37.03332761147737), np.float64(37.92903097677524), np.float64(38.77946180182058), np.float64(39.684301673668365), np.float64(40.59452136234715), np.float64(41.48929368022095), np.float64(42.36622643600688), np.float64(43.22204949005658), np.float64(44.10267813737601), np.float64(44.95629838057969), np.float64(45.84747691894475), np.float64(46.70019771939562), np.float64(47.5005011031419), np.float64(48.380050125014655), np.float64(49.23036176890487), np.float64(50.05186740455501), np.float64(50.929262146465874), np.float64(51.786103232366145), np.float64(52.697319767216065), np.float64(53.59328021153292), np.float64(54.39237891925543), np.float64(55.21476924377714), np.float64(56.065939230479735), np.float64(56.92411174989993), np.float64(57.694192828476346), np.float64(58.45082216728163), np.float64(59.24589929569319), np.float64(60.0618176477142), np.float64(60.874672807082625)]",35913.40410916263,14.291048193061133,-70.03981827525422,16237.011124491692
180,STATE_B_DEFENSE,SPONTANEOUS,6.8,20.0,2513,0.125,690.0,720.0,210.0,325.16129032258067,0.40509351372861124,0.4966175885395941,0.005274234673641378,True,0.3243445709904093,62.63573108280934,8.5,10.98768225532422,"[np.float64(0.00045091560597147805), np.float64(-0.002057266721554396), np.float64(-0.0014423550125169473), np.float64(0.0011561406191708918), np.float64(0.00199093464307661), np.float64(0.005034353397144733), np.float64(0.0064346046750905295), np.float64(0.011338965322170193), np.float64(0.013556280626652078), np.float64(0.017700418865890227), np.float64(0.023121506883784157), np.float64(0.029301541097764127), np.float64(0.03538123637173543), np.float64(0.042809382482344414), np.float64(0.046715538440411215), np.float64(0.053046709433179205), np.float64(0.05859277457031992), np.float64(0.06630600796933862), np.float64(0.07350264745513871), np.float64(0.0789443313267034), np.float64(0.08566350616243021), np.float64(0.09404880141227871), np.float64(0.1012541327287784), np.float64(0.1062497690121676), np.float64(0.11176624925270306), np.float64(0.11747350450309424), np.float64(0.12370745104785344), np.float64(0.1308582425381397), np.float64(0.1371958233800042), np.float64(0.14156354524311193), np.float64(0.1461701064758974), np.float64(0.15175723226425428), np.float64(0.15819349079437436), np.float64(0.1650416206572561), np.float64(0.17027586954071475), np.float64(0.17423464498646998), np.float64(0.17999731783852987), np.float64(0.18337080166273212), np.float64(0.1898809561105313), np.float64(0.19707480251334766), np.float64(0.2025936693098391), np.float64(0.2070593834998672), np.float64(0.21177235906976954), np.float64(0.21677800425163551), np.float64(0.22020667546701503), np.float64(0.22467685265038442), np.float64(0.22989851812886392), np.float64(0.2336834071034312), np.float64(0.2370673233555346), np.float64(0.2423329541248265), np.float64(0.24732040231024507), np.float64(0.2511065770958509), np.float64(0.25613910221233), np.float64(0.2591942813501074), np.float64(0.263519460141371), np.float64(0.27043355175905665), np.float64(0.27507440513132364), np.float64(0.28185720771912753), np.float64(0.28929560340647), np.float64(0.2953576928444139), np.float64(0.2999772323599393), np.float64(0.30434386995489987), np.float64(0.30710862747835455), np.float64(0.3128024414001914), np.float64(0.31384222167735426), np.float64(0.31790241355251475), np.float64(0.32032756714059046), np.float64(0.3243445709904093)]","[np.float64(1.059780301601788), np.float64(2.1222225336237486), np.float64(3.1823535011596342), np.float64(4.237627902396989), np.float64(5.2948278448242485), np.float64(6.344165924281728), np.float64(7.396376251682262), np.float64(8.432480640323334), np.float64(9.476158381913857), np.float64(10.507605503058283), np.float64(11.527703937136083), np.float64(12.537867342849694), np.float64(13.542752546863765), np.float64(14.532465700374456), np.float64(15.541418644253097), np.float64(16.527604085588614), np.float64(17.514518185017177), np.float64(18.477589431159007), np.float64(19.438635532156095), np.float64(20.41005677393403), np.float64(21.3641397847581), np.float64(22.295543796102297), np.float64(23.232598992910223), np.float64(24.187912068497692), np.float64(25.13315454546806), np.float64(26.071646952880233), np.float64(26.999198371815726), np.float64(27.91050428406368), np.float64(28.826645400672017), np.float64(29.76356474338957), np.float64(30.693816407391846), np.float64(31.606997365510054), np.float64(32.50402294542697), np.float64(33.390423906008124), np.float64(34.29554076964347), np.float64(35.21589998540737), np.float64(36.10563187920666), np.float64(37.02856722380908), np.float64(37.89889835441972), np.float64(38.75369193346113), np.float64(39.631283350004416), np.float64(40.52273113244096), np.float64(41.40680018232901), np.float64(42.282507758834505), np.float64(43.182675965388675), np.float64(44.06165573466986), np.float64(44.923848579486425), np.float64(45.809242622514105), np.float64(46.69959866704974), np.float64(47.5515565334075), np.float64(48.405521007305325), np.float64(49.279912264752845), np.float64(50.12688738580952), np.float64(51.01068134668515), np.float64(51.86632270855552), np.float64(52.66544832115406), np.float64(53.50825985976191), np.float64(54.30276012098652), np.float64(55.07943754526687), np.float64(55.88176723133228), np.float64(56.71209591354188), np.float64(57.54523589280568), np.float64(58.41151153591567), np.float64(59.209858344070824), np.float64(60.11121211960825), np.float64(60.94190766173349), np.float64(61.80842728560755), np.float64(62.63573108280934)]",36525.88505209041,14.534773200195149,-73.13755760667846,17467.690858721733
182,STATE_B_DEFENSE,SPONTANEOUS,6.8,20.0,2513,0.125,690.0,720.0,210.0,325.16129032258067,0.40071627536808596,0.4966175885395941,-0.02599973948849613,True,0.32424224919222994,62.58279605239126,8.5,11.14769442990037,"[np.float64(-0.0009405933479463431), np.float64(-0.003273671645561877), np.float64(-0.0028986487813761476), np.float64(-0.0021523025030265263), np.float64(0.0005820749525683333), np.float64(0.0024802210079760668), np.float64(0.005878187746974003), np.float64(0.00913176232658678), np.float64(0.01349647697048352), np.float64(0.017562271286419618), np.float64(0.023463872831618233), np.float64(0.027999432781078647), np.float64(0.03393329725453894), np.float64(0.03973990027730784), np.float64(0.04614112097565034), np.float64(0.05097708825328312), np.float64(0.05955973732626786), np.float64(0.06740962916143371), np.float64(0.07211864935985665), np.float64(0.07989352395747949), np.float64(0.08680099848322236), np.float64(0.09111470715335677), np.float64(0.0979107751961864), np.float64(0.10252514954397664), np.float64(0.10769172273295471), np.float64(0.11562643456584247), np.float64(0.12304395192378732), np.float64(0.12937574705172739), np.float64(0.13466489198982537), np.float64(0.13836292712516512), np.float64(0.14432977042940437), np.float64(0.14915801842629825), np.float64(0.1556719833486532), np.float64(0.16265301256956255), np.float64(0.16773755973889193), np.float64(0.17247198967790442), np.float64(0.1763052926020213), np.float64(0.18075915900632636), np.float64(0.18545625329502383), np.float64(0.1897770558778378), np.float64(0.19549752939889178), np.float64(0.20091994742055944), np.float64(0.20471468515485577), np.float64(0.20869365006658694), np.float64(0.21355734489757666), np.float64(0.2185616473552594), np.float64(0.22330352883441176), np.float64(0.23179672652889646), np.float64(0.23577500792366496), np.float64(0.24007905020742554), np.float64(0.24505676688133435), np.float64(0.25040341524060594), np.float64(0.25443644591581155), np.float64(0.2593310751918022), np.float64(0.26380157883047406), np.float64(0.2688119687938764), np.float64(0.2755706690624838), np.float64(0.278022991614994), np.float64(0.28359309197367477), np.float64(0.28903978020551924), np.float64(0.293174865052318), np.float64(0.29526081944159044), np.float64(0.30027528812575804), np.float64(0.3054424219570279), np.float64(0.31180473619709276), np.float64(0.31743888905727696), np.float64(0.32185105367713024), np.float64(0.32424224919222994)]","[np.float64(1.0595808802349713), np.float64(2.1216405153184272), np.float64(3.181862234124888), np.float64(4.240896086521604), np.float64(5.293871737255256), np.float64(6.34662902661999), np.float64(7.391883512977657), np.float64(8.434237355910486), np.float64(9.4680634000375), np.float64(10.49903229526148), np.float64(11.515590061589382), np.float64(12.534718297641334), np.float64(13.540255551295441), np.float64(14.54103936295269), np.float64(15.53194671685211), np.float64(16.529249232562773), np.float64(17.491053473898077), np.float64(18.451714090902804), np.float64(19.433988674618114), np.float64(20.38305596601548), np.float64(21.33408642004418), np.float64(22.30577132743533), np.float64(23.24738360486936), np.float64(24.207322657813464), np.float64(25.157085344036933), np.float64(26.070161375853047), np.float64(26.983305918653706), np.float64(27.904135515202917), np.float64(28.833273984573275), np.float64(29.77903721620903), np.float64(30.691341048789653), np.float64(31.614758748872397), np.float64(32.51070722406345), np.float64(33.39516749670644), np.float64(34.30245389873329), np.float64(35.211216716685065), np.float64(36.13029172395447), np.float64(37.03673590250996), np.float64(37.93600647049567), np.float64(38.83800972796895), np.float64(39.71360252887918), np.float64(40.59027846462553), np.float64(41.491212178586814), np.float64(42.38618466130996), np.float64(43.26255175579168), np.float64(44.13304049987758), np.float64(45.00497380995202), np.float64(45.80379731297914), np.float64(46.682719264330636), np.float64(47.55268990818533), np.float64(48.40668801378451), np.float64(49.25020444610302), np.float64(50.116566252870996), np.float64(50.96283384186983), np.float64(51.81470290502861), np.float64(52.65252018341206), np.float64(53.45057273450722), np.float64(54.336095780549805), np.float64(55.15286731775427), np.float64(55.969040283376174), np.float64(56.81080945298836), np.float64(57.69562001763722), np.float64(58.51304034379022), np.float64(59.32406237503155), np.float64(60.10471317442387), np.float64(60.89876222484662), np.float64(61.71820854130851), np.float64(62.58279605239126)]",37116.65453545339,14.769858549722796,-69.54445508727804,16379.833822846413
184,STATE_B_DEFENSE,SPONTANEOUS,6.8,20.0,2513,0.125,690.0,720.0,210.0,325.16129032258067,0.4011142061281337,0.4898527656187823,0.0022463349673884888,True,0.3246588252247306,60.87619547705343,8.25,10.753017091458938,"[np.float64(-0.0021034559564865546), np.float64(-0.0024866575161100637), np.float64(-0.004298743808357406), np.float64(-0.0027109199991803314), np.float64(0.00028818767449196437), np.float64(0.001290842009424048), np.float64(0.005984913129299918), np.float64(0.009898574948116058), np.float64(0.015143529329204998), np.float64(0.021308886915985363), np.float64(0.026962131767287102), np.float64(0.031005347631032448), np.float64(0.03752265318286873), np.float64(0.045107320645957835), np.float64(0.052207853020980015), np.float64(0.056720931604410864), np.float64(0.06512138619329304), np.float64(0.07249588987647418), np.float64(0.08062316865269994), np.float64(0.08610136194447326), np.float64(0.09130628732899555), np.float64(0.09824320490051705), np.float64(0.10377204835215202), np.float64(0.10925551247965005), np.float64(0.11573259354761702), np.float64(0.12092619610925383), np.float64(0.12645123913607223), np.float64(0.13364187798770213), np.float64(0.14084768598234726), np.float64(0.1481537698808788), np.float64(0.1545413620253712), np.float64(0.1619020357649492), np.float64(0.16824248230045497), np.float64(0.1729533328845573), np.float64(0.17736121882231104), np.float64(0.18100572521099023), np.float64(0.1871312927927627), np.float64(0.1918507739888111), np.float64(0.19497408293390148), np.float64(0.19972041906400853), np.float64(0.20521045983761851), np.float64(0.21008222063764856), np.float64(0.2136847747632521), np.float64(0.21776717604885382), np.float64(0.22557662316609195), np.float64(0.23158250870982677), np.float64(0.23642333795248363), np.float64(0.24123154313409045), np.float64(0.24558514731362274), np.float64(0.24953596016193982), np.float64(0.2535960945689899), np.float64(0.2581170510709665), np.float64(0.2619565292629639), np.float64(0.26820250079319297), np.float64(0.2716838992480726), np.float64(0.27688554473638494), np.float64(0.2821694646895028), np.float64(0.28598976551613836), np.float64(0.29159949192321893), np.float64(0.297868014271264), np.float64(0.3007217306400476), np.float64(0.30575800877389026), np.float64(0.3100047190708002), np.float64(0.31476310945155517), np.float64(0.3195732102618107), np.float64(0.3246588252247306)]","[np.float64(1.0627052514725626), np.float64(2.1258187092215497), np.float64(3.191628343305919), np.float64(4.252115428874981), np.float64(5.307170255871432), np.float64(6.365414870071045), np.float64(7.408970954079215), np.float64(8.450972593340259), np.float64(9.48275150537785), np.float64(10.504539791091776), np.float64(11.523145782099233), np.float64(12.546031484680785), np.float64(13.54877854762479), np.float64(14.537950196424486), np.float64(15.523729824055014), np.float64(16.523247707358284), np.float64(17.486583054058606), np.float64(18.451440318525435), np.float64(19.40314144564733), np.float64(20.372785024568476), np.float64(21.34035069339592), np.float64(22.285839803511056), np.float64(23.24040681979886), np.float64(24.190844503820607), np.float64(25.125547529370582), np.float64(26.069963586530296), np.float64(27.006179603460104), np.float64(27.91744549386273), np.float64(28.82303777737253), np.float64(29.72191669738724), np.float64(30.627569330728967), np.float64(31.515253729391176), np.float64(32.41179089260589), np.float64(33.32683997971174), np.float64(34.24276040392895), np.float64(35.166737952265876), np.float64(36.050221169188646), np.float64(36.95117399720342), np.float64(37.87398038235087), np.float64(38.76819239152016), np.float64(39.64678690993232), np.float64(40.531944225173476), np.float64(41.435357438925536), np.float64(42.3278423071672), np.float64(43.15169559428645), np.float64(44.00293667927241), np.float64(44.871423463262026), np.float64(45.73728926825053), np.float64(46.608481676324736), np.float64(47.48442799087817), np.float64(48.35561897538921), np.float64(49.21510380414619), np.float64(50.08518221121073), np.float64(50.90436721688281), np.float64(51.77602306994802), np.float64(52.609918346663385), np.float64(53.438926679346345), np.float64(54.29562333903186), np.float64(55.11168187802325), np.float64(55.91026769441416), np.float64(56.779716927818185), np.float64(57.59913035054573), np.float64(58.4332047047663), np.float64(59.253199375945925), np.float64(60.06924834924269), np.float64(60.87619547705343)]",35595.125383742445,14.16439529794765,-70.78702324768528,16609.40278697014
183,STATE_B_DEFENSE,SPONTANEOUS,6.8,20.0,2513,0.125,690.0,720.0,210.0,325.16129032258067,0.3923597294070832,0.49184241941902107,-0.005253164708248807,True,0.32499060337748426,62.71376318831746,8.5,11.00943490502094,"[np.float64(-0.0015820393076929355), np.float64(-0.002752768884130158), np.float64(-0.003827408758305487), np.float64(-0.0029100198918965117), np.float64(0.0016120233176852516), np.float64(0.004658173041629413), np.float64(0.006574052600656054), np.float64(0.010415703377454276), np.float64(0.01559877168222863), np.float64(0.018127722317196792), np.float64(0.022995628760626226), np.float64(0.030795669040996006), np.float64(0.0356994951404369), np.float64(0.04155543513850675), np.float64(0.04753094376050383), np.float64(0.05576960413281467), np.float64(0.06391139144331703), np.float64(0.07063931225879681), np.float64(0.07769034051964645), np.float64(0.0821460691039206), np.float64(0.08978238685041709), np.float64(0.09582888510263154), np.float64(0.10360578824284788), np.float64(0.11129239003161004), np.float64(0.11703507457631512), np.float64(0.12386981542848097), np.float64(0.12723250283293214), np.float64(0.13099876915792039), np.float64(0.13543334432400167), np.float64(0.1412682359260376), np.float64(0.14425510031420316), np.float64(0.15174681294908), np.float64(0.1588931671673254), np.float64(0.16246543888361215), np.float64(0.1689937623434856), np.float64(0.17645727912721104), np.float64(0.18160700538517804), np.float64(0.18852761475644716), np.float64(0.19191036863095376), np.float64(0.19782771421545778), np.float64(0.20315695285001442), np.float64(0.20557766994776772), np.float64(0.2102007278779248), np.float64(0.21433030492796049), np.float64(0.220096080913554), np.float64(0.22343986450554304), np.float64(0.2283017629553512), np.float64(0.23322908461871017), np.float64(0.2408397761502771), np.float64(0.2443526260420292), np.float64(0.24774390212521671), np.float64(0.25235182600967077), np.float64(0.2567431064057458), np.float64(0.2633900750596655), np.float64(0.2690064157353874), np.float64(0.2742444575356188), np.float64(0.27761229931899734), np.float64(0.28184607056735156), np.float64(0.28702487004547667), np.float64(0.29089895434488977), np.float64(0.29664561324544864), np.float64(0.2989601723630986), np.float64(0.30225232766515103), np.float64(0.30791925185192176), np.float64(0.3122717863309043), np.float64(0.3164049216937174), np.float64(0.32178342342594046), np.float64(0.32499060337748426)]","[np.float64(1.0624393701476142), np.float64(2.1261256370699866), np.float64(3.1909081903738707), np.float64(4.252586572081755), np.float64(5.303719996609056), np.float64(6.354808060886729), np.float64(7.4068836511357885), np.float64(8.448902367653707), np.float64(9.480729904121544), np.float64(10.521053203010498), np.float64(11.545590354392813), np.float64(12.547445028194867), np.float64(13.560847067352423), np.float64(14.562877257875732), np.float64(15.558516216911638), np.float64(16.530871639802466), np.float64(17.49671589999015), np.float64(18.46763405931799), np.float64(19.429738430896116), np.float64(20.410206596394275), np.float64(21.355500323445934), np.float64(22.310620915622014), np.float64(23.242412218863723), np.float64(24.16892976919172), np.float64(25.11117021165513), np.float64(26.03608571031331), np.float64(26.997115276165538), np.float64(27.95035404258281), np.float64(28.891994538049076), np.float64(29.811768348582337), np.float64(30.765261691947128), np.float64(31.654234614417362), np.float64(32.542625392700124), np.float64(33.47720874625629), np.float64(34.36547061109242), np.float64(35.23503996011672), np.float64(36.13479071418761), np.float64(37.003201992611785), np.float64(37.92304106539939), np.float64(38.799234839197716), np.float64(39.681041489929015), np.float64(40.60804119333529), np.float64(41.495413710740436), np.float64(42.38816419620151), np.float64(43.24897766503141), np.float64(44.14960945328922), np.float64(45.020018439352725), np.float64(45.88594775049879), np.float64(46.69803161754062), np.float64(47.58374486110705), np.float64(48.46941703099967), np.float64(49.32879596367144), np.float64(50.189510724977154), np.float64(51.001785171729374), np.float64(51.83118389218303), np.float64(52.664989092985934), np.float64(53.53473557054737), np.float64(54.38390687287153), np.float64(55.210145320912005), np.float64(56.061598153318826), np.float64(56.86951646467158), np.float64(57.750283433039435), np.float64(58.60751757588258), np.float64(59.408673581255094), np.float64(60.23678842212599), np.float64(61.06741478734162), np.float64(61.866422104814795), np.float64(62.71376318831746)]",36300.31170704898,14.4450106275563,-73.26658721640706,16324.898070573807
187,STATE_B_DEFENSE,SPONTANEOUS,6.8,20.0,2513,0.125,690.0,720.0,210.0,325.16129032258067,0.4027059291683247,0.4966175885395941,-0.0026021358015753384,True,0.32482300768959577,60.00449903062671,8.125,10.679340622898533,"[np.float64(-0.0010224924700320524), np.float64(-0.001191086345054891), np.float64(-0.0018671064455599313), np.float64(0.001052260607747691), np.float64(0.0037694056100674275), np.float64(0.008055680645883282), np.float64(0.011677439979559862), np.float64(0.014182099797283063), np.float64(0.01640472204971885), np.float64(0.02152245635232831), np.float64(0.025522078912412056), np.float64(0.03308840008145104), np.float64(0.0384970522590461), np.float64(0.04647175808248471), np.float64(0.05296032064840435), np.float64(0.05992954311268457), np.float64(0.06586277716905511), np.float64(0.07116338841290328), np.float64(0.07746423638539177), np.float64(0.08267079316218587), np.float64(0.0894805920823592), np.float64(0.0959788992541657), np.float64(0.10217601776415754), np.float64(0.11043514809411045), np.float64(0.11687406497303522), np.float64(0.12324573135191752), np.float64(0.12997885069286264), np.float64(0.13698302532321277), np.float64(0.14015592431383103), np.float64(0.14721245950906683), np.float64(0.15100061693269615), np.float64(0.15819648050665636), np.float64(0.16433194829084136), np.float64(0.17180687633160552), np.float64(0.1752015818788105), np.float64(0.18033723438755983), np.float64(0.1864094219579107), np.float64(0.19111358192061478), np.float64(0.1960061963927588), np.float64(0.20361838459889212), np.float64(0.20783989058748198), np.float64(0.21217852213878946), np.float64(0.21807558457730805), np.float64(0.22296242101519492), np.float64(0.22777163082710972), np.float64(0.2332316094802648), np.float64(0.2350441086155764), np.float64(0.23897806035906136), np.float64(0.2452064535228289), np.float64(0.2478907836551924), np.float64(0.2530556120694168), np.float64(0.260115597389975), np.float64(0.26614039180203647), np.float64(0.27290912107047927), np.float64(0.27841561565225337), np.float64(0.2821055606809227), np.float64(0.2874020146989648), np.float64(0.2900520373685627), np.float64(0.2937875459072556), np.float64(0.299152100007889), np.float64(0.3045990211179528), np.float64(0.311199373139277), np.float64(0.31507062306220557), np.float64(0.320157223622478), np.float64(0.32482300768959577)]","[np.float64(1.063093673021128), np.float64(2.1263667832866684), np.float64(3.190630108813068), np.float64(4.247965729658606), np.float64(5.302765420320443), np.float64(6.349775607407772), np.float64(7.394799372882787), np.float64(8.440757142603303), np.float64(9.485463579887869), np.float64(10.51297010209964), np.float64(11.541694273507412), np.float64(12.544746565482678), np.float64(13.554706139485972), np.float64(14.541649348530122), np.float64(15.532259746531258), np.float64(16.51318599106453), np.float64(17.49635822460816), np.float64(18.47966241776302), np.float64(19.449191725174476), np.float64(20.42354720819663), np.float64(21.37759938250901), np.float64(22.329087361505824), np.float64(23.278326001777124), np.float64(24.19992556926228), np.float64(25.1354864150801), np.float64(26.066657643858598), np.float64(26.98845324381209), np.float64(27.901684869455007), np.float64(28.857935756206842), np.float64(29.761081943315045), np.float64(30.70246918023893), np.float64(31.594264259540623), np.float64(32.49562700965873), np.float64(33.37338698573592), np.float64(34.305302175164705), np.float64(35.208606401859), np.float64(36.093900685602065), np.float64(36.99613850445063), np.float64(37.89197836213949), np.float64(38.740477862197785), np.float64(39.639535873671264), np.float64(40.533619513382575), np.float64(41.39813009097952), np.float64(42.27615765446724), np.float64(43.152216209942466), np.float64(44.013397718183946), np.float64(44.93720039524749), np.float64(45.82039384625754), np.float64(46.65785692916083), np.float64(47.558823673162124), np.float64(48.409922970362395), np.float64(49.22067197210396), np.float64(50.04772333086893), np.float64(50.856263550219985), np.float64(51.686371469421765), np.float64(52.55033919092001), np.float64(53.37859666562958), np.float64(54.25924764033141), np.float64(55.115013351914165), np.float64(55.933325249194084), np.float64(56.746711537964146), np.float64(57.53163433849766), np.float64(58.373455096830995), np.float64(59.1856653534913), np.float64(60.00449903062671)]",35281.4977899997,14.039593231197653,-72.39072785107419,16905.081428527832
188,STATE_B_DEFENSE,SPONTANEOUS,6.8,20.0,2513,0.125,690.0,720.0,210.0,325.16129032258067,0.3955431754874652,0.4986072423398329,-0.00792364109098076,True,0.3231715642168105,60.93223221360668,8.25,10.789992604629232,"[np.float64(-0.0011923784008987819), np.float64(-0.0033169825115914385), np.float64(-0.0033186814584656907), np.float64(-0.0026197915689523594), np.float64(-0.0020630934738876425), np.float64(0.0017980191680526903), np.float64(0.006862504426386815), np.float64(0.012644136898585125), np.float64(0.015654227271857432), np.float64(0.020045794216122622), np.float64(0.025770108414718648), np.float64(0.03186705893248069), np.float64(0.0396716420440203), np.float64(0.04572307148829808), np.float64(0.052215047844392966), np.float64(0.06066661657263496), np.float64(0.06540698426630874), np.float64(0.07262460099880229), np.float64(0.07897682272988331), np.float64(0.08491210265149948), np.float64(0.09105293055565852), np.float64(0.09563463698269527), np.float64(0.10212485301597769), np.float64(0.10898427300634031), np.float64(0.11370516049577804), np.float64(0.11999027032866726), np.float64(0.12654149360791106), np.float64(0.13172349713442483), np.float64(0.135892689987953), np.float64(0.14025498757974542), np.float64(0.14838925907055028), np.float64(0.15473331773834414), np.float64(0.15942495482621702), np.float64(0.16434273542331862), np.float64(0.1689373810097683), np.float64(0.17436843261688464), np.float64(0.18202791261937587), np.float64(0.18677440712132465), np.float64(0.19499903347466147), np.float64(0.1993911305442123), np.float64(0.20336329473486245), np.float64(0.2088179466366798), np.float64(0.2135157251594572), np.float64(0.21829388320734233), np.float64(0.22434104588847328), np.float64(0.226030462895202), np.float64(0.23177723449198404), np.float64(0.23758989409454528), np.float64(0.24315412977116388), np.float64(0.24775469800932945), np.float64(0.25226682104303433), np.float64(0.2552662836621924), np.float64(0.2614870679960825), np.float64(0.266523047823435), np.float64(0.27151494264654935), np.float64(0.27590905321276493), np.float64(0.2806965611602739), np.float64(0.28493983707966025), np.float64(0.2894031778344073), np.float64(0.2922178137286876), np.float64(0.2965017102255021), np.float64(0.30116706798007364), np.float64(0.3077299156201797), np.float64(0.31306269127960157), np.float64(0.3168388633252011), np.float64(0.3231715642168105)]","[np.float64(1.0626012162596092), np.float64(2.127466346955566), np.float64(3.1912022402977835), np.float64(4.253445287652024), np.float64(5.315323415088818), np.float64(6.366084494895557), np.float64(7.408395998692793), np.float64(8.442533512316874), np.float64(9.483765387499279), np.float64(10.514809230887533), np.float64(11.533972138928263), np.float64(12.545287092313618), np.float64(13.539620309136302), np.float64(14.538879037373446), np.float64(15.52924126767935), np.float64(16.498397581981216), np.float64(17.490506416907248), np.float64(18.456946820066015), np.float64(19.42489927714433), np.float64(20.391254788624494), np.float64(21.35047871745078), np.float64(22.320351861856185), np.float64(23.266104295211033), np.float64(24.202475021526986), np.float64(25.157421439069026), np.float64(26.090202839004647), np.float64(27.014777836884903), np.float64(27.951112447768647), np.float64(28.89618958927756), np.float64(29.835374731419268), np.float64(30.72050604819455), np.float64(31.624259309370487), np.float64(32.546466912868), np.float64(33.46183324564761), np.float64(34.37824112525309), np.float64(35.27861678889371), np.float64(36.14091057595337), np.float64(37.04339162540468), np.float64(37.88716091500359), np.float64(38.78741236551106), np.float64(39.691426627384814), np.float64(40.567670802013595), np.float64(41.453097115467685), np.float64(42.333860769384884), np.float64(43.1889396442504), np.float64(44.118265876504964), np.float64(44.972083029068436), np.float64(45.82095037812279), np.float64(46.67075472259522), np.float64(47.535342779017896), np.float64(48.398619206787636), np.float64(49.288618343455674), np.float64(50.112457475670325), np.float64(50.95636545080665), np.float64(51.79802344224744), np.float64(52.648911900864995), np.float64(53.488813757252686), np.float64(54.337271784012515), np.float64(55.17837114329694), np.float64(56.05245272353311), np.float64(56.89243480611897), np.float64(57.721338120257215), np.float64(58.50496886625902), np.float64(59.31280672458658), np.float64(60.15313571376734), np.float64(60.93223221360668)]",35270.21235210921,14.035102408320416,-74.23847780842334,15852.362928271294
185,STATE_B_DEFENSE,SPONTANEOUS,6.8,20.0,2513,0.125,690.0,720.0,210.0,325.16129032258067,0.40509351372861124,0.49462793473935535,-0.01415255943373422,True,0.3255097670860677,62.55953982134821,8.5,11.12053051735067,"[np.float64(-0.002718727681670933), np.float64(-0.0037679024732917015), np.float64(-0.004554828599796987), np.float64(-0.003987769738991351), np.float64(-0.0028435620548766293), np.float64(0.0004215715990431044), np.float64(0.005950850030929215), np.float64(0.00990802704307555), np.float64(0.014636484401391552), np.float64(0.019272462885406773), np.float64(0.024852894344398694), np.float64(0.031241038941192213), np.float64(0.03717684401254804), np.float64(0.04324218190009936), np.float64(0.049488773181886506), np.float64(0.05314540668304448), np.float64(0.05899664327474284), np.float64(0.06449289528127132), np.float64(0.07010001152715929), np.float64(0.07748987351624718), np.float64(0.08520089471671079), np.float64(0.09142934444103584), np.float64(0.09950542673817854), np.float64(0.10715955074238302), np.float64(0.11512319633329425), np.float64(0.11955691304460281), np.float64(0.12648305356652573), np.float64(0.13248798163662853), np.float64(0.1376445625218427), np.float64(0.14272980607645425), np.float64(0.14805566020906474), np.float64(0.15333306868140656), np.float64(0.15986957896634574), np.float64(0.16599943870781908), np.float64(0.1711424876993545), np.float64(0.17601046951420504), np.float64(0.18219258525241133), np.float64(0.18616928738007085), np.float64(0.1922660244925168), np.float64(0.19656883021341817), np.float64(0.20015398641971627), np.float64(0.20506445511003), np.float64(0.20847492849330773), np.float64(0.21154472388832704), np.float64(0.2165903982676258), np.float64(0.22372958269176704), np.float64(0.22737891255610404), np.float64(0.2302485315656184), np.float64(0.23594604768576763), np.float64(0.23896039429685328), np.float64(0.24386575556364953), np.float64(0.24914102239735336), np.float64(0.25527986690542553), np.float64(0.25948967224793507), np.float64(0.2626169034445565), np.float64(0.2670737152297729), np.float64(0.2737915004114991), np.float64(0.278181406185563), np.float64(0.2830602386248087), np.float64(0.28786390745573387), np.float64(0.29419300988274766), np.float64(0.30083764468692636), np.float64(0.3053167203788949), np.float64(0.30893745630712866), np.float64(0.3128011163106301), np.float64(0.31580537269272324), np.float64(0.32150248622386457), np.float64(0.3255097670860677)]","[np.float64(1.0606382058817652), np.float64(2.122393121456548), np.float64(3.184847790138796), np.float64(4.245254730154865), np.float64(5.303522973216539), np.float64(6.353833431430678), np.float64(7.392405098520634), np.float64(8.431894689984), np.float64(9.463752435508107), np.float64(10.49133979416064), np.float64(11.509011341233482), np.float64(12.516337089483086), np.float64(13.520509108827923), np.float64(14.518159559705706), np.float64(15.508809426029085), np.float64(16.513986018026536), np.float64(17.49756955135578), np.float64(18.478947021729354), np.float64(19.454385411043457), np.float64(20.40795537188638), np.float64(21.352086590727737), np.float64(22.30493523724526), np.float64(23.232997530664985), np.float64(24.159182536981493), np.float64(25.075793373588084), np.float64(26.027134647129262), np.float64(26.944959282069718), np.float64(27.86873970646614), np.float64(28.7985617608725), np.float64(29.725254108753173), np.float64(30.644766787368056), np.float64(31.560851003338378), np.float64(32.45528743718385), np.float64(33.35076845559292), np.float64(34.25620703552936), np.float64(35.16195433487737), np.float64(36.04406028263518), np.float64(36.95611909368878), np.float64(37.83154883191437), np.float64(38.731761363594), np.float64(39.64071411520892), np.float64(40.52474128704272), np.float64(41.43103017043864), np.float64(42.34079907980932), np.float64(43.21319927547677), np.float64(44.04445100771967), np.float64(44.934987794602804), np.float64(45.83749847964134), np.float64(46.68446888657458), np.float64(47.579228035789406), np.float64(48.435023988191865), np.float64(49.28034130206863), np.float64(50.10507156606858), np.float64(50.96506158594945), np.float64(51.844535615400204), np.float64(52.69424483145975), np.float64(53.49359449024841), np.float64(54.33852489663406), np.float64(55.170203663936384), np.float64(56.000559123215126), np.float64(56.794516797661416), np.float64(57.577955557226495), np.float64(58.4061659048042), np.float64(59.25112832187338), np.float64(60.08830962529088), np.float64(60.94305298343061), np.float64(61.732932718250275), np.float64(62.55953982134821)]",37111.299385807055,14.767727570953863,-71.50884482590482,16939.106250166893
186,STATE_B_DEFENSE,SPONTANEOUS,6.8,20.0,2513,0.125,690.0,720.0,210.0,325.16129032258067,0.4074810982888977,0.49224035017906886,-0.009066566306623709,True,0.32298311998518997,61.702142749029484,8.375,10.830664646011218,"[np.float64(-0.000291835180549471), np.float64(-0.0026834069040744795), np.float64(-0.0004685047374722438), np.float64(-0.0001130378077702524), np.float64(0.0012385070748737468), np.float64(0.002637189211660678), np.float64(0.004538952753785886), np.float64(0.007819753140876254), np.float64(0.011663323059881256), np.float64(0.015134444314361796), np.float64(0.019325963255663388), np.float64(0.027498451319001336), np.float64(0.033593668898235333), np.float64(0.04014727522884682), np.float64(0.04877771489348585), np.float64(0.056104060767871444), np.float64(0.061701472064387024), np.float64(0.06830988119303577), np.float64(0.07635756345908608), np.float64(0.08345480040847714), np.float64(0.08819268762235992), np.float64(0.09460619621072945), np.float64(0.10087106926176985), np.float64(0.10896480393076857), np.float64(0.11433280810386186), np.float64(0.11933557165568447), np.float64(0.1266737192421788), np.float64(0.13494272385567652), np.float64(0.13875372482709966), np.float64(0.14361420082627288), np.float64(0.14822472337702944), np.float64(0.15483576091172419), np.float64(0.16086446770500212), np.float64(0.16644981670566433), np.float64(0.17145790314969966), np.float64(0.17604962788851164), np.float64(0.1805600841404808), np.float64(0.18808834545230851), np.float64(0.19201121205761482), np.float64(0.1936231088604016), np.float64(0.19914621174544497), np.float64(0.2040480002203539), np.float64(0.2086247222462044), np.float64(0.21337175233326947), np.float64(0.21997967693650675), np.float64(0.22673687313798802), np.float64(0.2315911015923804), np.float64(0.2395135470637166), np.float64(0.2438796496035669), np.float64(0.24838876596160162), np.float64(0.2517787077263615), np.float64(0.25510143107578503), np.float64(0.2601732884935675), np.float64(0.265095145861498), np.float64(0.2682619822911027), np.float64(0.27420652330797296), np.float64(0.27970157166387066), np.float64(0.28310528539343843), np.float64(0.2868957669302058), np.float64(0.29202165827685816), np.float64(0.2954480071438559), np.float64(0.3029641254809634), np.float64(0.3078266068078876), np.float64(0.31238859542683295), np.float64(0.3173172727426643), np.float64(0.3199189073520179), np.float64(0.32298311998518997)]","[np.float64(1.0594146529427002), np.float64(2.1213682679627266), np.float64(3.1785248274877103), np.float64(4.237279710890038), np.float64(5.293023562824449), np.float64(6.347196458208936), np.float64(7.398049690793784), np.float64(8.44114088584561), np.float64(9.478226914585614), np.float64(10.513342501449236), np.float64(11.540874995558838), np.float64(12.53987631873943), np.float64(13.544751046040298), np.float64(14.540629640036107), np.float64(15.51501246141358), np.float64(16.491844126431587), np.float64(17.47633281081501), np.float64(18.44703099231114), np.float64(19.39893610040406), np.float64(20.35294184074183), np.float64(21.324015429958063), np.float64(22.273903034447972), np.float64(23.219999265693794), np.float64(24.14098328165863), np.float64(25.086215290402297), np.float64(26.031295979603566), np.float64(26.944323066041697), np.float64(27.840283528647547), np.float64(28.786289426534125), np.float64(29.71557100386002), np.float64(30.64438020036002), np.float64(31.542234877799153), np.float64(32.44335627163618), np.float64(33.34636368700268), np.float64(34.25368471727855), np.float64(35.16351419116258), np.float64(36.0711735028889), np.float64(36.92851329648085), np.float64(37.837900585623316), np.float64(38.78189062326125), np.float64(39.659787400862655), np.float64(40.54431664819534), np.float64(41.43099027602605), np.float64(42.311491176536045), np.float64(43.15576412758203), np.float64(43.993115303021284), np.float64(44.86081731819008), np.float64(45.66865208223103), np.float64(46.538190572543456), np.float64(47.402109959409195), np.float64(48.28463925409251), np.float64(49.166186730055834), np.float64(50.010745634595395), np.float64(50.85512898153919), np.float64(51.73218207258617), np.float64(52.549756736560006), np.float64(53.373182451351404), np.float64(54.23747233097956), np.float64(55.091287294713126), np.float64(55.91379224636558), np.float64(56.770463023890095), np.float64(57.534461849928796), np.float64(58.35365456575652), np.float64(59.17678204424158), np.float64(59.98888065926457), np.float64(60.851726622291004), np.float64(61.702142749029484)]",36661.68876789989,14.588813676044525,-75.25237367860973,17552.370305895805
189,STATE_B_DEFENSE,SPONTANEOUS,6.8,20.0,2513,0.125,690.0,720.0,210.0,325.16129032258067,0.40509351372861124,0.49462793473935535,-0.007275037531169218,True,0.32480835670675623,61.72703573686243,8.375,11.005044057918738,"[np.float64(-0.0013618158524595042), np.float64(-0.0033427467198478907), np.float64(-0.005398780376873547), np.float64(-0.005919876855895437), np.float64(-0.0019324663796576437), np.float64(0.0009877849924744425), np.float64(0.004560158639693131), np.float64(0.009774632476256939), np.float64(0.014077458344198511), np.float64(0.018023717261032874), np.float64(0.023454449304372554), np.float64(0.02895193007260387), np.float64(0.034938589200415614), np.float64(0.04095600050269835), np.float64(0.04741238040236233), np.float64(0.051550871504132664), np.float64(0.05879322748127947), np.float64(0.06717924121418668), np.float64(0.0724090930891131), np.float64(0.07863722100371742), np.float64(0.08412214770981122), np.float64(0.09084489731869028), np.float64(0.09721395488102984), np.float64(0.10263363276619883), np.float64(0.10836941999427296), np.float64(0.11511180320839544), np.float64(0.12273506712922357), np.float64(0.12736048139339065), np.float64(0.13209417429225837), np.float64(0.1379188687117278), np.float64(0.14547394320864931), np.float64(0.151628191044311), np.float64(0.1586721666629667), np.float64(0.16487308649843146), np.float64(0.17039588997748306), np.float64(0.1743705797553462), np.float64(0.1808675982305011), np.float64(0.18567675133896325), np.float64(0.19174926513161525), np.float64(0.19745728250282643), np.float64(0.20219156538882743), np.float64(0.20582449119982785), np.float64(0.21177636067503913), np.float64(0.21532313015459814), np.float64(0.22052288263020312), np.float64(0.22508249026368596), np.float64(0.23110305880693222), np.float64(0.2374784855283207), np.float64(0.24340949204605963), np.float64(0.2502993197155099), np.float64(0.2539329309223399), np.float64(0.2584826646033703), np.float64(0.26220490176876654), np.float64(0.2671025313855887), np.float64(0.2718516745432642), np.float64(0.2780301926489308), np.float64(0.2826943517390562), np.float64(0.28534388327380916), np.float64(0.2869505977508928), np.float64(0.29346195418845955), np.float64(0.2986279672501837), np.float64(0.30359302676005406), np.float64(0.3086338570670771), np.float64(0.3118203343735206), np.float64(0.3169905190006188), np.float64(0.32141006641147923), np.float64(0.32480835670675623)]","[np.float64(1.0611409257164546), np.float64(2.1243899014675325), np.float64(3.1898767963247674), np.float64(4.254283670639348), np.float64(5.307221194540355), np.float64(6.359368772461151), np.float64(7.406059785673678), np.float64(8.442185825117338), np.float64(9.477288328700448), np.float64(10.509890723259549), np.float64(11.53016638695656), np.float64(12.544716511231352), np.float64(13.550746178701004), np.float64(14.550871239697162), np.float64(15.542094886789824), np.float64(16.545579676054132), np.float64(17.51945099119559), np.float64(18.476979170121105), np.float64(19.455863271990467), np.float64(20.420644407255484), np.float64(21.387367639336965), np.float64(22.336664807961775), np.float64(23.28409289209194), np.float64(24.236660116477587), np.float64(25.18111112759013), np.float64(26.10906323471288), np.float64(27.021052975534065), np.float64(27.964288652825704), np.float64(28.902397429611273), np.float64(29.82241117844319), np.float64(30.71469697959492), np.float64(31.620663826380575), np.float64(32.50953825350822), np.float64(33.40540641850289), np.float64(34.30668846914715), np.float64(35.227114245074105), np.float64(36.10590785462276), np.float64(37.00646426186019), np.float64(37.88343135942865), np.float64(38.762084595448336), np.float64(39.652828062823055), np.float64(40.558733829772066), np.float64(41.42231491149661), np.float64(42.323730782102494), np.float64(43.19333117825288), np.float64(44.07094000494123), np.float64(44.91876438061246), np.float64(45.75615866459691), np.float64(46.59787792660123), np.float64(47.41766404839459), np.float64(48.295889653851084), np.float64(49.15377456394743), np.float64(50.02511398501682), np.float64(50.87038553207368), np.float64(51.715604432287805), np.float64(52.52845394839379), np.float64(53.36916561203031), np.float64(54.24946685772366), np.float64(55.150343550985006), np.float64(55.94374934706709), np.float64(56.762904229916025), np.float64(57.583468884834026), np.float64(58.39943182568722), np.float64(59.25430971830669), np.float64(60.06191580962559), np.float64(60.883874008863934), np.float64(61.72703573686243)]",36430.18236631648,14.496690157706519,-69.98730357270688,17176.915369153023
191,STATE_B_DEFENSE,SPONTANEOUS,6.8,20.0,2513,0.125,690.0,720.0,210.0,325.16129032258067,0.4042976522085157,0.4894548348587346,-0.002502627216424402,True,0.3228545724173089,59.98008507848656,8.125,10.85003338370616,"[np.float64(-0.0028813020529317277), np.float64(-0.003919404159291094), np.float64(-0.0012209575542414387), np.float64(-0.0020554166761279093), np.float64(-0.0007450821080789528), np.float64(0.0016051777901817579), np.float64(0.0029962039498885795), np.float64(0.00666042896703679), np.float64(0.01136279958849631), np.float64(0.016567318427534013), np.float64(0.021097651841085193), np.float64(0.027545208272216834), np.float64(0.03501618198584952), np.float64(0.0414676349330534), np.float64(0.04889528031552188), np.float64(0.054626675079924775), np.float64(0.06087208226497004), np.float64(0.06750023444161518), np.float64(0.0734330138342915), np.float64(0.08115267541771781), np.float64(0.0860244110628649), np.float64(0.09349844424154716), np.float64(0.10201840143734396), np.float64(0.10850313088110852), np.float64(0.11291836465553019), np.float64(0.11842499907950728), np.float64(0.12549016646503405), np.float64(0.13069671112194478), np.float64(0.13565659655824952), np.float64(0.14299046870630744), np.float64(0.1488787184332473), np.float64(0.1567012246161626), np.float64(0.16176761729652558), np.float64(0.1667685435132742), np.float64(0.17169037909830032), np.float64(0.17518553296850606), np.float64(0.18046583866260762), np.float64(0.1860794291831135), np.float64(0.1912553055884781), np.float64(0.1963252368147741), np.float64(0.20010819752294723), np.float64(0.20405720932889573), np.float64(0.21087468967460402), np.float64(0.21576008360763707), np.float64(0.21897658122667216), np.float64(0.22393685620286588), np.float64(0.2308259292067283), np.float64(0.2373808422067486), np.float64(0.24472096733471227), np.float64(0.24939069101803701), np.float64(0.2507302168054848), np.float64(0.2553002655541441), np.float64(0.25972531407487515), np.float64(0.2639541968636367), np.float64(0.2697613527808376), np.float64(0.2743593930755946), np.float64(0.2789748216601436), np.float64(0.28295088716213623), np.float64(0.2886683051425015), np.float64(0.2948602863469911), np.float64(0.30052392255454224), np.float64(0.30477708875101495), np.float64(0.31000065512943814), np.float64(0.31472677711151564), np.float64(0.3228545724173089)]","[np.float64(1.0628606830608034), np.float64(2.1268287771000787), np.float64(3.185930638569077), np.float64(4.249683149998576), np.float64(5.3086198831889035), np.float64(6.36286548547965), np.float64(7.418193671474333), np.float64(8.462491794853761), np.float64(9.498144972811218), np.float64(10.526444389603842), np.float64(11.553373635273834), np.float64(12.56407583484822), np.float64(13.561869298774978), np.float64(14.559783553676645), np.float64(15.544435875242675), np.float64(16.535616023222758), np.float64(17.517300624313652), np.float64(18.49005860880413), np.float64(19.463274113484026), np.float64(20.414382800328184), np.float64(21.386970644967466), np.float64(22.32869637758703), np.float64(23.253224524616364), np.float64(24.193157450968208), np.float64(25.151166162227444), np.float64(26.092740027052244), np.float64(27.01112569704409), np.float64(27.94697066578087), np.float64(28.881799992469293), np.float64(29.7817163173394), np.float64(30.695476085927282), np.float64(31.57832955941256), np.float64(32.49406752341651), np.float64(33.4069120182647), np.float64(34.317163558763916), np.float64(35.24512496450745), np.float64(36.14304882864941), np.float64(37.03194151873246), np.float64(37.92380940620384), np.float64(38.8137077355457), np.float64(39.72129763328599), np.float64(40.6233281877365), np.float64(41.47330323022808), np.float64(42.352447084924876), np.float64(43.257817585599284), np.float64(44.12940760225717), np.float64(44.96238207310403), np.float64(45.7972410481458), np.float64(46.61329995390424), np.float64(47.47561984760188), np.float64(48.399193760851254), np.float64(49.25828707823554), np.float64(50.11730549095878), np.float64(50.97742142214088), np.float64(51.802582308990196), np.float64(52.64920733427384), np.float64(53.49259054023412), np.float64(54.34664640931525), np.float64(55.16088308118733), np.float64(55.961528365598895), np.float64(56.77020135223102), np.float64(57.606740226985984), np.float64(58.41906008232686), np.float64(59.239582898124915), np.float64(59.98008507848656)]",35720.543952952634,14.214303204517563,-72.0482441270724,17042.069728136063
190,STATE_B_DEFENSE,SPONTANEOUS,6.8,20.0,2513,0.125,690.0,720.0,210.0,325.16129032258067,0.3983286908077994,0.4970155192996419,-0.017915723228028233,True,0.32345275775604715,61.77217254909857,8.375,10.934765772942523,"[np.float64(-0.00018862155971995952), np.float64(-0.001577062959325346), np.float64(-0.0020042689840580365), np.float64(0.0007764723350894159), np.float64(0.0022966860373240384), np.float64(0.005060266825535564), np.float64(0.005672336741817526), np.float64(0.00849927801425016), np.float64(0.011782462737977627), np.float64(0.01692270105159258), np.float64(0.021509195191255687), np.float64(0.02733857943774995), np.float64(0.03487916947448975), np.float64(0.04140656966769254), np.float64(0.04812867638871244), np.float64(0.05291022919568195), np.float64(0.05970995578201877), np.float64(0.0670316457534151), np.float64(0.07417404319819565), np.float64(0.08039883619180313), np.float64(0.08833578378847418), np.float64(0.09654705892813802), np.float64(0.1028133941694223), np.float64(0.1088283441743183), np.float64(0.11436451622312868), np.float64(0.11957374460771986), np.float64(0.12583649437296698), np.float64(0.13280102725029067), np.float64(0.13955179362179432), np.float64(0.14468178736962706), np.float64(0.15120727165843448), np.float64(0.1546942446637214), np.float64(0.16041115049406182), np.float64(0.1654970118579486), np.float64(0.17101917009542403), np.float64(0.17305502399948036), np.float64(0.17954925457783205), np.float64(0.18624052838916666), np.float64(0.1909636451613129), np.float64(0.19569455859574328), np.float64(0.19960636936526832), np.float64(0.20238736715403094), np.float64(0.20769559314848987), np.float64(0.21046951517955315), np.float64(0.21503019451724326), np.float64(0.22057743957514223), np.float64(0.22788200132249173), np.float64(0.23289753033410937), np.float64(0.24020720675272492), np.float64(0.24470235722152964), np.float64(0.25000196244376927), np.float64(0.2550781515663264), np.float64(0.25942061416399026), np.float64(0.2624089417864337), np.float64(0.2673945785428347), np.float64(0.27260422985645444), np.float64(0.27642285220266194), np.float64(0.2812802119642083), np.float64(0.2856713555390006), np.float64(0.29154621207450204), np.float64(0.2946262658591104), np.float64(0.2996266013197805), np.float64(0.30502703361044403), np.float64(0.31006222055975796), np.float64(0.3123608796907866), np.float64(0.31821576013263253), np.float64(0.32345275775604715)]","[np.float64(1.0607505297606479), np.float64(2.1229756633421117), np.float64(3.185144999148193), np.float64(4.240955766408726), np.float64(5.297172941263533), np.float64(6.347862237564243), np.float64(7.403585271966877), np.float64(8.449373066218524), np.float64(9.490109653455477), np.float64(10.517882714432217), np.float64(11.543668319405038), np.float64(12.55731365586869), np.float64(13.55410433742077), np.float64(14.550910650895702), np.float64(15.540187420065594), np.float64(16.538518561078362), np.float64(17.51570849996679), np.float64(18.48230573220079), np.float64(19.44413236844321), np.float64(20.408460097275416), np.float64(21.350602507253022), np.float64(22.28339395849922), np.float64(23.229994915991266), np.float64(24.174159155586526), np.float64(25.11878716534721), np.float64(26.062693109786505), np.float64(26.98972116405902), np.float64(27.903167689212804), np.float64(28.813980518539477), np.float64(29.740698415396157), np.float64(30.644830711738802), np.float64(31.585573918808375), np.float64(32.49228755297438), np.float64(33.40378114905657), np.float64(34.305072129728615), np.float64(35.25458474983453), np.float64(36.133994876563776), np.float64(37.005775733452246), np.float64(37.904227459626576), np.float64(38.79914539164912), np.float64(39.70422927292811), np.float64(40.62556208967062), np.float64(41.501329500238874), np.float64(42.41779052351632), np.float64(43.30033668644556), np.float64(44.16187023405159), np.float64(44.98749755540384), np.float64(45.85112974295009), np.float64(46.66822139613462), np.float64(47.53456710299227), np.float64(48.38236834382298), np.float64(49.23118095581837), np.float64(50.09135337183331), np.float64(50.97603163356762), np.float64(51.81781090026428), np.float64(52.65185063788514), np.float64(53.511837613504426), np.float64(54.34733202271444), np.float64(55.18986381918835), np.float64(55.99749120144107), np.float64(56.86302019583774), np.float64(57.68390969364683), np.float64(58.492891454248024), np.float64(59.30704797792629), np.float64(60.18094644743755), np.float64(60.97095261923313), np.float64(61.77217254909857)]",35854.54635198607,14.26762688101316,-66.96273038163781,16337.620559573174
193,STATE_B_DEFENSE,SPONTANEOUS,6.8,20.0,2513,0.125,690.0,720.0,210.0,325.16129032258067,0.3903700756068444,0.4986072423398329,0.007462372578030919,True,0.32292568852304204,61.00592606831027,8.25,10.742908770483586,"[np.float64(-0.0027666655296282533), np.float64(-0.004007349571675125), np.float64(-0.0046189505677305676), np.float64(-0.004178002320531252), np.float64(-0.0023605089965306235), np.float64(0.0002121747587300228), np.float64(0.0052172172470892645), np.float64(0.008830733535276337), np.float64(0.01563270052847745), np.float64(0.019318239444319353), np.float64(0.023726398785368426), np.float64(0.02811175099086496), np.float64(0.033711603944841795), np.float64(0.041203034977796316), np.float64(0.048453561664796516), np.float64(0.054321179493991296), np.float64(0.06080310663525438), np.float64(0.06654813509869079), np.float64(0.07489948130988155), np.float64(0.08220818972192746), np.float64(0.09018116147859037), np.float64(0.09707040043912915), np.float64(0.10499138453619208), np.float64(0.11048739730630375), np.float64(0.11530945746500008), np.float64(0.11962315275552791), np.float64(0.12485851354104577), np.float64(0.13255551912611582), np.float64(0.1381269698367279), np.float64(0.14525476267171752), np.float64(0.1538007336382135), np.float64(0.15918923244637823), np.float64(0.1655702818495791), np.float64(0.17300229221868493), np.float64(0.1755762428340016), np.float64(0.18220227088217236), np.float64(0.18783228326096915), np.float64(0.1928823253761407), np.float64(0.1958858360243635), np.float64(0.20299027524861868), np.float64(0.20777733092874406), np.float64(0.21306321934863656), np.float64(0.21878448162964567), np.float64(0.22283794715456834), np.float64(0.22499160538948942), np.float64(0.2272462629421839), np.float64(0.2332365839447485), np.float64(0.23600884740031136), np.float64(0.2411644603891338), np.float64(0.24852687858506362), np.float64(0.2534832668161222), np.float64(0.25975869369520743), np.float64(0.26199835034348296), np.float64(0.2649102578626654), np.float64(0.2711663204025744), np.float64(0.2766656875282025), np.float64(0.28367507187655294), np.float64(0.2883032571086632), np.float64(0.2925601356606733), np.float64(0.29588151286546444), np.float64(0.29995517563724966), np.float64(0.30236710272503614), np.float64(0.3060561668988441), np.float64(0.31121991360814455), np.float64(0.31782121616607184), np.float64(0.32292568852304204)]","[np.float64(1.0646268618608867), np.float64(2.130579491006381), np.float64(3.1968509191809846), np.float64(4.261524081068639), np.float64(5.322050628330377), np.float64(6.378242036439387), np.float64(7.422733941938957), np.float64(8.467918085143774), np.float64(9.494453789224387), np.float64(10.530304160243796), np.float64(11.558368789256608), np.float64(12.582209088045781), np.float64(13.59375598799209), np.float64(14.586669278681887), np.float64(15.574441175542296), np.float64(16.566445290674288), np.float64(17.54798858764635), np.float64(18.530113870873322), np.float64(19.48343323633079), np.float64(20.43950627158499), np.float64(21.382858969169572), np.float64(22.33064386325891), np.float64(23.261847456466118), np.float64(24.213091208968663), np.float64(25.167387131287803), np.float64(26.123612072514387), np.float64(27.06516179940419), np.float64(27.972037018161465), np.float64(28.900040666388296), np.float64(29.80341394514102), np.float64(30.682596007567444), np.float64(31.59865683940496), np.float64(32.49679422024335), np.float64(33.37530936745976), np.float64(34.319302860509204), np.float64(35.20079074554264), np.float64(36.09275015425685), np.float64(36.98968288428221), np.float64(37.91539277540419), np.float64(38.772584076935324), np.float64(39.663061477945114), np.float64(40.541833555290964), np.float64(41.40957860445808), np.float64(42.302305391541466), np.float64(43.22567370985438), np.float64(44.14563680069432), np.float64(44.995643946277305), np.float64(45.90143479672423), np.float64(46.760293417930775), np.float64(47.573693420521955), np.float64(48.42913577623346), np.float64(49.255584258445374), np.float64(50.158240025065865), np.float64(51.04576490079712), np.float64(51.86296169261641), np.float64(52.69206844634138), np.float64(53.4863688862084), np.float64(54.32687879715481), np.float64(55.172472419446606), np.float64(56.035650339272), np.float64(56.88024516980335), np.float64(57.75915008964993), np.float64(58.60780222129311), np.float64(59.42073496515819), np.float64(60.1978419567083), np.float64(61.00592606831027)]",35083.79868259634,13.96092267512787,-75.63961546123028,16395.359023094177
194,STATE_B_DEFENSE,SPONTANEOUS,6.8,20.0,2513,0.125,690.0,720.0,210.0,325.16129032258067,0.40986868284918426,0.49462793473935535,-0.003999733181319794,True,0.32537686346155836,60.8485359205163,8.25,10.819843390514572,"[np.float64(-0.0004539706839376318), np.float64(-0.001410733914347536), np.float64(-0.002424266222534595), np.float64(-0.0016476062685308102), np.float64(0.0007166554216213771), np.float64(0.003066396176712564), np.float64(0.005127705809704517), np.float64(0.008480936099363713), np.float64(0.01228891146226392), np.float64(0.018525582087659573), np.float64(0.025538683100208116), np.float64(0.03261301316743469), np.float64(0.03800017162853106), np.float64(0.045134584818161065), np.float64(0.051815401391921784), np.float64(0.05862879335386963), np.float64(0.06278949308221089), np.float64(0.06960103712654611), np.float64(0.0759762751258674), np.float64(0.08217134680458234), np.float64(0.08962447125245031), np.float64(0.09584946137462465), np.float64(0.10493359310232328), np.float64(0.11281128173631912), np.float64(0.11940839217709674), np.float64(0.1253733845098666), np.float64(0.13054229045791882), np.float64(0.13473275060289483), np.float64(0.13968227864236976), np.float64(0.1438571578669796), np.float64(0.15027070874353496), np.float64(0.1563571698271812), np.float64(0.16396975048959644), np.float64(0.1701245069862413), np.float64(0.1747812624833997), np.float64(0.18060546545726297), np.float64(0.1835646181491811), np.float64(0.1877613001652559), np.float64(0.19505125251074065), np.float64(0.19855384280307847), np.float64(0.20400268985349493), np.float64(0.20944990581047473), np.float64(0.21182985348649877), np.float64(0.21772874711826629), np.float64(0.2256250919076205), np.float64(0.22827358112920307), np.float64(0.23452713803510164), np.float64(0.23960426677598567), np.float64(0.24201545221722023), np.float64(0.2456626846277776), np.float64(0.2518398239925557), np.float64(0.2579318610830018), np.float64(0.2607847432545683), np.float64(0.2672946115924609), np.float64(0.2735494863870706), np.float64(0.2788512767305597), np.float64(0.2833870547291168), np.float64(0.2885142968133759), np.float64(0.2942388059127465), np.float64(0.30033753024230786), np.float64(0.30440906929585654), np.float64(0.30970853114058683), np.float64(0.3136935887889458), np.float64(0.317381452983887), np.float64(0.32093269790716084), np.float64(0.32537686346155836)]","[np.float64(1.0616331984699259), np.float64(2.1242833199757376), np.float64(3.188043265508924), np.float64(4.249070624467248), np.float64(5.305060370022468), np.float64(6.358611626596793), np.float64(7.410769543073764), np.float64(8.455358589220475), np.float64(9.49437016027356), np.float64(10.516952666652982), np.float64(11.529024231775528), np.float64(12.533961005569038), np.float64(13.543176229688871), np.float64(14.535093041268329), np.float64(15.523776671674364), np.float64(16.50532277396474), np.float64(17.502544291374065), np.float64(18.47300243607793), np.float64(19.44142719587159), np.float64(20.405999439632417), np.float64(21.352894813804774), np.float64(22.306073128002758), np.float64(23.223925910215446), np.float64(24.14773336709497), np.float64(25.07965855415692), np.float64(26.01362756513464), np.float64(26.952325806943335), np.float64(27.898902980481687), np.float64(28.83247939444192), np.float64(29.772221932059644), np.float64(30.67874245167911), np.float64(31.58492643042197), np.float64(32.46526730399105), np.float64(33.360977669590234), np.float64(34.27405023499207), np.float64(35.16624489361299), np.float64(36.09787421450768), np.float64(37.00793914149267), np.float64(37.86580825756926), np.float64(38.77993770205009), np.float64(39.65938891933696), np.float64(40.53509899264044), np.float64(41.45944862799407), np.float64(42.320743342861796), np.float64(43.14292460744048), np.float64(44.05408307175203), np.float64(44.89763111368151), np.float64(45.758902144708046), np.float64(46.66684822500139), np.float64(47.549468520132905), np.float64(48.38064839914752), np.float64(49.20969520962657), np.float64(50.09925725470665), np.float64(50.91325410913167), np.float64(51.72859313728621), np.float64(52.559823286503594), np.float64(53.40377021857448), np.float64(54.23245478153023), np.float64(55.045357040815546), np.float64(55.84690268813695), np.float64(56.689003156689196), np.float64(57.50164265151912), np.float64(58.34039957911312), np.float64(59.183424600089744), np.float64(60.027312709408264), np.float64(60.8485359205163)]",36021.31169540598,14.33398794086987,-68.98063550749794,17515.006328225136
192,STATE_B_DEFENSE,SPONTANEOUS,6.8,20.0,2513,0.125,690.0,720.0,210.0,325.16129032258067,0.4003183446080382,0.49064862713887786,-0.0027269755429224062,True,0.3274490217348042,62.543572457397694,8.5,11.256257036400642,"[np.float64(-0.0036897731079599174), np.float64(-0.0046162852023034035), np.float64(-0.0034891223109611205), np.float64(-0.0030641224590859423), np.float64(-0.0010411937851570717), np.float64(0.0006605113916346812), np.float64(0.0021157208716181407), np.float64(0.0055330072780333025), np.float64(0.011464011020472205), np.float64(0.015374850060909613), np.float64(0.021082907391447147), np.float64(0.026057181083793464), np.float64(0.0312087627816291), np.float64(0.039626458305681726), np.float64(0.04498878039180095), np.float64(0.05002503333290955), np.float64(0.05737179631209203), np.float64(0.06514853811592808), np.float64(0.07243456368738288), np.float64(0.07832256675351557), np.float64(0.08517323638964261), np.float64(0.090537581715298), np.float64(0.09690932784902566), np.float64(0.10430539192667952), np.float64(0.11178520952962992), np.float64(0.11682534553474247), np.float64(0.12275343293853622), np.float64(0.1291251976713364), np.float64(0.13575636904887467), np.float64(0.14376186615140593), np.float64(0.14892342395679287), np.float64(0.1526806610070983), np.float64(0.15923064413144417), np.float64(0.16460058065833982), np.float64(0.16954077475641832), np.float64(0.17355287451248785), np.float64(0.17595073964118652), np.float64(0.180436594476666), np.float64(0.18557261388791443), np.float64(0.19250823669871922), np.float64(0.19800461222005183), np.float64(0.20289366296089814), np.float64(0.20776753539137205), np.float64(0.21407991469240054), np.float64(0.2187344848791781), np.float64(0.2262073803817527), np.float64(0.2305509020087692), np.float64(0.23587596065054522), np.float64(0.24026080776537243), np.float64(0.24654076855175697), np.float64(0.25115191783661417), np.float64(0.25669982274086656), np.float64(0.260593618210203), np.float64(0.2658168096574289), np.float64(0.2717088973609561), np.float64(0.27512795114615946), np.float64(0.277460400940048), np.float64(0.2805687519485942), np.float64(0.2860099355411288), np.float64(0.28982957730519215), np.float64(0.2938719230649096), np.float64(0.29906810087113717), np.float64(0.3053352128115207), np.float64(0.3103030370092763), np.float64(0.3149178655440449), np.float64(0.31846477257106176), np.float64(0.32222038354471116), np.float64(0.3274490217348042)]","[np.float64(1.0616598741737406), np.float64(2.1243077210357497), np.float64(3.1846589532305565), np.float64(4.245306748120333), np.float64(5.301257647357995), np.float64(6.356097741448609), np.float64(7.410061285631693), np.float64(8.454238956962746), np.float64(9.483092560896624), np.float64(10.516458114209666), np.float64(11.535724605129193), np.float64(12.553885446486307), np.float64(13.566029351889775), np.float64(14.550304139799747), np.float64(15.549561369579084), np.float64(16.546374650711684), np.float64(17.519340673161086), np.float64(18.48204889114068), np.float64(19.442445811235334), np.float64(20.40978106664732), np.float64(21.36251866116612), np.float64(22.324670618829032), np.float64(23.271542405993856), np.float64(24.201893352603435), np.float64(25.125358088557405), np.float64(26.071343685735325), np.float64(27.00251809768372), np.float64(27.92348883120757), np.float64(28.83620504068618), np.float64(29.725977574625748), np.float64(30.647767857581226), np.float64(31.584802992239737), np.float64(32.47967768208175), np.float64(33.386670681546406), np.float64(34.295967427192), np.float64(35.215500686430396), np.float64(36.15678915907383), np.float64(37.06337483775561), np.float64(37.95624358995761), np.float64(38.81610867558435), np.float64(39.69513736656086), np.float64(40.580591164739126), np.float64(41.462881189126065), np.float64(42.31669456322423), np.float64(43.195714422693236), np.float64(44.020864411662544), np.float64(44.89838957034769), np.float64(45.75478221121114), np.float64(46.625367443827884), np.float64(47.45691013729643), np.float64(48.3167651958575), np.float64(49.15529017735946), np.float64(50.02314756444005), np.float64(50.8617182745021), np.float64(51.68345427018898), np.float64(52.55255575422984), np.float64(53.44213869979379), np.float64(54.31368147247329), np.float64(55.13311709836459), np.float64(55.9844971910054), np.float64(56.82859096709638), np.float64(57.644573153247435), np.float64(58.433543053119976), np.float64(59.24842331686944), np.float64(60.06849363462336), np.float64(60.91052849896945), np.float64(61.745537588659495), np.float64(62.543572457397694)]",37093.28590842063,14.760559454206378,-71.52680006343871,16701.63066792488
197,STATE_B_DEFENSE,SPONTANEOUS,6.8,20.0,2513,0.125,690.0,720.0,210.0,325.16129032258067,0.3971348985276562,0.4950258654994031,-0.0186007546066147,True,0.32550544224372446,60.01047381112804,8.125,10.609381828424649,"[np.float64(-0.0011831287847058642), np.float64(-0.0006398004791567031), np.float64(0.0002783134518445539), np.float64(0.0010076029683616296), np.float64(0.00280938831539895), np.float64(0.006905842914330906), np.float64(0.011289791538442734), np.float64(0.015465196424395805), np.float64(0.01784330013148649), np.float64(0.02135637151565302), np.float64(0.027738216786783496), np.float64(0.0340416619277811), np.float64(0.03842968159710521), np.float64(0.043770701995343664), np.float64(0.05213104036002463), np.float64(0.06063100508825176), np.float64(0.06928288322127546), np.float64(0.07610703406570997), np.float64(0.08433927047300298), np.float64(0.0896093125247917), np.float64(0.0957794259673867), np.float64(0.1014198899778517), np.float64(0.10785985103660102), np.float64(0.1153283533895016), np.float64(0.12005961011391521), np.float64(0.1270494031615689), np.float64(0.1332866480308883), np.float64(0.13830804861470414), np.float64(0.14679395355391636), np.float64(0.15149723635435802), np.float64(0.15748252579891803), np.float64(0.16236631620202807), np.float64(0.16522352726326536), np.float64(0.17093193128606168), np.float64(0.17624399744320215), np.float64(0.18215086786268947), np.float64(0.18793299579747033), np.float64(0.19518942603563016), np.float64(0.19981152201491786), np.float64(0.20337493419847824), np.float64(0.20815750390329135), np.float64(0.21273873995274098), np.float64(0.21919974766059977), np.float64(0.22289041965470985), np.float64(0.22727262393006223), np.float64(0.23213487787173856), np.float64(0.2366628555127251), np.float64(0.24133603466188494), np.float64(0.24637857366053784), np.float64(0.2522476850635419), np.float64(0.25537468842381217), np.float64(0.2637020204233998), np.float64(0.2690894945646182), np.float64(0.2727531967207255), np.float64(0.27789162828418107), np.float64(0.2810194424425448), np.float64(0.2852899792456414), np.float64(0.29134230369351577), np.float64(0.2967008060611452), np.float64(0.2997935633685588), np.float64(0.3063955704833098), np.float64(0.31143324226904173), np.float64(0.31470652863741566), np.float64(0.321511270978526), np.float64(0.32550544224372446)]","[np.float64(1.0635588406597807), np.float64(2.1265393711299234), np.float64(3.188344823984186), np.float64(4.249577559211975), np.float64(5.307197693628751), np.float64(6.35566907735618), np.float64(7.39885787585416), np.float64(8.438435245893663), np.float64(9.482143095558628), np.float64(10.517579548700677), np.float64(11.533361076211248), np.float64(12.543440793732989), np.float64(13.559986664637458), np.float64(14.565652387798636), np.float64(15.54392882559096), np.float64(16.513619748258506), np.float64(17.474593050840003), np.float64(18.44374999361406), np.float64(19.394360519795754), np.float64(20.365686266832707), np.float64(21.323681173379537), np.float64(22.28182095047366), np.float64(23.226826766075888), np.float64(24.155405198012243), np.float64(25.10868088023891), np.float64(26.031927615086), np.float64(26.958662068970202), np.float64(27.895399451777692), np.float64(28.78457074572456), np.float64(29.716267657283534), np.float64(30.627315255480124), np.float64(31.548805955082155), np.float64(32.494792950581775), np.float64(33.39777611518153), np.float64(34.302343449624715), np.float64(35.194151950300736), np.float64(36.0836289313405), np.float64(36.946191946278425), np.float64(37.84535205534043), np.float64(38.758232846150364), np.float64(39.648479371808506), np.float64(40.53872837958939), np.float64(41.393817465046816), np.float64(42.29250037648605), np.float64(43.17640184590269), np.float64(44.04870680056777), np.float64(44.923817717471884), np.float64(45.793202100129875), np.float64(46.652567453235086), np.float64(47.49297142036254), np.float64(48.3824602898582), np.float64(49.16833030077483), np.float64(50.00739154817994), np.float64(50.87754162347296), np.float64(51.71542923912238), np.float64(52.591386808227206), np.float64(53.44151379776497), np.float64(54.251501311838496), np.float64(55.07272652343397), np.float64(55.9394917374011), np.float64(56.72793073707252), np.float64(57.5470482298824), np.float64(58.40238680698676), np.float64(59.17646181008706), np.float64(60.01047381112804)]",35584.86279594659,14.160311498585989,-74.07459401898086,16647.437297821045
195,STATE_B_DEFENSE,SPONTANEOUS,6.8,20.0,2513,0.125,690.0,720.0,210.0,325.16129032258067,0.40191006764822923,0.4950258654994031,0.006352109221285111,True,0.3262052542840592,61.709220384285416,8.375,11.123941136217462,"[np.float64(-0.0049707926854002365), np.float64(-0.0068959554170042745), np.float64(-0.007284082386030349), np.float64(-0.00616526755781483), np.float64(-0.005319917056831466), np.float64(-0.0032786876091056498), np.float64(0.0008902080014492727), np.float64(0.004125032628589487), np.float64(0.008268150383191737), np.float64(0.014066439666647569), np.float64(0.018150744797800236), np.float64(0.023191955161290675), np.float64(0.028596165456744076), np.float64(0.035274393720734154), np.float64(0.04119782042772793), np.float64(0.0505781449227019), np.float64(0.05963639393441839), np.float64(0.06702642031978841), np.float64(0.07437107090031297), np.float64(0.08187593775938978), np.float64(0.09020310958321544), np.float64(0.0967078950847606), np.float64(0.10293188924498438), np.float64(0.11075320396552372), np.float64(0.11492337143836101), np.float64(0.12102562869493645), np.float64(0.1270673162720037), np.float64(0.13329711022980514), np.float64(0.13978106494490167), np.float64(0.14401130225511102), np.float64(0.14946048093613284), np.float64(0.15315728112046298), np.float64(0.15925596610990983), np.float64(0.16739045037606823), np.float64(0.1722489936229755), np.float64(0.17735138234674389), np.float64(0.18031560208075875), np.float64(0.18539309221433634), np.float64(0.18995473984891134), np.float64(0.19634433067469892), np.float64(0.20149506610964285), np.float64(0.20733553245424016), np.float64(0.2108190694994145), np.float64(0.21608312658376644), np.float64(0.21958375034186475), np.float64(0.22594171685302805), np.float64(0.23120525418841445), np.float64(0.23757631783159325), np.float64(0.24091273886158793), np.float64(0.24481900845509819), np.float64(0.25050932679623605), np.float64(0.25722524923665663), np.float64(0.2615761891155044), np.float64(0.26665984860764136), np.float64(0.2702701590409163), np.float64(0.2759349500566752), np.float64(0.2801266958042159), np.float64(0.2829877897348394), np.float64(0.2871402152083338), np.float64(0.2910334375202173), np.float64(0.29373843461110616), np.float64(0.3010938791773444), np.float64(0.30559152194097733), np.float64(0.31144321730911806), np.float64(0.3135118807458802), np.float64(0.3197844596867966), np.float64(0.3262052542840592)]","[np.float64(1.063316895609309), np.float64(2.1286940657282623), np.float64(3.193665236994402), np.float64(4.255822783761692), np.float64(5.3175174344821174), np.float64(6.374483585831631), np.float64(7.421393318350604), np.float64(8.467919466771988), np.float64(9.506816563925538), np.float64(10.532886978371225), np.float64(11.562913389222217), np.float64(12.582974507086693), np.float64(13.595698684218188), np.float64(14.59422133980416), np.float64(15.592123391559122), np.float64(16.557182309130486), np.float64(17.51665262369226), np.float64(18.482705675040652), np.float64(19.442722478038792), np.float64(20.3949147320464), np.float64(21.332719140726113), np.float64(22.282187528745517), np.float64(23.22919278182205), np.float64(24.153667500173306), np.float64(25.112972905109757), np.float64(26.04631007000068), np.float64(26.975497645425374), np.float64(27.897595295419805), np.float64(28.81163525318755), np.float64(29.749983300412072), np.float64(30.668695294338445), np.float64(31.60722257221478), np.float64(32.50909646211241), np.float64(33.377321191600394), np.float64(34.28773042073315), np.float64(35.1908762484152), np.float64(36.12295575882744), np.float64(37.01971148011056), np.float64(37.92102035230162), np.float64(38.78935182120425), np.float64(39.67377170758936), np.float64(40.54300438391988), np.float64(41.4485611126568), np.float64(42.320586164651075), np.float64(43.220255335870874), np.float64(44.06599176586118), np.float64(44.92760387258703), np.float64(45.76525340397443), np.float64(46.65584802715392), np.float64(47.53325200667288), np.float64(48.3734806494554), np.float64(49.19006829055627), np.float64(50.04950158340713), np.float64(50.89139865593974), np.float64(51.7601195418525), np.float64(52.58409323161381), np.float64(53.435392964701286), np.float64(54.31219576713984), np.float64(55.15942254554431), np.float64(56.00968551848108), np.float64(56.88361965393919), np.float64(57.65248104961675), np.float64(58.4813673019073), np.float64(59.276951066322574), np.float64(60.15572746218546), np.float64(60.93587609476255), np.float64(61.709220384285416)]",36626.924152499254,14.574979766215382,-74.12785180052742,16865.749697208405
196,STATE_B_DEFENSE,SPONTANEOUS,6.8,20.0,2513,0.125,690.0,720.0,210.0,325.16129032258067,0.3907680063668922,0.4954237962594509,-0.0021299237443617425,True,0.324130454731066,61.78763759911695,8.375,10.902932946222775,"[np.float64(-0.002012594458466316), np.float64(-0.001982761310806584), np.float64(-0.0005276829903228183), np.float64(0.0014162747785853446), np.float64(0.0038805239741298687), np.float64(0.004705896287171032), np.float64(0.006825523343953084), np.float64(0.010927584919974559), np.float64(0.015584116706238384), np.float64(0.021101530392943272), np.float64(0.026841657249469096), np.float64(0.03130215801746241), np.float64(0.03819657169795554), np.float64(0.04503299803227731), np.float64(0.0500822738480592), np.float64(0.05689154700339546), np.float64(0.06300303793617698), np.float64(0.0688190846721714), np.float64(0.07508243658822039), np.float64(0.08300585528225987), np.float64(0.08928907307397575), np.float64(0.09374782571370438), np.float64(0.09904092523197974), np.float64(0.10471313089329358), np.float64(0.10954054866001806), np.float64(0.1177800518128467), np.float64(0.12238542546384615), np.float64(0.1293825814557499), np.float64(0.13600691943192122), np.float64(0.1416127735648417), np.float64(0.14603087219446384), np.float64(0.153450777527921), np.float64(0.1600604012077094), np.float64(0.16716429913239042), np.float64(0.17349660077290227), np.float64(0.17969190685846934), np.float64(0.1830159360996533), np.float64(0.18725168745628745), np.float64(0.19190369431763338), np.float64(0.1966436850526345), np.float64(0.20246495506733805), np.float64(0.2094255258709217), np.float64(0.21295195804081674), np.float64(0.21824280610351054), np.float64(0.2239740870359873), np.float64(0.22611865558198613), np.float64(0.2325949085265338), np.float64(0.23605866314289956), np.float64(0.24051700491899028), np.float64(0.2439647307346062), np.float64(0.24824531865430496), np.float64(0.25340246926406823), np.float64(0.2596690546823467), np.float64(0.2650057523649876), np.float64(0.2675139543242299), np.float64(0.27270978067224416), np.float64(0.27814091385886386), np.float64(0.28110805841083913), np.float64(0.2857375162992249), np.float64(0.2888831969086544), np.float64(0.2952454796990886), np.float64(0.30147689831537533), np.float64(0.30623202614542794), np.float64(0.312271034989377), np.float64(0.3169804938299738), np.float64(0.3213754187233796), np.float64(0.324130454731066)]","[np.float64(1.062257105559129), np.float64(2.1244824574483974), np.float64(3.184403150943482), np.float64(4.241747805745812), np.float64(5.295673059643188), np.float64(6.352196877713613), np.float64(7.403091324430986), np.float64(8.44349282192295), np.float64(9.477127742013089), np.float64(10.501654148896158), np.float64(11.519486517499931), np.float64(12.539506875185767), np.float64(13.53928506327312), np.float64(14.532997833205902), np.float64(15.533587584878475), np.float64(16.515698480021417), np.float64(17.497413033748394), np.float64(18.476196832320756), np.float64(19.44575871135551), np.float64(20.394204435893396), np.float64(21.35206565944257), np.float64(22.323189943107383), np.float64(23.281613693349435), np.float64(24.23140847844747), np.float64(25.18608093420974), np.float64(26.096805313821164), np.float64(27.044871977982517), np.float64(27.95951694152029), np.float64(28.873516827662755), np.float64(29.795729308318712), np.float64(30.729515322868096), np.float64(31.61859882938112), np.float64(32.513656546518426), np.float64(33.3968183693543), np.float64(34.28619584238365), np.float64(35.17307805987977), np.float64(36.099285130236176), np.float64(37.00874635830008), np.float64(37.9084649989175), np.float64(38.803396348797705), np.float64(39.67709047639426), np.float64(40.52769464369403), np.float64(41.43227978542023), np.float64(42.303658134541216), np.float64(43.163691232706945), np.float64(44.08428045549824), np.float64(44.92414789475712), np.float64(45.81565197117356), np.float64(46.68602456089334), np.float64(47.572737813221835), np.float64(48.440919493536114), np.float64(49.28902709202891), np.float64(50.111778274150694), np.float64(50.949471655021455), np.float64(51.84161112089701), np.float64(52.67633019158741), np.float64(53.50294184801994), np.float64(54.378507954170786), np.float64(55.2163924380813), np.float64(56.08369832503895), np.float64(56.87821616897966), np.float64(57.672082369721274), np.float64(58.49551390677237), np.float64(59.28712321220579), np.float64(60.10572783211152), np.float64(60.92885249757574), np.float64(61.78763759911695)]",36060.88586419802,14.349735719935543,-70.5649001984857,15924.735770583153
198,STATE_B_DEFENSE,SPONTANEOUS,6.8,20.0,2513,0.125,690.0,720.0,210.0,325.16129032258067,0.3995224830879427,0.49303621169916434,0.014099335577842636,True,0.323455932421809,61.61136642219323,8.375,11.114375842038628,"[np.float64(-0.0016654595353826338), np.float64(-0.004302772635880652), np.float64(-0.004591219701373416), np.float64(-0.0062194218648885), np.float64(-0.00431064343468313), np.float64(-0.0013004824879216815), np.float64(7.193389156509632e-05), np.float64(0.003776892335441923), np.float64(0.007531894166802756), np.float64(0.011783670591181152), np.float64(0.016745366235046633), np.float64(0.022008457220624292), np.float64(0.028339247733268423), np.float64(0.034931467622390064), np.float64(0.041986001807734), np.float64(0.046435052993535564), np.float64(0.05628851884372752), np.float64(0.06203137819165056), np.float64(0.06783895710153279), np.float64(0.07523985878560617), np.float64(0.08225424811237292), np.float64(0.09046297383427743), np.float64(0.0983764361863184), np.float64(0.10557790852935249), np.float64(0.11183008058141103), np.float64(0.11706686481896966), np.float64(0.12375405439920492), np.float64(0.13054737713872339), np.float64(0.13531336521874876), np.float64(0.1399695015790468), np.float64(0.1462301369168441), np.float64(0.15151719374651898), np.float64(0.15661690390538396), np.float64(0.16328863631430499), np.float64(0.16975172400321664), np.float64(0.17399284115421798), np.float64(0.17777524092164912), np.float64(0.182471311576905), np.float64(0.1880026003243545), np.float64(0.19372400452006922), np.float64(0.19922042909832174), np.float64(0.2046251329453177), np.float64(0.20690143957058965), np.float64(0.20996652784747777), np.float64(0.21629387280449502), np.float64(0.2236126088124014), np.float64(0.22909999702734288), np.float64(0.23309275882694985), np.float64(0.23752743339942223), np.float64(0.2439258515282408), np.float64(0.2477485951332784), np.float64(0.25346360275027807), np.float64(0.2576940363249216), np.float64(0.26004637581369233), np.float64(0.2628835107127323), np.float64(0.26812047217246576), np.float64(0.2723983322227121), np.float64(0.2753615564652976), np.float64(0.2819200319944605), np.float64(0.2893040937035315), np.float64(0.2932254229114886), np.float64(0.29793946035836194), np.float64(0.30299183427991344), np.float64(0.3073442165209645), np.float64(0.3110279379504642), np.float64(0.31701788367310785), np.float64(0.323455932421809)]","[np.float64(1.0587726933896582), np.float64(2.120347913947794), np.float64(3.1809826593770647), np.float64(4.244783254925582), np.float64(5.300890736181674), np.float64(6.351475261479576), np.float64(7.404968251830826), np.float64(8.447188209304814), np.float64(9.485361530709959), np.float64(10.517122865350945), np.float64(11.540572795725005), np.float64(12.557256972032022), np.float64(13.561756022541154), np.float64(14.558378964182529), np.float64(15.545371216935514), np.float64(16.546442089796837), np.float64(17.498403316033247), np.float64(18.477559585949248), np.float64(19.4509806167853), np.float64(20.40413078665481), np.float64(21.354795933560894), np.float64(22.287327734581865), np.float64(23.21630031260967), np.float64(24.146675521540832), np.float64(25.081966262666263), np.float64(26.024029565291105), np.float64(26.944424303912363), np.float64(27.85828829913417), np.float64(28.792601279856164), np.float64(29.724558928048413), np.float64(30.631379995563254), np.float64(31.54681691816423), np.float64(32.460854857976486), np.float64(33.34847315572368), np.float64(34.23434144595844), np.float64(35.14880440465509), np.float64(36.06710584912549), np.float64(36.968265170059794), np.float64(37.85268510897609), np.float64(38.73011694036891), np.float64(39.60728999030667), np.float64(40.48220044895736), np.float64(41.406958726697795), np.float64(42.31621147727506), np.float64(43.16522756492273), np.float64(43.99229717715355), np.float64(44.84820129122551), np.float64(45.728203961021585), np.float64(46.59715944755174), np.float64(47.425676887080314), np.float64(48.30003126235807), np.float64(49.13469452028921), np.float64(49.995296614774674), np.float64(50.8910340765313), np.float64(51.77520458476575), np.float64(52.60760742277945), np.float64(53.45693944678586), np.float64(54.33155227589063), np.float64(55.126741842087746), np.float64(55.900327222184735), np.float64(56.7457706894363), np.float64(57.57119603070174), np.float64(58.386236615811185), np.float64(59.21418817977846), np.float64(60.05486069160178), np.float64(60.83995441033591), np.float64(61.61136642219323)]",37308.27711555838,14.84611106866629,-72.46146870451048,16778.620877981186
199,STATE_B_DEFENSE,SPONTANEOUS,6.8,20.0,2513,0.125,690.0,720.0,210.0,325.16129032258067,0.4058893752487067,0.4910465578989256,-0.017390935657120504,True,0.3237422621974351,60.829560887334424,8.25,10.933757382050793,"[np.float64(-0.0002622433361272351), np.float64(-0.0021038981101476296), np.float64(-0.001512104888945476), np.float64(-0.0006216123883716709), np.float64(-9.437792260126998e-05), np.float64(0.0015919438435388308), np.float64(0.0019120623851803789), np.float64(0.006748510223152237), np.float64(0.009141639833301764), np.float64(0.014117500935665701), np.float64(0.018160976257705873), np.float64(0.02502957847573569), np.float64(0.03069419413163471), np.float64(0.038024425554027116), np.float64(0.04498363015621935), np.float64(0.05231952242928236), np.float64(0.059039909954239925), np.float64(0.06695533985851236), np.float64(0.07334146332685831), np.float64(0.08074319481431891), np.float64(0.09040441005413856), np.float64(0.09578267855004115), np.float64(0.10216662886270865), np.float64(0.11036808320042234), np.float64(0.11563941934532995), np.float64(0.12100863958492336), np.float64(0.12617739865967018), np.float64(0.13122375530662536), np.float64(0.13828108479332524), np.float64(0.14383537775701213), np.float64(0.14992372484714944), np.float64(0.15700493663966586), np.float64(0.16144340421799266), np.float64(0.1667003119902057), np.float64(0.17157419338632768), np.float64(0.17643390580274051), np.float64(0.18193294938775903), np.float64(0.18632621051603926), np.float64(0.19185934085346798), np.float64(0.19529892971581606), np.float64(0.20070446332128755), np.float64(0.2050785294484122), np.float64(0.20879284387822203), np.float64(0.2139904345638943), np.float64(0.2211032505002217), np.float64(0.22561004893899542), np.float64(0.23068045041029633), np.float64(0.23764231023220464), np.float64(0.24265860095330757), np.float64(0.24833062030737474), np.float64(0.25210814942209847), np.float64(0.2554882813865929), np.float64(0.2584443481825221), np.float64(0.261494349459963), np.float64(0.2670331870703635), np.float64(0.26967074296434806), np.float64(0.2758484796786252), np.float64(0.2806395622113474), np.float64(0.28455499629711495), np.float64(0.29116310319492333), np.float64(0.29596390983928406), np.float64(0.30139869993721613), np.float64(0.30520512357648116), np.float64(0.31240663499231236), np.float64(0.31884336013409004), np.float64(0.3237422621974351)]","[np.float64(1.0605457697401788), np.float64(2.1230479143470786), np.float64(3.183628000600987), np.float64(4.242945739183062), np.float64(5.302283715623261), np.float64(6.35738191537536), np.float64(7.415760587953161), np.float64(8.454773009285477), np.float64(9.500334772759134), np.float64(10.529998864577866), np.float64(11.559975789346883), np.float64(12.568559641527251), np.float64(13.578471984886576), np.float64(14.571246740680621), np.float64(15.559977998731261), np.float64(16.539357402747545), np.float64(17.517221482407496), np.float64(18.478718414524796), np.float64(19.44720135177058), np.float64(20.400518424915376), np.float64(21.325437919786175), np.float64(22.286041166025598), np.float64(23.231468889422537), np.float64(24.151839833938094), np.float64(25.098660629387652), np.float64(26.040021066464504), np.float64(26.979433334562188), np.float64(27.916195827881033), np.float64(28.82343270135846), np.float64(29.744861801228762), np.float64(30.654881370356087), np.float64(31.546765350688865), np.float64(32.47038043471875), np.float64(33.37887715313927), np.float64(34.28906233309234), np.float64(35.19582887994344), np.float64(36.089242564557566), np.float64(36.995934073682115), np.float64(37.88127325006156), np.float64(38.79664662634551), np.float64(39.676947911964284), np.float64(40.570847422503064), np.float64(41.472954815233194), np.float64(42.346498647708046), np.float64(43.18259958568997), np.float64(44.060978557007324), np.float64(44.925991453697144), np.float64(45.75263662778623), np.float64(46.611451590987244), np.float64(47.45452774087899), np.float64(48.330547852632705), np.float64(49.21182546395442), np.float64(50.099261651663205), np.float64(50.982786467224194), np.float64(51.81328854021901), np.float64(52.70052407158695), np.float64(53.511579296673865), np.float64(54.348429595092234), np.float64(55.201149745144065), np.float64(55.99292563593585), np.float64(56.820603802010076), np.float64(57.63137327663419), np.float64(58.47545740323581), np.float64(59.240433577665335), np.float64(60.01906301574401), np.float64(60.829560887334424)]",35811.50746948397,14.250500385787493,-71.22886681882665,16934.63450860977
